run,mode,region,lead_days,variable,normalized_mse,physical_mse,prediction_second_moment,target_second_moment,normalized_rmse,physical_rmse,prediction_rms,target_rms,rms_ratio
E-lr1,inferred,extratropics,0,so,0.011266489610014505,0.03338352528063389,1203.86447313908,1203.8131713542705,0.1061437214818404,0.18271159043868532,34.69675018123571,34.69601088532038,1.0000213078073374
E-lr1,inferred,extratropics,0,sst,0.0,0.0,264.66212894940617,264.66212894940617,0.0,0.0,16.268439659334454,16.268439659334454,1.0
E-lr1,inferred,extratropics,0,thetao,0.009589214658526095,0.24381629667289534,91.27948769308234,91.88061453580991,0.09792453552877387,0.4937775781390801,9.554029918996608,9.585437628810169,0.9967233932315035
E-lr1,inferred,extratropics,0,ts,0.010427852134270303,,,,0.10211685528976254,,,,
E-lr1,inferred,extratropics,0,uo,0.38470070987765553,0.0011784539406617426,0.0023183015645184013,0.0036498695552275684,0.6202424605568821,0.034328616934880186,0.04814874416346081,0.06041415028970919,0.7969779254126554
E-lr1,inferred,extratropics,0,vo,0.5098105511375084,0.0011191262089113865,0.001903331205073722,0.0030889873151848375,0.7140101897994933,0.033453343762789786,0.04362718424415816,0.05557865881059777,0.7849628828365915
E-lr1,inferred,extratropics,0,zos,0.0,0.0,0.48620438304814423,0.48620438304814423,0.0,0.0,0.697283574342709,0.697283574342709,1.0
E-lr1,inferred,extratropics,5,so,0.011009076913469112,0.031698947563123955,1203.8538611339548,1203.8158635205882,0.10492414838095715,0.17804198258591694,34.69659725583987,34.69604968178061,1.0000157820289135
E-lr1,inferred,extratropics,5,sst,0.0011509598022316889,0.15586601295555477,263.4800448947483,264.80069678720804,0.033925798475963526,0.39479869928300776,16.232068410857202,16.272697895161947,0.9975032115407966
E-lr1,inferred,extratropics,5,thetao,0.009408880479344484,0.22180025936706682,91.27519542791627,91.89021460419285,0.0969993839121903,0.47095674893462014,9.553805285220976,9.585938378906514,0.9966478927346075
E-lr1,inferred,extratropics,5,ts,0.010208978696406799,,,,0.10103949077666019,,,,
E-lr1,inferred,extratropics,5,uo,0.3526272608174218,0.0010480748641771543,0.002370548010472762,0.0036474312009881155,0.5938242676225196,0.03237398437290588,0.04868827384979634,0.06039396659425605,0.8061777789310992
E-lr1,inferred,extratropics,5,vo,0.45597740141145093,0.0009413391040871689,0.001928664907907151,0.003091959232748583,0.6752609876273402,0.030681250041143516,0.04391656757884376,0.05560538852259359,0.7897897801936871
E-lr1,inferred,extratropics,5,zos,0.0017954380489001041,0.0008322870278862212,0.48552084902320247,0.4863526396679156,0.04237260965411623,0.02884938522544668,0.6967932613216078,0.6973898763732634,0.9991445028500294
E-lr1,inferred,extratropics,10,so,0.010844753401211311,0.030549344858171113,1203.8373970871337,1203.8172161582934,0.10413814575462399,0.17478370878938093,34.69635999765874,34.69606917445106,1.000008382021785
E-lr1,inferred,extratropics,10,sst,0.001513162698370887,0.20491648427765774,263.34142727322046,264.84413516882694,0.038899392005157185,0.4526770198250158,16.227797979800602,16.274032541715865,0.9971589978208076
E-lr1,inferred,extratropics,10,thetao,0.00943258789999826,0.22075405685688648,91.26283611067886,91.89780742649144,0.09712151100553501,0.4698447156847531,9.55315843638526,9.58633441032032,0.9965392429978924
E-lr1,inferred,extratropics,10,ts,0.010138670650604784,,,,0.10069096608238887,,,,
E-lr1,inferred,extratropics,10,uo,0.33728928406906533,0.0009885820649464295,0.0024424788170708147,0.003650042322148721,0.5807661182171919,0.03144172490412111,0.0494214408639693,0.060415580127552534,0.8180247671151741
E-lr1,inferred,extratropics,10,vo,0.44048896226744777,0.0008999197060062774,0.0019984660255233993,0.0030950805369513337,0.6636934249090071,0.029998661736922155,0.044704205904180866,0.05563344800523633,0.8035490789636699
E-lr1,inferred,extratropics,10,zos,0.002224835261439084,0.0010313369060931839,0.4852121418172663,0.4864606968682222,0.047168159402706016,0.03211443454419187,0.6965717061561332,0.697467344660825,0.998715870339238
E-lr1,inferred,extratropics,15,so,0.010722506364682667,0.029618723184550937,1203.8224747215163,1203.8167773930713,0.1035495358013867,0.17210090988879442,34.696144954757095,34.696062851468774,1.0000023663574935
E-lr1,inferred,extratropics,15,sst,0.0018229939130538868,0.24687464444926288,263.1994758374763,264.9074671581538,0.042696532798974285,0.4968648150646843,16.223423678048857,16.275978224308172,0.9967710360916541
E-lr1,inferred,extratropics,15,thetao,0.009466153855331498,0.22087006314368088,91.24584120217665,91.90559417755247,0.09729416146579145,0.4699681512014201,9.552268903364093,9.586740539805616,0.9964042380933966
E-lr1,inferred,extratropics,15,ts,0.010094330110007084,,,,0.10047054349413605,,,,
E-lr1,inferred,extratropics,15,uo,0.3316941367445443,0.0009640374809312126,0.0025141548244335724,0.003641342693249186,0.5759289337622692,0.03104895297640828,0.05014134845049116,0.06034353895198048,0.8309315184578765
E-lr1,inferred,extratropics,15,vo,0.4389588524454265,0.0008980227612772468,0.002057716842085286,0.003082921659519059,0.6625396987693843,0.029967027901966634,0.045362063909011964,0.055524063787866416,0.8169802571065568
E-lr1,inferred,extratropics,15,zos,0.002802890527880502,0.0012992982014147707,0.4838878199307605,0.48554731107721427,0.05294233209710828,0.0360457792454924,0.6956204568087115,0.6968122495171954,0.9982896501757688
E-lr1,inferred,extratropics,20,so,0.01063385556188567,0.028888573470449867,1203.8072396196753,1203.815321375245,0.10312058747837732,0.16996638923754856,34.695925403708074,34.69604186899775,0.9999966432687014
E-lr1,inferred,extratropics,20,sst,0.0021148117522548637,0.286393386245978,263.0367685953776,264.7955252907493,0.04598708244991047,0.5351573471848985,16.218408324967577,16.272538993370066,0.9966734958555303
E-lr1,inferred,extratropics,20,thetao,0.009528765839280974,0.22243301966854742,91.22494187074747,91.90216510698583,0.09761539755223544,0.4716280522493837,9.551174894783754,9.5865616936932,0.996308707955979
E-lr1,inferred,extratropics,20,ts,0.010081310700583322,,,,0.10040573041705997,,,,
E-lr1,inferred,extratropics,20,uo,0.33236947219179136,0.0009688564560731745,0.002587182122901666,0.0036474580241133764,0.5765149366597464,0.03112645909950527,0.05086435021605669,0.06039418866176924,0.8422060357647435
E-lr1,inferred,extratropics,20,vo,0.4476916826211791,0.0009303306722591256,0.0021107227620845155,0.0030871982566572026,0.6690976629918678,0.03050132246738042,0.045942602909331505,0.05556256164592488,0.8268625770370879
E-lr1,inferred,extratropics,20,zos,0.003149120849698281,0.0014597955265674616,0.4840913213262654,0.4854934140287264,0.0561170281616755,0.038207270598244275,0.6957667147300634,0.6967735744334212,0.9985549685862058
E-lr1,inferred,extratropics,25,so,0.010574750213080186,0.028254920448491806,1203.7938415429999,1203.8151419364283,0.10283360449327927,0.16809199995386992,34.695732324639,34.69603928312897,0.9999911529241865
E-lr1,inferred,extratropics,25,sst,0.002393202141228296,0.32409374731959717,262.8542189164595,264.69304988360165,0.048920365301460045,0.569292321500648,16.21277949385791,16.26938996654766,0.9965204305259047
E-lr1,inferred,extratropics,25,thetao,0.009614906378438403,0.22539072678130173,91.20211436548485,91.897203308665,0.09805562899924922,0.4747533325647138,9.549979809689905,9.58630290094492,0.9962109384994047
E-lr1,inferred,extratropics,25,ts,0.010094828295759294,,,,0.10047302272629849,,,,
E-lr1,inferred,extratropics,25,uo,0.33536477405171894,0.0009753076910671777,0.002653283753174998,0.003646291957531004,0.5791068761910179,0.031229916603589862,0.05151003546082062,0.060384534092191224,0.8530335827743311
E-lr1,inferred,extratropics,25,vo,0.4599981240884602,0.0009627837668482479,0.0021462368939589465,0.0030822245559924397,0.6782316153707819,0.03102875709480236,0.04632749608989187,0.055517785942816915,0.8344622413006346
E-lr1,inferred,extratropics,25,zos,0.0034894797494728555,0.001617571115587802,0.48438757086040996,0.48579827914334306,0.05907181857258887,0.04021903921761188,0.6959795764678802,0.6969923092426078,0.9985469957683922
E-lr1,inferred,extratropics,30,so,0.010536608985436517,0.027738895887781695,1203.7824157357911,1203.8158307478568,0.10264798578363102,0.16654998014944852,34.69556766700598,34.69604920949728,0.999986121114586
E-lr1,inferred,extratropics,30,sst,0.0026872285225456364,0.36391157438658706,262.7413391729798,264.72332362936,0.051838484956117654,0.6032508386953035,16.20929792350612,16.27032032964809,0.9962494649825195
E-lr1,inferred,extratropics,30,thetao,0.00971897808289021,0.2292048274585794,91.18166070223255,91.8930253497211,0.09858487755680488,0.47875340986626863,9.548908874957,9.58608498552569,0.9961218672038873
E-lr1,inferred,extratropics,30,ts,0.010127793534163364,,,,0.10063693921301146,,,,
E-lr1,inferred,extratropics,30,uo,0.34146728363840706,0.0010004542898906451,0.0027051870673626454,0.003653029506141431,0.584352020308313,0.03162995873994535,0.05201141285682062,0.06044029703882527,0.8605419795241881
E-lr1,inferred,extratropics,30,vo,0.4752340248643813,0.001008643014020228,0.0021776192265413373,0.003089732657977778,0.6893721961787995,0.03175914063730673,0.046664967872498714,0.055585363702846974,0.8395189806072749
E-lr1,inferred,extratropics,30,zos,0.0038477504188476606,0.0017836498204768746,0.4835993909474575,0.486308480151976,0.062030237939634414,0.04223327859019324,0.6954131081216816,0.6973582150888996,0.997210749188679
E-lr1,inferred,global,0,so,0.010864328720447385,0.033884145256838166,1210.3976636741593,1210.2027203703358,0.1042320906460548,0.18407646578755843,34.79076980571369,34.787968040262655,1.0000805383472755
E-lr1,inferred,global,0,sst,0.0,0.0,447.4121497568458,447.4121497568458,0.0,0.0,21.15211927341669,21.15211927341669,1.0
E-lr1,inferred,global,0,thetao,0.009995716519371006,0.2678436718510848,142.2744346122549,142.8450749442232,0.0999785803028379,0.5175361551148719,11.927884750124596,11.951781245664732,0.9980005912885325
E-lr1,inferred,global,0,ts,0.010430022619909196,,,,0.10212748219705212,,,,
E-lr1,inferred,global,0,uo,0.3805416154535066,0.0014366497020959594,0.0045363291287895515,0.006036315295715531,0.6168805520143317,0.03790316216486376,0.06735227634452715,0.07769372751847817,0.8668946451115828
E-lr1,inferred,global,0,vo,0.46577217547517075,0.0011579684244257251,0.00178448699181861,0.003028792257069194,0.6824750365216085,0.03402893510566743,0.042243188703252624,0.05503446426621408,0.7675769950064895
E-lr1,inferred,global,0,zos,0.0,0.0,0.3823900824845439,0.3823900824845439,0.0,0.0,0.6183769744132974,0.6183769744132974,1.0
E-lr1,inferred,global,5,so,0.010534530153692588,0.03175608034716431,1210.3968170993446,1210.2049461904198,0.10263785926105722,0.178202357860844,34.79075763905329,34.788000031482404,1.0000792689309068
E-lr1,inferred,global,5,sst,0.000971566607018494,0.1315721131183884,445.33878919813367,447.5149160057607,0.031169963218112627,0.3627287045691151,21.10305165605519,21.154548352677274,0.9975656915116523
E-lr1,inferred,global,5,thetao,0.00974788044513471,0.2436249322095529,142.4083894403227,142.85127031421823,0.09873135492402964,0.493583764126772,11.933498625311971,11.95204042472323,0.9984486498746353
E-lr1,inferred,global,5,ts,0.010141205299413649,,,,0.10070355157298896,,,,
E-lr1,inferred,global,5,uo,0.35232017798857257,0.0013024735058176724,0.004636793278066013,0.006021049417328951,0.5935656475812702,0.036089797807935586,0.0680940032459982,0.07759542136833172,0.8775518200071112
E-lr1,inferred,global,5,vo,0.422399974848475,0.0010098930684106226,0.0018394901359125085,0.0030267310920001978,0.6499230530212596,0.03177881477353463,0.042889277633372525,0.05501573494919611,0.7795820172715737
E-lr1,inferred,global,5,zos,0.0012957650822389172,0.0006006603644257202,0.3827266614846509,0.3824243370932762,0.0359967371054505,0.024508373353319887,0.618649061653415,0.6184046709827443,1.000395195382794
E-lr1,inferred,global,10,so,0.010337649677235905,0.03044928911554191,1210.40233226332,1210.2051304315771,0.10167423310375105,0.1744972467276831,34.7908369008755,34.78800267953849,1.0000814712291222
E-lr1,inferred,global,10,sst,0.0012834903289036627,0.17381364611363168,444.9635435162169,447.5531859735046,0.03582583326181909,0.41690963782770923,21.09415899049348,21.15545286618806,0.9971026913920361
E-lr1,inferred,global,10,thetao,0.009723469281121442,0.24081427030225866,142.46438865736545,142.85481616379704,0.09860765325836247,0.49072830599248973,11.935844698108527,11.9521887603818,0.9986325465066742
E-lr1,inferred,global,10,ts,0.010030559479178676,,,,0.10015268083870085,,,,
E-lr1,inferred,global,10,uo,0.34202335778859494,0.0012938964985892594,0.0047125549626092274,0.006058213364304922,0.5848276308354411,0.03597077283836503,0.06864805141159673,0.07783452552887389,0.8819743031147623
E-lr1,inferred,global,10,vo,0.40934751538885583,0.0009826584737320598,0.001907858861475367,0.0030354276251364294,0.6398027159905277,0.03134738384191031,0.04367904373352703,0.05509471503816341,0.7927991587445568
E-lr1,inferred,global,10,zos,0.0016278253287321071,0.0007545890573486929,0.38275109457247186,0.3825429512394799,0.04034631741227577,0.027469784443069314,0.6186688084690158,0.6185005668869511,1.0002720152431088
E-lr1,inferred,global,15,so,0.010187417553942691,0.029394856999025058,1210.3986422484509,1210.2040153150544,0.10093273777096652,0.17144928404348925,34.790783869416494,34.787986652220255,1.000080407562076
E-lr1,inferred,global,15,sst,0.0015522761310384394,0.21021332855176442,444.6026796283144,447.6225280761719,0.03939893565870072,0.45849027094559425,21.085603610717772,21.157091673388663,0.9966210827190011
E-lr1,inferred,global,15,thetao,0.009710493098393528,0.23888515332906046,142.5243889095406,142.8625363302485,0.09854183425527216,0.48875878849291343,11.938357881615905,11.95251171638198,0.9988158275765021
E-lr1,inferred,global,15,ts,0.009948955326168109,,,,0.09974445010208893,,,,
E-lr1,inferred,global,15,uo,0.3378776541927404,0.0012963734725944074,0.0048131681333749045,0.00607172364122181,0.5812724440335534,0.03600518674572328,0.06937700003152994,0.07792126565464533,0.8903474481409939
E-lr1,inferred,global,15,vo,0.4071459698588337,0.0009892124980630586,0.001968284548139595,0.003021085084922215,0.638079908678242,0.03145174872821953,0.04436535301493267,0.05496439834040044,0.8071652625063456
E-lr1,inferred,global,15,zos,0.0020847354034864473,0.0009663926997230929,0.38222160483851575,0.38176642012114476,0.04565890278452218,0.03108685734716671,0.6182407337263663,0.6178724950352983,1.0005959784486718
E-lr1,inferred,global,20,so,0.010079608124493614,0.028575108139929008,1210.399686887377,1210.202575716042,0.10039725157838542,0.16904173490570015,34.79079888256918,34.78796596117746,1.0000814339474424
E-lr1,inferred,global,20,sst,0.0018053126916514587,0.2444802065088291,444.28898666844225,447.5783386230469,0.04248897141202007,0.49444939731870347,21.078163740431524,21.156047329854573,0.9963186133870506
E-lr1,inferred,global,20,thetao,0.009735033610445221,0.23917190276329872,142.58378645680702,142.8654907852846,0.09866627392602409,0.4890520450456155,11.940845299090304,11.95263530713142,0.9990136059757398
E-lr1,inferred,global,20,ts,0.009907320867469416,,,,0.09953552565526248,,,,
E-lr1,inferred,global,20,uo,0.33895812206196063,0.0013257757683658399,0.004892946001893601,0.006062034398403562,0.5822011010483926,0.03641120388514832,0.06994959615246968,0.07785906754131829,0.8984129705297176
E-lr1,inferred,global,20,vo,0.4139135282987739,0.0010287722445522884,0.002018782075800212,0.0030253581323639433,0.6433611181123506,0.03207447964585378,0.044930858836663826,0.055003255652406095,0.816876352203678
E-lr1,inferred,global,20,zos,0.0023714603886779173,0.0010993059470571728,0.3827260753723106,0.3817692986040404,0.04869764253716927,0.033155783010768616,0.6186485879498236,0.6178748243811528,1.001252298261943
E-lr1,inferred,global,25,so,0.01000584923093594,0.027904865218598418,1210.3944359170446,1210.2032899020012,0.10002924187924218,0.1670474939009814,34.790723417558375,34.78797622601811,1.000078969570475
E-lr1,inferred,global,25,sst,0.0020418490960516233,0.2765125918267953,443.94307701033773,447.44390838314786,0.04518682436343169,0.5258446460950185,21.06995673964087,21.152869979819474,0.9960802841289287
E-lr1,inferred,global,25,thetao,0.009785773223433197,0.2408821646716784,142.62551775062926,142.86061202031462,0.09892306719584264,0.49079747826540265,11.94259258915874,11.952431217970451,0.9991768512504035
E-lr1,inferred,global,25,ts,0.009895811227184569,,,,0.09947769210825394,,,,
E-lr1,inferred,global,25,uo,0.34200776910636094,0.0013578781425946141,0.004955424755337078,0.006050301252170681,0.5848143030965991,0.03684939813069698,0.07039477789820121,0.07778368242871175,0.9050070104705775
E-lr1,inferred,global,25,vo,0.4231981741881384,0.0010671442615234792,0.002054528307813698,0.0030246617876605224,0.6505368353814704,0.03266717406699697,0.045326904900000596,0.054996925256422496,0.8241716184798414
E-lr1,inferred,global,25,zos,0.0026367467973907634,0.0012222811887792858,0.3832777536878682,0.3820452109129742,0.05134926287095817,0.03496113826492618,0.6190943011269513,0.6180980593020611,1.0016117860425175
E-lr1,inferred,global,30,so,0.009960027851309363,0.02736889873010894,1210.3939538658585,1210.2057858213093,0.09979993913479789,0.16543548207717998,34.790716489688144,34.78801209930383,1.0000777391469393
E-lr1,inferred,global,30,sst,0.0022899364462272385,0.31010923451847494,443.7287270902383,447.40683569089333,0.04785328041239428,0.5568745231364737,21.064869500906912,21.151993657593916,0.9958810427944826
E-lr1,inferred,global,30,thetao,0.009859767858021009,0.2438606463712938,142.67495250574802,142.8516729706198,0.09929636377038692,0.493822484675712,11.944662092572901,11.952057269383367,0.9993812632717709
E-lr1,inferred,global,30,ts,0.009909897854665185,,,,0.09954846987606181,,,,
E-lr1,inferred,global,30,uo,0.3471210613997296,0.0014012062227697038,0.00501053267372348,0.00603941450658323,0.5891698069315243,0.03743268922706067,0.07078511618782214,0.07771367001102979,0.9108451084317046
E-lr1,inferred,global,30,vo,0.4350763681814558,0.0011152755355360263,0.002087525449602604,0.0030287501390764563,0.6596031899418436,0.03339574127843289,0.04568944571345339,0.05503408161381869,0.8302027466191255
E-lr1,inferred,global,30,zos,0.0029161258817019557,0.001351789189173294,0.3831418376378339,0.38252979486879674,0.05400116555873545,0.036766685860617,0.6189845213232993,0.6184899310973435,1.0007996738525367
E-lr1,inferred,tropics,0,so,0.010235432012809678,0.03476127541847009,1221.6231012582653,1221.1740320297963,0.10117031191416619,0.1864437593980289,34.951725297304925,34.94530057146163,1.0001838509252527
E-lr1,inferred,tropics,0,sst,0.0,0.0,764.1281806098091,764.1281806098091,0.0,0.0,27.642868530776777,27.642868530776777,1.0
E-lr1,inferred,tropics,0,thetao,0.010680162739235959,0.30908849871261135,230.111308721514,230.62646323308667,0.10334487282509935,0.5559572813738582,15.169420184091218,15.186390724365243,0.9988825165516914
E-lr1,inferred,tropics,0,ts,0.010457797376022818,,,,0.102263372602427,,,,
E-lr1,inferred,tropics,0,uo,0.3770445957581836,0.001884401792608777,0.008375064256760066,0.01017016792576906,0.6140395718177971,0.04340969698821655,0.09151537716012575,0.10084725046211751,0.9074652679252053
E-lr1,inferred,tropics,0,vo,0.3965295588301573,0.0012291312186097768,0.001592537264156663,0.002943038601592826,0.6297059304390878,0.03505896773451519,0.039906606773273304,0.05424977973773558,0.7356086414764682
E-lr1,inferred,tropics,0,zos,0.0,0.0,0.20247419479519427,0.20247419479519427,0.0,0.0,0.4499713266367028,0.4499713266367028,1.0
E-lr1,inferred,tropics,5,so,0.009780767683438801,0.03186568006070327,1221.6402225768168,1221.1754554695806,0.09889776379392408,0.17850960775460595,34.95197022453551,34.94532093813964,1.0001902768730508
E-lr1,inferred,tropics,5,sst,0.0006606684082817454,0.08946945879495499,760.5101768416588,764.1688966076783,0.02570347074388487,0.29911445768293277,27.577348981395197,27.643604985740886,0.9976032068038931
E-lr1,inferred,tropics,5,thetao,0.010319552306151364,0.28114543888174615,230.48314251629458,230.626773843594,0.10158519727869492,0.5302314955580686,15.18167126887862,15.18640095096906,0.9996885580654883
E-lr1,inferred,tropics,5,ts,0.010050159994795084,,,,0.10025048625715031,,,,
E-lr1,inferred,tropics,5,uo,0.35497119830270696,0.0017431428547801547,0.008558749027372229,0.010132723456349605,0.5957945940529394,0.04175096232160589,0.09251350726986968,0.10066142983461741,0.9190561610526053
E-lr1,inferred,tropics,5,vo,0.3705690594143465,0.0011315778141074196,0.001698476560278146,0.0029323185698539238,0.6087438372701168,0.03363893301083463,0.04121257769514237,0.05415088706433094,0.7610692996807618
E-lr1,inferred,tropics,5,zos,0.0004298042625334182,0.00019923857142179293,0.20457868910197052,0.20231088153039561,0.020731721166690868,0.014115189386678202,0.4523037575589777,0.4497898192827352,1.005589140012665
E-lr1,inferred,tropics,10,so,0.009528053704483789,0.030287350954213265,1221.6833710901158,1221.173619028484,0.09761174982799863,0.1740326146278716,34.952587473463474,34.945294662207154,1.000208692223855
E-lr1,inferred,tropics,10,sst,0.000885455575160106,0.11991072927761556,759.7248547486585,764.1982039634628,0.02975660557187439,0.3462812863520285,27.563106768807078,27.644135073528034,0.9970688790043373
E-lr1,inferred,tropics,10,thetao,0.010215302411390745,0.27531631793347305,230.65662828178117,230.62331886524305,0.10107077921630339,0.5247059347229389,15.187383852454023,15.186287198168058,1.0000722134562354
E-lr1,inferred,tropics,10,ts,0.009871678057937268,,,,0.09935631866135776,,,,
E-lr1,inferred,tropics,10,uo,0.35329782795646225,0.001822374553003841,0.008641303503831682,0.010229659401123631,0.594388616947248,0.04268927913427259,0.09295861177874637,0.10114177871247683,0.9190921196176176
E-lr1,inferred,tropics,10,vo,0.3617197933553825,0.00112875525416105,0.001764564361454625,0.002950692858166014,0.6014314535800256,0.03359695304876694,0.04200671805145726,0.05432028035794747,0.7733155604987845
E-lr1,inferred,tropics,10,zos,0.0005931742077768122,0.0002749697766807182,0.20518047625970356,0.2024477909911762,0.02435516798909037,0.016582212659374446,0.45296851574883606,0.4499419862506457,1.0067264882822125
E-lr1,inferred,tropics,15,so,0.00932992366705766,0.0290190781714926,1221.6996262351101,1221.1713305832793,0.09659152999646325,0.1703498698898611,34.95282000404417,34.945261918939444,1.0002162835443116
E-lr1,inferred,tropics,15,sst,0.0010831074552807587,0.14667726857493618,758.9845944799558,764.2779658153804,0.03291059791739978,0.38298468451745715,27.549675034017294,27.64557769002812,0.9965309946825449
E-lr1,inferred,tropics,15,thetao,0.010124434258001696,0.2698884843542908,230.84889020622782,230.6309176207124,0.10062024775362907,0.519507925208356,15.19371219308263,15.186537380874958,1.0004724455633125
E-lr1,inferred,tropics,15,ts,0.009727178962529679,,,,0.0986264617763898,,,,
E-lr1,inferred,tropics,15,uo,0.35179301666205764,0.001871530344714325,0.00879218872928334,0.010281492802433246,0.5931214181447654,0.04326118750929434,0.09376667174046086,0.10139769623829353,0.9247416383119879
E-lr1,inferred,tropics,15,vo,0.3586285788207407,0.0011500915224490682,0.0018271782392845829,0.0029324916814102296,0.5988560585155173,0.03391299931367127,0.04274550548636175,0.05415248545921258,0.789354452041864
E-lr1,inferred,tropics,15,zos,0.0008401330754470848,0.00038944917079526665,0.206028468831621,0.20190843036680506,0.028985049171031,0.01973446656981806,0.4539035897981211,0.44934221965758464,1.0101512164692925
E-lr1,inferred,tropics,20,so,0.009189050157746506,0.028044661119026072,1221.7286873411333,1221.1699123352148,0.09585953347344492,0.16746540275240757,34.95323572061867,34.94524162651068,1.0002287605904527
E-lr1,inferred,tropics,20,sst,0.0012689339922448888,0.17184238903450239,758.4092376400725,764.3511999881629,0.035622099773102774,0.4145387666244285,27.539230883234058,27.6469021770643,0.9961054843272977
E-lr1,inferred,tropics,20,thetao,0.010085790438242218,0.2679964126318726,231.04633048487835,230.64490313107183,0.1004280361166254,0.5176836994071502,15.200208238207736,15.186997831404067,1.000869849785344
E-lr1,inferred,tropics,20,ts,0.009637420297994363,,,,0.09817036364399576,,,,
E-lr1,inferred,tropics,20,uo,0.3537935829507994,0.0019435512874680077,0.008883936844419186,0.010244555810134651,0.5948055001013351,0.04408572657298514,0.09425463831779944,0.1012153931481504,0.9312282982474573
E-lr1,inferred,tropics,20,vo,0.3624082059222672,0.0012025107013913878,0.0018735274036750379,0.0029367464090602246,0.6020034932807842,0.03467723606908987,0.04328426277153208,0.05419175591416304,0.7987241240179065
E-lr1,inferred,tropics,20,zos,0.001023732093421486,0.00047455769593145154,0.20705453946132849,0.20200970227068119,0.03199581368587906,0.021784345203183213,0.455032459788671,0.4494548945897477,1.01240962166852
E-lr1,inferred,tropics,25,so,0.009090378472830502,0.02731159333719402,1221.7379029683138,1221.1721649575525,0.09534347629927546,0.16526219572907175,34.95336754832521,34.94527385724073,1.0002316104637654
E-lr1,inferred,tropics,25,sst,0.0014329350522878698,0.1940518458082218,757.78020931976,764.1613788026752,0.03785412860293933,0.44051316190123285,27.527807927980028,27.6434690081161,0.9958159708500365
E-lr1,inferred,tropics,25,thetao,0.010077612374738795,0.2675772424866722,231.19893877741728,230.64014333887937,0.10038731182145877,0.5172786893799823,15.20522735040214,15.18684112443662,1.001210668223554
E-lr1,inferred,tropics,25,ts,0.009583995423784648,,,,0.09789788263177426,,,,
E-lr1,inferred,tropics,25,uo,0.3572044642696604,0.0020201875081726165,0.008940354240820845,0.010214627334406852,0.5976658466648905,0.04494649606112379,0.09455344647775059,0.10106743953621686,0.9355480549585703
E-lr1,inferred,tropics,25,vo,0.3669942344347255,0.0012515050024016138,0.001909833617792011,0.002943455925030582,0.6058004906194163,0.03537661660478025,0.043701643193271474,0.054253625915975254,0.8055064054327713
E-lr1,inferred,tropics,25,zos,0.0011589136568480839,0.0005372219890675364,0.20804888040128378,0.20223544221935846,0.03404282092964806,0.023178049725279655,0.4561237555765801,0.44970595083827664,1.014271113660694
E-lr1,inferred,tropics,30,so,0.009031298500522804,0.026741458746718447,1221.7563503170063,1221.1777864219914,0.09503314422096537,0.16352815888010985,34.953631432470736,34.94535428954744,1.000236859608139
E-lr1,inferred,tropics,30,sst,0.0016014076054396767,0.21686684227350983,757.3900029346196,764.0076028843118,0.04001759119986705,0.4656896415784979,27.520719520656062,27.640687453178725,0.9956597341247073
E-lr1,inferred,tropics,30,thetao,0.01010182556394675,0.2691325329372964,231.36846249619987,230.622964074716,0.10050783832093271,0.5187798501650738,15.210800849928969,15.186275516884185,1.0016149669494352
E-lr1,inferred,tropics,30,ts,0.009566562032234778,,,,0.0978088034495606,,,,
E-lr1,inferred,tropics,30,uo,0.36092254444204197,0.0020952101515587995,0.009001184764106948,0.010173216723607506,0.6007682951371868,0.045773465583881665,0.09487457385467904,0.10086236524892477,0.9406340374879365
E-lr1,inferred,tropics,30,vo,0.3735556435879718,0.0013039484532896557,0.0019457617373232542,0.0029416438090203428,0.6111919858669383,0.0361102264364218,0.044110789352756474,0.05423692293097335,0.8132981550021878
E-lr1,inferred,tropics,30,zos,0.0013015692538553081,0.0006033509277098505,0.2090433828457437,0.20267562959531338,0.036077267826919876,0.024563202716865944,0.457212623235343,0.45019510170071086,1.015587734091557
E-lr1,inferred_persistence,extratropics,0,so,0.011266489610014505,0.03338352528063389,1203.86447313908,1203.8131713542705,0.1061437214818404,0.18271159043868532,34.69675018123571,34.69601088532038,1.0000213078073374
E-lr1,inferred_persistence,extratropics,0,sst,0.0,0.0,264.66212894940617,264.66212894940617,0.0,0.0,16.268439659334454,16.268439659334454,1.0
E-lr1,inferred_persistence,extratropics,0,thetao,0.009589214658526095,0.24381629667289534,91.27948769308234,91.88061453580991,0.09792453552877387,0.4937775781390801,9.554029918996608,9.585437628810169,0.9967233932315035
E-lr1,inferred_persistence,extratropics,0,ts,0.010427852134270303,,,,0.10211685528976254,,,,
E-lr1,inferred_persistence,extratropics,0,uo,0.38470070987765553,0.0011784539406617426,0.0023183015645184013,0.0036498695552275684,0.6202424605568821,0.034328616934880186,0.04814874416346081,0.06041415028970919,0.7969779254126554
E-lr1,inferred_persistence,extratropics,0,vo,0.5098105511375084,0.0011191262089113865,0.001903331205073722,0.0030889873151848375,0.7140101897994933,0.033453343762789786,0.04362718424415816,0.05557865881059777,0.7849628828365915
E-lr1,inferred_persistence,extratropics,0,zos,0.0,0.0,0.48620438304814423,0.48620438304814423,0.0,0.0,0.697283574342709,0.697283574342709,1.0
E-lr1,inferred_persistence,extratropics,5,so,0.011330940883957169,0.0336983378146418,1203.86447313908,1203.8158635205882,0.10644689231704779,0.18357107020073124,34.69675018123571,34.69604968178061,1.0000201896026069
E-lr1,inferred_persistence,extratropics,5,sst,0.0008073392423513657,0.10933200981129296,264.66212894940617,264.80069678720804,0.028413715743481453,0.3306539124391135,16.268439659334454,16.272697895161947,0.9997383202309214
E-lr1,inferred_persistence,extratropics,5,thetao,0.00982834761561173,0.25996416280699125,91.27948769308234,91.89021460419285,0.09913802305680565,0.5098668088893327,9.554029918996608,9.585938378906514,0.9966713264107645
E-lr1,inferred_persistence,extratropics,5,ts,0.01057964424978445,,,,0.10285739764248583,,,,
E-lr1,inferred_persistence,extratropics,5,uo,0.407616361104257,0.0012392977387971254,0.0023183015645184013,0.0036474312009881155,0.6384484012856928,0.03520366087209007,0.04814874416346081,0.06039396659425605,0.7972442758552001
E-lr1,inferred_persistence,extratropics,5,vo,0.564559140004483,0.0012432073963881231,0.001903331205073722,0.003091959232748583,0.7513715059838795,0.035259146279910454,0.04362718424415816,0.05560538852259359,0.7845855483310139
E-lr1,inferred_persistence,extratropics,5,zos,0.0019571017568008587,0.0009072272970124272,0.48620438304814423,0.4863526396679156,0.044239142812681834,0.030120214093070904,0.697283574342709,0.6973898763732634,0.9998475715892132
E-lr1,inferred_persistence,extratropics,10,so,0.011425869083497377,0.03416942495277469,1203.86447313908,1203.8172161582934,0.10689185695597854,0.18484973614472563,34.69675018123571,34.69606917445106,1.0000196277791937
E-lr1,inferred_persistence,extratropics,10,sst,0.0023422749110995596,0.31719704800181914,264.66212894940617,264.84413516882694,0.04839705477712006,0.5632024928938251,16.268439659334454,16.274032541715865,0.9996563308837515
E-lr1,inferred_persistence,extratropics,10,thetao,0.010182237672916325,0.28620965166608503,91.27948769308234,91.89780742649144,0.10090707444434371,0.5349856555703948,9.554029918996608,9.58633441032032,0.996630151845221
E-lr1,inferred_persistence,extratropics,10,ts,0.01080405337820685,,,,0.10394254844964525,,,,
E-lr1,inferred_persistence,extratropics,10,uo,0.4338935930034317,0.0013181557036797598,0.0023183015645184013,0.003650042322148721,0.658705998912589,0.036306414084563074,0.04814874416346081,0.060415580127552534,0.7969590635694743
E-lr1,inferred_persistence,extratropics,10,vo,0.6365145601090568,0.0014259474004210096,0.001903331205073722,0.0030950805369513337,0.7978186260730298,0.03776171871645952,0.04362718424415816,0.05563344800523633,0.784189831988337
E-lr1,inferred_persistence,extratropics,10,zos,0.0032660167668992625,0.0015139833922883132,0.48620438304814423,0.4864606968682222,0.05714907494351298,0.038909939505071364,0.697283574342709,0.697467344660825,0.9997365176742355
E-lr1,inferred_persistence,extratropics,15,so,0.011553222475675367,0.034856755519757185,1203.86447313908,1203.8167773930713,0.10748591756911864,0.18669963984902913,34.69675018123571,34.696062851468774,1.0000198100219577
E-lr1,inferred_persistence,extratropics,15,sst,0.0043820915120474585,0.5934343891914444,264.66212894940617,264.9074671581538,0.06619736786343894,0.7703469278133356,16.268439659334454,16.275978224308172,0.9995368287626203
E-lr1,inferred_persistence,extratropics,15,thetao,0.010608040591007764,0.32088296738311833,91.27948769308234,91.90559417755247,0.10299534256949566,0.5664653276089529,9.554029918996608,9.586740539805616,0.9965879309371952
E-lr1,inferred_persistence,extratropics,15,ts,0.011080631533341568,,,,0.10526457872115182,,,,
E-lr1,inferred_persistence,extratropics,15,uo,0.4594839775201046,0.0014041247764682073,0.0023183015645184013,0.003641342693249186,0.6778524747466108,0.03747165297218962,0.04814874416346081,0.06034353895198048,0.7979105136968531
E-lr1,inferred_persistence,extratropics,15,vo,0.705894348692349,0.001613498454517226,0.001903331205073722,0.003082921659519059,0.840175189286347,0.04016837629923851,0.04362718424415816,0.055524063787866416,0.7857347115448696
E-lr1,inferred_persistence,extratropics,15,zos,0.004260685682917593,0.001975068659051221,0.48620438304814423,0.48554731107721427,0.06527392804878218,0.044441744554542646,0.697283574342709,0.6968122495171954,1.000676401463723
E-lr1,inferred_persistence,extratropics,20,so,0.011699872699173506,0.03568353026594893,1203.86447313908,1203.815321375245,0.1081659498140404,0.1889008477110384,34.69675018123571,34.69604186899775,1.000020414785082
E-lr1,inferred_persistence,extratropics,20,sst,0.006858784112740592,0.9288346364040567,264.66212894940617,264.7955252907493,0.08281777655033122,0.9637606738210772,16.268439659334454,16.272538993370066,0.9997480827031797
E-lr1,inferred_persistence,extratropics,20,thetao,0.011086347612069388,0.36323279626953636,91.27948769308234,91.90216510698583,0.1052917262279871,0.6026879758793404,9.554029918996608,9.5865616936932,0.9966065232002842
E-lr1,inferred_persistence,extratropics,20,ts,0.011393110155621446,,,,0.10673851299142895,,,,
E-lr1,inferred_persistence,extratropics,20,uo,0.4834345926761881,0.0014925676186337744,0.0023183015645184013,0.0036474580241133764,0.6952946085481952,0.038633762677660256,0.04814874416346081,0.06039418866176924,0.7972413444133235
E-lr1,inferred_persistence,extratropics,20,vo,0.7709871411862239,0.0018039914231064483,0.001903331205073722,0.0030871982566572026,0.8780587344740806,0.04247342019553462,0.04362718424415816,0.05556256164592488,0.7851902963397279
E-lr1,inferred_persistence,extratropics,20,zos,0.00518992470549132,0.002405823483555107,0.48620438304814423,0.4854934140287264,0.07204113203921299,0.04904919452503891,0.697283574342709,0.6967735744334212,1.0007319449646215
E-lr1,inferred_persistence,extratropics,25,so,0.011855956427292461,0.036578717111170285,1203.86447313908,1203.8151419364283,0.1088850606249198,0.19125563288742709,34.69675018123571,34.69603928312897,1.0000204893158247
E-lr1,inferred_persistence,extratropics,25,sst,0.009848433455000723,1.3337008396182397,264.66212894940617,264.69304988360165,0.0992392737528884,1.1548596623045762,16.268439659334454,16.26938996654766,0.9999415892534902
E-lr1,inferred_persistence,extratropics,25,thetao,0.01161506711285845,0.41371644422773574,91.27948769308234,91.897203308665,0.10777322075941895,0.6432079323420504,9.554029918996608,9.58630290094492,0.9966334276851266
E-lr1,inferred_persistence,extratropics,25,ts,0.011735511770075455,,,,0.10833056710862107,,,,
E-lr1,inferred_persistence,extratropics,25,uo,0.503808915092234,0.001567702654039906,0.0023183015645184013,0.003646291957531004,0.7097949810277853,0.03959422500870431,0.04814874416346081,0.060384534092191224,0.7973688111917929
E-lr1,inferred_persistence,extratropics,25,vo,0.8279761894151038,0.0019627237236584452,0.001903331205073722,0.0030822245559924397,0.9099319696631742,0.044302637886004546,0.04362718424415816,0.055517785942816915,0.7858235609232324
E-lr1,inferred_persistence,extratropics,25,zos,0.0059416582055314094,0.0027542944451925213,0.48620438304814423,0.48579827914334306,0.07708215231512032,0.05248137236384469,0.697283574342709,0.6969923092426078,1.0004178885422965
E-lr1,inferred_persistence,extratropics,30,so,0.01202649457946094,0.03759994617670004,1203.86447313908,1203.8158307478568,0.10966537548132929,0.1939070555103657,34.69675018123571,34.69604920949728,1.000020203214902
E-lr1,inferred_persistence,extratropics,30,sst,0.013398058270339361,1.814400391747253,264.66212894940617,264.72332362936,0.11574998172932625,1.3469968046536906,16.268439659334454,16.27032032964809,0.9998844109842012
E-lr1,inferred_persistence,extratropics,30,thetao,0.012190857357329795,0.47245296076795673,91.27948769308234,91.8930253497211,0.11041221561643347,0.6873521373851664,9.554029918996608,9.58608498552569,0.9966560836277288
E-lr1,inferred_persistence,extratropics,30,ts,0.012108675968395367,,,,0.11003942915335106,,,,
E-lr1,inferred_persistence,extratropics,30,uo,0.5210750289479195,0.0016355598295190036,0.0023183015645184013,0.003653029506141431,0.7218552686985941,0.040442055208891194,0.04814874416346081,0.06044029703882527,0.7966331491145934
E-lr1,inferred_persistence,extratropics,30,vo,0.8784202156328001,0.0021042097169699137,0.001903331205073722,0.003089732657977778,0.9372407458240386,0.04587166573136312,0.04362718424415816,0.055585363702846974,0.7848681979915454
E-lr1,inferred_persistence,extratropics,30,zos,0.006787142434129156,0.0031462241895496303,0.48620438304814423,0.486308480151976,0.08238411518083541,0.056091213122463575,0.697283574342709,0.6973582150888996,0.9998929664201618
E-lr1,inferred_persistence,global,0,so,0.010864328720447385,0.033884145256838166,1210.3976636741593,1210.2027203703358,0.1042320906460548,0.18407646578755843,34.79076980571369,34.787968040262655,1.0000805383472755
E-lr1,inferred_persistence,global,0,sst,0.0,0.0,447.4121497568458,447.4121497568458,0.0,0.0,21.15211927341669,21.15211927341669,1.0
E-lr1,inferred_persistence,global,0,thetao,0.009995716519371006,0.2678436718510848,142.2744346122549,142.8450749442232,0.0999785803028379,0.5175361551148719,11.927884750124596,11.951781245664732,0.9980005912885325
E-lr1,inferred_persistence,global,0,ts,0.010430022619909196,,,,0.10212748219705212,,,,
E-lr1,inferred_persistence,global,0,uo,0.3805416154535066,0.0014366497020959594,0.0045363291287895515,0.006036315295715531,0.6168805520143317,0.03790316216486376,0.06735227634452715,0.07769372751847817,0.8668946451115828
E-lr1,inferred_persistence,global,0,vo,0.46577217547517075,0.0011579684244257251,0.00178448699181861,0.003028792257069194,0.6824750365216085,0.03402893510566743,0.042243188703252624,0.05503446426621408,0.7675769950064895
E-lr1,inferred_persistence,global,0,zos,0.0,0.0,0.3823900824845439,0.3823900824845439,0.0,0.0,0.6183769744132974,0.6183769744132974,1.0
E-lr1,inferred_persistence,global,5,so,0.01091588909507777,0.03412704713422305,1210.3976636741593,1210.2049461904198,0.10447913234267296,0.18473507283194238,34.79076980571369,34.788000031482404,1.0000796186681837
E-lr1,inferred_persistence,global,5,sst,0.0006431060163491869,0.08709111316788072,447.4121497568458,447.5149160057607,0.025359535018394698,0.2951120349424617,21.15211927341669,21.154548352677274,0.9998851746102027
E-lr1,inferred_persistence,global,5,thetao,0.010199056927968648,0.282779196904414,142.2744346122549,142.85127031421823,0.10099038037342294,0.5317698721293018,11.927884750124596,11.95204042472323,0.9979789497240432
E-lr1,inferred_persistence,global,5,ts,0.01055747301152321,,,,0.10274956453203687,,,,
E-lr1,inferred_persistence,global,5,uo,0.4123891637022352,0.0016555751443127207,0.0045363291287895515,0.006021049417328951,0.6421753371955632,0.040688759434427596,0.06735227634452715,0.07759542136833172,0.8679929196442895
E-lr1,inferred_persistence,global,5,vo,0.5315783365744976,0.0014111204888428372,0.00178448699181861,0.0030267310920001978,0.7290941890966472,0.037564883719277464,0.042243188703252624,0.05501573494919611,0.7678383055731565
E-lr1,inferred_persistence,global,5,zos,0.0014111399015580607,0.0006541431122435454,0.3823900824845439,0.3824243370932762,0.03756514210751852,0.02557622161781418,0.6183769744132974,0.6184046709827443,0.9999552128715281
E-lr1,inferred_persistence,global,10,so,0.010997399371199,0.034536137492032215,1210.3976636741593,1210.2051304315771,0.10486848607279024,0.1858390096078652,34.79076980571369,34.78800267953849,1.0000795425423152
E-lr1,inferred_persistence,global,10,sst,0.0018451112302518302,0.24986982985277364,447.4121497568458,447.5531859735046,0.04295475794660971,0.4998698129040937,21.15211927341669,21.15545286618806,0.999842423946561
E-lr1,inferred_persistence,global,10,thetao,0.010493193323332997,0.3058525435316196,142.2744346122549,142.85481616379704,0.10243628909391923,0.5530393688803896,11.927884750124596,11.9521887603818,0.9979665640541283
E-lr1,inferred_persistence,global,10,ts,0.010745296347265997,,,,0.10365952125717154,,,,
E-lr1,inferred_persistence,global,10,uo,0.45158025776845606,0.0019338135515014412,0.0045363291287895515,0.006058213364304922,0.6719972155957613,0.04397514697532506,0.06735227634452715,0.07783452552887389,0.8653264844473395
E-lr1,inferred_persistence,global,10,vo,0.6100636750919144,0.0017077493496492882,0.00178448699181861,0.0030354276251364294,0.7810657303274254,0.04132492407312188,0.042243188703252624,0.05509471503816341,0.7667375840675699
E-lr1,inferred_persistence,global,10,zos,0.0024554079193903596,0.0011382203741995788,0.3823900824845439,0.3825429512394799,0.049552072806194086,0.03373752175545173,0.6183769744132974,0.6185005668869511,0.9998001740333469
E-lr1,inferred_persistence,global,15,so,0.011100902433761094,0.035089692408277195,1210.3976636741593,1210.2040153150544,0.10536082020258335,0.18732242900485033,34.79076980571369,34.787986652220255,1.000080003293127
E-lr1,inferred_persistence,global,15,sst,0.00338926241436799,0.4589828567372428,447.4121497568458,447.6225280761719,0.05821737210118635,0.6774827353794655,21.15211927341669,21.157091673388663,0.9997649771505114
E-lr1,inferred_persistence,global,15,thetao,0.010841607449076576,0.33529580054878105,142.2744346122549,142.8625363302485,0.10412303995310825,0.5790473215107562,11.927884750124596,11.95251171638198,0.9979395990699067
E-lr1,inferred_persistence,global,15,ts,0.010971254941418835,,,,0.104743758484307,,,,
E-lr1,inferred_persistence,global,15,uo,0.48621173302015686,0.0021610980498683713,0.0045363291287895515,0.00607172364122181,0.6972888447552827,0.04648761178925383,0.06735227634452715,0.07792126565464533,0.8643632232956665
E-lr1,inferred_persistence,global,15,vo,0.6672758442299725,0.00189664516887194,0.00178448699181861,0.003021085084922215,0.8168695392961918,0.04355048988096391,0.042243188703252624,0.05496439834040044,0.768555464605216
E-lr1,inferred_persistence,global,15,zos,0.003300508627705608,0.0015299723241383627,0.3823900824845439,0.38176642012114476,0.057450053330746424,0.039114860656000845,0.6183769744132974,0.6178724950352983,1.0008164781278543
E-lr1,inferred_persistence,global,20,so,0.011222331204198072,0.03577729547187322,1210.3976636741593,1210.202575716042,0.10593550492728145,0.18914887118847212,34.79076980571369,34.78796596117746,1.000080598116583
E-lr1,inferred_persistence,global,20,sst,0.005234123540411869,0.708818817228982,447.4121497568458,447.5783386230469,0.07234724279757916,0.8419137825389141,21.15211927341669,21.156047329854573,0.9998143293793667
E-lr1,inferred_persistence,global,20,thetao,0.01122419828327951,0.37011267810906556,142.2744346122549,142.8654907852846,0.10594431689939536,0.6083688668144234,11.927884750124596,11.95263530713142,0.9979292803326764
E-lr1,inferred_persistence,global,20,ts,0.011223264743738791,,,,0.10593991100495975,,,,
E-lr1,inferred_persistence,global,20,uo,0.5145306980781008,0.002336826320100054,0.0045363291287895515,0.006062034398403562,0.7173079520527433,0.04834073148081289,0.06735227634452715,0.07785906754131829,0.8650537242664075
E-lr1,inferred_persistence,global,20,vo,0.7057427849337371,0.0020044427866567544,0.00178448699181861,0.0030253581323639433,0.8400849867327336,0.04477100386027495,0.042243188703252624,0.055003255652406095,0.7680125149356448
E-lr1,inferred_persistence,global,20,zos,0.0040787027048115885,0.0018907092768002264,0.3823900824845439,0.3817692986040404,0.06386472191133058,0.0434822869315797,0.6183769744132974,0.6178748243811528,1.0008127051181404
E-lr1,inferred_persistence,global,25,so,0.011353317808220187,0.036534045395626547,1210.3976636741593,1210.2032899020012,0.10655194887105626,0.19113881185051493,34.79076980571369,34.78797622601811,1.0000803030241663
E-lr1,inferred_persistence,global,25,sst,0.00743844932547267,1.0073344295073037,447.4121497568458,447.44390838314786,0.08624644529180707,1.003660515068369,21.15211927341669,21.152869979819474,0.9999645104232429
E-lr1,inferred_persistence,global,25,thetao,0.011639776707973856,0.4104086104669377,142.2744346122549,142.86061202031462,0.10788779684456373,0.640631415454267,11.927884750124596,11.952431217970451,0.9979463200918529
E-lr1,inferred_persistence,global,25,ts,0.011496547258097022,,,,0.10722195324697747,,,,
E-lr1,inferred_persistence,global,25,uo,0.5417117248786883,0.002519420969964252,0.0045363291287895515,0.006050301252170681,0.7360106825846269,0.050193833983510884,0.06735227634452715,0.07778368242871175,0.8658921028360296
E-lr1,inferred_persistence,global,25,vo,0.7367573904268669,0.0020834772461490827,0.00178448699181861,0.0030246617876605224,0.8583457289617435,0.0456451229174496,0.042243188703252624,0.054996925256422496,0.7681009166656912
E-lr1,inferred_persistence,global,25,zos,0.00471159857415561,0.0021840922823739757,0.3823900824845439,0.3820452109129742,0.06864108517612182,0.04673427310201771,0.6183769744132974,0.6180980593020611,1.0004512473498968
E-lr1,inferred_persistence,global,30,so,0.011504080003584898,0.037429225017749784,1210.3976636741593,1210.2057858213093,0.10725707437546904,0.19346634078761552,34.79076980571369,34.78801209930383,1.0000792717445879
E-lr1,inferred_persistence,global,30,sst,0.010055743804615361,1.361775347379723,447.4121497568458,447.40683569089333,0.10027833168045508,1.1669513046308844,21.15211927341669,21.151993657593916,1.0000059387226004
E-lr1,inferred_persistence,global,30,thetao,0.012097275125512888,0.45731039865729767,142.2744346122549,142.8516729706198,0.10998761350948973,0.6762472910535743,11.927884750124596,11.952057269383367,0.9979775432200537
E-lr1,inferred_persistence,global,30,ts,0.011800677564548893,,,,0.10863092361086181,,,,
E-lr1,inferred_persistence,global,30,uo,0.5700831226628236,0.0027295187377340212,0.0045363291287895515,0.00603941450658323,0.7550384908485286,0.05224479627421301,0.06735227634452715,0.07771367001102979,0.8666721869520245
E-lr1,inferred_persistence,global,30,vo,0.770945530331306,0.002190752795446723,0.00178448699181861,0.0030287501390764563,0.8780350393528188,0.04680547826319824,0.042243188703252624,0.05503408161381869,0.7675823319752763
E-lr1,inferred_persistence,global,30,zos,0.005412730204900958,0.0025091064221347496,0.3823900824845439,0.38252979486879674,0.07357125936737088,0.050090981445113945,0.6183769744132974,0.6184899310973435,0.9998173669798541
E-lr1,inferred_persistence,tropics,0,so,0.010235432012809678,0.03476127541847009,1221.6231012582653,1221.1740320297963,0.10117031191416619,0.1864437593980289,34.951725297304925,34.94530057146163,1.0001838509252527
E-lr1,inferred_persistence,tropics,0,sst,0.0,0.0,764.1281806098091,764.1281806098091,0.0,0.0,27.642868530776777,27.642868530776777,1.0
E-lr1,inferred_persistence,tropics,0,thetao,0.010680162739235959,0.30908849871261135,230.111308721514,230.62646323308667,0.10334487282509935,0.5559572813738582,15.169420184091218,15.186390724365243,0.9988825165516914
E-lr1,inferred_persistence,tropics,0,ts,0.010457797376022818,,,,0.102263372602427,,,,
E-lr1,inferred_persistence,tropics,0,uo,0.3770445957581836,0.001884401792608777,0.008375064256760066,0.01017016792576906,0.6140395718177971,0.04340969698821655,0.09151537716012575,0.10084725046211751,0.9074652679252053
E-lr1,inferred_persistence,tropics,0,vo,0.3965295588301573,0.0012291312186097768,0.001592537264156663,0.002943038601592826,0.6297059304390878,0.03505896773451519,0.039906606773273304,0.05424977973773558,0.7356086414764682
E-lr1,inferred_persistence,tropics,0,zos,0.0,0.0,0.20247419479519427,0.20247419479519427,0.0,0.0,0.4499713266367028,0.4499713266367028,1.0
E-lr1,inferred_persistence,tropics,5,so,0.010265178530111045,0.0348796028207953,1221.6231012582653,1221.1754554695806,0.10131721734291288,0.18676081714534049,34.951725297304925,34.94532093813964,1.0001832680025067
E-lr1,inferred_persistence,tropics,5,sst,0.00035848081769826164,0.0485464182465967,764.1281806098091,764.1688966076783,0.01893358966752638,0.22033251745168417,27.642868530776777,27.643604985740886,0.9999733589390932
E-lr1,inferred_persistence,tropics,5,thetao,0.01082475559949801,0.321923281719143,230.111308721514,230.626773843594,0.10404208571293642,0.5673828352348553,15.169420184091218,15.18640095096906,0.9988818438988495
E-lr1,inferred_persistence,tropics,5,ts,0.010544967064804527,,,,0.10268869005301667,,,,
E-lr1,inferred_persistence,tropics,5,uo,0.42490112684877046,0.0023768095715932143,0.008375064256760066,0.010132723456349605,0.6518444038639669,0.04875253400176461,0.09151537716012575,0.10066142983461741,0.909140445456435
E-lr1,inferred_persistence,tropics,5,vo,0.48278106734006093,0.0017060634613962364,0.001592537264156663,0.0029323185698539238,0.6948244867159339,0.04130452107695036,0.039906606773273304,0.05415088706433094,0.7369520415402334
E-lr1,inferred_persistence,tropics,5,zos,0.0004649578865306535,0.00021553426396539192,0.20247419479519427,0.20231088153039561,0.021562882148049075,0.014681085244810477,0.4499713266367028,0.4497898192827352,1.0004035381553478
E-lr1,inferred_persistence,tropics,10,so,0.010324131090397926,0.03518135860243536,1221.6231012582653,1221.173619028484,0.1016077314499144,0.1875669443223815,34.951725297304925,34.945294662207154,1.0001840200564893
E-lr1,inferred_persistence,tropics,10,sst,0.0009834992474725343,0.13318806254502494,764.1281806098091,764.1982039634628,0.031360791563232814,0.36494939723888425,27.642868530776777,27.644135073528034,0.9999541840340496
E-lr1,inferred_persistence,tropics,10,thetao,0.011019759850723329,0.33951277255136036,230.111308721514,230.62331886524305,0.10497504394246915,0.5826772456097461,15.169420184091218,15.186287198168058,0.9988893260178251
E-lr1,inferred_persistence,tropics,10,ts,0.010671945470560629,,,,0.10330510863728197,,,,
E-lr1,inferred_persistence,tropics,10,uo,0.48688519336104963,0.0029999347343333187,0.008375064256760066,0.010229659401123631,0.6977715911106224,0.05477165995597832,0.09151537716012575,0.10114177871247683,0.9048226986424991
E-lr1,inferred_persistence,tropics,10,vo,0.574103680040721,0.002200616846026486,0.001592537264156663,0.002950692858166014,0.7576962980249548,0.046910732738111076,0.039906606773273304,0.05432028035794747,0.734653917658484
E-lr1,inferred_persistence,tropics,10,zos,0.001050578159835105,0.0004870023641904121,0.20247419479519427,0.2024477909911762,0.03241262346424777,0.02206813005649577,0.4499713266367028,0.4499419862506457,1.0000652092646467
E-lr1,inferred_persistence,tropics,15,so,0.010387046250058134,0.03550328503704806,1221.6231012582653,1221.1713305832793,0.10191685949860374,0.1884231541956775,34.951725297304925,34.945261918939444,1.0001849572162451
E-lr1,inferred_persistence,tropics,15,sst,0.0016686349814390325,0.22597095069259102,764.1281806098091,764.2779658153804,0.040848928767337735,0.47536401913963894,27.642868530776777,27.64557769002812,0.9999020038835246
E-lr1,inferred_persistence,tropics,15,thetao,0.01123877399152623,0.35991402024517666,230.111308721514,230.6309176207124,0.1060130840581776,0.5999283459257252,15.169420184091218,15.186537380874958,0.9988728703354527
E-lr1,inferred_persistence,tropics,15,ts,0.010812910120792182,,,,0.10398514375040399,,,,
E-lr1,inferred_persistence,tropics,15,uo,0.5375011728394228,0.003471681047302402,0.008375064256760066,0.010281492802433246,0.7331447148001701,0.0589209728984714,0.09151537716012575,0.10139769623829353,0.9025390177017093
E-lr1,inferred_persistence,tropics,15,vo,0.6118504434728926,0.0023931964403375843,0.001592537264156663,0.0029324916814102296,0.7822086956004086,0.04892030703437566,0.039906606773273304,0.05415248545921258,0.7369302892538662
E-lr1,inferred_persistence,tropics,15,zos,0.001636468895917914,0.0007585958410712464,0.20247419479519427,0.20190843036680506,0.04045329276978469,0.027542618631336536,0.4499713266367028,0.44934221965758464,1.0014000620275512
E-lr1,inferred_persistence,tropics,20,so,0.01046549706195725,0.03594997226684799,1221.6231012582653,1221.1699123352148,0.10230101202802078,0.18960477912449356,34.951725297304925,34.94524162651068,1.0001855380158347
E-lr1,inferred_persistence,tropics,20,sst,0.002418497383284018,0.32751929609462466,764.1281806098091,764.3511999881629,0.04917822061933533,0.572293015940807,27.642868530776777,27.6469021770643,0.9998541013289051
E-lr1,inferred_persistence,tropics,20,thetao,0.011460242115115798,0.38171031828157026,230.111308721514,230.64490313107183,0.10705252035854082,0.617827094162736,15.169420184091218,15.186997831404067,0.9988425857758074
E-lr1,inferred_persistence,tropics,20,ts,0.010962869588536525,,,,0.10470372289721376,,,,
E-lr1,inferred_persistence,tropics,20,uo,0.5737229053610376,0.003798577634402175,0.008375064256760066,0.010244555810134651,0.7574449850392024,0.0616326020414697,0.09151537716012575,0.1012153931481504,0.9041646168006621
E-lr1,inferred_persistence,tropics,20,vo,0.6059440937544803,0.002359659817476473,0.001592537264156663,0.0029367464090602246,0.7784241091811586,0.048576329806568064,0.039906606773273304,0.05419175591416304,0.7363962672935589
E-lr1,inferred_persistence,tropics,20,zos,0.002152893962714817,0.0009979880514855172,0.20247419479519427,0.20200970227068119,0.04639928838586662,0.03159094888548803,0.4499713266367028,0.4494548945897477,1.001149018629392
E-lr1,inferred_persistence,tropics,25,so,0.010553695515475442,0.03646709176267976,1221.6231012582653,1221.1721649575525,0.10273118083364681,0.19096358753092108,34.951725297304925,34.94527385724073,1.0001846155245642
E-lr1,inferred_persistence,tropics,25,sst,0.003261814392501002,0.441723510773495,764.1281806098091,764.1613788026752,0.05711229633363556,0.6646228334728614,27.642868530776777,27.6434690081161,0.999978277786368
E-lr1,inferred_persistence,tropics,25,thetao,0.01168428710086933,0.4043949831501339,230.111308721514,230.64014333887937,0.10809388095942031,0.6359205792786815,15.169420184091218,15.18684112443662,0.9988528924347954
E-lr1,inferred_persistence,tropics,25,ts,0.011118991308172385,,,,0.1054466277705095,,,,
E-lr1,inferred_persistence,tropics,25,uo,0.6129224291353514,0.004167115972387221,0.008375064256760066,0.010214627334406852,0.7828936256831777,0.06455320265011814,0.09151537716012575,0.10106743953621686,0.9054882322148056
E-lr1,inferred_persistence,tropics,25,vo,0.5936800824207933,0.002302504404137431,0.001592537264156663,0.002943455925030582,0.7705063805191968,0.047984418347390964,0.039906606773273304,0.054253625915975254,0.7355564922993028
E-lr1,inferred_persistence,tropics,25,zos,0.0025798376318010336,0.0011959005778683163,0.20247419479519427,0.20223544221935846,0.050792102061255874,0.03458179546912387,0.4499713266367028,0.44970595083827664,1.0005901095992427
E-lr1,inferred_persistence,tropics,30,so,0.010670710312277289,0.0371438824966811,1221.6231012582653,1221.1777864219914,0.10329913025905538,0.19272748246340246,34.951725297304925,34.94535428954744,1.0001823134401413
E-lr1,inferred_persistence,tropics,30,sst,0.004263328786967553,0.5773512310150898,764.1281806098091,764.0076028843118,0.0652941711561419,0.7598363185680781,27.642868530776777,27.640687453178725,1.0000789082254826
E-lr1,inferred_persistence,tropics,30,thetao,0.011940701185243716,0.43082978658003923,230.111308721514,230.622964074716,0.10927351547947799,0.6563762538209614,15.169420184091218,15.186275516884185,0.9988900943635437
E-lr1,inferred_persistence,tropics,30,ts,0.011305705748760502,,,,0.10632829232504631,,,,
E-lr1,inferred_persistence,tropics,30,uo,0.6605545028148972,0.004623136247971605,0.008375064256760066,0.010173216723607506,0.8127450417042833,0.06799364858552308,0.09151537716012575,0.10086236524892477,0.907329279204082
E-lr1,inferred_persistence,tropics,30,vo,0.601086346298884,0.0023519313555970733,0.001592537264156663,0.0029416438090203428,0.7752975856397878,0.048496714894898534,0.039906606773273304,0.05423692293097335,0.7357830167478702
E-lr1,inferred_persistence,tropics,30,zos,0.0030307984461706403,0.001404946403591984,0.20247419479519427,0.20267562959531338,0.05505268791049753,0.03748261468457055,0.4499713266367028,0.45019510170071086,0.9995029375860317
E-lr1,true,extratropics,0,so,0.0,0.0,1203.8131713542705,1203.8131713542705,0.0,0.0,34.69601088532038,34.69601088532038,1.0
E-lr1,true,extratropics,0,sst,0.0,0.0,264.66212894940617,264.66212894940617,0.0,0.0,16.268439659334454,16.268439659334454,1.0
E-lr1,true,extratropics,0,thetao,0.0,0.0,91.88061453580991,91.88061453580991,0.0,0.0,9.585437628810169,9.585437628810169,1.0
E-lr1,true,extratropics,0,ts,0.0,,,,0.0,,,,
E-lr1,true,extratropics,0,uo,0.0,0.0,0.0036498695552275684,0.0036498695552275684,0.0,0.0,0.06041415028970919,0.06041415028970919,1.0
E-lr1,true,extratropics,0,vo,0.0,0.0,0.0030889873151848375,0.0030889873151848375,0.0,0.0,0.05557865881059777,0.05557865881059777,1.0
E-lr1,true,extratropics,0,zos,0.0,0.0,0.48620438304814423,0.48620438304814423,0.0,0.0,0.697283574342709,0.697283574342709,1.0
E-lr1,true,extratropics,5,so,0.0004390761456008541,0.0015091831357066775,1203.8180408629885,1203.8158635205882,0.020954143876590475,0.03884820633834563,34.696081059148284,34.69604968178061,1.00000090434986
E-lr1,true,extratropics,5,sst,0.0006140083112198405,0.08315062504073582,264.2250679093178,264.80069678720804,0.024779191092927963,0.28835850089902987,16.25500131988053,16.272697895161947,0.9989124989970669
E-lr1,true,extratropics,5,thetao,0.0002875325802354259,0.01857672956929682,91.86768213767395,91.89021460419285,0.016956785669325007,0.13629647673104694,9.584763019379976,9.585938378906514,0.999877387118498
E-lr1,true,extratropics,5,ts,0.00036330436291814004,,,,0.01906054466478175,,,,
E-lr1,true,extratropics,5,uo,0.041287841846951494,0.00013617416307618613,0.003545476883654851,0.0036474312009881155,0.20319409894716797,0.011669368580869581,0.05954390719170897,0.06039396659425605,0.9859247628449705
E-lr1,true,extratropics,5,vo,0.057162394641182085,0.0001350713467013486,0.0029839959568234006,0.003091959232748583,0.2390865839840916,0.011622019906253327,0.054625964127174916,0.05560538852259359,0.982386160380469
E-lr1,true,extratropics,5,zos,0.0012506681454433313,0.0005797553831602757,0.48390931192070546,0.4863526396679156,0.03536478680047897,0.024078110041285957,0.695635904709285,0.6973898763732634,0.9974849481998508
E-lr1,true,extratropics,10,so,0.0007208407725492497,0.002766574237875971,1203.8129591427225,1203.8172161582934,0.026848478030407043,0.05259823417070169,34.696007827165396,34.69606917445106,0.9999982318664008
E-lr1,true,extratropics,10,sst,0.0009206010386196788,0.12467022119748468,264.21531214858544,264.84413516882694,0.030341407986770798,0.3530867049288102,16.254701232215417,16.274032541715865,0.9988121377138153
E-lr1,true,extratropics,10,thetao,0.0005100243281199822,0.029791944109743784,91.84432368410289,91.89780742649144,0.022583718208478917,0.1726034301795413,9.58354442177334,9.58633441032032,0.9997089619006012
E-lr1,true,extratropics,10,ts,0.0006154325503346159,,,,0.02480791305883298,,,,
E-lr1,true,extratropics,10,uo,0.0798268631464073,0.00019954431409439704,0.003520953164084399,0.003650042322148721,0.28253648108944673,0.014126015506659938,0.05933762014173133,0.060415580127552534,0.9821575828032213
E-lr1,true,extratropics,10,vo,0.11379941858466094,0.00021797997053972604,0.0029541036460301756,0.0030950805369513337,0.33734169410949033,0.014764144761540577,0.05435166645127061,0.05563344800523633,0.9769602352555055
E-lr1,true,extratropics,10,zos,0.0015034078904944525,0.0006969145436258041,0.4837718437416385,0.4864606968682222,0.03877380417878097,0.026399139069784153,0.6955370901264997,0.697467344660825,0.9972324804177548
E-lr1,true,extratropics,15,so,0.001046914863024131,0.003998561729694741,1203.8077903313563,1203.8167773930713,0.032356063775189514,0.06323418165592673,34.69593333996588,34.696062851468774,0.9999962672565056
E-lr1,true,extratropics,15,sst,0.0012972839605862312,0.17568161662178808,264.1106872558594,264.9074671581538,0.0360178283713251,0.4191439092027798,16.251482617160175,16.275978224308172,0.9984949840304276
E-lr1,true,extratropics,15,thetao,0.0008086913105551139,0.044682439822767435,91.81806309158286,91.90559417755247,0.028437498317452504,0.211382212645169,9.582174236131529,9.586740539805616,0.9995236854846413
E-lr1,true,extratropics,15,ts,0.0009278030867896225,,,,0.030459860255582633,,,,
E-lr1,true,extratropics,15,uo,0.11178885108173872,0.0002637531972086569,0.003513151167530493,0.003641342693249186,0.3343483977556027,0.016240480202526553,0.059271841269952906,0.06034353895198048,0.9822400591572794
E-lr1,true,extratropics,15,vo,0.16211736040236402,0.00029693423201157645,0.0029358580354770223,0.003082921659519059,0.4026380016868304,0.01723177971109126,0.05418355871920026,0.055524063787866416,0.975857223387185
E-lr1,true,extratropics,15,zos,0.0018614746790115405,0.0008628987413219152,0.4825456244776947,0.48554731107721427,0.04314481056872936,0.0293751381498354,0.6946550399138371,0.6968122495171954,0.996904173821782
E-lr1,true,extratropics,20,so,0.0013315710503189319,0.005124939209145821,1203.7978896567442,1203.815321375245,0.03649069813416745,0.07158868073338005,34.69579066193397,34.69604186899775,0.9999927597774775
E-lr1,true,extratropics,20,sst,0.0015933790897968878,0.21577959921624923,264.02940183697325,264.7955252907493,0.03991715282678473,0.464520827537635,16.24898156306952,16.272538993370066,0.9985523199354358
E-lr1,true,extratropics,20,thetao,0.0010889449837983831,0.057905078236845105,91.79183218307901,91.90216510698583,0.032999166410659274,0.24063474029500626,9.580805403674526,9.5865616936932,0.9993995459266214
E-lr1,true,extratropics,20,ts,0.0012102580170586577,,,,0.03478876279862016,,,,
E-lr1,true,extratropics,20,uo,0.13925882153696256,0.0003319529514681457,0.003510179562457718,0.0036474580241133764,0.37317398293150417,0.01821957605072483,0.05924676837142865,0.06039418866176924,0.9810011473659066
E-lr1,true,extratropics,20,vo,0.20423935414754854,0.00037996080160913333,0.0029277728704544463,0.0030871982566572026,0.4519284834435074,0.019492583246176823,0.05410889825578087,0.05556256164592488,0.9738373583383799
E-lr1,true,extratropics,20,zos,0.002107171820373124,0.0009767932533944557,0.482453359497918,0.4854934140287264,0.04590394122919212,0.031253691836236816,0.6945886260931128,0.6967735744334212,0.9968641917252887
E-lr1,true,extratropics,25,so,0.0016295046453874418,0.006172815685843345,1203.7923860443457,1203.8151419364283,0.0403671233231629,0.07856726854004373,34.69571134944989,34.69603928312897,0.9999905483828744
E-lr1,true,extratropics,25,sst,0.0018745640438576395,0.25385840718794345,263.8690546209162,264.69304988360165,0.04329623590865191,0.5038436336681684,16.24404674398951,16.26938996654766,0.9984422757945898
E-lr1,true,extratropics,25,thetao,0.001388803211616746,0.07157829837164205,91.76198734946792,91.897203308665,0.037266650126040926,0.2675412087354807,9.579247744445693,9.58630290094492,0.9992640378076796
E-lr1,true,extratropics,25,ts,0.0015091539285020938,,,,0.0388478304220724,,,,
E-lr1,true,extratropics,25,uo,0.16231320493402535,0.0003881949956541135,0.0035136868612946305,0.003646291957531004,0.4028811300297215,0.019702664684100816,0.059276360054364256,0.060384534092191224,0.9816480485527126
E-lr1,true,extratropics,25,vo,0.2403054325101161,0.0004500155716637677,0.0029160217806502194,0.0030822245559924397,0.4902095801900613,0.021213570460056168,0.05400020167231063,0.055517785942816915,0.9726648992798561
E-lr1,true,extratropics,25,zos,0.002362696312819417,0.0010952433027947475,0.48273285440724306,0.48579827914334306,0.04860757464448743,0.033094460303723754,0.6947897915249209,0.6969923092426078,0.996839968406423
E-lr1,true,extratropics,30,so,0.0019085427261282585,0.007176986127461645,1203.7876881868644,1203.8158307478568,0.04368687132455537,0.0847170946589981,34.69564364854563,34.69604920949728,0.9999883110336509
E-lr1,true,extratropics,30,sst,0.0021627061562894375,0.29287937283515925,263.80723818384035,264.72332362936,0.04650490464767601,0.541183307979061,16.24214389124294,16.27032032964809,0.9982682308747292
E-lr1,true,extratropics,30,thetao,0.001683165318390118,0.08461627166571872,91.73779160864694,91.8930253497211,0.041026397823719765,0.290888761669678,9.57798473629223,9.58608498552569,0.9991549992258892
E-lr1,true,extratropics,30,ts,0.0017958540222591881,,,,0.042377517886954964,,,,
E-lr1,true,extratropics,30,uo,0.18346596600122428,0.0004527337848014199,0.003513392954228124,0.003653029506141431,0.4283292728745308,0.02127754179414107,0.059273880877061896,0.06044029703882527,0.9807013496142466
E-lr1,true,extratropics,30,vo,0.2735532109468684,0.0005244747666726146,0.002908512342294659,0.003089732657977778,0.5230231457085512,0.022901414075829785,0.0539306252726098,0.055585363702846974,0.9702306808842123
E-lr1,true,extratropics,30,zos,0.0026500700382665757,0.0012284572673678788,0.4818956367295198,0.486308480151976,0.05147883097222174,0.03504935473539961,0.6941870329597923,0.6973582150888996,0.9954525779427392
E-lr1,true,global,0,so,0.0,0.0,1210.2027203703358,1210.2027203703358,0.0,0.0,34.787968040262655,34.787968040262655,1.0
E-lr1,true,global,0,sst,0.0,0.0,447.4121497568458,447.4121497568458,0.0,0.0,21.15211927341669,21.15211927341669,1.0
E-lr1,true,global,0,thetao,0.0,0.0,142.8450749442232,142.8450749442232,0.0,0.0,11.951781245664732,11.951781245664732,1.0
E-lr1,true,global,0,ts,0.0,,,,0.0,,,,
E-lr1,true,global,0,uo,0.0,0.0,0.006036315295715531,0.006036315295715531,0.0,0.0,0.07769372751847817,0.07769372751847817,1.0
E-lr1,true,global,0,vo,0.0,0.0,0.003028792257069194,0.003028792257069194,0.0,0.0,0.05503446426621408,0.05503446426621408,1.0
E-lr1,true,global,0,zos,0.0,0.0,0.3823900824845439,0.3823900824845439,0.0,0.0,0.6183769744132974,0.6183769744132974,1.0
E-lr1,true,global,5,so,0.0004488590740463073,0.001663188841623435,1210.210484652238,1210.2049461904198,0.02118629448597152,0.04078221231889505,34.788079634441424,34.788000031482404,1.000002288230394
E-lr1,true,global,5,sst,0.0005420371513775586,0.07340410099637625,446.47430450747714,447.5149160057607,0.02328169133412688,0.2709319121040861,21.129938582671677,21.154548352677274,0.9988366676709275
E-lr1,true,global,5,thetao,0.00028921609061919045,0.020412096540958463,142.9041842155652,142.85127031421823,0.017006354418839756,0.1428709086586855,11.954253812579237,11.95204042472323,1.0001851891206317
E-lr1,true,global,5,ts,0.0003690375823327489,,,,0.019210350916439526,,,,
E-lr1,true,global,5,uo,0.040017892204518124,0.00022575048732964058,0.005803782739968453,0.006021049417328951,0.20004472551036712,0.015024995418622948,0.07618256191523394,0.07759542136833172,0.9817919739569273
E-lr1,true,global,5,vo,0.054117813512310535,0.0001841247319172264,0.0028802020657410503,0.0030267310920001978,0.23263235697621804,0.013569256866801011,0.053667514063360997,0.05501573494919611,0.9754939039334817
E-lr1,true,global,5,zos,0.0008838565648542293,0.00040971747901746467,0.38138436247604063,0.3824243370932762,0.02972972527377657,0.02024147917068969,0.6175632457295694,0.6184046709827443,0.99863936142035
E-lr1,true,global,10,so,0.0007591309932117121,0.0030909672274122037,1210.2221742637103,1210.2051304315771,0.027552331901523546,0.0555964677602112,34.78824764577414,34.78800267953849,1.000007041687271
E-lr1,true,global,10,sst,0.0008154485081886403,0.11043018832652252,446.1774772875237,447.5531859735046,0.028556059045124562,0.332310379504647,21.12291356057501,21.15545286618806,0.9984618951048287
E-lr1,true,global,10,thetao,0.0004984780468417316,0.03249228132932024,142.94433073714526,142.85481616379704,0.022326621930819083,0.18025615476127366,11.955932867708201,11.9521887603818,1.0003132570445015
E-lr1,true,global,10,ts,0.0006288045200267218,,,,0.025075974956653667,,,,
E-lr1,true,global,10,uo,0.07356511874858172,0.00035073887106345104,0.005742142686998547,0.006058213364304922,0.2712289047070421,0.01872802368279822,0.07577692714143631,0.07783452552887389,0.9735644513349763
E-lr1,true,global,10,vo,0.0986378032046705,0.00027988505033100576,0.002840242299215252,0.0030354276251364294,0.31406655855832616,0.016729765399759965,0.05329392366128856,0.05509471503816341,0.9673146258107067
E-lr1,true,global,10,zos,0.0010875075422885404,0.0005041212210962718,0.3815581061021246,0.3825429512394799,0.032977379251367754,0.02245264396671964,0.6177038984028874,0.6185005668869511,0.9987119357253406
E-lr1,true,global,15,so,0.0011093598980070575,0.004434517450058894,1210.2274966850869,1210.2040153150544,0.03330705477833574,0.06659217258851743,34.78832414309558,34.787986652220255,1.0000097013626772
E-lr1,true,global,15,sst,0.0011363949455000485,0.15389360133746655,445.7354085902975,447.6225280761719,0.03371045750950361,0.3922927495346639,21.11244676938932,21.157091673388663,0.9978898373798938
E-lr1,true,global,15,thetao,0.0007776608818376978,0.04796962146041104,142.97702096374215,142.8625363302485,0.027886571711805985,0.21901968281506354,11.957299902726458,11.95251171638198,1.0004006008492687
E-lr1,true,global,15,ts,0.0009435103899223777,,,,0.030716614232730432,,,,
E-lr1,true,global,15,uo,0.10107453437576513,0.0004510048402771827,0.005726282541834049,0.00607172364122181,0.3179222143477318,0.021236874541165015,0.07567220455249106,0.07792126565464533,0.9711367483156353
E-lr1,true,global,15,vo,0.1360929180025769,0.0003603114250200263,0.0028184173710583487,0.003021085084922215,0.36890773643633024,0.018981870956784695,0.05308876878454,0.05496439834040044,0.9658755555870098
E-lr1,true,global,15,zos,0.0013628880754394889,0.0006317756652615131,0.38112569517559475,0.38176642012114476,0.03691731403338397,0.025135148005562113,0.6173537844506947,0.6178724950352983,0.9991604892776883
E-lr1,true,global,20,so,0.001406397444641313,0.005600652295108749,1210.232560818402,1210.202575716042,0.03750196587702187,0.0748375059385917,34.78839692797588,34.78796596117746,1.000012388387378
E-lr1,true,global,20,sst,0.001392990301334898,0.1886424213045775,445.46457525696417,447.5783386230469,0.037322785283723105,0.43432985311232924,21.106031726901296,21.156047329854573,0.9976358720429456
E-lr1,true,global,20,thetao,0.0010370991709415904,0.06162493540996035,143.02518127716485,142.8654907852846,0.03220402414204769,0.24824370165214735,11.959313578845771,11.95263530713142,1.0005587279744381
E-lr1,true,global,20,ts,0.0012217483077914515,,,,0.03495351638664487,,,,
E-lr1,true,global,20,uo,0.12450032410692619,0.0005435728005325508,0.005710640739202825,0.006062034398403562,0.3528460345631309,0.02331464776771356,0.07556878151196315,0.07785906754131829,0.9705842093711214
E-lr1,true,global,20,vo,0.16998009283465942,0.0004464991637485871,0.0028058141232993167,0.0030253581323639433,0.4122864208710486,0.02113052682136882,0.05296993603261492,0.055003255652406095,0.963032740595561
E-lr1,true,global,20,zos,0.001565949348121305,0.0007259060435862071,0.3814455180457144,0.3817692986040404,0.03957207788480793,0.026942643589414294,0.6176127573534361,0.6178748243811528,0.9995758574109583
E-lr1,true,global,25,so,0.0017072569199398523,0.006665648787091313,1210.2357286111526,1210.2032899020012,0.04131896562040067,0.0816434246408816,34.78844245739025,34.78797622601811,1.0000134020837865
E-lr1,true,global,25,sst,0.0016274378232826727,0.220391922075339,445.10989441534485,447.44390838314786,0.04034151488581797,0.46945918041437745,21.09762769638674,21.152869979819474,0.9973884260866049
E-lr1,true,global,25,thetao,0.0013105902594804921,0.07533186657118959,143.0552327254271,142.86061202031462,0.03620207534769923,0.2744665126589938,11.960569916413979,11.952431217970451,1.0006809240977927
E-lr1,true,global,25,ts,0.0015089235897101723,,,,0.038844865680166436,,,,
E-lr1,true,global,25,uo,0.14461563640669706,0.0006248783912051193,0.005704156841781379,0.006050301252170681,0.3802836262668918,0.024997567705781282,0.07552586869266303,0.07778368242871175,0.9709731698789397
E-lr1,true,global,25,vo,0.1991760653148047,0.0005203465947955195,0.002790287784127559,0.0030246617876605224,0.44629145781070545,0.022811106829689773,0.052823174688081356,0.054996925256422496,0.9604750527742041
E-lr1,true,global,25,zos,0.0017586236400999617,0.0008152214665614465,0.38197806597960116,0.3820452109129742,0.04193594687258131,0.02855208340141655,0.6180437411539746,0.6180980593020611,0.9999121205005113
E-lr1,true,global,30,so,0.001989467999351544,0.00769200969663272,1210.2414523524722,1210.2057858213093,0.04460345277387777,0.08770410307752266,34.78852472227692,34.78801209930383,1.0000147356213291
E-lr1,true,global,30,sst,0.0018693219465814555,0.25314850849334636,444.8893682306463,447.40683569089333,0.04323565596335339,0.5031386573235517,21.09240072231339,21.151993657593916,0.9971826326990633
E-lr1,true,global,30,thetao,0.0015793205434291992,0.08844961875805436,143.0944794252866,142.8516729706198,0.039740666117079604,0.297404806212096,11.962210474042271,11.952057269383367,1.0008494943113193
E-lr1,true,global,30,ts,0.0017843942713903717,,,,0.042242091228895995,,,,
E-lr1,true,global,30,uo,0.16317696517243274,0.0007079308525927922,0.005699547638336381,0.00603941450658323,0.40395168668100984,0.026606970000223478,0.07549534845496364,0.07771367001102979,0.9714551950029988
E-lr1,true,global,30,vo,0.22670141901426777,0.0005982741709210571,0.0027825581053007344,0.0030287501390764563,0.47613172443586216,0.024459643720239614,0.052749958344066344,0.05503408161381869,0.9584962044832449
E-lr1,true,global,30,zos,0.00198655263779473,0.0009208794429220485,0.38183832981369714,0.38252979486879674,0.044570759896985494,0.030345995500593626,0.6179306836641931,0.6184899310973435,0.9990957857112432
E-lr1,true,tropics,0,so,0.0,0.0,1221.1740320297963,1221.1740320297963,0.0,0.0,34.94530057146163,34.94530057146163,1.0
E-lr1,true,tropics,0,sst,0.0,0.0,764.1281806098091,764.1281806098091,0.0,0.0,27.642868530776777,27.642868530776777,1.0
E-lr1,true,tropics,0,thetao,0.0,0.0,230.62646323308667,230.62646323308667,0.0,0.0,15.186390724365243,15.186390724365243,1.0
E-lr1,true,tropics,0,ts,0.0,,,,0.0,,,,
E-lr1,true,tropics,0,uo,0.0,0.0,0.01017016792576906,0.01017016792576906,0.0,0.0,0.10084725046211751,0.10084725046211751,1.0
E-lr1,true,tropics,0,vo,0.0,0.0,0.002943038601592826,0.002943038601592826,0.0,0.0,0.05424977973773558,0.05424977973773558,1.0
E-lr1,true,tropics,0,zos,0.0,0.0,0.20247419479519427,0.20247419479519427,0.0,0.0,0.4499713266367028,0.4499713266367028,1.0
E-lr1,true,tropics,5,so,0.0004686393024585177,0.0019299244410655254,1221.1875957223344,1221.1754554695806,0.021648078493448734,0.043930905306691845,34.94549464126004,34.94532093813964,1.0000049707118361
E-lr1,true,tropics,5,sst,0.00041730724442086664,0.056512848107200635,762.3224296184501,764.1688966076783,0.020428099383468512,0.23772431114044823,27.610187062358886,27.643604985740886,0.998791115579924
E-lr1,true,tropics,5,thetao,0.00029390284919229013,0.023578943354906783,230.80912005011615,230.626773843594,0.017143594990324817,0.1535543661212757,15.192403366489325,15.18640095096906,1.0003952493773636
E-lr1,true,tropics,5,ts,0.00038127107582540393,,,,0.019526163878893468,,,,
E-lr1,true,tropics,5,uo,0.03906703642819514,0.00038101187334345875,0.009715494776926039,0.010132723456349605,0.19765382978377913,0.019519525438479766,0.09856720944069604,0.10066142983461741,0.9791954038665843
E-lr1,true,tropics,5,vo,0.05040373576850542,0.00026945161696197514,0.002718398097482123,0.0029323185698539238,0.2245077632700157,0.016414981479184652,0.05213825944047349,0.05415088706433094,0.9628329703728314
E-lr1,true,tropics,5,zos,0.00024815187821832017,0.00011503242318999567,0.2037030086673871,0.20231088153039561,0.01575283714821937,0.010725316927251878,0.45133469694605477,0.4497898192827352,1.0034346656973765
E-lr1,true,tropics,10,so,0.0008291034102433925,0.003652381705587645,1221.228123779946,1221.173619028484,0.02879415583488067,0.060434937789226234,34.946074511738026,34.945294662207154,1.0000223162957533
E-lr1,true,tropics,10,sst,0.0006332134638649112,0.0857514372528201,761.5280952838937,764.1982039634628,0.025163733106693672,0.292833463341914,27.59579850781444,27.644135073528034,0.9982514712221949
E-lr1,true,tropics,10,thetao,0.00048272242482064144,0.037161278592641754,230.95838574354363,230.62331886524305,0.021970945014282872,0.19277260851231368,15.197315083380474,15.186287198168058,1.000726173887568
E-lr1,true,tropics,10,ts,0.0006559129175320171,,,,0.02561079689373248,,,,
E-lr1,true,tropics,10,uo,0.06542572472640594,0.0006130430935928413,0.00958934234546156,0.010229659401123631,0.25578452792615497,0.02475970705789633,0.09792518749260355,0.10114177871247683,0.9681972053406603
E-lr1,true,tropics,10,vo,0.0760003284822034,0.0003882276343706445,0.0026606216850946027,0.002950692858166014,0.27568157080625355,0.019703492948476026,0.051581214459283556,0.05432028035794747,0.9495756303057599
E-lr1,true,tropics,10,zos,0.00036672932522676565,0.00016999977283325252,0.20441609304962732,0.2024477909911762,0.019150178203525044,0.013038396098955289,0.4521239797330234,0.4499419862506457,1.004849499600071
E-lr1,true,tropics,15,so,0.0012218427234433455,0.005188503051220756,1221.2521141981076,1221.1713305832793,0.034954866949301146,0.07203126440109708,34.94641775916536,34.945261918939444,1.0000330757350908
E-lr1,true,tropics,15,sst,0.0008575655190706374,0.1161337847059423,760.5012176205413,764.2779658153804,0.02928421962543372,0.34078407343351935,27.57718654287528,27.64557769002812,0.9975261451245596
E-lr1,true,tropics,15,thetao,0.0007311824711699884,0.05366089344076774,231.0922180851033,230.6309176207124,0.027040385928643627,0.23164821052787726,15.201717603123118,15.186537380874958,1.0009995841624357
E-lr1,true,tropics,15,ts,0.0009765125973066669,,,,0.03124920154670623,,,,
E-lr1,true,tropics,15,uo,0.08628820077056167,0.0007760936223759615,0.009559419712072427,0.010281492802433246,0.2937485332228259,0.02785845692740288,0.0977722849895226,0.10139769623829353,0.9642456250657718
E-lr1,true,tropics,15,vo,0.09624650815758277,0.00047192355418808335,0.0026323619167804664,0.0029324916814102296,0.3102362134851165,0.021723801559305485,0.05130654847853699,0.05415248545921258,0.947445865936862
E-lr1,true,tropics,15,zos,0.0004988100039866253,0.0002312266335156596,0.2053593735803257,0.20190843036680506,0.022334054803967534,0.015206138021064375,0.45316594485941425,0.44934221965758464,1.0085096058962442
E-lr1,true,tropics,20,so,0.0015409088329242503,0.006422958184589547,1221.2830743703482,1221.1699123352148,0.039254411636454954,0.08014336020276132,34.94686072267935,34.94524162651068,1.0000463323786961
E-lr1,true,tropics,20,sst,0.001045705646516306,0.14161221765809584,759.9018955423375,764.3511999881629,0.032337372288364835,0.37631398812440636,27.566318135404618,27.6469021770643,0.9970852415527938
E-lr1,true,tropics,20,thetao,0.000957512503635521,0.0680750119185836,231.2682071738907,230.64490313107183,0.030943698932666745,0.2609118853532426,15.207504962152427,15.186997831404067,1.001350308400384
E-lr1,true,tropics,20,ts,0.0012492106682798856,,,,0.03534417446029665,,,,
E-lr1,true,tropics,20,uo,0.1035515157409816,0.0009112484407879516,0.009521837968974819,0.010244555810134651,0.321794213342909,0.030186891870279585,0.09757990555936616,0.1012153931481504,0.9640816729974766
E-lr1,true,tropics,20,vo,0.11711293919500136,0.0005642236246217265,0.0026118652796842,0.0029367464090602246,0.3422176780866257,0.023753391855095694,0.051106411336389095,0.05419175591416304,0.9430661633725068
E-lr1,true,tropics,20,zos,0.0006279810220049637,0.00029110470245765556,0.2063933910444529,0.20200970227068119,0.0250595495171993,0.017061790716617512,0.4543053940296691,0.4494548945897477,1.0107919604354265
E-lr1,true,tropics,25,so,0.0018478339002713237,0.007517331624670012,1221.3016428159058,1221.1721649575525,0.04298643856231083,0.08670254681766858,34.94712638853023,34.94527385724073,1.00005301235575
E-lr1,true,tropics,25,sst,0.0011991546236476678,0.1623926825746141,759.2104202424637,764.1613788026752,0.03462881204499611,0.4029797545468185,27.55377324873063,27.6434690081161,0.996755263988064
E-lr1,true,tropics,25,thetao,0.001188520603176327,0.08185442819450171,231.40109414858983,230.64014333887937,0.03447492716709242,0.2861021289583524,15.21187345952463,15.18684112443662,1.0016482911016782
E-lr1,true,tropics,25,ts,0.0015181772517238253,,,,0.03896379411355913,,,,
E-lr1,true,tropics,25,uo,0.11926399159172406,0.0010362938469495897,0.009498074260974626,0.010214627334406852,0.3453461909326988,0.03219151824548804,0.0974580641146469,0.10106743953621686,0.9642874556025874
E-lr1,true,tropics,25,vo,0.135460495296222,0.0006452336240938235,0.0025897606369820084,0.002943455925030582,0.3680495826600297,0.025401449251840406,0.05088969087135437,0.054253625915975254,0.9379961249072875
E-lr1,true,tropics,25,zos,0.0007117324352329778,0.00032992821849401813,0.20736449008638205,0.20223544221935846,0.02667831395034135,0.018163926296206393,0.45537291321111983,0.44970595083827664,1.012601484063708
E-lr1,true,tropics,30,so,0.0021364216984657725,0.008581884170422415,1221.3255406916617,1221.1777864219914,0.0462214419773526,0.09263845945622377,34.94746830160465,34.94535428954744,1.0000604947953795
E-lr1,true,tropics,30,sst,0.0013608710741567262,0.18429275007560997,758.7148419004498,764.0076028843118,0.03688998609591397,0.429293314734355,27.544778850091532,27.640687453178725,0.9965301657836965
E-lr1,true,tropics,30,thetao,0.001415990529498626,0.09512382487120269,231.5493015807486,230.622964074716,0.0376296496063759,0.30842150520221945,15.216744118922044,15.186275516884185,1.0020063248558861
E-lr1,true,tropics,30,ts,0.001776206113982199,,,,0.04214506037464176,,,,
E-lr1,true,tropics,30,uo,0.13388816796437275,0.0011517335135520983,0.009485995538001845,0.010173216723607506,0.3659073215506527,0.03393719955376546,0.09739607557803263,0.10086236524892477,0.9656334683175687
E-lr1,true,tropics,30,vo,0.15394484852022275,0.0007297015584085073,0.0025815982943587753,0.0029416438090203428,0.392358061622573,0.027012988698189383,0.0508094311556307,0.05423692293097335,0.9368051948724161
E-lr1,true,tropics,30,zos,0.0008366404693911828,0.00038783015087100604,0.20843352542983157,0.20267562959531338,0.028924738017675852,0.019693403740110697,0.4565452063375888,0.45019510170071086,1.0141052281841563
E-lr1,true_persistence,extratropics,0,so,0.0,0.0,1203.8131713542705,1203.8131713542705,0.0,0.0,34.69601088532038,34.69601088532038,1.0
E-lr1,true_persistence,extratropics,0,sst,0.0,0.0,264.66212894940617,264.66212894940617,0.0,0.0,16.268439659334454,16.268439659334454,1.0
E-lr1,true_persistence,extratropics,0,thetao,0.0,0.0,91.88061453580991,91.88061453580991,0.0,0.0,9.585437628810169,9.585437628810169,1.0
E-lr1,true_persistence,extratropics,0,ts,0.0,,,,0.0,,,,
E-lr1,true_persistence,extratropics,0,uo,0.0,0.0,0.0036498695552275684,0.0036498695552275684,0.0,0.0,0.06041415028970919,0.06041415028970919,1.0
E-lr1,true_persistence,extratropics,0,vo,0.0,0.0,0.0030889873151848375,0.0030889873151848375,0.0,0.0,0.05557865881059777,0.05557865881059777,1.0
E-lr1,true_persistence,extratropics,0,zos,0.0,0.0,0.48620438304814423,0.48620438304814423,0.0,0.0,0.697283574342709,0.697283574342709,1.0
E-lr1,true_persistence,extratropics,5,so,0.00021507349863930357,0.001063463601209703,1203.8131713542705,1203.8158635205882,0.01466538436725419,0.03261078964406877,34.69601088532038,34.69604968178061,0.9999988818190952
E-lr1,true_persistence,extratropics,5,sst,0.0008073392423513657,0.10933200981129296,264.66212894940617,264.80069678720804,0.028413715743481453,0.3306539124391135,16.268439659334454,16.272697895161947,0.9997383202309214
E-lr1,true_persistence,extratropics,5,thetao,0.00026479084149497764,0.016691998540437993,91.88061453580991,91.89021460419285,0.016272395075555952,0.1291975175475055,9.585437628810169,9.585938378906514,0.9999477620159288
E-lr1,true_persistence,extratropics,5,ts,0.0002399321700671406,,,,0.015489744028457687,,,,
E-lr1,true_persistence,extratropics,5,uo,0.10305036636191212,0.00030088291140941586,0.0036498695552275684,0.0036474312009881155,0.32101458901724716,0.017345976807589012,0.06041415028970919,0.06039396659425605,1.0003342005268299
E-lr1,true_persistence,extratropics,5,vo,0.1726736904877985,0.0003879782773062463,0.0030889873151848375,0.003091959232748583,0.41554023931239015,0.01969716419452928,0.05557865881059777,0.05560538852259359,0.99951929637206
E-lr1,true_persistence,extratropics,5,zos,0.0019571017568008587,0.0009072272970124272,0.48620438304814423,0.4863526396679156,0.044239142812681834,0.030120214093070904,0.697283574342709,0.6973898763732634,0.9998475715892132
E-lr1,true_persistence,extratropics,10,so,0.0005731591550500728,0.002715767923489661,1203.8131713542705,1203.8172161582934,0.023940742575159876,0.052113030265852525,34.69601088532038,34.69606917445106,0.9999983200076532
E-lr1,true_persistence,extratropics,10,sst,0.0023422749110995596,0.31719704800181914,264.66212894940617,264.84413516882694,0.04839705477712006,0.5632024928938251,16.268439659334454,16.274032541715865,0.9996563308837515
E-lr1,true_persistence,extratropics,10,thetao,0.0008113384913699199,0.051257212277613234,91.88061453580991,91.89780742649144,0.028484004131616045,0.22640055714952037,9.585437628810169,9.58633441032032,0.9999064520940156
E-lr1,true_persistence,extratropics,10,ts,0.0006922488232099964,,,,0.026310621870453698,,,,
E-lr1,true_persistence,extratropics,10,uo,0.22988193368876886,0.0005985889084256353,0.0036498695552275684,0.003650042322148721,0.4794600438918439,0.024466076686416958,0.06041415028970919,0.060415580127552534,0.9999763332928306
E-lr1,true_persistence,extratropics,10,vo,0.4013627334945954,0.000864865956650017,0.0030889873151848375,0.0030950805369513337,0.6335319514393851,0.029408603446100887,0.05557865881059777,0.05563344800523633,0.9990151752838796
E-lr1,true_persistence,extratropics,10,zos,0.0032660167668992625,0.0015139833922883132,0.48620438304814423,0.4864606968682222,0.05714907494351298,0.038909939505071364,0.697283574342709,0.697467344660825,0.9997365176742355
E-lr1,true_persistence,extratropics,15,so,0.0009711166603563443,0.004564984819615933,1203.8131713542705,1203.8167773930713,0.03116274475004319,0.0675646713868715,34.69601088532038,34.696062851468774,0.9999985022465341
E-lr1,true_persistence,extratropics,15,sst,0.0043820915120474585,0.5934343891914444,264.66212894940617,264.9074671581538,0.06619736786343894,0.7703469278133356,16.268439659334454,16.275978224308172,0.9995368287626203
E-lr1,true_persistence,extratropics,15,thetao,0.0014712980778361093,0.09619160240657047,91.88061453580991,91.90559417755247,0.03835750354019549,0.3101477106260346,9.585437628810169,9.586740539805616,0.9998640923898965
E-lr1,true_persistence,extratropics,15,ts,0.0012212073690962269,,,,0.034945777557470754,,,,
E-lr1,true_persistence,extratropics,15,uo,0.3280400138492916,0.000872582922568604,0.0036498695552275684,0.003641342693249186,0.5727477750714459,0.029539514596022123,0.06041415028970919,0.06034353895198048,1.0011701557276065
E-lr1,true_persistence,extratropics,15,vo,0.590082766637721,0.0013130715215131767,0.0030889873151848375,0.003082921659519059,0.7681684493896641,0.036236328753243986,0.05557865881059777,0.055524063787866416,1.0009832677762913
E-lr1,true_persistence,extratropics,15,zos,0.004260685682917593,0.001975068659051221,0.48620438304814423,0.48554731107721427,0.06527392804878218,0.044441744554542646,0.697283574342709,0.6968122495171954,1.000676401463723
E-lr1,true_persistence,extratropics,20,so,0.001385554945595646,0.006547702539251642,1203.8131713542705,1203.815321375245,0.03722304320707331,0.08091787527642852,34.69601088532038,34.69604186899775,0.9999991069967725
E-lr1,true_persistence,extratropics,20,sst,0.006858784112740592,0.9288346364040567,264.66212894940617,264.7955252907493,0.08281777655033122,0.9637606738210772,16.268439659334454,16.272538993370066,0.9997480827031797
E-lr1,true_persistence,extratropics,20,thetao,0.002193970090327154,0.149558835399546,91.88061453580991,91.90216510698583,0.04683983443957882,0.386728374184706,9.585437628810169,9.5865616936932,0.9998827457727862
E-lr1,true_persistence,extratropics,20,ts,0.0017897625179614,,,,0.04230558494999685,,,,
E-lr1,true_persistence,extratropics,20,uo,0.4049771989060487,0.0011233581713336104,0.0036498695552275684,0.0036474580241133764,0.636378188584468,0.03351653578957125,0.06041415028970919,0.06039418866176924,1.0003305223297516
E-lr1,true_persistence,extratropics,20,vo,0.7449529418154387,0.0017199722687259772,0.0030889873151848375,0.0030871982566572026,0.8631065645767263,0.04147254837511166,0.05557865881059777,0.05556256164592488,1.0002897124285859
E-lr1,true_persistence,extratropics,20,zos,0.00518992470549132,0.002405823483555107,0.48620438304814423,0.4854934140287264,0.07204113203921299,0.04904919452503891,0.697283574342709,0.6967735744334212,1.0007319449646215
E-lr1,true_persistence,extratropics,25,so,0.0018162883295611812,0.008681839657118042,1203.8131713542705,1203.8151419364283,0.042617934365254975,0.09317639001977938,34.69601088532038,34.69603928312897,0.9999991815259271
E-lr1,true_persistence,extratropics,25,sst,0.009848433455000723,1.3337008396182397,264.66212894940617,264.69304988360165,0.0992392737528884,1.1548596623045762,16.268439659334454,16.26938996654766,0.9999415892534902
E-lr1,true_persistence,extratropics,25,thetao,0.002968578738945127,0.21183950854555933,91.88061453580991,91.897203308665,0.0544846651723687,0.4602602617493274,9.585437628810169,9.58630290094492,0.9999097387028459
E-lr1,true_persistence,extratropics,25,ts,0.002392433534253154,,,,0.048912508975242255,,,,
E-lr1,true_persistence,extratropics,25,uo,0.47011690479463114,0.0013324495173048197,0.0036498695552275684,0.003646291957531004,0.685650716323283,0.03650273301144477,0.06041415028970919,0.060384534092191224,1.0004904599822324
E-lr1,true_persistence,extratropics,25,vo,0.8747568378291316,0.002053506131984825,0.0030889873151848375,0.0030822245559924397,0.9352843620146397,0.04531562790014969,0.05557865881059777,0.055517785942816915,1.001096457049702
E-lr1,true_persistence,extratropics,25,zos,0.0059416582055314094,0.0027542944451925213,0.48620438304814423,0.48579827914334306,0.07708215231512032,0.05248137236384469,0.697283574342709,0.6969923092426078,1.0004178885422965
E-lr1,true_persistence,extratropics,30,so,0.002262526433633239,0.010976231063342197,1203.8131713542705,1203.8158307478568,0.04756602183947318,0.10476750957879163,34.69601088532038,34.69604920949728,0.9999988954311003
E-lr1,true_persistence,extratropics,30,sst,0.013398058270339361,1.814400391747253,264.66212894940617,264.72332362936,0.11574998172932625,1.3469968046536906,16.268439659334454,16.27032032964809,0.9998844109842012
E-lr1,true_persistence,extratropics,30,thetao,0.003786226625019266,0.28273173756461745,91.88061453580991,91.8930253497211,0.06153232179122828,0.5317252463111164,9.585437628810169,9.58608498552569,0.9999324691241003
E-lr1,true_persistence,extratropics,30,ts,0.0030243765293262526,,,,0.05499433179270617,,,,
E-lr1,true_persistence,extratropics,30,uo,0.5259542041782495,0.0015251508594913352,0.0036498695552275684,0.003653029506141431,0.7252270018264967,0.039053179889624035,0.06041415028970919,0.06044029703882527,0.9995673954233003
E-lr1,true_persistence,extratropics,30,vo,0.9857706370219343,0.0023375054422675352,0.0030889873151848375,0.003089732657977778,0.9928598274791535,0.048347755297092496,0.05557865881059777,0.055585363702846974,0.9998793766595637
E-lr1,true_persistence,extratropics,30,zos,0.006787142434129156,0.0031462241895496303,0.48620438304814423,0.486308480151976,0.08238411518083541,0.056091213122463575,0.697283574342709,0.6973582150888996,0.9998929664201618
E-lr1,true_persistence,global,0,so,0.0,0.0,1210.2027203703358,1210.2027203703358,0.0,0.0,34.787968040262655,34.787968040262655,1.0
E-lr1,true_persistence,global,0,sst,0.0,0.0,447.4121497568458,447.4121497568458,0.0,0.0,21.15211927341669,21.15211927341669,1.0
E-lr1,true_persistence,global,0,thetao,0.0,0.0,142.8450749442232,142.8450749442232,0.0,0.0,11.951781245664732,11.951781245664732,1.0
E-lr1,true_persistence,global,0,ts,0.0,,,,0.0,,,,
E-lr1,true_persistence,global,0,uo,0.0,0.0,0.006036315295715531,0.006036315295715531,0.0,0.0,0.07769372751847817,0.07769372751847817,1.0
E-lr1,true_persistence,global,0,vo,0.0,0.0,0.003028792257069194,0.003028792257069194,0.0,0.0,0.05503446426621408,0.05503446426621408,1.0
E-lr1,true_persistence,global,0,zos,0.0,0.0,0.3823900824845439,0.3823900824845439,0.0,0.0,0.6183769744132974,0.6183769744132974,1.0
E-lr1,true_persistence,global,5,so,0.00026079973105410954,0.0013443306172242668,1210.2027203703358,1210.2049461904198,0.016149295063689607,0.036665114444445236,34.787968040262655,34.788000031482404,0.9999990803949718
E-lr1,true_persistence,global,5,sst,0.0006431060163491869,0.08709111316788072,447.4121497568458,447.5149160057607,0.025359535018394698,0.2951120349424617,21.15211927341669,21.154548352677274,0.9998851746102027
E-lr1,true_persistence,global,5,thetao,0.00026271944906731335,0.018562604494568848,142.8450749442232,142.85127031421823,0.01620862267644334,0.13624464941629394,11.951781245664732,11.95204042472323,0.9999783150784898
E-lr1,true_persistence,global,5,ts,0.00026175959006071147,,,,0.01617898606404961,,,,
E-lr1,true_persistence,global,5,uo,0.11666498003267084,0.0005992556951749948,0.006036315295715531,0.006021049417328951,0.34156255654370377,0.024479699654509544,0.07769372751847817,0.07759542136833172,1.0012669065830546
E-lr1,true_persistence,global,5,vo,0.2227798873387328,0.0007256999777334883,0.003028792257069194,0.0030267310920001978,0.4719956433471953,0.02693881915996854,0.05503446426621408,0.05501573494919611,1.0003404356414627
E-lr1,true_persistence,global,5,zos,0.0014111399015580607,0.0006541431122435454,0.3823900824845439,0.3824243370932762,0.03756514210751852,0.02557622161781418,0.6183769744132974,0.6184046709827443,0.9999552128715281
E-lr1,true_persistence,global,10,so,0.0006850335994933387,0.003388996244551559,1210.2027203703358,1210.2051304315771,0.026173146534059267,0.05821508605637854,34.787968040262655,34.78800267953849,0.9999990042752339
E-lr1,true_persistence,global,10,sst,0.0018451112302518302,0.24986982985277364,447.4121497568458,447.5531859735046,0.04295475794660971,0.4998698129040937,21.15211927341669,21.15545286618806,0.999842423946561
E-lr1,true_persistence,global,10,thetao,0.0007641235062714185,0.053360817821638616,142.8450749442232,142.85481616379704,0.02764278398192589,0.23099960567420588,11.951781245664732,11.9521887603818,0.9999659045949459
E-lr1,true_persistence,global,10,ts,0.0007245785528823785,,,,0.02691799682150175,,,,
E-lr1,true_persistence,global,10,uo,0.25632720988428,0.0012285356891456993,0.006036315295715531,0.006058213364304922,0.5062876750270344,0.03505047345109192,0.07769372751847817,0.07783452552887389,0.9981910596944091
E-lr1,true_persistence,global,10,vo,0.4864053281934131,0.0014803095352678333,0.003028792257069194,0.0030354276251364294,0.6974276508666781,0.03847479090609634,0.05503446426621408,0.05509471503816341,0.9989064146732114
E-lr1,true_persistence,global,10,zos,0.0024554079193903596,0.0011382203741995788,0.3823900824845439,0.3825429512394799,0.049552072806194086,0.03373752175545173,0.6183769744132974,0.6185005668869511,0.9998001740333469
E-lr1,true_persistence,global,15,so,0.0011351375934459122,0.005508414748301496,1210.2027203703358,1210.2040153150544,0.033691803060179375,0.07421869540959,34.787968040262655,34.787986652220255,0.9999994649889404
E-lr1,true_persistence,global,15,sst,0.00338926241436799,0.4589828567372428,447.4121497568458,447.6225280761719,0.05821737210118635,0.6774827353794655,21.15211927341669,21.157091673388663,0.9997649771505114
E-lr1,true_persistence,global,15,thetao,0.0013529863115311221,0.09586084930641868,142.8450749442232,142.8625363302485,0.03678296224519067,0.30961403279957883,11.951781245664732,11.95251171638198,0.9999388855886878
E-lr1,true_persistence,global,15,ts,0.0012440619524885172,,,,0.0352712624169949,,,,
E-lr1,true_persistence,global,15,uo,0.37157445433037134,0.001754605747566401,0.006036315295715531,0.00607172364122181,0.6095690726491718,0.0418880143664796,0.07769372751847817,0.07792126565464533,0.9970798968130775
E-lr1,true_persistence,global,15,vo,0.6761499506910071,0.001991036474759049,0.003028792257069194,0.003021085084922215,0.8222833761490057,0.04462103175363664,0.05503446426621408,0.05496439834040044,1.0012747510739535
E-lr1,true_persistence,global,15,zos,0.003300508627705608,0.0015299723241383627,0.3823900824845439,0.38176642012114476,0.057450053330746424,0.039114860656000845,0.6183769744132974,0.6178724950352983,1.0008164781278543
E-lr1,true_persistence,global,20,so,0.0015890675071507233,0.007681932246484785,1210.2027203703358,1210.202575716042,0.039863109602121145,0.08764663283027355,34.787968040262655,34.78796596117746,1.0000000597644942
E-lr1,true_persistence,global,20,sst,0.005234123540411869,0.708818817228982,447.4121497568458,447.5783386230469,0.07234724279757916,0.8419137825389141,21.15211927341669,21.156047329854573,0.9998143293793667
E-lr1,true_persistence,global,20,thetao,0.001976810163977099,0.14372190341920343,142.8450749442232,142.8654907852846,0.0444613333580663,0.37910671771837995,11.951781245664732,11.95263530713142,0.9999285461787512
E-lr1,true_persistence,global,20,ts,0.0017829388355639112,,,,0.04222486039721045,,,,
E-lr1,true_persistence,global,20,uo,0.4568817536606553,0.0021373851444860875,0.006036315295715531,0.006062034398403562,0.6759302875745806,0.046231862870601347,0.07769372751847817,0.07785906754131829,0.9978764191755524
E-lr1,true_persistence,global,20,vo,0.7910168369611105,0.0022878155546402056,0.003028792257069194,0.0030253581323639433,0.8893912732656591,0.04783111492156759,0.05503446426621408,0.055003255652406095,1.0005673957557204
E-lr1,true_persistence,global,20,zos,0.0040787027048115885,0.0018907092768002264,0.3823900824845439,0.3817692986040404,0.06386472191133058,0.0434822869315797,0.6183769744132974,0.6178748243811528,1.0008127051181404
E-lr1,true_persistence,global,25,so,0.00204613946713407,0.009936137912648527,1210.2027203703358,1210.2032899020012,0.045234273146963135,0.09968017813310993,34.787968040262655,34.78797622601811,0.999999764695842
E-lr1,true_persistence,global,25,sst,0.00743844932547267,1.0073344295073037,447.4121497568458,447.44390838314786,0.08624644529180707,1.003660515068369,21.15211927341669,21.152869979819474,0.9999645104232429
E-lr1,true_persistence,global,25,thetao,0.002622685182447668,0.19686893302494163,142.8450749442232,142.86061202031462,0.05121215854118696,0.4436991469734212,11.951781245664732,11.952431217970451,0.9999456200756259
E-lr1,true_persistence,global,25,ts,0.002334412324790869,,,,0.04831575648575596,,,,
E-lr1,true_persistence,global,25,uo,0.5264408969929851,0.002463418471626022,0.006036315295715531,0.006050301252170681,0.7255624693939077,0.04963283662683427,0.07769372751847817,0.07778368242871175,0.9988435246644947
E-lr1,true_persistence,global,25,vo,0.8666074942046819,0.0024772016035292687,0.003028792257069194,0.0030246617876605224,0.9309175549986592,0.04977149388484606,0.05503446426621408,0.054996925256422496,1.0006825656091964
E-lr1,true_persistence,global,25,zos,0.00471159857415561,0.0021840922823739757,0.3823900824845439,0.3820452109129742,0.06864108517612182,0.04673427310201771,0.6183769744132974,0.6180980593020611,1.0004512473498968
E-lr1,true_persistence,global,30,so,0.0025214673538412335,0.012371841970732054,1210.2027203703358,1210.2057858213093,0.05021421465921013,0.11122878211475686,34.787968040262655,34.78801209930383,0.9999987334993145
E-lr1,true_persistence,global,30,sst,0.010055743804615361,1.361775347379723,447.4121497568458,447.40683569089333,0.10027833168045508,1.1669513046308844,21.15211927341669,21.151993657593916,1.0000059387226004
E-lr1,true_persistence,global,30,thetao,0.003303478524578262,0.25680000187029495,142.8450749442232,142.8516729706198,0.057475895161173976,0.5067543802181634,11.951781245664732,11.952057269383367,0.9999769057566898
E-lr1,true_persistence,global,30,ts,0.002912472939209748,,,,0.05396733214834459,,,,
E-lr1,true_persistence,global,30,uo,0.5906110107740273,0.0028014332657423638,0.006036315295715531,0.00603941450658323,0.7685122060019784,0.052928567576899,0.07769372751847817,0.07771367001102979,0.9997433850113012
E-lr1,true_persistence,global,30,vo,0.942373560312769,0.0026864640597081295,0.003028792257069194,0.0030287501390764563,0.970759270011247,0.051831110924888825,0.05503446426621408,0.05503408161381869,1.0000069530077393
E-lr1,true_persistence,global,30,zos,0.005412730204900958,0.0025091064221347496,0.3823900824845439,0.38252979486879674,0.07357125936737088,0.050090981445113945,0.6183769744132974,0.6184899310973435,0.9998173669798541
E-lr1,true_persistence,tropics,0,so,0.0,0.0,1221.1740320297963,1221.1740320297963,0.0,0.0,34.94530057146163,34.94530057146163,1.0
E-lr1,true_persistence,tropics,0,sst,0.0,0.0,764.1281806098091,764.1281806098091,0.0,0.0,27.642868530776777,27.642868530776777,1.0
E-lr1,true_persistence,tropics,0,thetao,0.0,0.0,230.62646323308667,230.62646323308667,0.0,0.0,15.186390724365243,15.186390724365243,1.0
E-lr1,true_persistence,tropics,0,ts,0.0,,,,0.0,,,,
E-lr1,true_persistence,tropics,0,uo,0.0,0.0,0.01017016792576906,0.01017016792576906,0.0,0.0,0.10084725046211751,0.10084725046211751,1.0
E-lr1,true_persistence,tropics,0,vo,0.0,0.0,0.002943038601592826,0.002943038601592826,0.0,0.0,0.05424977973773558,0.05424977973773558,1.0
E-lr1,true_persistence,tropics,0,zos,0.0,0.0,0.20247419479519427,0.20247419479519427,0.0,0.0,0.4499713266367028,0.4499713266367028,1.0
E-lr1,true_persistence,tropics,5,so,0.0003404126266003254,0.0018302514981010166,1221.1740320297963,1221.1754554695806,0.01845027443157216,0.04278143871004126,34.94530057146163,34.94532093813964,0.9999994171844052
E-lr1,true_persistence,tropics,5,sst,0.00035848081769826164,0.0485464182465967,764.1281806098091,764.1688966076783,0.01893358966752638,0.22033251745168417,27.642868530776777,27.643604985740886,0.9999733589390932
E-lr1,true_persistence,tropics,5,thetao,0.00026161080372282604,0.021788072061703675,230.62646323308667,230.626773843594,0.016174387275035368,0.14760783197955207,15.186390724365243,15.18640095096906,0.9999993265946387
E-lr1,true_persistence,tropics,5,ts,0.00030101171516157575,,,,0.01734968919495608,,,,
E-lr1,true_persistence,tropics,5,uo,0.1419387230652561,0.001115153027369954,0.01017016792576906,0.010132723456349605,0.37674755880464056,0.0333939070396076,0.10084725046211751,0.10066142983461741,1.0018459963046957
E-lr1,true_persistence,tropics,5,vo,0.31022034072926674,0.0013089487577676775,0.002943038601592826,0.0029323185698539238,0.5569742729509746,0.03617939686848963,0.05424977973773558,0.05415088706433094,1.0018262429069196
E-lr1,true_persistence,tropics,5,zos,0.0004649578865306535,0.00021553426396539192,0.20247419479519427,0.20231088153039561,0.021562882148049075,0.014681085244810477,0.4499713266367028,0.4497898192827352,1.0004035381553478
E-lr1,true_persistence,tropics,10,so,0.0008800619941270973,0.004553557677628866,1221.1740320297963,1221.173619028484,0.02966583884077943,0.06748005392431801,34.94530057146163,34.945294662207154,1.0000001691001474
E-lr1,true_persistence,tropics,10,sst,0.0009834992474725343,0.13318806254502494,764.1281806098091,764.1982039634628,0.031360791563232814,0.36494939723888425,27.642868530776777,27.644135073528034,0.9999541840340496
E-lr1,true_persistence,tropics,10,thetao,0.0006909988761730634,0.05699796600561229,230.62646323308667,230.62331886524305,0.02628685747998538,0.2387424679557709,15.186390724365243,15.186287198168058,1.0000068170841123
E-lr1,true_persistence,tropics,10,ts,0.0007855304351500804,,,,0.028027315874876075,,,,
E-lr1,true_persistence,tropics,10,uo,0.3060070616665956,0.002317987270289262,0.01017016792576906,0.010229659401123631,0.5531790502781134,0.048145480268549215,0.10084725046211751,0.10114177871247683,0.9970879664752921
E-lr1,true_persistence,tropics,10,vo,0.6358691082513757,0.0025436453310899313,0.002943038601592826,0.002950692858166014,0.7974140130768806,0.05043456484485547,0.05424977973773558,0.05432028035794747,0.998702130774228
E-lr1,true_persistence,tropics,10,zos,0.001050578159835105,0.0004870023641904121,0.20247419479519427,0.2024477909911762,0.03241262346424777,0.02206813005649577,0.4499713266367028,0.4499419862506457,1.0000652092646467
E-lr1,true_persistence,tropics,15,so,0.0014212796397807047,0.007139879151364925,1221.1740320297963,1221.1713305832793,0.037699862596310675,0.08449780560088484,34.94530057146163,34.945261918939444,1.0000011060876373
E-lr1,true_persistence,tropics,15,sst,0.0016686349814390325,0.22597095069259102,764.1281806098091,764.2779658153804,0.040848928767337735,0.47536401913963894,27.642868530776777,27.64557769002812,0.9999020038835246
E-lr1,true_persistence,tropics,15,thetao,0.0011636219377066256,0.0953007302057227,230.62646323308667,230.6309176207124,0.03411190316746671,0.30870816349057356,15.186390724365243,15.186537380874958,0.9999903429922149
E-lr1,true_persistence,tropics,15,ts,0.001292450788743665,,,,0.0359506716035134,,,,
E-lr1,true_persistence,tropics,15,uo,0.45139376563255235,0.0032797633103180523,0.01017016792576906,0.010281492802433246,0.6718584416620456,0.05726921782526851,0.10084725046211751,0.10139769623829353,0.9945714173339557
E-lr1,true_persistence,tropics,15,vo,0.8286517179674573,0.0031632117071901415,0.002943038601592826,0.0029324916814102296,0.9103030912654627,0.05624243688879547,0.05424977973773558,0.05415248545921258,1.0017966724462959
E-lr1,true_persistence,tropics,15,zos,0.001636468895917914,0.0007585958410712464,0.20247419479519427,0.20190843036680506,0.04045329276978469,0.027542618631336536,0.4499713266367028,0.44934221965758464,1.0014000620275512
E-lr1,true_persistence,tropics,20,so,0.0019443855646521836,0.00964285906009507,1221.1740320297963,1221.1699123352148,0.04409518754526602,0.09819806036829377,34.94530057146163,34.94524162651068,1.000001686780466
E-lr1,true_persistence,tropics,20,sst,0.002418497383284018,0.32751929609462466,764.1281806098091,764.3511999881629,0.04917822061933533,0.572293015940807,27.642868530776777,27.6469021770643,0.9998541013289051
E-lr1,true_persistence,tropics,20,thetao,0.0016233623675105404,0.13366304332922818,230.62646323308667,230.64490313107183,0.04029097129023499,0.365599566916084,15.186390724365243,15.186997831404067,0.9999600245522147
E-lr1,true_persistence,tropics,20,ts,0.001783873966081362,,,,0.04223593216778058,,,,
E-lr1,true_persistence,tropics,20,uo,0.5515081540090743,0.003890831083074154,0.01017016792576906,0.010244555810134651,0.7426359498496381,0.06237652669934544,0.10084725046211751,0.1012153931481504,0.996362779666389
E-lr1,true_persistence,tropics,20,vo,0.8772317270833974,0.0032718924189960416,0.002943038601592826,0.0029367464090602246,0.9366064953241555,0.0572004582061721,0.05424977973773558,0.05419175591416304,1.0010707131111316
E-lr1,true_persistence,tropics,20,zos,0.002152893962714817,0.0009979880514855172,0.20247419479519427,0.20200970227068119,0.04639928838586662,0.03159094888548803,0.4499713266367028,0.4494548945897477,1.001149018629392
E-lr1,true_persistence,tropics,25,so,0.0024479090433138576,0.012104158121120857,1221.1740320297963,1221.1721649575525,0.04947634832234345,0.11001889892705188,34.94530057146163,34.94527385724073,1.0000007644587652
E-lr1,true_persistence,tropics,25,sst,0.003261814392501002,0.441723510773495,764.1281806098091,764.1613788026752,0.05711229633363556,0.6646228334728614,27.642868530776777,27.6434690081161,0.999978277786368
E-lr1,true_persistence,tropics,25,thetao,0.0020534401566219135,0.1710486597165408,230.62646323308667,230.64014333887937,0.0453148999405484,0.41358029415887404,15.186390724365243,15.18684112443662,0.9999703427416086
E-lr1,true_persistence,tropics,25,ts,0.0022506745999678855,,,,0.04744127527763019,,,,
E-lr1,true_persistence,tropics,25,uo,0.6293990367479871,0.004419363381509847,0.01017016792576906,0.010214627334406852,0.7933467317308285,0.06647829255862282,0.10084725046211751,0.10106743953621686,0.9978213648717157
E-lr1,true_persistence,tropics,25,vo,0.8630738406502015,0.003215210931384861,0.002943038601592826,0.002943455925030582,0.9290176751010724,0.05670283001213309,0.05424977973773558,0.054253625915975254,0.9999291074435166
E-lr1,true_persistence,tropics,25,zos,0.0025798376318010336,0.0011959005778683163,0.20247419479519427,0.20223544221935846,0.050792102061255874,0.03458179546912387,0.4499713266367028,0.44970595083827664,1.0005901095992427
E-lr1,true_persistence,tropics,30,so,0.0029744322503092086,0.014783720369610622,1221.1740320297963,1221.1777864219914,0.05453835577196299,0.12158832332757377,34.94530057146163,34.94535428954744,0.9999984627975048
E-lr1,true_persistence,tropics,30,sst,0.004263328786967553,0.5773512310150898,764.1281806098091,764.0076028843118,0.0652941711561419,0.7598363185680781,27.642868530776777,27.640687453178725,1.0000789082254826
E-lr1,true_persistence,tropics,30,thetao,0.002503850283367905,0.21205204600230387,230.62646323308667,230.622964074716,0.0500384880204019,0.46049109220733453,15.186390724365243,15.186275516884185,1.0000075862894051
E-lr1,true_persistence,tropics,30,ts,0.002739141266838557,,,,0.05233680604353457,,,,
E-lr1,true_persistence,tropics,30,uo,0.7084434899179178,0.005008848523691271,0.01017016792576906,0.010173216723607506,0.8416908517489767,0.07077321897223038,0.10084725046211751,0.10086236524892477,0.99985014443425
E-lr1,true_persistence,tropics,30,vo,0.8807997886628182,0.003297837051622767,0.002943038601592826,0.0029416438090203428,0.9385093439400687,0.057426797330364564,0.05424977973773558,0.05423692293097335,1.0002370489708385
E-lr1,true_persistence,tropics,30,zos,0.0030307984461706403,0.001404946403591984,0.20247419479519427,0.20267562959531338,0.05505268791049753,0.03748261468457055,0.4499713266367028,0.45019510170071086,0.9995029375860317
F-lr1,inferred,extratropics,0,so,0.008950828299743748,0.023796892278380423,1203.392320291214,1203.8131713542705,0.09460881724101484,0.15426241369296806,34.68994552159479,34.69601088532038,0.9998251855596413
F-lr1,inferred,extratropics,0,sst,0.0,0.0,264.66212894940617,264.66212894940617,0.0,0.0,16.268439659334454,16.268439659334454,1.0
F-lr1,inferred,extratropics,0,thetao,0.008521900418597014,0.2250256432290502,91.06482791776877,91.88061453580991,0.09231413986273725,0.4743686785919262,9.542789315381995,9.585437628810169,0.9955507181748291
F-lr1,inferred,extratropics,0,ts,0.008736364359170381,,,,0.0934685206856853,,,,
F-lr1,inferred,extratropics,0,uo,0.28409146160235876,0.0007211444741735609,0.0031362378780156763,0.0036498695552275684,0.5330023091904563,0.02685413327913528,0.05600212387057902,0.06041415028970919,0.9269703141073276
F-lr1,inferred,extratropics,0,vo,0.3618287912459528,0.0006542809728141332,0.002536553973681606,0.0030889873151848375,0.6015220621439855,0.025578916568418868,0.050364213224090036,0.05557865881059777,0.906178995713487
F-lr1,inferred,extratropics,0,zos,0.0,0.0,0.48620438304814423,0.48620438304814423,0.0,0.0,0.697283574342709,0.697283574342709,1.0
F-lr1,inferred,extratropics,5,so,0.008803338701289607,0.022699250523487795,1203.4191475299874,1203.8158635205882,0.09382610884657643,0.15066270448750013,34.69033219111612,34.69604968178061,0.9998352120567925
F-lr1,inferred,extratropics,5,sst,0.0015940347655835716,0.215868393429602,263.1460919621015,264.80069678720804,0.039925364939892176,0.4646163938450752,16.221778323047737,16.272697895161947,0.9968708586343664
F-lr1,inferred,extratropics,5,thetao,0.008275203932966156,0.19624685248751744,91.11196588255741,91.89021460419285,0.09096814790335217,0.442997576164382,9.545258816949774,9.585938378906514,0.995756329704116
F-lr1,inferred,extratropics,5,ts,0.008539271317127882,,,,0.09240817776110447,,,,
F-lr1,inferred,extratropics,5,uo,0.2710291521900008,0.000725279329104765,0.0030021838634625687,0.0036474312009881155,0.5206046025440044,0.026931010547411045,0.054792187978420503,0.06039396659425605,0.9072460556619854
F-lr1,inferred,extratropics,5,vo,0.3564737717215524,0.0006710811777792224,0.002371004990024394,0.003091959232748583,0.5970542452085509,0.025905234563292846,0.04869296653546992,0.05560538852259359,0.8756879113556592
F-lr1,inferred,extratropics,5,zos,0.0016627856824226685,0.0007707951549261383,0.48372937753947093,0.4863526396679156,0.04077726918790257,0.027763197851222728,0.6955065618234461,0.6973898763732634,0.9972994810885247
F-lr1,inferred,extratropics,10,so,0.008739504378669188,0.0221188380444956,1203.4198994857081,1203.8172161582934,0.09348531638000263,0.14872403317720911,34.69034302923089,34.69606917445106,0.9998349627102892
F-lr1,inferred,extratropics,10,sst,0.001951034080867391,0.26421418244188477,263.06072196575127,264.84413516882694,0.04417051143995721,0.5140176868959713,16.21914677058418,16.274032541715865,0.9966274019060124
F-lr1,inferred,extratropics,10,thetao,0.00829518633636178,0.19746328740473204,91.11585492765329,91.89780742649144,0.09107791354857543,0.4443684140493472,9.545462530839105,9.58633441032032,0.9957364433857832
F-lr1,inferred,extratropics,10,ts,0.008517345357515483,,,,0.09228946504079154,,,,
F-lr1,inferred,extratropics,10,uo,0.2696405732721993,0.0007269992063633173,0.0029876425385297616,0.003650042322148721,0.5192692685613114,0.026962922808243864,0.054659331669256274,0.060415580127552534,0.9047224499683133
F-lr1,inferred,extratropics,10,vo,0.36524172894882434,0.0007074641765492074,0.0023643546464117734,0.0030950805369513337,0.6043523218693085,0.026598198746328808,0.04862463003881647,0.05563344800523633,0.8740179115671535
F-lr1,inferred,extratropics,10,zos,0.0020191393501002505,0.0009359852263863334,0.483317423348475,0.4864606968682222,0.04493483448395299,0.030593875635269444,0.6952103446788425,0.697467344660825,0.9967640062301696
F-lr1,inferred,extratropics,15,so,0.00870792119769233,0.021709057577475304,1203.4276898560024,1203.8167773930713,0.09331624294672568,0.14733993884034058,34.690455313472064,34.696062851468774,0.9998383811436844
F-lr1,inferred,extratropics,15,sst,0.0021981904294924564,0.29768474625818653,262.89291643855546,264.9074671581538,0.04688486354349831,0.5456049360647194,16.213972876459227,16.275978224308172,0.9961903765786354
F-lr1,inferred,extratropics,15,thetao,0.008334011111293968,0.1985337154490441,91.11987594863781,91.90559417755247,0.09129080518482663,0.4455712237668004,9.545673153247906,9.586740539805616,0.99571623051785
F-lr1,inferred,extratropics,15,ts,0.008520966154493149,,,,0.09230907948026103,,,,
F-lr1,inferred,extratropics,15,uo,0.27427725332696534,0.0007472500079391015,0.0029937923813980597,0.003641342693249186,0.523714858799104,0.02733587401088726,0.05471555886032838,0.06034353895198048,0.9067343382672556
F-lr1,inferred,extratropics,15,vo,0.37691715762914335,0.0007437033036471742,0.0023705002598038184,0.003082921659519059,0.613935792757796,0.027270924143621797,0.048687783475979046,0.055524063787866416,0.8768771619814094
F-lr1,inferred,extratropics,15,zos,0.0025796832580288202,0.001195829011843199,0.4817933373981052,0.48554731107721427,0.05079058237536581,0.03458076071811028,0.6941133462181124,0.6968122495171954,0.9961267855136687
F-lr1,inferred,extratropics,20,so,0.008692884773653643,0.02144039224010314,1203.4231468415653,1203.815321375245,0.0932356411124718,0.14642538113354236,34.6903898340962,34.69604186899775,0.9998370985681049
F-lr1,inferred,extratropics,20,sst,0.002450122510910811,0.33180205358399284,262.73614501953125,264.7955252907493,0.049498712214670906,0.5760226155143501,16.20913770129464,16.272538993370066,0.9961037861331131
F-lr1,inferred,extratropics,20,thetao,0.008404601975756949,0.20152269749913682,91.11338282986121,91.90216510698583,0.09167661629748858,0.4489127949826523,9.545333039232377,9.5865616936932,0.995699328312053
F-lr1,inferred,extratropics,20,ts,0.008548743374705296,,,,0.09245941474347161,,,,
F-lr1,inferred,extratropics,20,uo,0.2835118862137333,0.0007855142527105057,0.0030164496263253566,0.0036474580241133764,0.5324583422332054,0.028027027182890903,0.05492221432467337,0.06039418866176924,0.9093956809695543
F-lr1,inferred,extratropics,20,vo,0.39397208522539834,0.0007958241849796235,0.002393321241463593,0.0030871982566572026,0.6276719566982408,0.028210355988176106,0.048921582573171044,0.05556256164592488,0.8804774496346335
F-lr1,inferred,extratropics,20,zos,0.0029172030362215446,0.001352288513303206,0.4819406337208218,0.4854934140287264,0.05401113807560015,0.03677347567613382,0.6942194420504383,0.6967735744334212,0.996334343785842
F-lr1,inferred,extratropics,25,so,0.008712278065805861,0.02126579225594287,1203.4270692507935,1203.8151419364283,0.09333958466698822,0.14582795430212572,34.69044636857233,34.69603928312897,0.9998388025067935
F-lr1,inferred,extratropics,25,sst,0.0026770139811560013,0.3625282943248749,262.56753509213223,264.69304988360165,0.051739868391367225,0.6021032256389887,16.203935790175553,16.26938996654766,0.9959768512214231
F-lr1,inferred,extratropics,25,thetao,0.008505968741265595,0.2055615905600973,91.1053270536039,91.897203308665,0.09222780893670626,0.45338900577770663,9.544911055300824,9.58630290094492,0.9956821888404949
F-lr1,inferred,extratropics,25,ts,0.008609123403535729,,,,0.09278536201112614,,,,
F-lr1,inferred,extratropics,25,uo,0.2932036480748038,0.0008169671457582353,0.0030398803535466976,0.003646291957531004,0.5414828234346901,0.02858263713792405,0.05513510998943139,0.060384534092191224,0.9130667449591422
F-lr1,inferred,extratropics,25,vo,0.4123784781357888,0.0008432854130634797,0.002408978885262542,0.0030822245559924397,0.6421670173216535,0.029039376940001308,0.04908134966830621,0.055517785942816915,0.8840653285212021
F-lr1,inferred,extratropics,25,zos,0.003269255469374387,0.0015154847160282292,0.4822677599661278,0.48579827914334306,0.057177403485768635,0.038929227015550016,0.6944550093174703,0.6969923092426078,0.9963596443009612
F-lr1,inferred,extratropics,30,so,0.008742627199810466,0.02117543434930379,1203.4264927752026,1203.8158307478568,0.09350201708952843,0.14551781454276927,34.69043805971903,34.69604920949728,0.9998382769823626
F-lr1,inferred,extratropics,30,sst,0.0029112022544134537,0.3942426891639979,262.4626176622179,264.72332362936,0.053955558141988054,0.6278874812926261,16.200698060954593,16.27032032964809,0.9957209036280232
F-lr1,inferred,extratropics,30,thetao,0.008624823958906645,0.21035964393291326,91.09876364462838,91.8930253497211,0.09286993032681054,0.4586498053339969,9.544567231919338,9.58608498552569,0.995668956235101
F-lr1,inferred,extratropics,30,ts,0.008683725579358556,,,,0.09318650964253654,,,,
F-lr1,inferred,extratropics,30,uo,0.30442431960046956,0.0008620070799187589,0.003057172179889795,0.003653029506141431,0.5517466081458676,0.029359957083053764,0.05529170082290646,0.06044029703882527,0.9148151735155853
F-lr1,inferred,extratropics,30,vo,0.4326065109170288,0.0009018318187435021,0.0024285479310294823,0.003089732657977778,0.6577282956639685,0.030030514793181654,0.04928029962398243,0.055585363702846974,0.8865697072241768
F-lr1,inferred,extratropics,30,zos,0.0036402883577263483,0.0016874794347324122,0.48149256754403164,0.486308480151976,0.06033480221005409,0.04107894149965907,0.6938966548010097,0.6973582150888996,0.9950361805267489
F-lr1,inferred,global,0,so,0.008486359196990789,0.02410719339150281,1209.8504121446788,1210.2027203703358,0.09212143722820866,0.15526491358804412,34.7829040211521,34.787968040262655,0.999854431879876
F-lr1,inferred,global,0,sst,0.0,0.0,447.4121497568458,447.4121497568458,0.0,0.0,21.15211927341669,21.15211927341669,1.0
F-lr1,inferred,global,0,thetao,0.00855754423292305,0.23480631788229875,141.88321610793523,142.8450749442232,0.09250699558910692,0.48456817671231645,11.911474136643845,11.951781245664732,0.9966275228610374
F-lr1,inferred,global,0,ts,0.008521951714956918,,,,0.09231441769819554,,,,
F-lr1,inferred,global,0,uo,0.2883161416100036,0.0008992247485989876,0.005304451620726289,0.006036315295715531,0.5369507813664149,0.02998707635964179,0.07283166633220943,0.07769372751847817,0.9374201580801697
F-lr1,inferred,global,0,vo,0.3428096252195002,0.0007179268839648001,0.0023814429872183853,0.003028792257069194,0.5854994664553506,0.026794157646113828,0.048800030606736156,0.05503446426621408,0.8867176460677337
F-lr1,inferred,global,0,zos,0.0,0.0,0.3823900824845439,0.3823900824845439,0.0,0.0,0.6183769744132974,0.6183769744132974,1.0
F-lr1,inferred,global,5,so,0.008289725072931891,0.022665564343724562,1209.8808060949752,1210.2049461904198,0.09104792734012065,0.15055086962128303,34.783340927734,34.788000031482404,0.999866071526268
F-lr1,inferred,global,5,sst,0.001328868648587591,0.1799588971065752,444.99014066445704,447.5149160057607,0.03645365068943838,0.4242156257218435,21.094789419770397,21.154548352677274,0.9971751260338624
F-lr1,inferred,global,5,thetao,0.008287560569944738,0.20630546254821863,142.08015668947422,142.85127031421823,0.0910360399509158,0.4542086112660334,11.919738113292349,11.95204042472323,0.9972973391753209
F-lr1,inferred,global,5,ts,0.008288642821438316,,,,0.09104198383953589,,,,
F-lr1,inferred,global,5,uo,0.27694618589443326,0.0009202400316354033,0.0052095208339874586,0.006021049417328951,0.5262567680271991,0.03033545832248795,0.07217701042567126,0.07759542136833172,0.9301709965986237
F-lr1,inferred,global,5,vo,0.33605170942316154,0.0007358275987434771,0.00223395745871677,0.0030267310920001978,0.5796996717466395,0.027126142349097063,0.047264759162792415,0.05501573494919611,0.8591134737441701
F-lr1,inferred,global,5,zos,0.0011823964475728818,0.0005481075927628768,0.3812981007075069,0.3824243370932762,0.03438599202542922,0.023411697776173277,0.6174934013473399,0.6184046709827443,0.9985264185764375
F-lr1,inferred,global,10,so,0.008189657299580266,0.021945485965845033,1209.8976488128615,1210.2051304315771,0.09049672535280084,0.1481400889895947,34.783583035864226,34.78800267953849,0.9998729549461355
F-lr1,inferred,global,10,sst,0.0016360465352507647,0.22155773594523917,444.5688886546125,447.5531859735046,0.04044807208323735,0.4706991990063709,21.08480231480989,21.15545286618806,0.9966604094072083
F-lr1,inferred,global,10,thetao,0.008267550696028237,0.20559984725837535,142.1428965275938,142.85481616379704,0.09092607269660467,0.4534311935215478,11.922369585262562,11.9521887603818,0.9975051284984655
F-lr1,inferred,global,10,ts,0.008228603997804252,,,,0.09071165304305866,,,,
F-lr1,inferred,global,10,uo,0.2770046008466597,0.0009695015618526643,0.0051933864698556495,0.006058213364304922,0.5263122655293715,0.031136820034368705,0.0720651543386653,0.07783452552887389,0.9258764519857148
F-lr1,inferred,global,10,vo,0.34134567042160135,0.0007779449610240533,0.002243837471794035,0.0030354276251364294,0.5842479528604284,0.027891664723068314,0.04736916161168609,0.05509471503816341,0.8597768693217502
F-lr1,inferred,global,10,zos,0.001465936614708412,0.0006795444883255192,0.381313142451373,0.3825429512394799,0.03828755169383924,0.026068074119994348,0.617505580907066,0.6185005668869511,0.998391293342069
F-lr1,inferred,global,15,so,0.00813510425310579,0.021425044954316182,1209.9129053305464,1210.2040153150544,0.09019481278380587,0.14637296524398274,34.78380234147133,34.787986652220255,0.9998797196632632
F-lr1,inferred,global,15,sst,0.0018517583117095484,0.2507699959807925,444.2358142583057,447.6225280761719,0.043032061439228636,0.50076940399828,21.07690238764477,21.157091673388663,0.9962098152722589
F-lr1,inferred,global,15,thetao,0.008272892879842137,0.20505389962010875,142.21748499048812,142.8625363302485,0.09095544447608475,0.4528287751679532,11.92549726386653,11.95251171638198,0.9977398514089365
F-lr1,inferred,global,15,ts,0.008203998566473962,,,,0.09057592708040013,,,,
F-lr1,inferred,global,15,uo,0.2805945778989462,0.0010182675816132751,0.005234998347995311,0.00607172364122181,0.5297117875778735,0.03191030525728757,0.07235328843940206,0.07792126565464533,0.9285435475352635
F-lr1,inferred,global,15,vo,0.3491262334543995,0.0008203576595069123,0.0022566825760666253,0.003021085084922215,0.5908690493285289,0.028641886451609855,0.04750455321405123,0.05496439834040044,0.8642785993917448
F-lr1,inferred,global,15,zos,0.0018989601704018718,0.0008802753826132464,0.3806105379504387,0.38176642012114476,0.04357706013950312,0.02966943515831143,0.616936413214878,0.6178724950352983,0.9984849919231851
F-lr1,inferred,global,20,so,0.008099587058380063,0.021069623924469726,1209.9197866306984,1210.202575716042,0.08999770585064967,0.1451537940409059,34.78390125662587,34.78796596117746,0.9998831577403482
F-lr1,inferred,global,20,sst,0.002075951629920311,0.28113084519752346,443.93954159515073,447.5783386230469,0.04556261219377475,0.5302177337637091,21.06987284240583,21.156047329854573,0.9959267208044511
F-lr1,inferred,global,20,thetao,0.00830984095871385,0.20687380098973218,142.28810591756562,142.8654907852846,0.09115832906933875,0.45483381689330465,11.928457818073786,11.95263530713142,0.9979772252364122
F-lr1,inferred,global,20,ts,0.008204714008546957,,,,0.09057987639949039,,,,
F-lr1,inferred,global,20,uo,0.28797177776321964,0.001080304391548102,0.005269266286817675,0.006062034398403562,0.53663001943911,0.03286798429396153,0.07258971199018271,0.07785906754131829,0.9323218769819042
F-lr1,inferred,global,20,vo,0.36273955169952277,0.0008817467304135098,0.0022820278834857688,0.0030253581323639433,0.6022786329428621,0.029694220488396556,0.047770575498791816,0.055003255652406095,0.8685045081818191
F-lr1,inferred,global,20,zos,0.0021742340412479536,0.0010078803864260223,0.38107290954300854,0.3817692986040404,0.04662868260253503,0.031747131940161495,0.6173110314444482,0.6178748243811528,0.9990875288740413
F-lr1,inferred,global,25,so,0.008102470551404988,0.020840646090830233,1209.9311816120705,1210.2032899020012,0.09001372423916804,0.1443628972098795,34.78406505301056,34.78797622601811,0.9998875711256631
F-lr1,inferred,global,25,sst,0.0022723729007246615,0.3077307314884783,443.63011708885733,447.44390838314786,0.047669412632469696,0.5547348298858458,21.062528743929523,21.152869979819474,0.995729126308811
F-lr1,inferred,global,25,thetao,0.008381206773908178,0.20982928498389142,142.34652074452333,142.86061202031462,0.09154893103640357,0.4580712662718449,11.930906115820514,11.952431217970451,0.9981991026128999
F-lr1,inferred,global,25,ts,0.008241838662656584,,,,0.09078457282301097,,,,
F-lr1,inferred,global,25,uo,0.2961520067099749,0.0011386779091454504,0.00529388280573088,0.006050301252170681,0.5441984993639498,0.033744301876693944,0.07275907370033569,0.07778368242871175,0.9354027918004385
F-lr1,inferred,global,25,vo,0.3773046423627112,0.0009370658495920418,0.002297853534555615,0.0030246617876605224,0.6142512860081867,0.03061153131733272,0.04793593156031929,0.054996925256422496,0.8716111189274417
F-lr1,inferred,global,25,zos,0.002448806756721631,0.0011351603568963838,0.38163360050230316,0.3820452109129742,0.04948541963772391,0.03369214087730822,0.6177650042712869,0.6180980593020611,0.9994611615005712
F-lr1,inferred,global,30,so,0.008121944118389124,0.020719117215548574,1209.9361065423977,1210.2057858213093,0.09012182931115593,0.1439413672838652,34.78413584584786,34.78801209930383,0.9998885750227721
F-lr1,inferred,global,30,sst,0.002471059349111483,0.3346373751910046,443.4370027792574,447.40683569089333,0.04970975104656513,0.578478500197721,21.05794393522923,21.151993657593916,0.995553623744071
F-lr1,inferred,global,30,thetao,0.008471246839471645,0.21383210880654172,142.4048081304623,142.8516729706198,0.09203937657042037,0.4624198404118726,11.933348571564576,11.952057269383367,0.9984346880710891
F-lr1,inferred,global,30,ts,0.008296595478930385,,,,0.09108564913821708,,,,
F-lr1,inferred,global,30,uo,0.30546665804808215,0.0012013615081686079,0.005316990562589424,0.00603941450658323,0.5526903817220652,0.034660662258078796,0.07291769718380733,0.07771367001102979,0.9382866254219911
F-lr1,inferred,global,30,vo,0.3937148040656647,0.001000836722374942,0.0023218386042614253,0.0030287501390764563,0.6274669744820557,0.031636003577805806,0.04818546050689383,0.05503408161381869,0.8755567294647975
F-lr1,inferred,global,30,zos,0.0027359069790690656,0.00126824754165631,0.3814683508391332,0.38252979486879674,0.052305898128882804,0.03561246329104897,0.6176312417932995,0.6184899310973435,0.9986116357585313
F-lr1,inferred,tropics,0,so,0.007754500683150435,0.024656501685714267,1220.945647755308,1221.1740320297963,0.0880596427607473,0.15702388890138427,34.9420326792147,34.94530057146163,0.999906485501813
F-lr1,inferred,tropics,0,sst,0.0,0.0,764.1281806098091,764.1281806098091,0.0,0.0,27.642868530776777,27.642868530776777,1.0
F-lr1,inferred,tropics,0,thetao,0.00862707181601894,0.2516349095187576,229.41704207023253,230.62646323308667,0.09288203171775981,0.5016322452940576,15.146519140391053,15.186390724365243,0.9973745187584158
F-lr1,inferred,tropics,0,ts,0.008190786249584688,,,,0.09050296265639422,,,,
F-lr1,inferred,tropics,0,uo,0.29760197327848065,0.001206221157971482,0.009061535073616095,0.01017016792576906,0.5455290764739132,0.03473069475221424,0.09519209564672948,0.10084725046211751,0.9439235597453165
F-lr1,inferred,tropics,0,vo,0.31428845572161074,0.0008292475138795915,0.00213112949273616,0.002943038601592826,0.5606143556149903,0.028796658033174466,0.04616415809625645,0.05424977973773558,0.8509556779664701
F-lr1,inferred,tropics,0,zos,0.0,0.0,0.20247419479519427,0.20247419479519427,0.0,0.0,0.4499713266367028,0.4499713266367028,1.0
F-lr1,inferred,tropics,5,so,0.0074719380103543806,0.02261933888158696,1220.9830610406075,1221.1754554695806,0.08644037257181612,0.15039727019326835,34.942568037289526,34.94532093813964,0.9999212226193319
F-lr1,inferred,tropics,5,sst,0.0008693212693829505,0.11772577938708388,760.1360751065341,764.1688966076783,0.029484254601107866,0.3431119050500636,27.570565375170204,27.643604985740886,0.9973578116671702
F-lr1,inferred,tropics,5,thetao,0.008318204224426052,0.22368180895111583,229.8723360940262,230.626773843594,0.09120418973065904,0.47295011253948954,15.16154134954709,15.18640095096906,0.998363035356288
F-lr1,inferred,tropics,5,ts,0.007895071117390217,,,,0.08885421271605651,,,,
F-lr1,inferred,tropics,5,uo,0.2890759625218131,0.001256517114748774,0.009033398447498994,0.010132723456349605,0.5376578489353737,0.03544738516095051,0.0950441920766282,0.10066142983461741,0.9441967219498263
F-lr1,inferred,tropics,5,vo,0.3052780680013805,0.0008492560232111746,0.0020136403718661496,0.0029323185698539238,0.5525197444448302,0.0291419975844343,0.04487360440020558,0.05415088706433094,0.8286771802444529
F-lr1,inferred,tropics,5,zos,0.0003498553841096808,0.00016217774739766159,0.20377908195510053,0.20231088153039561,0.018704421512297054,0.012734902724310916,0.45141896499272216,0.4497898192827352,1.0036220155284636
F-lr1,inferred,tropics,10,so,0.007310685168206295,0.021658088239709307,1221.0275646576788,1221.173619028484,0.08550254480544012,0.1471668720864492,34.943204842396455,34.945294662207154,0.9999401973904957
F-lr1,inferred,tropics,10,sst,0.0010901559173655828,0.14763178969874524,759.1327021435054,764.1982039634628,0.03301750925441807,0.38422882465888114,27.552362913977188,27.644135073528034,0.9966802303885888
F-lr1,inferred,tropics,10,thetao,0.00823118547378751,0.21968469231690754,230.03616103198794,230.62331886524305,0.09072588094798259,0.46870533634353634,15.166943035166577,15.186287198168058,0.9987262085360921
F-lr1,inferred,tropics,10,ts,0.007770935320996903,,,,0.08815290874949563,,,,
F-lr1,inferred,tropics,10,uo,0.2919219925658998,0.0013882526537323451,0.009014142110266618,0.010229659401123631,0.5402980590062302,0.037259262656852796,0.09494283601339606,0.10114177871247683,0.9387103650144125
F-lr1,inferred,tropics,10,vo,0.30509676722881957,0.0009017771635543987,0.0020516686827704157,0.002950692858166014,0.5523556528440888,0.03002960478518488,0.04529534946073841,0.05432028035794747,0.8338570633704647
F-lr1,inferred,tropics,10,zos,0.0005072057423548212,0.00023511853251328483,0.20453411521333634,0.2024477909911762,0.02252122870437626,0.015333575333668428,0.452254480589564,0.4499419862506457,1.0051395388951991
F-lr1,inferred,tropics,15,so,0.007216577801186442,0.020946405929046306,1221.0562295705824,1221.1713305832793,0.08495044320771047,0.14472873221667598,34.94361500432636,34.945261918939444,0.9999528715905205
F-lr1,inferred,tropics,15,sst,0.0012513724840104556,0.1694641638584811,758.5132113370029,764.2779658153804,0.03537474358932451,0.4116602529495422,27.541118556387698,27.64557769002812,0.9962214884850064
F-lr1,inferred,tropics,15,thetao,0.008180145123145336,0.21637396196044006,230.23211867560443,230.6309176207124,0.09044415472071889,0.46516014657367205,15.17340168438193,15.186537380874958,0.9991350433503315
F-lr1,inferred,tropics,15,ts,0.007698361462165889,,,,0.08774030694137039,,,,
F-lr1,inferred,tropics,15,uo,0.29413299100916157,0.001486675096983658,0.009116813735368047,0.010281492802433246,0.5423402907853717,0.038557425964185654,0.09548200739075424,0.10139769623829353,0.9416585478072707
F-lr1,inferred,tropics,15,vo,0.3067817750650793,0.0009553232598308204,0.0020757992056637926,0.0029324916814102296,0.5538788451142356,0.03090830405944041,0.045560939473015614,0.05415248545921258,0.8413453064371703
F-lr1,inferred,tropics,15,zos,0.0007192295284546213,0.0003334035442240828,0.20525519474588255,0.20190843036680506,0.02681845499753148,0.01825934128669714,0.4530509847090971,0.44934221965758464,1.0082537649240677
F-lr1,inferred,tropics,20,so,0.0071461108855242665,0.02044110490898834,1221.0828780844008,1221.1699123352148,0.08453467268242225,0.14297239212165522,34.94399630958659,34.94524162651068,0.9999643637626718
F-lr1,inferred,tropics,20,sst,0.0014274930546172597,0.19331487471407108,757.9751876676926,764.3511999881629,0.03778217906126193,0.439675874610003,27.53134917993836,27.6469021770643,0.9958203998268637
F-lr1,inferred,tropics,20,thetao,0.008161040762422073,0.21620149873787645,230.43532088997657,230.64490313107183,0.09033847885824774,0.4649747291389893,15.180096208192376,15.186997831404067,0.9995455571082377
F-lr1,inferred,tropics,20,ts,0.007653575823973171,,,,0.08748471765956138,,,,
F-lr1,inferred,tropics,20,uo,0.2987849823833462,0.0015902108896394083,0.00917109943299608,0.010244555810134651,0.5466122779295634,0.0398774483842611,0.09576585734486003,0.1012153931481504,0.946159021530314
F-lr1,inferred,tropics,20,vo,0.3150939595534534,0.0010332115682523237,0.002105417561202554,0.0029367464090602246,0.5613323075981405,0.03214360851323827,0.04588482931430119,0.05419175591416304,0.8467123557867438
F-lr1,inferred,tropics,20,zos,0.0008866278457012747,0.0004110021267974768,0.20626360494079007,0.20200970227068119,0.029776296708981034,0.020273187386236947,0.45416253141445967,0.4494548945897477,1.0104741029219606
F-lr1,inferred,tropics,25,so,0.007120903546691382,0.02011836917707426,1221.1075519275817,1221.1721649575525,0.084385446296689,0.14183923708577348,34.94434935619179,34.94527385724073,0.999973544318104
F-lr1,inferred,tropics,25,sst,0.0015711078168635624,0.2127635650562517,757.4217110065499,764.1613788026752,0.03963720243487881,0.46126301071758585,27.521295590988263,27.6434690081161,0.995580387646284
F-lr1,inferred,tropics,25,thetao,0.008182302811789235,0.2173102025306385,230.60801247387758,230.64014333887937,0.09045608222662109,0.4661654239973601,15.185783235443523,15.18684112443662,0.9999303417356888
F-lr1,inferred,tropics,25,ts,0.007651603179240308,,,,0.08747344270828894,,,,
F-lr1,inferred,tropics,25,uo,0.3048235900632756,0.0016955225960472106,0.009197699117649888,0.010214627334406852,0.5521083137059933,0.04117672395962567,0.09590463553786067,0.10106743953621686,0.9489172376182923
F-lr1,inferred,tropics,25,vo,0.32369280331220984,0.0011026042035113166,0.0021214801588036237,0.002943455925030582,0.5689400700532613,0.03320548453962563,0.0460595284257625,0.054253625915975254,0.8489668229197569
F-lr1,inferred,tropics,25,zos,0.0010269239857660646,0.00047603731791511715,0.20722907420360678,0.20223544221935846,0.032045654709586834,0.021818279444427262,0.45522420212858494,0.44970595083827664,1.0122707989076463
F-lr1,inferred,tropics,30,so,0.007121911900684115,0.019943139474697426,1221.1221311205186,1221.1777864219914,0.08439142077654645,0.14122018083368051,34.94455796144113,34.94535428954744,0.9999772121896457
F-lr1,inferred,tropics,30,sst,0.001708267705816012,0.23133811926600906,757.0757538766572,764.0076028843118,0.04133119531075785,0.4809762148651522,27.515009610695344,27.640687453178725,0.9954531578602642
F-lr1,inferred,tropics,30,thetao,0.008224545815537766,0.21996193576194384,230.7777424161014,230.622964074716,0.09068928170152063,0.4690009976129516,15.191370656267374,15.186275516884185,1.000335509478774
F-lr1,inferred,tropics,30,ts,0.00767322885811094,,,,0.08759696831575246,,,,
F-lr1,inferred,tropics,30,uo,0.31126165422494584,0.0017890921332591283,0.009230759153079445,0.010173216723607506,0.5579082847789104,0.04229766108497169,0.09607683983707752,0.10086236524892477,0.9525539045209108
F-lr1,inferred,tropics,30,vo,0.33410964273252997,0.0011758835443839584,0.0021530939721026076,0.0029416438090203428,0.57802218186894,0.03429115839956356,0.046401443642440775,0.05423692293097335,0.8555323778506998
F-lr1,inferred,tropics,30,zos,0.0011685642230352203,0.0005416955732424869,0.2081208912411121,0.20267562959531338,0.034184268648535104,0.02327435441086362,0.4562026865781394,0.45019510170071086,1.013344403026007
F-lr1,inferred_persistence,extratropics,0,so,0.008950828299743748,0.023796892278380423,1203.392320291214,1203.8131713542705,0.09460881724101484,0.15426241369296806,34.68994552159479,34.69601088532038,0.9998251855596413
F-lr1,inferred_persistence,extratropics,0,sst,0.0,0.0,264.66212894940617,264.66212894940617,0.0,0.0,16.268439659334454,16.268439659334454,1.0
F-lr1,inferred_persistence,extratropics,0,thetao,0.008521900418597014,0.2250256432290502,91.06482791776877,91.88061453580991,0.09231413986273725,0.4743686785919262,9.542789315381995,9.585437628810169,0.9955507181748291
F-lr1,inferred_persistence,extratropics,0,ts,0.008736364359170381,,,,0.0934685206856853,,,,
F-lr1,inferred_persistence,extratropics,0,uo,0.28409146160235876,0.0007211444741735609,0.0031362378780156763,0.0036498695552275684,0.5330023091904563,0.02685413327913528,0.05600212387057902,0.06041415028970919,0.9269703141073276
F-lr1,inferred_persistence,extratropics,0,vo,0.3618287912459528,0.0006542809728141332,0.002536553973681606,0.0030889873151848375,0.6015220621439855,0.025578916568418868,0.050364213224090036,0.05557865881059777,0.906178995713487
F-lr1,inferred_persistence,extratropics,0,zos,0.0,0.0,0.48620438304814423,0.48620438304814423,0.0,0.0,0.697283574342709,0.697283574342709,1.0
F-lr1,inferred_persistence,extratropics,5,so,0.009024580954715108,0.02418012891117066,1203.392320291214,1203.8158635205882,0.09499779447289873,0.15549961064636356,34.68994552159479,34.69604968178061,0.9998240675742107
F-lr1,inferred_persistence,extratropics,5,sst,0.0008073392423513657,0.10933200981129296,264.66212894940617,264.80069678720804,0.028413715743481453,0.3306539124391135,16.268439659334454,16.272697895161947,0.9997383202309214
F-lr1,inferred_persistence,extratropics,5,thetao,0.008762609757646015,0.24320962483461317,91.06482791776877,91.89021460419285,0.09360881239309692,0.4931628786056521,9.542789315381995,9.585938378906514,0.9954987126122711
F-lr1,inferred_persistence,extratropics,5,ts,0.008893595356180561,,,,0.09430586066719587,,,,
F-lr1,inferred_persistence,extratropics,5,uo,0.3342861251064845,0.0009402242282337303,0.0031362378780156763,0.0036474312009881155,0.5781748222696008,0.03066307597475717,0.05600212387057902,0.06039396659425605,0.9272801080746578
F-lr1,inferred_persistence,extratropics,5,vo,0.4758139901152321,0.000992850657637655,0.002536553973681606,0.003091959232748583,0.6897927153248519,0.031509532805766176,0.050364213224090036,0.05560538852259359,0.9057433921826846
F-lr1,inferred_persistence,extratropics,5,zos,0.0019571017568008587,0.0009072272970124272,0.48620438304814423,0.4863526396679156,0.044239142812681834,0.030120214093070904,0.697283574342709,0.6973898763732634,0.9998475715892132
F-lr1,inferred_persistence,extratropics,10,so,0.009144420782388779,0.024823833666693766,1203.392320291214,1203.8172161582934,0.09562646486401544,0.1575558112755406,34.68994552159479,34.69606917445106,0.9998235058609815
F-lr1,inferred_persistence,extratropics,10,sst,0.0023422749110995596,0.31719704800181914,264.66212894940617,264.84413516882694,0.04839705477712006,0.5632024928938251,16.268439659334454,16.274032541715865,0.9996563308837515
F-lr1,inferred_persistence,extratropics,10,thetao,0.009111077330826695,0.2712585629454231,91.06482791776877,91.89780742649144,0.09545196347287307,0.5208248870257863,9.542789315381995,9.58633441032032,0.9954575864898426
F-lr1,inferred_persistence,extratropics,10,ts,0.009127749056607737,,,,0.09553925400906026,,,,
F-lr1,inferred_persistence,extratropics,10,uo,0.3822049190077865,0.0011021613980502036,0.0031362378780156763,0.003650042322148721,0.6182272389726827,0.0331988162145912,0.05600212387057902,0.060415580127552534,0.9269483757723489
F-lr1,inferred_persistence,extratropics,10,vo,0.5950887646528079,0.001314172873399916,0.002536553973681606,0.0030950805369513337,0.7714199664597798,0.036251522359756365,0.050364213224090036,0.05563344800523633,0.9052865682412792
F-lr1,inferred_persistence,extratropics,10,zos,0.0032660167668992625,0.0015139833922883132,0.48620438304814423,0.4864606968682222,0.05714907494351298,0.038909939505071364,0.697283574342709,0.697467344660825,0.9997365176742355
F-lr1,inferred_persistence,extratropics,15,so,0.009304594688076855,0.025723389520854574,1203.392320291214,1203.8167773930713,0.09646032701622391,0.1603851287397138,34.68994552159479,34.696062851468774,0.9998236880680043
F-lr1,inferred_persistence,extratropics,15,sst,0.0043820915120474585,0.5934343891914444,264.66212894940617,264.9074671581538,0.06619736786343894,0.7703469278133356,16.268439659334454,16.275978224308172,0.9995368287626203
F-lr1,inferred_persistence,extratropics,15,thetao,0.009532931652082046,0.3078034289253616,91.06482791776877,91.90559417755247,0.0976367331084057,0.5548003505094077,9.542789315381995,9.586740539805616,0.9954154152559852
F-lr1,inferred_persistence,extratropics,15,ts,0.00941876317007945,,,,0.09705031257074576,,,,
F-lr1,inferred_persistence,extratropics,15,uo,0.4233636139936108,0.0012467962271575327,0.0031362378780156763,0.003641342693249186,0.6506639793269724,0.03531000180058807,0.05600212387057902,0.06034353895198048,0.9280550137297015
F-lr1,inferred_persistence,extratropics,15,vo,0.7009078965961522,0.0016067020981437774,0.002536553973681606,0.003082921659519059,0.8372024227127822,0.040083688679359054,0.050364213224090036,0.055524063787866416,0.9070700123195242
F-lr1,inferred_persistence,extratropics,15,zos,0.004260685682917593,0.001975068659051221,0.48620438304814423,0.48554731107721427,0.06527392804878218,0.044441744554542646,0.697283574342709,0.6968122495171954,1.000676401463723
F-lr1,inferred_persistence,extratropics,20,so,0.009489616024449463,0.02679456505278334,1203.392320291214,1203.815321375245,0.09741466021318076,0.16369045498373855,34.68994552159479,34.69604186899775,0.9998242927125237
F-lr1,inferred_persistence,extratropics,20,sst,0.006858784112740592,0.9288346364040567,264.66212894940617,264.7955252907493,0.08281777655033122,0.9637606738210772,16.268439659334454,16.272538993370066,0.9997480827031797
F-lr1,inferred_persistence,extratropics,20,thetao,0.010008882288664204,0.3517235110355248,91.06482791776877,91.90216510698583,0.1000444015858169,0.5930628221660205,9.542789315381995,9.5865616936932,0.9954339856447174
F-lr1,inferred_persistence,extratropics,20,ts,0.009749249156556833,,,,0.09873828617388918,,,,
F-lr1,inferred_persistence,extratropics,20,uo,0.46041284488085293,0.0013867740668948214,0.0031362378780156763,0.0036474580241133764,0.6785372833388398,0.03723941550151964,0.05600212387057902,0.06039418866176924,0.9272766984951569
F-lr1,inferred_persistence,extratropics,20,vo,0.7938038509998595,0.0018773822277168171,0.002536553973681606,0.0030871982566572026,0.8909567054575994,0.043328769053791696,0.050364213224090036,0.05556256164592488,0.9064415270310687
F-lr1,inferred_persistence,extratropics,20,zos,0.00518992470549132,0.002405823483555107,0.48620438304814423,0.4854934140287264,0.07204113203921299,0.04904919452503891,0.697283574342709,0.6967735744334212,1.0007319449646215
F-lr1,inferred_persistence,extratropics,25,so,0.009697207606249973,0.02803305783789818,1203.392320291214,1203.8151419364283,0.09847440076613806,0.16743075535246857,34.68994552159479,34.69603928312897,0.9998243672286495
F-lr1,inferred_persistence,extratropics,25,sst,0.009848433455000723,1.3337008396182397,264.66212894940617,264.69304988360165,0.0992392737528884,1.1548596623045762,16.268439659334454,16.26938996654766,0.9999415892534902
F-lr1,inferred_persistence,extratropics,25,thetao,0.010534544297683137,0.40316389786593265,91.06482791776877,91.897203308665,0.10263792816343838,0.6349518862606305,9.542789315381995,9.58630290094492,0.995460858475624
F-lr1,inferred_persistence,extratropics,25,ts,0.010115875951966554,,,,0.10057771100977868,,,,
F-lr1,inferred_persistence,extratropics,25,uo,0.4917776199143849,0.001500847394387055,0.0031362378780156763,0.003646291957531004,0.701268579015476,0.03874077173194999,0.05600212387057902,0.060384534092191224,0.9274249559511145
F-lr1,inferred_persistence,extratropics,25,vo,0.87157002853498,0.0020970981259652672,0.002536553973681606,0.0030822245559924397,0.9335791495823907,0.04579408396250838,0.050364213224090036,0.055517785942816915,0.9071725820616291
F-lr1,inferred_persistence,extratropics,25,zos,0.0059416582055314094,0.0027542944451925213,0.48620438304814423,0.48579827914334306,0.07708215231512032,0.05248137236384469,0.697283574342709,0.6969923092426078,1.0004178885422965
F-lr1,inferred_persistence,extratropics,30,so,0.009925576588629057,0.02942920178415605,1203.392320291214,1203.8158307478568,0.0996271879992056,0.17154941499217086,34.68994552159479,34.69604920949728,0.9998240811838363
F-lr1,inferred_persistence,extratropics,30,sst,0.013398058270339361,1.814400391747253,264.66212894940617,264.72332362936,0.11574998172932625,1.3469968046536906,16.268439659334454,16.27032032964809,0.9998844109842012
F-lr1,inferred_persistence,extratropics,30,thetao,0.011111397698874861,0.46284782476477554,91.06482791776877,91.8930253497211,0.10541061473530482,0.6803292032279488,9.542789315381995,9.58608498552569,0.9954834877628282
F-lr1,inferred_persistence,extratropics,30,ts,0.01051848714375196,,,,0.10255967601231958,,,,
F-lr1,inferred_persistence,extratropics,30,uo,0.518717724423913,0.0016093857843250538,0.0031362378780156763,0.003653029506141431,0.7202206081638548,0.040117150750334375,0.05600212387057902,0.06044029703882527,0.92656930250698
F-lr1,inferred_persistence,extratropics,30,vo,0.9380886806318698,0.0022858671860228027,0.002536553973681606,0.003089732657977778,0.968549782216624,0.047810743416336905,0.050364213224090036,0.055585363702846974,0.9060696893759909
F-lr1,inferred_persistence,extratropics,30,zos,0.006787142434129156,0.0031462241895496303,0.48620438304814423,0.486308480151976,0.08238411518083541,0.056091213122463575,0.697283574342709,0.6973582150888996,0.9998929664201618
F-lr1,inferred_persistence,global,0,so,0.008486359196990789,0.02410719339150281,1209.8504121446788,1210.2027203703358,0.09212143722820866,0.15526491358804412,34.7829040211521,34.787968040262655,0.999854431879876
F-lr1,inferred_persistence,global,0,sst,0.0,0.0,447.4121497568458,447.4121497568458,0.0,0.0,21.15211927341669,21.15211927341669,1.0
F-lr1,inferred_persistence,global,0,thetao,0.00855754423292305,0.23480631788229875,141.88321610793523,142.8450749442232,0.09250699558910692,0.48456817671231645,11.911474136643845,11.951781245664732,0.9966275228610374
F-lr1,inferred_persistence,global,0,ts,0.008521951714956918,,,,0.09231441769819554,,,,
F-lr1,inferred_persistence,global,0,uo,0.2883161416100036,0.0008992247485989876,0.005304451620726289,0.006036315295715531,0.5369507813664149,0.02998707635964179,0.07283166633220943,0.07769372751847817,0.9374201580801697
F-lr1,inferred_persistence,global,0,vo,0.3428096252195002,0.0007179268839648001,0.0023814429872183853,0.003028792257069194,0.5854994664553506,0.026794157646113828,0.048800030606736156,0.05503446426621408,0.8867176460677337
F-lr1,inferred_persistence,global,0,zos,0.0,0.0,0.3823900824845439,0.3823900824845439,0.0,0.0,0.6183769744132974,0.6183769744132974,1.0
F-lr1,inferred_persistence,global,5,so,0.008557455261497314,0.024486531972418218,1209.8504121446788,1210.2049461904198,0.09250651469760016,0.15648173047489672,34.7829040211521,34.788000031482404,0.999853512408713
F-lr1,inferred_persistence,global,5,sst,0.0006431060163491869,0.08709111316788072,447.4121497568458,447.5149160057607,0.025359535018394698,0.2951120349424617,21.15211927341669,21.154548352677274,0.9998851746102027
F-lr1,inferred_persistence,global,5,thetao,0.008762510926917348,0.25106789622442505,141.88321610793523,142.85127031421823,0.09360828449938258,0.5010667582512585,11.911474136643845,11.95204042472323,0.9966059110714292
F-lr1,inferred_persistence,global,5,ts,0.00865998309420733,,,,0.09305903015939576,,,,
F-lr1,inferred_persistence,global,5,uo,0.3452996592424069,0.001288960835453056,0.005304451620726289,0.006021049417328951,0.5876220377439966,0.035902100710864485,0.07283166633220943,0.07759542136833172,0.9386077818495296
F-lr1,inferred_persistence,global,5,vo,0.4679340707184722,0.0012120075398966313,0.0023814429872183853,0.0030267310920001978,0.6840570668580745,0.034813898659825954,0.048800030606736156,0.05501573494919611,0.8870195163583691
F-lr1,inferred_persistence,global,5,zos,0.0014111399015580607,0.0006541431122435454,0.3823900824845439,0.3824243370932762,0.03756514210751852,0.02557622161781418,0.6183769744132974,0.6184046709827443,0.9999552128715281
F-lr1,inferred_persistence,global,10,so,0.008674766926777117,0.02513492229589485,1209.8504121446788,1210.2051304315771,0.09313842883996443,0.15853997065691305,34.7829040211521,34.78800267953849,0.9998534363000556
F-lr1,inferred_persistence,global,10,sst,0.0018451112302518302,0.24986982985277364,447.4121497568458,447.5531859735046,0.04295475794660971,0.4998698129040937,21.15211927341669,21.15545286618806,0.999842423946561
F-lr1,inferred_persistence,global,10,thetao,0.009060245054574293,0.2758774214309737,141.88321610793523,142.85481616379704,0.09518531953286857,0.5252403463472448,11.911474136643845,11.9521887603818,0.9965935424419573
F-lr1,inferred_persistence,global,10,ts,0.008867505990675706,,,,0.0941674359355489,,,,
F-lr1,inferred_persistence,global,10,uo,0.407235565154176,0.0016925086977194951,0.005304451620726289,0.006058213364304922,0.6381501117716551,0.04114011057009321,0.07283166633220943,0.07783452552887389,0.9357244209729451
F-lr1,inferred_persistence,global,10,vo,0.6002210401462026,0.001711495248109386,0.0023814429872183853,0.0030354276251364294,0.7747393369038406,0.041370221755622556,0.048800030606736156,0.05509471503816341,0.8857479446609896
F-lr1,inferred_persistence,global,10,zos,0.0024554079193903596,0.0011382203741995788,0.3823900824845439,0.3825429512394799,0.049552072806194086,0.03373752175545173,0.6183769744132974,0.6185005668869511,0.9998001740333469
F-lr1,inferred_persistence,global,15,so,0.00882371202521447,0.025977404464215145,1209.8504121446788,1210.2040153150544,0.09393461569205716,0.1611750739544274,34.7829040211521,34.787986652220255,0.9998538969466969
F-lr1,inferred_persistence,global,15,sst,0.00338926241436799,0.4589828567372428,447.4121497568458,447.6225280761719,0.05821737210118635,0.6774827353794655,21.15211927341669,21.157091673388663,0.9997649771505114
F-lr1,inferred_persistence,global,15,thetao,0.009412364444437184,0.30700966743714464,141.88321610793523,142.8625363302485,0.09701734094705536,0.5540845309491546,11.911474136643845,11.95251171638198,0.9965666145566802
F-lr1,inferred_persistence,global,15,ts,0.009118038234825827,,,,0.095488419375471,,,,
F-lr1,inferred_persistence,global,15,uo,0.4593697520867109,0.002021441876430303,0.005304451620726289,0.00607172364122181,0.6777682141312846,0.044960447911806915,0.07283166633220943,0.07792126565464533,0.9346827944890744
F-lr1,inferred_persistence,global,15,vo,0.690754117356026,0.0020139636843478585,0.0023814429872183853,0.003021085084922215,0.831116187639265,0.04487720673513291,0.048800030606736156,0.05496439834040044,0.8878479903393521
F-lr1,inferred_persistence,global,15,zos,0.003300508627705608,0.0015299723241383627,0.3823900824845439,0.38176642012114476,0.057450053330746424,0.039114860656000845,0.6183769744132974,0.6178724950352983,1.0008164781278543
F-lr1,inferred_persistence,global,20,so,0.008996846134898614,0.02699534308375711,1209.8504121446788,1210.202575716042,0.09485170601996895,0.16430259609560985,34.7829040211521,34.78796596117746,0.9998544916356704
F-lr1,inferred_persistence,global,20,sst,0.005234123540411869,0.708818817228982,447.4121497568458,447.5783386230469,0.07234724279757916,0.8419137825389141,21.15211927341669,21.156047329854573,0.9998143293793667
F-lr1,inferred_persistence,global,20,thetao,0.009800758720798877,0.3435342046879697,141.88321610793523,142.8654907852846,0.09899878141067635,0.5861179102262357,11.911474136643845,11.95263530713142,0.9965563100161672
F-lr1,inferred_persistence,global,20,ts,0.009398802427848746,,,,0.09694742094480258,,,,
F-lr1,inferred_persistence,global,20,uo,0.4997468781179725,0.002263293897298946,0.005304451620726289,0.006062034398403562,0.7069277743291549,0.047574088507284576,0.07283166633220943,0.07785906754131829,0.93542947060802
F-lr1,inferred_persistence,global,20,vo,0.7469720512169084,0.002178777925141278,0.0023814429872183853,0.0030253581323639433,0.8642754486949796,0.04667738130123923,0.048800030606736156,0.055003255652406095,0.887220765896635
F-lr1,inferred_persistence,global,20,zos,0.0040787027048115885,0.0018907092768002264,0.3823900824845439,0.3817692986040404,0.06386472191133058,0.0434822869315797,0.6183769744132974,0.6178748243811528,1.0008127051181404
F-lr1,inferred_persistence,global,25,so,0.009191938946894948,0.028179164453686036,1209.8504121446788,1210.2032899020012,0.09587460011335092,0.167866507837883,34.7829040211521,34.78797622601811,0.9998541966099708
F-lr1,inferred_persistence,global,25,sst,0.00743844932547267,1.0073344295073037,447.4121497568458,447.44390838314786,0.08624644529180707,1.003660515068369,21.15211927341669,21.152869979819474,0.9999645104232429
F-lr1,inferred_persistence,global,25,thetao,0.01022195123636716,0.3852526974750894,141.88321610793523,142.86061202031462,0.10110366579094529,0.620687278325478,11.911474136643845,11.952431217970451,0.996573326331715
F-lr1,inferred_persistence,global,25,ts,0.009706945091631053,,,,0.09852383006984175,,,,
F-lr1,inferred_persistence,global,25,uo,0.5356526711657603,0.002488062782743906,0.005304451620726289,0.006050301252170681,0.7318829627513953,0.04988048498906066,0.07283166633220943,0.07778368242871175,0.9363360547883444
F-lr1,inferred_persistence,global,25,vo,0.7876995477918486,0.0022841183165313583,0.0023814429872183853,0.0030246617876605224,0.8875243927869524,0.0477924504135471,0.048800030606736156,0.054996925256422496,0.8873228890380073
F-lr1,inferred_persistence,global,25,zos,0.00471159857415561,0.0021840922823739757,0.3823900824845439,0.3820452109129742,0.06864108517612182,0.04673427310201771,0.6183769744132974,0.6180980593020611,1.0004512473498968
F-lr1,inferred_persistence,global,30,so,0.009413926593143817,0.029542339752712976,1209.8504121446788,1210.2057858213093,0.09702539148668154,0.17187885196472827,34.7829040211521,34.78801209930383,0.9998531655635525
F-lr1,inferred_persistence,global,30,sst,0.010055743804615361,1.361775347379723,447.4121497568458,447.40683569089333,0.10027833168045508,1.1669513046308844,21.15211927341669,21.151993657593916,1.0000059387226004
F-lr1,inferred_persistence,global,30,thetao,0.010686020838780284,0.4334928530231003,141.88321610793523,142.8516729706198,0.10337321141756352,0.6584017413578888,11.911474136643845,11.952057269383367,0.9966045065025348
F-lr1,inferred_persistence,global,30,ts,0.01004997371596205,,,,0.10024955718586517,,,,
F-lr1,inferred_persistence,global,30,uo,0.5719723769447259,0.00273712360035879,0.005304451620726289,0.00603941450658323,0.7562885540220253,0.05231752670337915,0.07283166633220943,0.07771367001102979,0.9371796020168979
F-lr1,inferred_persistence,global,30,vo,0.8329025951076986,0.0024242449158562696,0.0023814429872183853,0.0030287501390764563,0.9126349736382551,0.0492366216941848,0.048800030606736156,0.05503408161381869,0.8867238114223895
F-lr1,inferred_persistence,global,30,zos,0.005412730204900958,0.0025091064221347496,0.3823900824845439,0.38252979486879674,0.07357125936737088,0.050090981445113945,0.6183769744132974,0.6184899310973435,0.9998173669798541
F-lr1,inferred_persistence,tropics,0,so,0.007754500683150435,0.024656501685714267,1220.945647755308,1221.1740320297963,0.0880596427607473,0.15702388890138427,34.9420326792147,34.94530057146163,0.999906485501813
F-lr1,inferred_persistence,tropics,0,sst,0.0,0.0,764.1281806098091,764.1281806098091,0.0,0.0,27.642868530776777,27.642868530776777,1.0
F-lr1,inferred_persistence,tropics,0,thetao,0.00862707181601894,0.2516349095187576,229.41704207023253,230.62646323308667,0.09288203171775981,0.5016322452940576,15.146519140391053,15.186390724365243,0.9973745187584158
F-lr1,inferred_persistence,tropics,0,ts,0.008190786249584688,,,,0.09050296265639422,,,,
F-lr1,inferred_persistence,tropics,0,uo,0.29760197327848065,0.001206221157971482,0.009061535073616095,0.01017016792576906,0.5455290764739132,0.03473069475221424,0.09519209564672948,0.10084725046211751,0.9439235597453165
F-lr1,inferred_persistence,tropics,0,vo,0.31428845572161074,0.0008292475138795915,0.00213112949273616,0.002943038601592826,0.5606143556149903,0.028796658033174466,0.04616415809625645,0.05424977973773558,0.8509556779664701
F-lr1,inferred_persistence,tropics,0,zos,0.0,0.0,0.20247419479519427,0.20247419479519427,0.0,0.0,0.4499713266367028,0.4499713266367028,1.0
F-lr1,inferred_persistence,tropics,5,so,0.007821366850009157,0.025029100590834925,1220.945647755308,1221.1754554695806,0.08843849190261646,0.15820588039271777,34.9420326792147,34.94532093813964,0.99990590274072
F-lr1,inferred_persistence,tropics,5,sst,0.00035848081769826164,0.0485464182465967,764.1281806098091,764.1688966076783,0.01893358966752638,0.22033251745168417,27.642868530776777,27.643604985740886,0.9999733589390932
F-lr1,inferred_persistence,tropics,5,thetao,0.008772781072628627,0.26457177239134916,229.41704207023253,230.626773843594,0.09366312546903732,0.5143654074598614,15.146519140391053,15.18640095096906,0.9973738471210677
F-lr1,inferred_persistence,tropics,5,ts,0.008297073961318893,,,,0.09108827565235217,,,,
F-lr1,inferred_persistence,tropics,5,uo,0.3673173062887552,0.0018914825921514807,0.009061535073616095,0.010132723456349605,0.6060670806839414,0.04349117832562692,0.09519209564672948,0.10066142983461741,0.9456660391485217
F-lr1,inferred_persistence,tropics,5,vo,0.4605062608466004,0.0015933347077532075,0.00213112949273616,0.0029323185698539238,0.6786061161282002,0.03991659689594301,0.04616415809625645,0.05415088706433094,0.8525097297374593
F-lr1,inferred_persistence,tropics,5,zos,0.0004649578865306535,0.00021553426396539192,0.20247419479519427,0.20231088153039561,0.021562882148049075,0.014681085244810477,0.4499713266367028,0.4497898192827352,1.0004035381553478
F-lr1,inferred_persistence,tropics,10,so,0.007934837707910977,0.02568560317345207,1220.945647755308,1221.173619028484,0.08907770600947791,0.16026728666029155,34.9420326792147,34.945294662207154,0.9999066545861471
F-lr1,inferred_persistence,tropics,10,sst,0.0009834992474725343,0.13318806254502494,764.1281806098091,764.1982039634628,0.031360791563232814,0.36494939723888425,27.642868530776777,27.644135073528034,0.9999541840340496
F-lr1,inferred_persistence,tropics,10,thetao,0.008986012001080736,0.2837800257760868,229.41704207023253,230.62331886524305,0.09479457790971346,0.5327100766609233,15.146519140391053,15.186287198168058,0.9973813179444017
F-lr1,inferred_persistence,tropics,10,ts,0.008460424854495857,,,,0.09198056780916204,,,,
F-lr1,inferred_persistence,tropics,10,uo,0.4542513942461835,0.0027131913374819658,0.009061535073616095,0.010229659401123631,0.6739817462262487,0.052088303269371,0.09519209564672948,0.10114177871247683,0.9411748226945765
F-lr1,inferred_persistence,tropics,10,vo,0.6172473772148196,0.0024023935935597,0.00213112949273616,0.002950692858166014,0.7856509258028145,0.04901421827959414,0.04616415809625645,0.05432028035794747,0.8498512487795414
F-lr1,inferred_persistence,tropics,10,zos,0.001050578159835105,0.0004870023641904121,0.20247419479519427,0.2024477909911762,0.03241262346424777,0.02206813005649577,0.4499713266367028,0.4499419862506457,1.0000652092646467
F-lr1,inferred_persistence,tropics,15,so,0.008064934429159246,0.02642920616662129,1220.945647755308,1221.1713305832793,0.08980497997972743,0.16257061901408043,34.9420326792147,34.945261918939444,0.999907591486015
F-lr1,inferred_persistence,tropics,15,sst,0.0016686349814390325,0.22597095069259102,764.1281806098091,764.2779658153804,0.040848928767337735,0.47536401913963894,27.642868530776777,27.64557769002812,0.9999020038835246
F-lr1,inferred_persistence,tropics,15,thetao,0.009221014228579356,0.30555464148015254,229.41704207023253,230.6309176207124,0.09602611222255827,0.5527699715796368,15.146519140391053,15.186537380874958,0.9973648871049235
F-lr1,inferred_persistence,tropics,15,ts,0.008642974328869301,,,,0.09296759827417991,,,,
F-lr1,inferred_persistence,tropics,15,uo,0.52588476032288,0.0033611381505332136,0.009061535073616095,0.010281492802433246,0.7251791229226611,0.05797532363457071,0.09519209564672948,0.10139769623829353,0.9387993926708124
F-lr1,inferred_persistence,tropics,15,vo,0.6834634548881978,0.0027239697311216373,0.00213112949273616,0.0029324916814102296,0.8267184858754507,0.052191663425509224,0.04616415809625645,0.05415248545921258,0.8524845665860914
F-lr1,inferred_persistence,tropics,15,zos,0.001636468895917914,0.0007585958410712464,0.20247419479519427,0.20190843036680506,0.04045329276978469,0.027542618631336536,0.4499713266367028,0.44934221965758464,1.0014000620275512
F-lr1,inferred_persistence,tropics,20,so,0.00821814079518172,0.027354968587515467,1220.945647755308,1221.1699123352148,0.09065396182838188,0.16539337528303685,34.9420326792147,34.94524162651068,0.9999081721245405
F-lr1,inferred_persistence,tropics,20,sst,0.002418497383284018,0.32751929609462466,764.1281806098091,764.3511999881629,0.04917822061933533,0.572293015940807,27.642868530776777,27.6469021770643,0.9998541013289051
F-lr1,inferred_persistence,tropics,20,thetao,0.009461615901355667,0.3292978591068494,229.41704207023253,230.64490313107183,0.09727083787731895,0.5738448040253126,15.146519140391053,15.186997831404067,0.9973346482654187
F-lr1,inferred_persistence,tropics,20,ts,0.008839878348268694,,,,0.09402062724885797,,,,
F-lr1,inferred_persistence,tropics,20,uo,0.5726381452602632,0.0037796420365125987,0.009061535073616095,0.010244555810134651,0.7567285809722422,0.06147879338855471,0.09519209564672948,0.1012153931481504,0.9404903017804364
F-lr1,inferred_persistence,tropics,20,vo,0.6787383916101071,0.0027080822363209946,0.00213112949273616,0.0029367464090602246,0.8238558075355827,0.052039237468673526,0.04616415809625645,0.05419175591416304,0.8518668073678607
F-lr1,inferred_persistence,tropics,20,zos,0.002152893962714817,0.0009979880514855172,0.20247419479519427,0.20200970227068119,0.04639928838586662,0.03159094888548803,0.4499713266367028,0.4494548945897477,1.001149018629392
F-lr1,inferred_persistence,tropics,25,so,0.008392259640380708,0.028444164479330618,1220.945647755308,1221.1721649575525,0.09160927704321603,0.16865397854581024,34.9420326792147,34.94527385724073,0.9999072498890903
F-lr1,inferred_persistence,tropics,25,sst,0.003261814392501002,0.441723510773495,764.1281806098091,764.1613788026752,0.05711229633363556,0.6646228334728614,27.642868530776777,27.6434690081161,0.999978277786368
F-lr1,inferred_persistence,tropics,25,thetao,0.009705677056109105,0.3542145602737593,229.41704207023253,230.64014333887937,0.09851739468798952,0.5951592730301355,15.146519140391053,15.18684112443662,0.9973449393645999
F-lr1,inferred_persistence,tropics,25,ts,0.009048968348244906,,,,0.0951260655564231,,,,
F-lr1,inferred_persistence,tropics,25,uo,0.6169486093131359,0.004196264207400174,0.009061535073616095,0.010214627334406852,0.7854607624274658,0.06477857830641372,0.09519209564672948,0.10106743953621686,0.9418670947196403
F-lr1,inferred_persistence,tropics,25,vo,0.6577352313428785,0.0026179466874172025,0.00213112949273616,0.002943455925030582,0.8110087739000599,0.05116587424658356,0.04616415809625645,0.054253625915975254,0.850895351543005
F-lr1,inferred_persistence,tropics,25,zos,0.0025798376318010336,0.0011959005778683163,0.20247419479519427,0.20223544221935846,0.050792102061255874,0.03458179546912387,0.4499713266367028,0.44970595083827664,1.0005901095992427
F-lr1,inferred_persistence,tropics,30,so,0.008603704498562337,0.029750123668180844,1220.945647755308,1221.1777864219914,0.09275615612218058,0.17248224160237727,34.9420326792147,34.94535428954744,0.9999049484430687
F-lr1,inferred_persistence,tropics,30,sst,0.004263328786967553,0.5773512310150898,764.1281806098091,764.0076028843118,0.0652941711561419,0.7598363185680781,27.642868530776777,27.640687453178725,1.0000789082254826
F-lr1,inferred_persistence,tropics,30,thetao,0.009977844600329456,0.3826702326285578,229.41704207023253,230.622964074716,0.09988916157586596,0.6186034534567018,15.146519140391053,15.186275516884185,0.9973820851301604
F-lr1,inferred_persistence,tropics,30,ts,0.009290774549445895,,,,0.09638866400903114,,,,
F-lr1,inferred_persistence,tropics,30,uo,0.6697283462917849,0.004688502324073185,0.009061535073616095,0.010173216723607506,0.8183693214507646,0.06847263923694766,0.09519209564672948,0.10086236524892477,0.9437821075462463
F-lr1,inferred_persistence,tropics,30,vo,0.6677058422140845,0.0026756941790684586,0.00213112949273616,0.0029416438090203428,0.8171326955972845,0.05172711261097471,0.04616415809625645,0.05423692293097335,0.8511573961341612
F-lr1,inferred_persistence,tropics,30,zos,0.0030307984461706403,0.001404946403591984,0.20247419479519427,0.20267562959531338,0.05505268791049753,0.03748261468457055,0.4499713266367028,0.45019510170071086,0.9995029375860317
F-lr1,true,extratropics,0,so,0.0,0.0,1203.8131713542705,1203.8131713542705,0.0,0.0,34.69601088532038,34.69601088532038,1.0
F-lr1,true,extratropics,0,sst,0.0,0.0,264.66212894940617,264.66212894940617,0.0,0.0,16.268439659334454,16.268439659334454,1.0
F-lr1,true,extratropics,0,thetao,0.0,0.0,91.88061453580991,91.88061453580991,0.0,0.0,9.585437628810169,9.585437628810169,1.0
F-lr1,true,extratropics,0,ts,0.0,,,,0.0,,,,
F-lr1,true,extratropics,0,uo,0.0,0.0,0.0036498695552275684,0.0036498695552275684,0.0,0.0,0.06041415028970919,0.06041415028970919,1.0
F-lr1,true,extratropics,0,vo,0.0,0.0,0.0030889873151848375,0.0030889873151848375,0.0,0.0,0.05557865881059777,0.05557865881059777,1.0
F-lr1,true,extratropics,0,zos,0.0,0.0,0.48620438304814423,0.48620438304814423,0.0,0.0,0.697283574342709,0.697283574342709,1.0
F-lr1,true,extratropics,5,so,0.0004390761456008541,0.0015091831357066775,1203.8180408629885,1203.8158635205882,0.020954143876590475,0.03884820633834563,34.696081059148284,34.69604968178061,1.00000090434986
F-lr1,true,extratropics,5,sst,0.0006140083112198405,0.08315062504073582,264.2250679093178,264.80069678720804,0.024779191092927963,0.28835850089902987,16.25500131988053,16.272697895161947,0.9989124989970669
F-lr1,true,extratropics,5,thetao,0.0002875325802354259,0.01857672956929682,91.86768213767395,91.89021460419285,0.016956785669325007,0.13629647673104694,9.584763019379976,9.585938378906514,0.999877387118498
F-lr1,true,extratropics,5,ts,0.00036330436291814004,,,,0.01906054466478175,,,,
F-lr1,true,extratropics,5,uo,0.041287841846951494,0.00013617416307618613,0.003545476883654851,0.0036474312009881155,0.20319409894716797,0.011669368580869581,0.05954390719170897,0.06039396659425605,0.9859247628449705
F-lr1,true,extratropics,5,vo,0.057162394641182085,0.0001350713467013486,0.0029839959568234006,0.003091959232748583,0.2390865839840916,0.011622019906253327,0.054625964127174916,0.05560538852259359,0.982386160380469
F-lr1,true,extratropics,5,zos,0.0012506681454433313,0.0005797553831602757,0.48390931192070546,0.4863526396679156,0.03536478680047897,0.024078110041285957,0.695635904709285,0.6973898763732634,0.9974849481998508
F-lr1,true,extratropics,10,so,0.0007208407725492497,0.002766574237875971,1203.8129591427225,1203.8172161582934,0.026848478030407043,0.05259823417070169,34.696007827165396,34.69606917445106,0.9999982318664008
F-lr1,true,extratropics,10,sst,0.0009206010386196788,0.12467022119748468,264.21531214858544,264.84413516882694,0.030341407986770798,0.3530867049288102,16.254701232215417,16.274032541715865,0.9988121377138153
F-lr1,true,extratropics,10,thetao,0.0005100243281199822,0.029791944109743784,91.84432368410289,91.89780742649144,0.022583718208478917,0.1726034301795413,9.58354442177334,9.58633441032032,0.9997089619006012
F-lr1,true,extratropics,10,ts,0.0006154325503346159,,,,0.02480791305883298,,,,
F-lr1,true,extratropics,10,uo,0.0798268631464073,0.00019954431409439704,0.003520953164084399,0.003650042322148721,0.28253648108944673,0.014126015506659938,0.05933762014173133,0.060415580127552534,0.9821575828032213
F-lr1,true,extratropics,10,vo,0.11379941858466094,0.00021797997053972604,0.0029541036460301756,0.0030950805369513337,0.33734169410949033,0.014764144761540577,0.05435166645127061,0.05563344800523633,0.9769602352555055
F-lr1,true,extratropics,10,zos,0.0015034078904944525,0.0006969145436258041,0.4837718437416385,0.4864606968682222,0.03877380417878097,0.026399139069784153,0.6955370901264997,0.697467344660825,0.9972324804177548
F-lr1,true,extratropics,15,so,0.001046914863024131,0.003998561729694741,1203.8077903313563,1203.8167773930713,0.032356063775189514,0.06323418165592673,34.69593333996588,34.696062851468774,0.9999962672565056
F-lr1,true,extratropics,15,sst,0.0012972839605862312,0.17568161662178808,264.1106872558594,264.9074671581538,0.0360178283713251,0.4191439092027798,16.251482617160175,16.275978224308172,0.9984949840304276
F-lr1,true,extratropics,15,thetao,0.0008086913105551139,0.044682439822767435,91.81806309158286,91.90559417755247,0.028437498317452504,0.211382212645169,9.582174236131529,9.586740539805616,0.9995236854846413
F-lr1,true,extratropics,15,ts,0.0009278030867896225,,,,0.030459860255582633,,,,
F-lr1,true,extratropics,15,uo,0.11178885108173872,0.0002637531972086569,0.003513151167530493,0.003641342693249186,0.3343483977556027,0.016240480202526553,0.059271841269952906,0.06034353895198048,0.9822400591572794
F-lr1,true,extratropics,15,vo,0.16211736040236402,0.00029693423201157645,0.0029358580354770223,0.003082921659519059,0.4026380016868304,0.01723177971109126,0.05418355871920026,0.055524063787866416,0.975857223387185
F-lr1,true,extratropics,15,zos,0.0018614746790115405,0.0008628987413219152,0.4825456244776947,0.48554731107721427,0.04314481056872936,0.0293751381498354,0.6946550399138371,0.6968122495171954,0.996904173821782
F-lr1,true,extratropics,20,so,0.0013315710503189319,0.005124939209145821,1203.7978896567442,1203.815321375245,0.03649069813416745,0.07158868073338005,34.69579066193397,34.69604186899775,0.9999927597774775
F-lr1,true,extratropics,20,sst,0.0015933790897968878,0.21577959921624923,264.02940183697325,264.7955252907493,0.03991715282678473,0.464520827537635,16.24898156306952,16.272538993370066,0.9985523199354358
F-lr1,true,extratropics,20,thetao,0.0010889449837983831,0.057905078236845105,91.79183218307901,91.90216510698583,0.032999166410659274,0.24063474029500626,9.580805403674526,9.5865616936932,0.9993995459266214
F-lr1,true,extratropics,20,ts,0.0012102580170586577,,,,0.03478876279862016,,,,
F-lr1,true,extratropics,20,uo,0.13925882153696256,0.0003319529514681457,0.003510179562457718,0.0036474580241133764,0.37317398293150417,0.01821957605072483,0.05924676837142865,0.06039418866176924,0.9810011473659066
F-lr1,true,extratropics,20,vo,0.20423935414754854,0.00037996080160913333,0.0029277728704544463,0.0030871982566572026,0.4519284834435074,0.019492583246176823,0.05410889825578087,0.05556256164592488,0.9738373583383799
F-lr1,true,extratropics,20,zos,0.002107171820373124,0.0009767932533944557,0.482453359497918,0.4854934140287264,0.04590394122919212,0.031253691836236816,0.6945886260931128,0.6967735744334212,0.9968641917252887
F-lr1,true,extratropics,25,so,0.0016295046453874418,0.006172815685843345,1203.7923860443457,1203.8151419364283,0.0403671233231629,0.07856726854004373,34.69571134944989,34.69603928312897,0.9999905483828744
F-lr1,true,extratropics,25,sst,0.0018745640438576395,0.25385840718794345,263.8690546209162,264.69304988360165,0.04329623590865191,0.5038436336681684,16.24404674398951,16.26938996654766,0.9984422757945898
F-lr1,true,extratropics,25,thetao,0.001388803211616746,0.07157829837164205,91.76198734946792,91.897203308665,0.037266650126040926,0.2675412087354807,9.579247744445693,9.58630290094492,0.9992640378076796
F-lr1,true,extratropics,25,ts,0.0015091539285020938,,,,0.0388478304220724,,,,
F-lr1,true,extratropics,25,uo,0.16231320493402535,0.0003881949956541135,0.0035136868612946305,0.003646291957531004,0.4028811300297215,0.019702664684100816,0.059276360054364256,0.060384534092191224,0.9816480485527126
F-lr1,true,extratropics,25,vo,0.2403054325101161,0.0004500155716637677,0.0029160217806502194,0.0030822245559924397,0.4902095801900613,0.021213570460056168,0.05400020167231063,0.055517785942816915,0.9726648992798561
F-lr1,true,extratropics,25,zos,0.002362696312819417,0.0010952433027947475,0.48273285440724306,0.48579827914334306,0.04860757464448743,0.033094460303723754,0.6947897915249209,0.6969923092426078,0.996839968406423
F-lr1,true,extratropics,30,so,0.0019085427261282585,0.007176986127461645,1203.7876881868644,1203.8158307478568,0.04368687132455537,0.0847170946589981,34.69564364854563,34.69604920949728,0.9999883110336509
F-lr1,true,extratropics,30,sst,0.0021627061562894375,0.29287937283515925,263.80723818384035,264.72332362936,0.04650490464767601,0.541183307979061,16.24214389124294,16.27032032964809,0.9982682308747292
F-lr1,true,extratropics,30,thetao,0.001683165318390118,0.08461627166571872,91.73779160864694,91.8930253497211,0.041026397823719765,0.290888761669678,9.57798473629223,9.58608498552569,0.9991549992258892
F-lr1,true,extratropics,30,ts,0.0017958540222591881,,,,0.042377517886954964,,,,
F-lr1,true,extratropics,30,uo,0.18346596600122428,0.0004527337848014199,0.003513392954228124,0.003653029506141431,0.4283292728745308,0.02127754179414107,0.059273880877061896,0.06044029703882527,0.9807013496142466
F-lr1,true,extratropics,30,vo,0.2735532109468684,0.0005244747666726146,0.002908512342294659,0.003089732657977778,0.5230231457085512,0.022901414075829785,0.0539306252726098,0.055585363702846974,0.9702306808842123
F-lr1,true,extratropics,30,zos,0.0026500700382665757,0.0012284572673678788,0.4818956367295198,0.486308480151976,0.05147883097222174,0.03504935473539961,0.6941870329597923,0.6973582150888996,0.9954525779427392
F-lr1,true,global,0,so,0.0,0.0,1210.2027203703358,1210.2027203703358,0.0,0.0,34.787968040262655,34.787968040262655,1.0
F-lr1,true,global,0,sst,0.0,0.0,447.4121497568458,447.4121497568458,0.0,0.0,21.15211927341669,21.15211927341669,1.0
F-lr1,true,global,0,thetao,0.0,0.0,142.8450749442232,142.8450749442232,0.0,0.0,11.951781245664732,11.951781245664732,1.0
F-lr1,true,global,0,ts,0.0,,,,0.0,,,,
F-lr1,true,global,0,uo,0.0,0.0,0.006036315295715531,0.006036315295715531,0.0,0.0,0.07769372751847817,0.07769372751847817,1.0
F-lr1,true,global,0,vo,0.0,0.0,0.003028792257069194,0.003028792257069194,0.0,0.0,0.05503446426621408,0.05503446426621408,1.0
F-lr1,true,global,0,zos,0.0,0.0,0.3823900824845439,0.3823900824845439,0.0,0.0,0.6183769744132974,0.6183769744132974,1.0
F-lr1,true,global,5,so,0.0004488590740463073,0.001663188841623435,1210.210484652238,1210.2049461904198,0.02118629448597152,0.04078221231889505,34.788079634441424,34.788000031482404,1.000002288230394
F-lr1,true,global,5,sst,0.0005420371513775586,0.07340410099637625,446.47430450747714,447.5149160057607,0.02328169133412688,0.2709319121040861,21.129938582671677,21.154548352677274,0.9988366676709275
F-lr1,true,global,5,thetao,0.00028921609061919045,0.020412096540958463,142.9041842155652,142.85127031421823,0.017006354418839756,0.1428709086586855,11.954253812579237,11.95204042472323,1.0001851891206317
F-lr1,true,global,5,ts,0.0003690375823327489,,,,0.019210350916439526,,,,
F-lr1,true,global,5,uo,0.040017892204518124,0.00022575048732964058,0.005803782739968453,0.006021049417328951,0.20004472551036712,0.015024995418622948,0.07618256191523394,0.07759542136833172,0.9817919739569273
F-lr1,true,global,5,vo,0.054117813512310535,0.0001841247319172264,0.0028802020657410503,0.0030267310920001978,0.23263235697621804,0.013569256866801011,0.053667514063360997,0.05501573494919611,0.9754939039334817
F-lr1,true,global,5,zos,0.0008838565648542293,0.00040971747901746467,0.38138436247604063,0.3824243370932762,0.02972972527377657,0.02024147917068969,0.6175632457295694,0.6184046709827443,0.99863936142035
F-lr1,true,global,10,so,0.0007591309932117121,0.0030909672274122037,1210.2221742637103,1210.2051304315771,0.027552331901523546,0.0555964677602112,34.78824764577414,34.78800267953849,1.000007041687271
F-lr1,true,global,10,sst,0.0008154485081886403,0.11043018832652252,446.1774772875237,447.5531859735046,0.028556059045124562,0.332310379504647,21.12291356057501,21.15545286618806,0.9984618951048287
F-lr1,true,global,10,thetao,0.0004984780468417316,0.03249228132932024,142.94433073714526,142.85481616379704,0.022326621930819083,0.18025615476127366,11.955932867708201,11.9521887603818,1.0003132570445015
F-lr1,true,global,10,ts,0.0006288045200267218,,,,0.025075974956653667,,,,
F-lr1,true,global,10,uo,0.07356511874858172,0.00035073887106345104,0.005742142686998547,0.006058213364304922,0.2712289047070421,0.01872802368279822,0.07577692714143631,0.07783452552887389,0.9735644513349763
F-lr1,true,global,10,vo,0.0986378032046705,0.00027988505033100576,0.002840242299215252,0.0030354276251364294,0.31406655855832616,0.016729765399759965,0.05329392366128856,0.05509471503816341,0.9673146258107067
F-lr1,true,global,10,zos,0.0010875075422885404,0.0005041212210962718,0.3815581061021246,0.3825429512394799,0.032977379251367754,0.02245264396671964,0.6177038984028874,0.6185005668869511,0.9987119357253406
F-lr1,true,global,15,so,0.0011093598980070575,0.004434517450058894,1210.2274966850869,1210.2040153150544,0.03330705477833574,0.06659217258851743,34.78832414309558,34.787986652220255,1.0000097013626772
F-lr1,true,global,15,sst,0.0011363949455000485,0.15389360133746655,445.7354085902975,447.6225280761719,0.03371045750950361,0.3922927495346639,21.11244676938932,21.157091673388663,0.9978898373798938
F-lr1,true,global,15,thetao,0.0007776608818376978,0.04796962146041104,142.97702096374215,142.8625363302485,0.027886571711805985,0.21901968281506354,11.957299902726458,11.95251171638198,1.0004006008492687
F-lr1,true,global,15,ts,0.0009435103899223777,,,,0.030716614232730432,,,,
F-lr1,true,global,15,uo,0.10107453437576513,0.0004510048402771827,0.005726282541834049,0.00607172364122181,0.3179222143477318,0.021236874541165015,0.07567220455249106,0.07792126565464533,0.9711367483156353
F-lr1,true,global,15,vo,0.1360929180025769,0.0003603114250200263,0.0028184173710583487,0.003021085084922215,0.36890773643633024,0.018981870956784695,0.05308876878454,0.05496439834040044,0.9658755555870098
F-lr1,true,global,15,zos,0.0013628880754394889,0.0006317756652615131,0.38112569517559475,0.38176642012114476,0.03691731403338397,0.025135148005562113,0.6173537844506947,0.6178724950352983,0.9991604892776883
F-lr1,true,global,20,so,0.001406397444641313,0.005600652295108749,1210.232560818402,1210.202575716042,0.03750196587702187,0.0748375059385917,34.78839692797588,34.78796596117746,1.000012388387378
F-lr1,true,global,20,sst,0.001392990301334898,0.1886424213045775,445.46457525696417,447.5783386230469,0.037322785283723105,0.43432985311232924,21.106031726901296,21.156047329854573,0.9976358720429456
F-lr1,true,global,20,thetao,0.0010370991709415904,0.06162493540996035,143.02518127716485,142.8654907852846,0.03220402414204769,0.24824370165214735,11.959313578845771,11.95263530713142,1.0005587279744381
F-lr1,true,global,20,ts,0.0012217483077914515,,,,0.03495351638664487,,,,
F-lr1,true,global,20,uo,0.12450032410692619,0.0005435728005325508,0.005710640739202825,0.006062034398403562,0.3528460345631309,0.02331464776771356,0.07556878151196315,0.07785906754131829,0.9705842093711214
F-lr1,true,global,20,vo,0.16998009283465942,0.0004464991637485871,0.0028058141232993167,0.0030253581323639433,0.4122864208710486,0.02113052682136882,0.05296993603261492,0.055003255652406095,0.963032740595561
F-lr1,true,global,20,zos,0.001565949348121305,0.0007259060435862071,0.3814455180457144,0.3817692986040404,0.03957207788480793,0.026942643589414294,0.6176127573534361,0.6178748243811528,0.9995758574109583
F-lr1,true,global,25,so,0.0017072569199398523,0.006665648787091313,1210.2357286111526,1210.2032899020012,0.04131896562040067,0.0816434246408816,34.78844245739025,34.78797622601811,1.0000134020837865
F-lr1,true,global,25,sst,0.0016274378232826727,0.220391922075339,445.10989441534485,447.44390838314786,0.04034151488581797,0.46945918041437745,21.09762769638674,21.152869979819474,0.9973884260866049
F-lr1,true,global,25,thetao,0.0013105902594804921,0.07533186657118959,143.0552327254271,142.86061202031462,0.03620207534769923,0.2744665126589938,11.960569916413979,11.952431217970451,1.0006809240977927
F-lr1,true,global,25,ts,0.0015089235897101723,,,,0.038844865680166436,,,,
F-lr1,true,global,25,uo,0.14461563640669706,0.0006248783912051193,0.005704156841781379,0.006050301252170681,0.3802836262668918,0.024997567705781282,0.07552586869266303,0.07778368242871175,0.9709731698789397
F-lr1,true,global,25,vo,0.1991760653148047,0.0005203465947955195,0.002790287784127559,0.0030246617876605224,0.44629145781070545,0.022811106829689773,0.052823174688081356,0.054996925256422496,0.9604750527742041
F-lr1,true,global,25,zos,0.0017586236400999617,0.0008152214665614465,0.38197806597960116,0.3820452109129742,0.04193594687258131,0.02855208340141655,0.6180437411539746,0.6180980593020611,0.9999121205005113
F-lr1,true,global,30,so,0.001989467999351544,0.00769200969663272,1210.2414523524722,1210.2057858213093,0.04460345277387777,0.08770410307752266,34.78852472227692,34.78801209930383,1.0000147356213291
F-lr1,true,global,30,sst,0.0018693219465814555,0.25314850849334636,444.8893682306463,447.40683569089333,0.04323565596335339,0.5031386573235517,21.09240072231339,21.151993657593916,0.9971826326990633
F-lr1,true,global,30,thetao,0.0015793205434291992,0.08844961875805436,143.0944794252866,142.8516729706198,0.039740666117079604,0.297404806212096,11.962210474042271,11.952057269383367,1.0008494943113193
F-lr1,true,global,30,ts,0.0017843942713903717,,,,0.042242091228895995,,,,
F-lr1,true,global,30,uo,0.16317696517243274,0.0007079308525927922,0.005699547638336381,0.00603941450658323,0.40395168668100984,0.026606970000223478,0.07549534845496364,0.07771367001102979,0.9714551950029988
F-lr1,true,global,30,vo,0.22670141901426777,0.0005982741709210571,0.0027825581053007344,0.0030287501390764563,0.47613172443586216,0.024459643720239614,0.052749958344066344,0.05503408161381869,0.9584962044832449
F-lr1,true,global,30,zos,0.00198655263779473,0.0009208794429220485,0.38183832981369714,0.38252979486879674,0.044570759896985494,0.030345995500593626,0.6179306836641931,0.6184899310973435,0.9990957857112432
F-lr1,true,tropics,0,so,0.0,0.0,1221.1740320297963,1221.1740320297963,0.0,0.0,34.94530057146163,34.94530057146163,1.0
F-lr1,true,tropics,0,sst,0.0,0.0,764.1281806098091,764.1281806098091,0.0,0.0,27.642868530776777,27.642868530776777,1.0
F-lr1,true,tropics,0,thetao,0.0,0.0,230.62646323308667,230.62646323308667,0.0,0.0,15.186390724365243,15.186390724365243,1.0
F-lr1,true,tropics,0,ts,0.0,,,,0.0,,,,
F-lr1,true,tropics,0,uo,0.0,0.0,0.01017016792576906,0.01017016792576906,0.0,0.0,0.10084725046211751,0.10084725046211751,1.0
F-lr1,true,tropics,0,vo,0.0,0.0,0.002943038601592826,0.002943038601592826,0.0,0.0,0.05424977973773558,0.05424977973773558,1.0
F-lr1,true,tropics,0,zos,0.0,0.0,0.20247419479519427,0.20247419479519427,0.0,0.0,0.4499713266367028,0.4499713266367028,1.0
F-lr1,true,tropics,5,so,0.0004686393024585177,0.0019299244410655254,1221.1875957223344,1221.1754554695806,0.021648078493448734,0.043930905306691845,34.94549464126004,34.94532093813964,1.0000049707118361
F-lr1,true,tropics,5,sst,0.00041730724442086664,0.056512848107200635,762.3224296184501,764.1688966076783,0.020428099383468512,0.23772431114044823,27.610187062358886,27.643604985740886,0.998791115579924
F-lr1,true,tropics,5,thetao,0.00029390284919229013,0.023578943354906783,230.80912005011615,230.626773843594,0.017143594990324817,0.1535543661212757,15.192403366489325,15.18640095096906,1.0003952493773636
F-lr1,true,tropics,5,ts,0.00038127107582540393,,,,0.019526163878893468,,,,
F-lr1,true,tropics,5,uo,0.03906703642819514,0.00038101187334345875,0.009715494776926039,0.010132723456349605,0.19765382978377913,0.019519525438479766,0.09856720944069604,0.10066142983461741,0.9791954038665843
F-lr1,true,tropics,5,vo,0.05040373576850542,0.00026945161696197514,0.002718398097482123,0.0029323185698539238,0.2245077632700157,0.016414981479184652,0.05213825944047349,0.05415088706433094,0.9628329703728314
F-lr1,true,tropics,5,zos,0.00024815187821832017,0.00011503242318999567,0.2037030086673871,0.20231088153039561,0.01575283714821937,0.010725316927251878,0.45133469694605477,0.4497898192827352,1.0034346656973765
F-lr1,true,tropics,10,so,0.0008291034102433925,0.003652381705587645,1221.228123779946,1221.173619028484,0.02879415583488067,0.060434937789226234,34.946074511738026,34.945294662207154,1.0000223162957533
F-lr1,true,tropics,10,sst,0.0006332134638649112,0.0857514372528201,761.5280952838937,764.1982039634628,0.025163733106693672,0.292833463341914,27.59579850781444,27.644135073528034,0.9982514712221949
F-lr1,true,tropics,10,thetao,0.00048272242482064144,0.037161278592641754,230.95838574354363,230.62331886524305,0.021970945014282872,0.19277260851231368,15.197315083380474,15.186287198168058,1.000726173887568
F-lr1,true,tropics,10,ts,0.0006559129175320171,,,,0.02561079689373248,,,,
F-lr1,true,tropics,10,uo,0.06542572472640594,0.0006130430935928413,0.00958934234546156,0.010229659401123631,0.25578452792615497,0.02475970705789633,0.09792518749260355,0.10114177871247683,0.9681972053406603
F-lr1,true,tropics,10,vo,0.0760003284822034,0.0003882276343706445,0.0026606216850946027,0.002950692858166014,0.27568157080625355,0.019703492948476026,0.051581214459283556,0.05432028035794747,0.9495756303057599
F-lr1,true,tropics,10,zos,0.00036672932522676565,0.00016999977283325252,0.20441609304962732,0.2024477909911762,0.019150178203525044,0.013038396098955289,0.4521239797330234,0.4499419862506457,1.004849499600071
F-lr1,true,tropics,15,so,0.0012218427234433455,0.005188503051220756,1221.2521141981076,1221.1713305832793,0.034954866949301146,0.07203126440109708,34.94641775916536,34.945261918939444,1.0000330757350908
F-lr1,true,tropics,15,sst,0.0008575655190706374,0.1161337847059423,760.5012176205413,764.2779658153804,0.02928421962543372,0.34078407343351935,27.57718654287528,27.64557769002812,0.9975261451245596
F-lr1,true,tropics,15,thetao,0.0007311824711699884,0.05366089344076774,231.0922180851033,230.6309176207124,0.027040385928643627,0.23164821052787726,15.201717603123118,15.186537380874958,1.0009995841624357
F-lr1,true,tropics,15,ts,0.0009765125973066669,,,,0.03124920154670623,,,,
F-lr1,true,tropics,15,uo,0.08628820077056167,0.0007760936223759615,0.009559419712072427,0.010281492802433246,0.2937485332228259,0.02785845692740288,0.0977722849895226,0.10139769623829353,0.9642456250657718
F-lr1,true,tropics,15,vo,0.09624650815758277,0.00047192355418808335,0.0026323619167804664,0.0029324916814102296,0.3102362134851165,0.021723801559305485,0.05130654847853699,0.05415248545921258,0.947445865936862
F-lr1,true,tropics,15,zos,0.0004988100039866253,0.0002312266335156596,0.2053593735803257,0.20190843036680506,0.022334054803967534,0.015206138021064375,0.45316594485941425,0.44934221965758464,1.0085096058962442
F-lr1,true,tropics,20,so,0.0015409088329242503,0.006422958184589547,1221.2830743703482,1221.1699123352148,0.039254411636454954,0.08014336020276132,34.94686072267935,34.94524162651068,1.0000463323786961
F-lr1,true,tropics,20,sst,0.001045705646516306,0.14161221765809584,759.9018955423375,764.3511999881629,0.032337372288364835,0.37631398812440636,27.566318135404618,27.6469021770643,0.9970852415527938
F-lr1,true,tropics,20,thetao,0.000957512503635521,0.0680750119185836,231.2682071738907,230.64490313107183,0.030943698932666745,0.2609118853532426,15.207504962152427,15.186997831404067,1.001350308400384
F-lr1,true,tropics,20,ts,0.0012492106682798856,,,,0.03534417446029665,,,,
F-lr1,true,tropics,20,uo,0.1035515157409816,0.0009112484407879516,0.009521837968974819,0.010244555810134651,0.321794213342909,0.030186891870279585,0.09757990555936616,0.1012153931481504,0.9640816729974766
F-lr1,true,tropics,20,vo,0.11711293919500136,0.0005642236246217265,0.0026118652796842,0.0029367464090602246,0.3422176780866257,0.023753391855095694,0.051106411336389095,0.05419175591416304,0.9430661633725068
F-lr1,true,tropics,20,zos,0.0006279810220049637,0.00029110470245765556,0.2063933910444529,0.20200970227068119,0.0250595495171993,0.017061790716617512,0.4543053940296691,0.4494548945897477,1.0107919604354265
F-lr1,true,tropics,25,so,0.0018478339002713237,0.007517331624670012,1221.3016428159058,1221.1721649575525,0.04298643856231083,0.08670254681766858,34.94712638853023,34.94527385724073,1.00005301235575
F-lr1,true,tropics,25,sst,0.0011991546236476678,0.1623926825746141,759.2104202424637,764.1613788026752,0.03462881204499611,0.4029797545468185,27.55377324873063,27.6434690081161,0.996755263988064
F-lr1,true,tropics,25,thetao,0.001188520603176327,0.08185442819450171,231.40109414858983,230.64014333887937,0.03447492716709242,0.2861021289583524,15.21187345952463,15.18684112443662,1.0016482911016782
F-lr1,true,tropics,25,ts,0.0015181772517238253,,,,0.03896379411355913,,,,
F-lr1,true,tropics,25,uo,0.11926399159172406,0.0010362938469495897,0.009498074260974626,0.010214627334406852,0.3453461909326988,0.03219151824548804,0.0974580641146469,0.10106743953621686,0.9642874556025874
F-lr1,true,tropics,25,vo,0.135460495296222,0.0006452336240938235,0.0025897606369820084,0.002943455925030582,0.3680495826600297,0.025401449251840406,0.05088969087135437,0.054253625915975254,0.9379961249072875
F-lr1,true,tropics,25,zos,0.0007117324352329778,0.00032992821849401813,0.20736449008638205,0.20223544221935846,0.02667831395034135,0.018163926296206393,0.45537291321111983,0.44970595083827664,1.012601484063708
F-lr1,true,tropics,30,so,0.0021364216984657725,0.008581884170422415,1221.3255406916617,1221.1777864219914,0.0462214419773526,0.09263845945622377,34.94746830160465,34.94535428954744,1.0000604947953795
F-lr1,true,tropics,30,sst,0.0013608710741567262,0.18429275007560997,758.7148419004498,764.0076028843118,0.03688998609591397,0.429293314734355,27.544778850091532,27.640687453178725,0.9965301657836965
F-lr1,true,tropics,30,thetao,0.001415990529498626,0.09512382487120269,231.5493015807486,230.622964074716,0.0376296496063759,0.30842150520221945,15.216744118922044,15.186275516884185,1.0020063248558861
F-lr1,true,tropics,30,ts,0.001776206113982199,,,,0.04214506037464176,,,,
F-lr1,true,tropics,30,uo,0.13388816796437275,0.0011517335135520983,0.009485995538001845,0.010173216723607506,0.3659073215506527,0.03393719955376546,0.09739607557803263,0.10086236524892477,0.9656334683175687
F-lr1,true,tropics,30,vo,0.15394484852022275,0.0007297015584085073,0.0025815982943587753,0.0029416438090203428,0.392358061622573,0.027012988698189383,0.0508094311556307,0.05423692293097335,0.9368051948724161
F-lr1,true,tropics,30,zos,0.0008366404693911828,0.00038783015087100604,0.20843352542983157,0.20267562959531338,0.028924738017675852,0.019693403740110697,0.4565452063375888,0.45019510170071086,1.0141052281841563
F-lr1,true_persistence,extratropics,0,so,0.0,0.0,1203.8131713542705,1203.8131713542705,0.0,0.0,34.69601088532038,34.69601088532038,1.0
F-lr1,true_persistence,extratropics,0,sst,0.0,0.0,264.66212894940617,264.66212894940617,0.0,0.0,16.268439659334454,16.268439659334454,1.0
F-lr1,true_persistence,extratropics,0,thetao,0.0,0.0,91.88061453580991,91.88061453580991,0.0,0.0,9.585437628810169,9.585437628810169,1.0
F-lr1,true_persistence,extratropics,0,ts,0.0,,,,0.0,,,,
F-lr1,true_persistence,extratropics,0,uo,0.0,0.0,0.0036498695552275684,0.0036498695552275684,0.0,0.0,0.06041415028970919,0.06041415028970919,1.0
F-lr1,true_persistence,extratropics,0,vo,0.0,0.0,0.0030889873151848375,0.0030889873151848375,0.0,0.0,0.05557865881059777,0.05557865881059777,1.0
F-lr1,true_persistence,extratropics,0,zos,0.0,0.0,0.48620438304814423,0.48620438304814423,0.0,0.0,0.697283574342709,0.697283574342709,1.0
F-lr1,true_persistence,extratropics,5,so,0.00021507349863930357,0.001063463601209703,1203.8131713542705,1203.8158635205882,0.01466538436725419,0.03261078964406877,34.69601088532038,34.69604968178061,0.9999988818190952
F-lr1,true_persistence,extratropics,5,sst,0.0008073392423513657,0.10933200981129296,264.66212894940617,264.80069678720804,0.028413715743481453,0.3306539124391135,16.268439659334454,16.272697895161947,0.9997383202309214
F-lr1,true_persistence,extratropics,5,thetao,0.00026479084149497764,0.016691998540437993,91.88061453580991,91.89021460419285,0.016272395075555952,0.1291975175475055,9.585437628810169,9.585938378906514,0.9999477620159288
F-lr1,true_persistence,extratropics,5,ts,0.0002399321700671406,,,,0.015489744028457687,,,,
F-lr1,true_persistence,extratropics,5,uo,0.10305036636191212,0.00030088291140941586,0.0036498695552275684,0.0036474312009881155,0.32101458901724716,0.017345976807589012,0.06041415028970919,0.06039396659425605,1.0003342005268299
F-lr1,true_persistence,extratropics,5,vo,0.1726736904877985,0.0003879782773062463,0.0030889873151848375,0.003091959232748583,0.41554023931239015,0.01969716419452928,0.05557865881059777,0.05560538852259359,0.99951929637206
F-lr1,true_persistence,extratropics,5,zos,0.0019571017568008587,0.0009072272970124272,0.48620438304814423,0.4863526396679156,0.044239142812681834,0.030120214093070904,0.697283574342709,0.6973898763732634,0.9998475715892132
F-lr1,true_persistence,extratropics,10,so,0.0005731591550500728,0.002715767923489661,1203.8131713542705,1203.8172161582934,0.023940742575159876,0.052113030265852525,34.69601088532038,34.69606917445106,0.9999983200076532
F-lr1,true_persistence,extratropics,10,sst,0.0023422749110995596,0.31719704800181914,264.66212894940617,264.84413516882694,0.04839705477712006,0.5632024928938251,16.268439659334454,16.274032541715865,0.9996563308837515
F-lr1,true_persistence,extratropics,10,thetao,0.0008113384913699199,0.051257212277613234,91.88061453580991,91.89780742649144,0.028484004131616045,0.22640055714952037,9.585437628810169,9.58633441032032,0.9999064520940156
F-lr1,true_persistence,extratropics,10,ts,0.0006922488232099964,,,,0.026310621870453698,,,,
F-lr1,true_persistence,extratropics,10,uo,0.22988193368876886,0.0005985889084256353,0.0036498695552275684,0.003650042322148721,0.4794600438918439,0.024466076686416958,0.06041415028970919,0.060415580127552534,0.9999763332928306
F-lr1,true_persistence,extratropics,10,vo,0.4013627334945954,0.000864865956650017,0.0030889873151848375,0.0030950805369513337,0.6335319514393851,0.029408603446100887,0.05557865881059777,0.05563344800523633,0.9990151752838796
F-lr1,true_persistence,extratropics,10,zos,0.0032660167668992625,0.0015139833922883132,0.48620438304814423,0.4864606968682222,0.05714907494351298,0.038909939505071364,0.697283574342709,0.697467344660825,0.9997365176742355
F-lr1,true_persistence,extratropics,15,so,0.0009711166603563443,0.004564984819615933,1203.8131713542705,1203.8167773930713,0.03116274475004319,0.0675646713868715,34.69601088532038,34.696062851468774,0.9999985022465341
F-lr1,true_persistence,extratropics,15,sst,0.0043820915120474585,0.5934343891914444,264.66212894940617,264.9074671581538,0.06619736786343894,0.7703469278133356,16.268439659334454,16.275978224308172,0.9995368287626203
F-lr1,true_persistence,extratropics,15,thetao,0.0014712980778361093,0.09619160240657047,91.88061453580991,91.90559417755247,0.03835750354019549,0.3101477106260346,9.585437628810169,9.586740539805616,0.9998640923898965
F-lr1,true_persistence,extratropics,15,ts,0.0012212073690962269,,,,0.034945777557470754,,,,
F-lr1,true_persistence,extratropics,15,uo,0.3280400138492916,0.000872582922568604,0.0036498695552275684,0.003641342693249186,0.5727477750714459,0.029539514596022123,0.06041415028970919,0.06034353895198048,1.0011701557276065
F-lr1,true_persistence,extratropics,15,vo,0.590082766637721,0.0013130715215131767,0.0030889873151848375,0.003082921659519059,0.7681684493896641,0.036236328753243986,0.05557865881059777,0.055524063787866416,1.0009832677762913
F-lr1,true_persistence,extratropics,15,zos,0.004260685682917593,0.001975068659051221,0.48620438304814423,0.48554731107721427,0.06527392804878218,0.044441744554542646,0.697283574342709,0.6968122495171954,1.000676401463723
F-lr1,true_persistence,extratropics,20,so,0.001385554945595646,0.006547702539251642,1203.8131713542705,1203.815321375245,0.03722304320707331,0.08091787527642852,34.69601088532038,34.69604186899775,0.9999991069967725
F-lr1,true_persistence,extratropics,20,sst,0.006858784112740592,0.9288346364040567,264.66212894940617,264.7955252907493,0.08281777655033122,0.9637606738210772,16.268439659334454,16.272538993370066,0.9997480827031797
F-lr1,true_persistence,extratropics,20,thetao,0.002193970090327154,0.149558835399546,91.88061453580991,91.90216510698583,0.04683983443957882,0.386728374184706,9.585437628810169,9.5865616936932,0.9998827457727862
F-lr1,true_persistence,extratropics,20,ts,0.0017897625179614,,,,0.04230558494999685,,,,
F-lr1,true_persistence,extratropics,20,uo,0.4049771989060487,0.0011233581713336104,0.0036498695552275684,0.0036474580241133764,0.636378188584468,0.03351653578957125,0.06041415028970919,0.06039418866176924,1.0003305223297516
F-lr1,true_persistence,extratropics,20,vo,0.7449529418154387,0.0017199722687259772,0.0030889873151848375,0.0030871982566572026,0.8631065645767263,0.04147254837511166,0.05557865881059777,0.05556256164592488,1.0002897124285859
F-lr1,true_persistence,extratropics,20,zos,0.00518992470549132,0.002405823483555107,0.48620438304814423,0.4854934140287264,0.07204113203921299,0.04904919452503891,0.697283574342709,0.6967735744334212,1.0007319449646215
F-lr1,true_persistence,extratropics,25,so,0.0018162883295611812,0.008681839657118042,1203.8131713542705,1203.8151419364283,0.042617934365254975,0.09317639001977938,34.69601088532038,34.69603928312897,0.9999991815259271
F-lr1,true_persistence,extratropics,25,sst,0.009848433455000723,1.3337008396182397,264.66212894940617,264.69304988360165,0.0992392737528884,1.1548596623045762,16.268439659334454,16.26938996654766,0.9999415892534902
F-lr1,true_persistence,extratropics,25,thetao,0.002968578738945127,0.21183950854555933,91.88061453580991,91.897203308665,0.0544846651723687,0.4602602617493274,9.585437628810169,9.58630290094492,0.9999097387028459
F-lr1,true_persistence,extratropics,25,ts,0.002392433534253154,,,,0.048912508975242255,,,,
F-lr1,true_persistence,extratropics,25,uo,0.47011690479463114,0.0013324495173048197,0.0036498695552275684,0.003646291957531004,0.685650716323283,0.03650273301144477,0.06041415028970919,0.060384534092191224,1.0004904599822324
F-lr1,true_persistence,extratropics,25,vo,0.8747568378291316,0.002053506131984825,0.0030889873151848375,0.0030822245559924397,0.9352843620146397,0.04531562790014969,0.05557865881059777,0.055517785942816915,1.001096457049702
F-lr1,true_persistence,extratropics,25,zos,0.0059416582055314094,0.0027542944451925213,0.48620438304814423,0.48579827914334306,0.07708215231512032,0.05248137236384469,0.697283574342709,0.6969923092426078,1.0004178885422965
F-lr1,true_persistence,extratropics,30,so,0.002262526433633239,0.010976231063342197,1203.8131713542705,1203.8158307478568,0.04756602183947318,0.10476750957879163,34.69601088532038,34.69604920949728,0.9999988954311003
F-lr1,true_persistence,extratropics,30,sst,0.013398058270339361,1.814400391747253,264.66212894940617,264.72332362936,0.11574998172932625,1.3469968046536906,16.268439659334454,16.27032032964809,0.9998844109842012
F-lr1,true_persistence,extratropics,30,thetao,0.003786226625019266,0.28273173756461745,91.88061453580991,91.8930253497211,0.06153232179122828,0.5317252463111164,9.585437628810169,9.58608498552569,0.9999324691241003
F-lr1,true_persistence,extratropics,30,ts,0.0030243765293262526,,,,0.05499433179270617,,,,
F-lr1,true_persistence,extratropics,30,uo,0.5259542041782495,0.0015251508594913352,0.0036498695552275684,0.003653029506141431,0.7252270018264967,0.039053179889624035,0.06041415028970919,0.06044029703882527,0.9995673954233003
F-lr1,true_persistence,extratropics,30,vo,0.9857706370219343,0.0023375054422675352,0.0030889873151848375,0.003089732657977778,0.9928598274791535,0.048347755297092496,0.05557865881059777,0.055585363702846974,0.9998793766595637
F-lr1,true_persistence,extratropics,30,zos,0.006787142434129156,0.0031462241895496303,0.48620438304814423,0.486308480151976,0.08238411518083541,0.056091213122463575,0.697283574342709,0.6973582150888996,0.9998929664201618
F-lr1,true_persistence,global,0,so,0.0,0.0,1210.2027203703358,1210.2027203703358,0.0,0.0,34.787968040262655,34.787968040262655,1.0
F-lr1,true_persistence,global,0,sst,0.0,0.0,447.4121497568458,447.4121497568458,0.0,0.0,21.15211927341669,21.15211927341669,1.0
F-lr1,true_persistence,global,0,thetao,0.0,0.0,142.8450749442232,142.8450749442232,0.0,0.0,11.951781245664732,11.951781245664732,1.0
F-lr1,true_persistence,global,0,ts,0.0,,,,0.0,,,,
F-lr1,true_persistence,global,0,uo,0.0,0.0,0.006036315295715531,0.006036315295715531,0.0,0.0,0.07769372751847817,0.07769372751847817,1.0
F-lr1,true_persistence,global,0,vo,0.0,0.0,0.003028792257069194,0.003028792257069194,0.0,0.0,0.05503446426621408,0.05503446426621408,1.0
F-lr1,true_persistence,global,0,zos,0.0,0.0,0.3823900824845439,0.3823900824845439,0.0,0.0,0.6183769744132974,0.6183769744132974,1.0
F-lr1,true_persistence,global,5,so,0.00026079973105410954,0.0013443306172242668,1210.2027203703358,1210.2049461904198,0.016149295063689607,0.036665114444445236,34.787968040262655,34.788000031482404,0.9999990803949718
F-lr1,true_persistence,global,5,sst,0.0006431060163491869,0.08709111316788072,447.4121497568458,447.5149160057607,0.025359535018394698,0.2951120349424617,21.15211927341669,21.154548352677274,0.9998851746102027
F-lr1,true_persistence,global,5,thetao,0.00026271944906731335,0.018562604494568848,142.8450749442232,142.85127031421823,0.01620862267644334,0.13624464941629394,11.951781245664732,11.95204042472323,0.9999783150784898
F-lr1,true_persistence,global,5,ts,0.00026175959006071147,,,,0.01617898606404961,,,,
F-lr1,true_persistence,global,5,uo,0.11666498003267084,0.0005992556951749948,0.006036315295715531,0.006021049417328951,0.34156255654370377,0.024479699654509544,0.07769372751847817,0.07759542136833172,1.0012669065830546
F-lr1,true_persistence,global,5,vo,0.2227798873387328,0.0007256999777334883,0.003028792257069194,0.0030267310920001978,0.4719956433471953,0.02693881915996854,0.05503446426621408,0.05501573494919611,1.0003404356414627
F-lr1,true_persistence,global,5,zos,0.0014111399015580607,0.0006541431122435454,0.3823900824845439,0.3824243370932762,0.03756514210751852,0.02557622161781418,0.6183769744132974,0.6184046709827443,0.9999552128715281
F-lr1,true_persistence,global,10,so,0.0006850335994933387,0.003388996244551559,1210.2027203703358,1210.2051304315771,0.026173146534059267,0.05821508605637854,34.787968040262655,34.78800267953849,0.9999990042752339
F-lr1,true_persistence,global,10,sst,0.0018451112302518302,0.24986982985277364,447.4121497568458,447.5531859735046,0.04295475794660971,0.4998698129040937,21.15211927341669,21.15545286618806,0.999842423946561
F-lr1,true_persistence,global,10,thetao,0.0007641235062714185,0.053360817821638616,142.8450749442232,142.85481616379704,0.02764278398192589,0.23099960567420588,11.951781245664732,11.9521887603818,0.9999659045949459
F-lr1,true_persistence,global,10,ts,0.0007245785528823785,,,,0.02691799682150175,,,,
F-lr1,true_persistence,global,10,uo,0.25632720988428,0.0012285356891456993,0.006036315295715531,0.006058213364304922,0.5062876750270344,0.03505047345109192,0.07769372751847817,0.07783452552887389,0.9981910596944091
F-lr1,true_persistence,global,10,vo,0.4864053281934131,0.0014803095352678333,0.003028792257069194,0.0030354276251364294,0.6974276508666781,0.03847479090609634,0.05503446426621408,0.05509471503816341,0.9989064146732114
F-lr1,true_persistence,global,10,zos,0.0024554079193903596,0.0011382203741995788,0.3823900824845439,0.3825429512394799,0.049552072806194086,0.03373752175545173,0.6183769744132974,0.6185005668869511,0.9998001740333469
F-lr1,true_persistence,global,15,so,0.0011351375934459122,0.005508414748301496,1210.2027203703358,1210.2040153150544,0.033691803060179375,0.07421869540959,34.787968040262655,34.787986652220255,0.9999994649889404
F-lr1,true_persistence,global,15,sst,0.00338926241436799,0.4589828567372428,447.4121497568458,447.6225280761719,0.05821737210118635,0.6774827353794655,21.15211927341669,21.157091673388663,0.9997649771505114
F-lr1,true_persistence,global,15,thetao,0.0013529863115311221,0.09586084930641868,142.8450749442232,142.8625363302485,0.03678296224519067,0.30961403279957883,11.951781245664732,11.95251171638198,0.9999388855886878
F-lr1,true_persistence,global,15,ts,0.0012440619524885172,,,,0.0352712624169949,,,,
F-lr1,true_persistence,global,15,uo,0.37157445433037134,0.001754605747566401,0.006036315295715531,0.00607172364122181,0.6095690726491718,0.0418880143664796,0.07769372751847817,0.07792126565464533,0.9970798968130775
F-lr1,true_persistence,global,15,vo,0.6761499506910071,0.001991036474759049,0.003028792257069194,0.003021085084922215,0.8222833761490057,0.04462103175363664,0.05503446426621408,0.05496439834040044,1.0012747510739535
F-lr1,true_persistence,global,15,zos,0.003300508627705608,0.0015299723241383627,0.3823900824845439,0.38176642012114476,0.057450053330746424,0.039114860656000845,0.6183769744132974,0.6178724950352983,1.0008164781278543
F-lr1,true_persistence,global,20,so,0.0015890675071507233,0.007681932246484785,1210.2027203703358,1210.202575716042,0.039863109602121145,0.08764663283027355,34.787968040262655,34.78796596117746,1.0000000597644942
F-lr1,true_persistence,global,20,sst,0.005234123540411869,0.708818817228982,447.4121497568458,447.5783386230469,0.07234724279757916,0.8419137825389141,21.15211927341669,21.156047329854573,0.9998143293793667
F-lr1,true_persistence,global,20,thetao,0.001976810163977099,0.14372190341920343,142.8450749442232,142.8654907852846,0.0444613333580663,0.37910671771837995,11.951781245664732,11.95263530713142,0.9999285461787512
F-lr1,true_persistence,global,20,ts,0.0017829388355639112,,,,0.04222486039721045,,,,
F-lr1,true_persistence,global,20,uo,0.4568817536606553,0.0021373851444860875,0.006036315295715531,0.006062034398403562,0.6759302875745806,0.046231862870601347,0.07769372751847817,0.07785906754131829,0.9978764191755524
F-lr1,true_persistence,global,20,vo,0.7910168369611105,0.0022878155546402056,0.003028792257069194,0.0030253581323639433,0.8893912732656591,0.04783111492156759,0.05503446426621408,0.055003255652406095,1.0005673957557204
F-lr1,true_persistence,global,20,zos,0.0040787027048115885,0.0018907092768002264,0.3823900824845439,0.3817692986040404,0.06386472191133058,0.0434822869315797,0.6183769744132974,0.6178748243811528,1.0008127051181404
F-lr1,true_persistence,global,25,so,0.00204613946713407,0.009936137912648527,1210.2027203703358,1210.2032899020012,0.045234273146963135,0.09968017813310993,34.787968040262655,34.78797622601811,0.999999764695842
F-lr1,true_persistence,global,25,sst,0.00743844932547267,1.0073344295073037,447.4121497568458,447.44390838314786,0.08624644529180707,1.003660515068369,21.15211927341669,21.152869979819474,0.9999645104232429
F-lr1,true_persistence,global,25,thetao,0.002622685182447668,0.19686893302494163,142.8450749442232,142.86061202031462,0.05121215854118696,0.4436991469734212,11.951781245664732,11.952431217970451,0.9999456200756259
F-lr1,true_persistence,global,25,ts,0.002334412324790869,,,,0.04831575648575596,,,,
F-lr1,true_persistence,global,25,uo,0.5264408969929851,0.002463418471626022,0.006036315295715531,0.006050301252170681,0.7255624693939077,0.04963283662683427,0.07769372751847817,0.07778368242871175,0.9988435246644947
F-lr1,true_persistence,global,25,vo,0.8666074942046819,0.0024772016035292687,0.003028792257069194,0.0030246617876605224,0.9309175549986592,0.04977149388484606,0.05503446426621408,0.054996925256422496,1.0006825656091964
F-lr1,true_persistence,global,25,zos,0.00471159857415561,0.0021840922823739757,0.3823900824845439,0.3820452109129742,0.06864108517612182,0.04673427310201771,0.6183769744132974,0.6180980593020611,1.0004512473498968
F-lr1,true_persistence,global,30,so,0.0025214673538412335,0.012371841970732054,1210.2027203703358,1210.2057858213093,0.05021421465921013,0.11122878211475686,34.787968040262655,34.78801209930383,0.9999987334993145
F-lr1,true_persistence,global,30,sst,0.010055743804615361,1.361775347379723,447.4121497568458,447.40683569089333,0.10027833168045508,1.1669513046308844,21.15211927341669,21.151993657593916,1.0000059387226004
F-lr1,true_persistence,global,30,thetao,0.003303478524578262,0.25680000187029495,142.8450749442232,142.8516729706198,0.057475895161173976,0.5067543802181634,11.951781245664732,11.952057269383367,0.9999769057566898
F-lr1,true_persistence,global,30,ts,0.002912472939209748,,,,0.05396733214834459,,,,
F-lr1,true_persistence,global,30,uo,0.5906110107740273,0.0028014332657423638,0.006036315295715531,0.00603941450658323,0.7685122060019784,0.052928567576899,0.07769372751847817,0.07771367001102979,0.9997433850113012
F-lr1,true_persistence,global,30,vo,0.942373560312769,0.0026864640597081295,0.003028792257069194,0.0030287501390764563,0.970759270011247,0.051831110924888825,0.05503446426621408,0.05503408161381869,1.0000069530077393
F-lr1,true_persistence,global,30,zos,0.005412730204900958,0.0025091064221347496,0.3823900824845439,0.38252979486879674,0.07357125936737088,0.050090981445113945,0.6183769744132974,0.6184899310973435,0.9998173669798541
F-lr1,true_persistence,tropics,0,so,0.0,0.0,1221.1740320297963,1221.1740320297963,0.0,0.0,34.94530057146163,34.94530057146163,1.0
F-lr1,true_persistence,tropics,0,sst,0.0,0.0,764.1281806098091,764.1281806098091,0.0,0.0,27.642868530776777,27.642868530776777,1.0
F-lr1,true_persistence,tropics,0,thetao,0.0,0.0,230.62646323308667,230.62646323308667,0.0,0.0,15.186390724365243,15.186390724365243,1.0
F-lr1,true_persistence,tropics,0,ts,0.0,,,,0.0,,,,
F-lr1,true_persistence,tropics,0,uo,0.0,0.0,0.01017016792576906,0.01017016792576906,0.0,0.0,0.10084725046211751,0.10084725046211751,1.0
F-lr1,true_persistence,tropics,0,vo,0.0,0.0,0.002943038601592826,0.002943038601592826,0.0,0.0,0.05424977973773558,0.05424977973773558,1.0
F-lr1,true_persistence,tropics,0,zos,0.0,0.0,0.20247419479519427,0.20247419479519427,0.0,0.0,0.4499713266367028,0.4499713266367028,1.0
F-lr1,true_persistence,tropics,5,so,0.0003404126266003254,0.0018302514981010166,1221.1740320297963,1221.1754554695806,0.01845027443157216,0.04278143871004126,34.94530057146163,34.94532093813964,0.9999994171844052
F-lr1,true_persistence,tropics,5,sst,0.00035848081769826164,0.0485464182465967,764.1281806098091,764.1688966076783,0.01893358966752638,0.22033251745168417,27.642868530776777,27.643604985740886,0.9999733589390932
F-lr1,true_persistence,tropics,5,thetao,0.00026161080372282604,0.021788072061703675,230.62646323308667,230.626773843594,0.016174387275035368,0.14760783197955207,15.186390724365243,15.18640095096906,0.9999993265946387
F-lr1,true_persistence,tropics,5,ts,0.00030101171516157575,,,,0.01734968919495608,,,,
F-lr1,true_persistence,tropics,5,uo,0.1419387230652561,0.001115153027369954,0.01017016792576906,0.010132723456349605,0.37674755880464056,0.0333939070396076,0.10084725046211751,0.10066142983461741,1.0018459963046957
F-lr1,true_persistence,tropics,5,vo,0.31022034072926674,0.0013089487577676775,0.002943038601592826,0.0029323185698539238,0.5569742729509746,0.03617939686848963,0.05424977973773558,0.05415088706433094,1.0018262429069196
F-lr1,true_persistence,tropics,5,zos,0.0004649578865306535,0.00021553426396539192,0.20247419479519427,0.20231088153039561,0.021562882148049075,0.014681085244810477,0.4499713266367028,0.4497898192827352,1.0004035381553478
F-lr1,true_persistence,tropics,10,so,0.0008800619941270973,0.004553557677628866,1221.1740320297963,1221.173619028484,0.02966583884077943,0.06748005392431801,34.94530057146163,34.945294662207154,1.0000001691001474
F-lr1,true_persistence,tropics,10,sst,0.0009834992474725343,0.13318806254502494,764.1281806098091,764.1982039634628,0.031360791563232814,0.36494939723888425,27.642868530776777,27.644135073528034,0.9999541840340496
F-lr1,true_persistence,tropics,10,thetao,0.0006909988761730634,0.05699796600561229,230.62646323308667,230.62331886524305,0.02628685747998538,0.2387424679557709,15.186390724365243,15.186287198168058,1.0000068170841123
F-lr1,true_persistence,tropics,10,ts,0.0007855304351500804,,,,0.028027315874876075,,,,
F-lr1,true_persistence,tropics,10,uo,0.3060070616665956,0.002317987270289262,0.01017016792576906,0.010229659401123631,0.5531790502781134,0.048145480268549215,0.10084725046211751,0.10114177871247683,0.9970879664752921
F-lr1,true_persistence,tropics,10,vo,0.6358691082513757,0.0025436453310899313,0.002943038601592826,0.002950692858166014,0.7974140130768806,0.05043456484485547,0.05424977973773558,0.05432028035794747,0.998702130774228
F-lr1,true_persistence,tropics,10,zos,0.001050578159835105,0.0004870023641904121,0.20247419479519427,0.2024477909911762,0.03241262346424777,0.02206813005649577,0.4499713266367028,0.4499419862506457,1.0000652092646467
F-lr1,true_persistence,tropics,15,so,0.0014212796397807047,0.007139879151364925,1221.1740320297963,1221.1713305832793,0.037699862596310675,0.08449780560088484,34.94530057146163,34.945261918939444,1.0000011060876373
F-lr1,true_persistence,tropics,15,sst,0.0016686349814390325,0.22597095069259102,764.1281806098091,764.2779658153804,0.040848928767337735,0.47536401913963894,27.642868530776777,27.64557769002812,0.9999020038835246
F-lr1,true_persistence,tropics,15,thetao,0.0011636219377066256,0.0953007302057227,230.62646323308667,230.6309176207124,0.03411190316746671,0.30870816349057356,15.186390724365243,15.186537380874958,0.9999903429922149
F-lr1,true_persistence,tropics,15,ts,0.001292450788743665,,,,0.0359506716035134,,,,
F-lr1,true_persistence,tropics,15,uo,0.45139376563255235,0.0032797633103180523,0.01017016792576906,0.010281492802433246,0.6718584416620456,0.05726921782526851,0.10084725046211751,0.10139769623829353,0.9945714173339557
F-lr1,true_persistence,tropics,15,vo,0.8286517179674573,0.0031632117071901415,0.002943038601592826,0.0029324916814102296,0.9103030912654627,0.05624243688879547,0.05424977973773558,0.05415248545921258,1.0017966724462959
F-lr1,true_persistence,tropics,15,zos,0.001636468895917914,0.0007585958410712464,0.20247419479519427,0.20190843036680506,0.04045329276978469,0.027542618631336536,0.4499713266367028,0.44934221965758464,1.0014000620275512
F-lr1,true_persistence,tropics,20,so,0.0019443855646521836,0.00964285906009507,1221.1740320297963,1221.1699123352148,0.04409518754526602,0.09819806036829377,34.94530057146163,34.94524162651068,1.000001686780466
F-lr1,true_persistence,tropics,20,sst,0.002418497383284018,0.32751929609462466,764.1281806098091,764.3511999881629,0.04917822061933533,0.572293015940807,27.642868530776777,27.6469021770643,0.9998541013289051
F-lr1,true_persistence,tropics,20,thetao,0.0016233623675105404,0.13366304332922818,230.62646323308667,230.64490313107183,0.04029097129023499,0.365599566916084,15.186390724365243,15.186997831404067,0.9999600245522147
F-lr1,true_persistence,tropics,20,ts,0.001783873966081362,,,,0.04223593216778058,,,,
F-lr1,true_persistence,tropics,20,uo,0.5515081540090743,0.003890831083074154,0.01017016792576906,0.010244555810134651,0.7426359498496381,0.06237652669934544,0.10084725046211751,0.1012153931481504,0.996362779666389
F-lr1,true_persistence,tropics,20,vo,0.8772317270833974,0.0032718924189960416,0.002943038601592826,0.0029367464090602246,0.9366064953241555,0.0572004582061721,0.05424977973773558,0.05419175591416304,1.0010707131111316
F-lr1,true_persistence,tropics,20,zos,0.002152893962714817,0.0009979880514855172,0.20247419479519427,0.20200970227068119,0.04639928838586662,0.03159094888548803,0.4499713266367028,0.4494548945897477,1.001149018629392
F-lr1,true_persistence,tropics,25,so,0.0024479090433138576,0.012104158121120857,1221.1740320297963,1221.1721649575525,0.04947634832234345,0.11001889892705188,34.94530057146163,34.94527385724073,1.0000007644587652
F-lr1,true_persistence,tropics,25,sst,0.003261814392501002,0.441723510773495,764.1281806098091,764.1613788026752,0.05711229633363556,0.6646228334728614,27.642868530776777,27.6434690081161,0.999978277786368
F-lr1,true_persistence,tropics,25,thetao,0.0020534401566219135,0.1710486597165408,230.62646323308667,230.64014333887937,0.0453148999405484,0.41358029415887404,15.186390724365243,15.18684112443662,0.9999703427416086
F-lr1,true_persistence,tropics,25,ts,0.0022506745999678855,,,,0.04744127527763019,,,,
F-lr1,true_persistence,tropics,25,uo,0.6293990367479871,0.004419363381509847,0.01017016792576906,0.010214627334406852,0.7933467317308285,0.06647829255862282,0.10084725046211751,0.10106743953621686,0.9978213648717157
F-lr1,true_persistence,tropics,25,vo,0.8630738406502015,0.003215210931384861,0.002943038601592826,0.002943455925030582,0.9290176751010724,0.05670283001213309,0.05424977973773558,0.054253625915975254,0.9999291074435166
F-lr1,true_persistence,tropics,25,zos,0.0025798376318010336,0.0011959005778683163,0.20247419479519427,0.20223544221935846,0.050792102061255874,0.03458179546912387,0.4499713266367028,0.44970595083827664,1.0005901095992427
F-lr1,true_persistence,tropics,30,so,0.0029744322503092086,0.014783720369610622,1221.1740320297963,1221.1777864219914,0.05453835577196299,0.12158832332757377,34.94530057146163,34.94535428954744,0.9999984627975048
F-lr1,true_persistence,tropics,30,sst,0.004263328786967553,0.5773512310150898,764.1281806098091,764.0076028843118,0.0652941711561419,0.7598363185680781,27.642868530776777,27.640687453178725,1.0000789082254826
F-lr1,true_persistence,tropics,30,thetao,0.002503850283367905,0.21205204600230387,230.62646323308667,230.622964074716,0.0500384880204019,0.46049109220733453,15.186390724365243,15.186275516884185,1.0000075862894051
F-lr1,true_persistence,tropics,30,ts,0.002739141266838557,,,,0.05233680604353457,,,,
F-lr1,true_persistence,tropics,30,uo,0.7084434899179178,0.005008848523691271,0.01017016792576906,0.010173216723607506,0.8416908517489767,0.07077321897223038,0.10084725046211751,0.10086236524892477,0.99985014443425
F-lr1,true_persistence,tropics,30,vo,0.8807997886628182,0.003297837051622767,0.002943038601592826,0.0029416438090203428,0.9385093439400687,0.057426797330364564,0.05424977973773558,0.05423692293097335,1.0002370489708385
F-lr1,true_persistence,tropics,30,zos,0.0030307984461706403,0.001404946403591984,0.20247419479519427,0.20267562959531338,0.05505268791049753,0.03748261468457055,0.4499713266367028,0.45019510170071086,0.9995029375860317
