mode,case,day,steps,channel,domain,rmse,initial_noise_gradient_correlation,initial_noise_gradient_gain,crps,spread,spread_rmse,member_roughness,reference_roughness,member_high_power,mean_high_power
pretrained,om4-2015,30,128,thetao_0,global,1.0867395307161285,0.3752588784418174,0.3415007826386223,0.5875510867780908,1.0571645993580678,0.9727856302985761,1.3955621638444906,0.6221208055806847,2.5340432459848854,0.3231891642087261
pretrained,om4-2015,30,128,thetao_0,60,1.0780150237108903,0.37110192134764997,0.3346942314425219,0.5821407307002394,1.0487048880941447,0.9728110137873124,1.382057039655801,0.6278696136132397,2.5340432459848854,0.3231891642087261
pretrained,om4-2015,30,128,zos,global,0.0725108076122783,0.3846299357272664,0.024190998986357837,0.03564976149292111,0.07759241072048502,1.0700806303989676,0.09938197211581741,0.05993530056418479,0.01124619716303683,0.001658353572562901
pretrained,om4-2015,30,128,zos,60,0.06534133735341124,0.38019006072583666,0.023825681174494955,0.032575173658643104,0.07729829349752251,1.1829922163888347,0.09874883203445889,0.06091258863641323,0.01124619716303683,0.001658353572562901
pretrained,om4-2015,30,128,thetao_9,global,0.47897266640565184,0.40723543066002316,0.30389466178369334,0.2486186911561295,0.7943331176403381,1.6584101209808932,1.0955135812159873,0.47283509541931085,2.2506788767485917,0.3149071261383698
pretrained,om4-2015,30,128,thetao_9,60,0.48037033723255196,0.40611740187058454,0.30349933222415904,0.2485868277499391,0.7955370710240783,1.6560911641780893,1.0964387737425554,0.4793849352827995,2.2506788767485917,0.3149071261383698
pretrained,om4-2015,30,128,so_9,global,0.07632040927008242,0.3521476190898408,0.03370794338106147,0.03849686100371997,0.10382022872592997,1.3603206497298943,0.14219919823611835,0.06138304975750119,0.03441452377195608,0.004804859963748396
pretrained,om4-2015,30,128,so_9,60,0.0773149154740577,0.3521115969696957,0.03377072867516381,0.0388963702311201,0.10401105298923785,1.3452909099297639,0.1425467130260149,0.062398342823769076,0.03441452377195608,0.004804859963748396
pretrained,om4-2015,30,16,thetao_0,global,1.103108797503503,0.39636614752585514,0.377699833109124,0.594418230013889,1.104766134672398,1.0015024240334642,1.4536169677201234,0.6221208055806847,2.7365659130960402,0.34868562202072645
pretrained,om4-2015,30,16,thetao_0,60,1.0949169131725733,0.3922788541032132,0.3702679768226346,0.5897218312417796,1.0952575836050205,1.0003111381588399,1.4384557452558686,0.6278696136132397,2.7365659130960402,0.34868562202072645
pretrained,om4-2015,30,16,zos,global,0.07308848332234463,0.39942419709242766,0.02642448000271125,0.035971787202327785,0.08131335760359382,1.1125331092858328,0.10362164475103616,0.05993530056418479,0.01245814177679094,0.001833408825322938
pretrained,om4-2015,30,16,zos,60,0.06605405075574808,0.39514032659337006,0.026043674724951105,0.03297764400571074,0.08099490236015847,1.22619129990465,0.10294723258830159,0.06091258863641323,0.01245814177679094,0.001833408825322938
pretrained,om4-2015,30,16,thetao_9,global,0.49015483399640314,0.4130838073416998,0.3246678847582748,0.25687632265397237,0.8369404455258618,1.7075021757961555,1.1499311797499436,0.47283509541931085,2.48830903856035,0.3454411437080044
pretrained,om4-2015,30,16,thetao_9,60,0.49111975364511135,0.4120067338752121,0.32429679608001233,0.2567079120654032,0.8382266123578147,1.706766233971372,1.15090026173981,0.4793849352827995,2.48830903856035,0.3454411437080044
pretrained,om4-2015,30,16,so_9,global,0.0784192356534346,0.36307744606142406,0.03656975246179562,0.03971490752387335,0.10919366504889676,1.3924347022644603,0.14903786712403266,0.06138304975750119,0.038034971632820616,0.005304827319417571
pretrained,om4-2015,30,16,so_9,60,0.07947035183924912,0.3630104839931449,0.03663599787358526,0.04014295836051347,0.10939480006663022,1.3765485811351585,0.14939915444466406,0.062398342823769076,0.038034971632820616,0.005304827319417571
pretrained,om4-2015,30,32,thetao_0,global,1.0918804740313728,0.3784149336716996,0.3475601712988331,0.5902330833682699,1.0664845759668056,0.9767411372686224,1.4069259387249313,0.6221208055806847,2.5744319803414384,0.3281996362335562
pretrained,om4-2015,30,32,thetao_0,60,1.0832168409503793,0.37433871900485466,0.34072085470566565,0.5849149838087575,1.0578406051485754,0.976573263226281,1.3930878629233017,0.6278696136132397,2.5744319803414384,0.3281996362335562
pretrained,om4-2015,30,32,zos,global,0.07268977112204793,0.38647901684968333,0.024559331397937742,0.03575591235467629,0.07833466926475913,1.0776573932697253,0.10022537225951783,0.05993530056418479,0.01147932151172133,0.00169032551587806
pretrained,om4-2015,30,32,zos,60,0.06556848846563076,0.3821929909468948,0.02419917558649906,0.0327059675538285,0.07803730353759637,1.1901647477888928,0.09958396487906541,0.06091258863641323,0.01147932151172133,0.00169032551587806
pretrained,om4-2015,30,32,thetao_9,global,0.48161639952531377,0.4079409684196325,0.30771868067691927,0.25047249409555,0.8030327338888751,1.6673699954576975,1.1065824719667299,0.47283509541931085,2.2982445562437275,0.32104261535240025
pretrained,om4-2015,30,32,thetao_9,60,0.48283942841607963,0.40685079856680173,0.30734549223898733,0.250374582651863,0.8042620990388294,1.6656926748446248,1.1075280599334603,0.4793849352827995,2.2982445562437275,0.32104261535240025
pretrained,om4-2015,30,32,so_9,global,0.0767383393129733,0.353703240590357,0.034213946983486516,0.03873449768250962,0.1049098573265473,1.3671113848148047,0.14357239640931016,0.06138304975750119,0.035116429025744716,0.004897083559565681
pretrained,om4-2015,30,32,so_9,60,0.07775063458442705,0.35366440131581683,0.03427790116231202,0.03914287176357888,0.10510354329732147,1.3518030284780858,0.1439233339605114,0.062398342823769076,0.035116429025744716,0.004897083559565681
pretrained,om4-2015,30,64,thetao_0,global,1.088353545729928,0.37549582470402115,0.34229036298847487,0.5884558023389437,1.0588432811909259,0.9728854059833926,1.3975782812490014,0.6221208055806847,2.541244367123408,0.32393488505053747
pretrained,om4-2015,30,64,thetao_0,60,1.079908652335939,0.37141641530197445,0.3355589943311561,0.5832250889106786,1.0504078098284855,0.9726820945052709,1.3840680806808545,0.6278696136132397,2.541244367123408,0.32393488505053747
pretrained,om4-2015,30,64,zos,global,0.07253036773097207,0.3845711674903017,0.024234417556301076,0.03566467588634042,0.0777263231868606,1.071638344302365,0.09953933003209747,0.05993530056418479,0.01128647446936589,0.001662280178144356
pretrained,om4-2015,30,64,zos,60,0.06537983281945793,0.3802282336647576,0.02387657238203496,0.032598964738805344,0.07743724022076276,1.1844208968016263,0.09891073555734178,0.06091258863641323,0.01128647446936589,0.001662280178144356
pretrained,om4-2015,30,64,thetao_9,global,0.4793566965297738,0.40721739598999906,0.30447365536019827,0.2489115520958212,0.7959106565062363,1.6603724580632842,1.097512662388053,0.47283509541931085,2.259058603993006,0.3160085940595392
pretrained,om4-2015,30,64,thetao_9,60,0.4807384067606987,0.40611999886993627,0.3040949764563842,0.24887590766481799,0.7971236035795395,1.6581234042661597,1.098446882973746,0.4793849352827995,2.259058603993006,0.3160085940595392
pretrained,om4-2015,30,64,so_9,global,0.07645356270086202,0.35222298040454475,0.03378091912245165,0.03855881426038445,0.10402253105076462,1.360597562441544,0.14245306583555836,0.06138304975750119,0.03453761846276643,0.004822696970562616
pretrained,om4-2015,30,64,so_9,60,0.07745357043831459,0.35219606801979414,0.033845117040346755,0.038960233779855226,0.10421494212049644,1.345515016683383,0.1428023553620162,0.062398342823769076,0.03453761846276643,0.004822696970562616
pretrained,om4-2015,365,128,thetao_0,global,7.139313508385244,0.5823290071054128,0.6211033388835228,5.584248242797401,1.272544213523724,0.17824461862181837,1.7907514470829171,0.6025147570873343,3.9534467904425057,0.4678749867232962
pretrained,om4-2015,365,128,thetao_0,60,6.620659899614252,0.5825517434003326,0.6189394633686326,5.128900952232878,1.2698920865645071,0.19180747928744935,1.7546040209921028,0.604997974236506,3.9534467904425057,0.4678749867232962
pretrained,om4-2015,365,128,zos,global,0.3930828895679035,0.5775368460281318,0.041796660361554855,0.2524863418457084,0.09156884218116897,0.23295046569395592,0.1218652723585788,0.06080325955307638,0.01648293812440262,0.00270855482084976
pretrained,om4-2015,365,128,zos,60,0.31303612689824617,0.5764339911727842,0.04169831890525895,0.2080236847067222,0.09156610824642641,0.29250971494478784,0.119108525309806,0.06149400549434804,0.01648293812440262,0.00270855482084976
pretrained,om4-2015,365,128,thetao_9,global,2.0742951990699057,0.5037651309619612,0.3904761479853835,1.2795400684399634,0.8303004765267106,0.4002807685709389,1.1242164583055039,0.48012228084744607,2.436880662085427,0.32271596044917467
pretrained,om4-2015,365,128,thetao_9,60,1.9395941425809329,0.5029139615285215,0.3904959959881824,1.1559051694483504,0.8318009823548842,0.42885311111944435,1.124786971193692,0.4859555234154341,2.436880662085427,0.32271596044917467
pretrained,om4-2015,365,128,so_9,global,0.3356263522991654,0.4951662029156272,0.05095896078551941,0.1618474723709566,0.11338148646990948,0.33782057247055874,0.15293042630044534,0.06206928729181082,0.0416042271657967,0.005923562093487574
pretrained,om4-2015,365,128,so_9,60,0.347197373482011,0.49523323290161936,0.0510819857587679,0.1682844719264616,0.11364415013500978,0.32731857673715353,0.15323056459210327,0.06312387092255765,0.0416042271657967,0.005923562093487574
pretrained,om4-2015,365,16,thetao_0,global,7.144181190860234,0.6413218226503309,0.7480359536506884,5.536655924392404,1.375533394013915,0.1925389848417725,1.9207512018316864,0.6025147570873343,4.6916955552003685,0.5507719149080159
pretrained,om4-2015,365,16,thetao_0,60,6.6280988820853555,0.6415467892561364,0.7452043985481125,5.084340387682183,1.372204074398782,0.20702830461802862,1.8843002488731904,0.604997974236506,4.6916955552003685,0.5507719149080159
pretrained,om4-2015,365,16,zos,global,0.3930836432064446,0.62944645585998,0.04957751551485758,0.25002121233535457,0.0984331635891573,0.25041276911504795,0.1302304394847789,0.06080325955307638,0.019617373716690145,0.003190751141501585
pretrained,om4-2015,365,16,zos,60,0.31309082343332634,0.6282786767027965,0.049446427753945525,0.20566521721954253,0.09839877887892218,0.31428190005663487,0.1274992680046627,0.06149400549434804,0.019617373716690145,0.003190751141501585
pretrained,om4-2015,365,16,thetao_9,global,2.0817432762871997,0.5333816310135439,0.4396192634412057,1.2685356704909305,0.8822360088391001,0.4237967375173046,1.1926614127654214,0.48012228084744607,2.7373031719058667,0.3593710718491678
pretrained,om4-2015,365,16,thetao_9,60,1.9464525144842295,0.5324368054497318,0.43955768445088306,1.14554441643446,0.88375616518294,0.4540342795966525,1.193259248566234,0.4859555234154341,2.7373031719058667,0.3593710718491678
pretrained,om4-2015,365,16,so_9,global,0.3395114246763419,0.5397969643987263,0.059600944428935536,0.16289419145569892,0.12130065195686254,0.35728002989148044,0.16328507198103182,0.06206928729181082,0.04763401757919297,0.006839633157115124
pretrained,om4-2015,365,16,so_9,60,0.3511619290804097,0.5396467232097283,0.059712584603936546,0.16932926294972853,0.12156632293852829,0.34618309352860344,0.16359292523224483,0.06312387092255765,0.04763401757919297,0.006839633157115124
pretrained,om4-2015,365,32,thetao_0,global,7.141565166887294,0.5926046149153521,0.6428681872002882,5.576729949632378,1.291677724562331,0.18086759616104134,1.8144804574435334,0.6025147570873343,4.083544367757078,0.48280975319393493
pretrained,om4-2015,365,32,thetao_0,60,6.623833957533925,0.5928262994864646,0.6405907096048322,5.122207703626188,1.2889163414979692,0.19458765871266448,1.7783181967183646,0.604997974236506,4.083544367757078,0.48280975319393493
pretrained,om4-2015,365,32,zos,global,0.39311003516390386,0.5864867666547835,0.04314400743794563,0.2521552808564726,0.0928782582410908,0.2362652945309982,0.12341092316574957,0.06080325955307638,0.017031699959312103,0.0027927086768259023
pretrained,om4-2015,365,32,zos,60,0.3131922105318826,0.5853681851101652,0.0430409885450555,0.20777442470993915,0.09287146579049013,0.2965318506254354,0.12066317629503291,0.06149400549434804,0.017031699959312103,0.0027927086768259023
pretrained,om4-2015,365,32,thetao_9,global,2.075504855632545,0.5087690878559825,0.3993539190834184,1.2768087261388321,0.8407554840362733,0.40508480707940286,1.137919236305446,0.48012228084744607,2.496427174050127,0.3298309827449591
pretrained,om4-2015,365,32,thetao_9,60,1.9402445291613355,0.5079016695928508,0.39936227159928245,1.153006673782552,0.8422650017567208,0.4341025005341915,1.1385093575497085,0.4859555234154341,2.496427174050127,0.3298309827449591
pretrained,om4-2015,365,32,so_9,global,0.3363304141327683,0.5027708556668448,0.05247092861573441,0.16197411611991827,0.11492269128975514,0.3416958040684027,0.15492824199619415,0.06206928729181082,0.042724440024352314,0.006084465167977312
pretrained,om4-2015,365,32,so_9,60,0.3479213835994225,0.5027989666550682,0.05259259511918799,0.16841461800856686,0.11518661361074957,0.3310708080632638,0.15523196830825048,0.06312387092255765,0.042724440024352314,0.006084465167977312
pretrained,om4-2015,365,64,thetao_0,global,7.140031941306064,0.5837692694646059,0.6243474067927803,5.583504058955709,1.2755986645470483,0.17865447592293462,1.7946192064319064,0.6025147570873343,3.9744337097217604,0.47000673997920867
pretrained,om4-2015,365,64,thetao_0,60,6.621748527480004,0.583996240516065,0.6221742255379955,5.12844554174012,1.2729458682451937,0.19223712029572204,1.7584662613257367,0.604997974236506,3.9744337097217604,0.47000673997920867
pretrained,om4-2015,365,64,zos,global,0.39310194955734157,0.5787431207129068,0.04199459449973676,0.25241830534402115,0.09178038361678138,0.23347730460286978,0.12211656373512064,0.06080325955307638,0.016577393562361424,0.002725118974151051
pretrained,om4-2015,365,64,zos,60,0.3130544157506131,0.5776473075741212,0.04189641262650478,0.20795678470318535,0.09177667316921802,0.2931652407750402,0.11936095900333704,0.06149400549434804,0.016577393562361424,0.002725118974151051
pretrained,om4-2015,365,64,thetao_9,global,2.0745103562512086,0.5044578249943342,0.39189617925714615,1.2790384093406026,0.832170368833024,0.4011406191949875,1.126655494056673,0.48012228084744607,2.4476588680564477,0.3240833350494646
pretrained,om4-2015,365,64,thetao_9,60,1.9396920811577827,0.5036068048187639,0.3919167435045272,1.1553619625840046,0.8336732337839603,0.42979668880554955,1.1272307188813153,0.4859555234154341,2.4476588680564477,0.3240833350494646
pretrained,om4-2015,365,64,so_9,global,0.3358282688855968,0.4962315548785355,0.0511931892834885,0.16189946417442108,0.1136488630369845,0.3384136285313733,0.1532773512300566,0.06206928729181082,0.04179590117564469,0.005951844902363298
pretrained,om4-2015,365,64,so_9,60,0.3474042725516493,0.49629390250736166,0.05131612894092537,0.1683349802964536,0.11391177967469233,0.3278940090115237,0.1535780894842777,0.06312387092255765,0.04179590117564469,0.005951844902363298
pretrained,om4-2018,30,128,thetao_0,global,1.0574155063751587,0.3754167404473409,0.341704672729817,0.5672737713551809,1.057880869401349,1.0004400947625458,1.3982253710732928,0.6309301248071696,2.5375292347157905,0.32691019724167836
pretrained,om4-2018,30,128,thetao_0,60,1.0574467221280968,0.3712752115720395,0.33493233755374396,0.5687949661249535,1.0495518288883814,0.992534003771058,1.3853157179622282,0.637737908783947,2.5375292347157905,0.32691019724167836
pretrained,om4-2018,30,128,zos,global,0.06403502053020212,0.3848034250338339,0.024206193527667126,0.03215928814795011,0.07760597802431722,1.2119302435097115,0.09936874041885864,0.05923793194278928,0.011323165710614064,0.0016878952139912312
pretrained,om4-2018,30,128,zos,60,0.06218371940852826,0.38037875406466287,0.023841931862368132,0.031109363122588673,0.07731264101646829,1.2432939321070131,0.09872117797570941,0.05992681577510958,0.011323165710614064,0.0016878952139912312
pretrained,om4-2018,30,128,thetao_9,global,0.49091873857482593,0.40725952461822024,0.3039032442733639,0.25282843054690274,0.7943323554701143,1.6180526287835761,1.0957498061462092,0.4719207508181928,2.2536885400958213,0.3136468588967718
pretrained,om4-2018,30,128,thetao_9,60,0.49182420895313067,0.40612090965038566,0.3034824870607129,0.25247200960873445,0.7955108528937476,1.61746989760229,1.0967179295374268,0.480389559815641,2.2536885400958213,0.3136468588967718
pretrained,om4-2018,30,128,so_9,global,0.07901352560754529,0.3522375185962923,0.03371587895261667,0.03942227020554803,0.10382563375422305,1.314023554269908,0.14217906199807143,0.06244304880226386,0.03459395901275319,0.004838679492354467
pretrained,om4-2018,30,128,so_9,60,0.08039787191328182,0.35219990029712095,0.03377726385572222,0.039996865653306936,0.10401279965857586,1.2937257813336827,0.14251955058892216,0.06369350200821249,0.03459395901275319,0.004838679492354467
pretrained,om4-2018,30,16,thetao_0,global,1.073333921458994,0.39648547874312634,0.37790746869375036,0.5741290156862795,1.1054021713891817,1.0298772351167258,1.4563448336849911,0.6309301248071696,2.7411309454625044,0.35207080902584764
pretrained,om4-2018,30,16,thetao_0,60,1.0734923020387743,0.3924170166351434,0.37050786532260976,0.5760189030065294,1.0960268881641448,1.0209918469676706,1.4417475375622804,0.637737908783947,2.7411309454625044,0.35207080902584764
pretrained,om4-2018,30,16,zos,global,0.06471738085737468,0.3995536951463314,0.026437988227067517,0.032557341698105056,0.08132888054483203,1.2566775643171666,0.10361236260477287,0.05923793194278928,0.012526301030488095,0.0018643164801684677
pretrained,om4-2018,30,16,zos,60,0.06291670309870301,0.3952885925821452,0.026057219332345102,0.03155488322399861,0.0810102850851155,1.2875799445185085,0.10292012121506844,0.05992681577510958,0.012526301030488095,0.0018643164801684677
pretrained,om4-2018,30,16,thetao_9,global,0.5015725680386619,0.41308228768902244,0.32465329640485496,0.26087093170746894,0.8369247623353089,1.6686015457504,1.150136761662023,0.4719207508181928,2.4932542659043513,0.34486044745918604
pretrained,om4-2018,30,16,thetao_9,60,0.5020458166481228,0.4119906158412394,0.324260440244904,0.26038135537331414,0.8381859590590387,1.669540769516086,1.1511499348707164,0.480389559815641,2.4932542659043513,0.34486044745918604
pretrained,om4-2018,30,16,so_9,global,0.08106021533079319,0.3631179366974751,0.03657271170645187,0.04061805306099532,0.10919550288764074,1.3470912017940262,0.1490151839921747,0.06244304880226386,0.03824659118556352,0.005340379925807344
pretrained,om4-2018,30,16,so_9,60,0.08249077519974692,0.36304920891217674,0.036637464594321885,0.04121470750425535,0.10939248775255028,1.326117829389557,0.14936923465306737,0.06369350200821249,0.03824659118556352,0.005340379925807344
pretrained,om4-2018,30,32,thetao_0,global,1.0623976817627407,0.37853426822957054,0.3476924170959839,0.5698771921797641,1.067117379522691,1.004442496290202,1.4094797719985284,0.6309301248071696,2.5755302681800685,0.33185632341395616
pretrained,om4-2018,30,32,thetao_0,60,1.0624195308863567,0.3744737008533179,0.3408806013140445,0.5714372115106511,1.0585868499250337,0.9963924976434446,1.3962274182659378,0.637737908783947,2.5755302681800685,0.33185632341395616
pretrained,om4-2018,30,32,zos,global,0.06420713953477701,0.38658682059354055,0.024569636423686012,0.032261500037617165,0.07834599916156498,1.2202069696490658,0.10020887262299526,0.05923793194278928,0.011550048099674555,0.0017204775717570959
pretrained,om4-2018,30,32,zos,60,0.06237473116013185,0.38232681360408327,0.02421138185592174,0.03122637930700636,0.07804924715223134,1.2512959286647507,0.09955376494444948,0.05992681577510958,0.011550048099674555,0.0017204775717570959
pretrained,om4-2018,30,32,thetao_9,global,0.49341465973618354,0.40795164672237766,0.30771483261867716,0.25462945630527895,0.8030200779578209,1.627475110664883,1.1068003733887763,0.4719207508181928,2.3014213552873466,0.3196833866073511
pretrained,om4-2018,30,32,thetao_9,60,0.49414766156620193,0.40684328704168293,0.307317729833832,0.2542065562334044,0.8042239762820678,1.6274972823570153,1.107790716001571,0.480389559815641,2.3014213552873466,0.3196833866073511
pretrained,om4-2018,30,32,so_9,global,0.07941927440890068,0.3537569357245857,0.03421726023608904,0.039654714440201175,0.10490745894474236,1.3209319743292087,0.14355010945749277,0.06244304880226386,0.03532438769987056,0.004933508107395861
pretrained,om4-2018,30,32,so_9,60,0.0808189994268319,0.3537120586799884,0.0342793343751182,0.04023674892191882,0.10509731741242206,1.3004035951666306,0.14389415987194448,0.06369350200821249,0.03532438769987056,0.004933508107395861
pretrained,om4-2018,30,64,thetao_0,global,1.0589783732338387,0.37566987816463576,0.3424976587883491,0.568143679214663,1.0595452332353876,1.0005352894977617,1.400208769290531,0.6309301248071696,2.5428620057796163,0.32769655727101515
pretrained,om4-2018,30,64,thetao_0,60,1.0592348342150957,0.3716080065491672,0.3358007780859672,0.5698181225560646,1.0512439801185731,0.9924560127382481,1.3872938960840089,0.637737908783947,2.5428620057796163,0.32769655727101515
pretrained,om4-2018,30,64,zos,global,0.0640559764673053,0.38475836821538867,0.0242484342129296,0.032174184198599305,0.07773535130223712,1.213553451049394,0.09951943572635673,0.05923793194278928,0.011357837333197804,0.001692161862304212
pretrained,om4-2018,30,64,zos,60,0.062216148608837014,0.38042944645777,0.023891408955148796,0.031131142653288885,0.07744668755383373,1.2448004141296751,0.09887600163501008,0.05992681577510958,0.011357837333197804,0.001692161862304212
pretrained,om4-2018,30,64,thetao_9,global,0.4912969994625329,0.40723640082986684,0.3044801349307359,0.25311903658694457,0.795913066663667,1.62002427764545,1.0977512993181644,0.4719207508181928,2.2618920319395395,0.3147357376801429
pretrained,om4-2018,30,64,thetao_9,60,0.4921869275326239,0.40611734169170854,0.3040763885586707,0.2527583331733386,0.7971018439956852,1.6195103921016887,1.0987323925430128,0.480389559815641,2.2618920319395395,0.3147357376801429
pretrained,om4-2018,30,64,so_9,global,0.07915265002140501,0.35231370729065487,0.03378792528661166,0.03948577532702026,0.10402320177455461,1.314209969551543,0.14242827800405472,0.06244304880226386,0.03471320959187342,0.0048529582057147795
pretrained,om4-2018,30,64,so_9,60,0.0805428134757768,0.3522840835572062,0.033850557756267864,0.040062489800190976,0.10421161371213478,1.2938660721539899,0.14277031073568652,0.06369350200821249,0.03471320959187342,0.0048529582057147795
pretrained,om4-2018,365,128,thetao_0,global,7.007010694797253,0.5821617582072358,0.6210985241396726,5.4616554661911,1.2730946729892478,0.18168870127949543,1.7899133671479848,0.6198117313239149,3.9823603367595526,0.4852616040557798
pretrained,om4-2018,365,128,thetao_0,60,6.447930212583968,0.5824079308848514,0.6189934409709305,4.9830447400795315,1.2705284377889767,0.1970443841512702,1.7547463553660185,0.6242253078296176,3.9823603367595526,0.4852616040557798
pretrained,om4-2018,365,128,zos,global,0.39823989961926887,0.577438321138673,0.04179684018869306,0.2584384824456472,0.09158555442384596,0.2299758374572837,0.12203138833409219,0.05921382383664935,0.01656969114429639,0.0027412479849042164
pretrained,om4-2018,365,128,zos,60,0.31751925333559655,0.576351848747284,0.04170151597278185,0.21165915408282446,0.09158589922862392,0.288442033881403,0.11932155265914009,0.059925119176340295,0.01656969114429639,0.0027412479849042164
pretrained,om4-2018,365,128,thetao_9,global,2.0943402390811467,0.503746192395644,0.3904652596462953,1.290856172769021,0.8303282467111682,0.3964629200246181,1.1243066390812233,0.4709752343475471,2.4375076514705762,0.32017004102866686
pretrained,om4-2018,365,128,thetao_9,60,1.960322153844102,0.5028807603987814,0.39046743234058984,1.167283922054343,0.8318181771607657,0.42432728494630756,1.1249242040941825,0.4794056429391288,2.4375076514705762,0.32017004102866686
pretrained,om4-2018,365,128,so_9,global,0.3363539795233205,0.49514354460614235,0.05095729427806068,0.1613057215149337,0.11338675234982606,0.3371054283660247,0.15295138046901474,0.06235384871915004,0.041813790515585536,0.006026590378223656
pretrained,om4-2018,365,128,so_9,60,0.3482920161638607,0.4952149418533319,0.051080647897681596,0.16812496225136436,0.11364927919442999,0.3263045775386407,0.15324625746584927,0.0636059301700275,0.041813790515585536,0.006026590378223656
pretrained,om4-2018,365,16,thetao_0,global,7.011670201969549,0.6411443216354301,0.7479682000182822,5.4139213830756505,1.3759988678131088,0.19624409422830474,1.9198237535216647,0.6198117313239149,4.719169628389736,0.5710327699655094
pretrained,om4-2018,365,16,thetao_0,60,6.454981987926759,0.6413596072378108,0.7451980375800364,4.938191921616105,1.3728038053878873,0.21267352998901407,1.884367379515637,0.6242253078296176,4.719169628389736,0.5710327699655094
pretrained,om4-2018,365,16,zos,global,0.3982170249950461,0.6293222965754368,0.04957150254521071,0.25590501693145484,0.09843165318053396,0.24718092648539694,0.13038717460585286,0.05921382383664935,0.019690565675770808,0.0032273020136551816
pretrained,om4-2018,365,16,zos,60,0.3175162696741696,0.6281560326020671,0.04944370070971485,0.2092479743993757,0.0984016681909331,0.30991063321546136,0.12770268817007024,0.059925119176340295,0.019690565675770808,0.0032273020136551816
pretrained,om4-2018,365,16,thetao_9,global,2.101587416914173,0.5333308146523169,0.43955856684577344,1.2796110494796442,0.8822263352907441,0.4197904537257579,1.1926882759441113,0.4709752343475471,2.7396906331835558,0.3569730146869267
pretrained,om4-2018,365,16,thetao_9,60,1.9669459326796985,0.5323701970700684,0.4394760718552116,1.156654709093955,0.883733732835527,0.44929233597771495,1.1933262706210526,0.4794056429391288,2.7396906331835558,0.3569730146869267
pretrained,om4-2018,365,16,so_9,global,0.3402360611389353,0.5397780382485197,0.0595951006633121,0.16238808223632042,0.12129618394568793,0.35650596100733917,0.16329540288860508,0.06235384871915004,0.04791357623344823,0.006964288692745266
pretrained,om4-2018,365,16,so_9,60,0.3522580786715326,0.5396275745357543,0.05970621331234034,0.16920682944358958,0.12156160964091153,0.34509246771388646,0.1635975794254832,0.0636059301700275,0.04791357623344823,0.006964288692745266
pretrained,om4-2018,365,32,thetao_0,global,7.00908276433568,0.5924002158707926,0.6427719400819831,5.4539857366154205,1.2921684334600831,0.18435628125765963,1.813552760340595,0.6198117313239149,4.112803633324116,0.5000415794080209
pretrained,om4-2018,365,32,thetao_0,60,6.450763307509656,0.5926586720580087,0.6405558248513312,4.97607798453577,1.2894631365203693,0.19989310955173953,1.7783465984982247,0.6242253078296176,4.112803633324116,0.5000415794080209
pretrained,om4-2018,365,32,zos,global,0.3982635383543598,0.5863417782614755,0.043138799949628624,0.2580859276325556,0.09289273225478836,0.2332443804387032,0.12357466653125371,0.05921382383664935,0.017118116727799945,0.0028341448974925614
pretrained,om4-2018,365,32,zos,60,0.317659695738647,0.5852393617091662,0.04303881439947789,0.21138851349945978,0.0928902275066278,0.2924205643735578,0.12087350182433472,0.059925119176340295,0.017118116727799945,0.0028341448974925614
pretrained,om4-2018,365,32,thetao_9,global,2.0954430144032696,0.5087180329119465,0.39931775657246554,1.2880108565250106,0.8407799176765285,0.4012420819355767,1.138009165114136,0.4709752343475471,2.4967799837733247,0.3275633034802981
pretrained,om4-2018,365,32,thetao_9,60,1.9608343944736193,0.5078393103944253,0.39930977681275165,1.1642498869209212,0.8422777115169772,0.4295506616422262,1.1386432732871954,0.4794056429391288,2.4967799837733247,0.3275633034802981
pretrained,om4-2018,365,32,so_9,global,0.3370478850845902,0.5027091216540962,0.052462162567158174,0.16143521952446327,0.11492361025986672,0.34097116565803076,0.1549427821066846,0.06235384871915004,0.04295410887844042,0.006193297586110976
pretrained,om4-2018,365,32,so_9,60,0.34900591528378,0.5027411958635647,0.05258400221365012,0.1682575541309733,0.11518747035021028,0.33004446430814866,0.15524107228719045,0.0636059301700275,0.04295410887844042,0.006193297586110976
pretrained,om4-2018,365,64,thetao_0,global,7.0077105899360355,0.5834748627563905,0.6241498903938237,5.460932512813477,1.2760706344012454,0.18209522468491282,1.7936264190427327,0.6198117313239149,4.002195745098768,0.48773133501595944
pretrained,om4-2018,365,64,thetao_0,60,6.448909460803565,0.5837318224677516,0.6220380811114897,4.982542752649184,1.2734790475339275,0.19747199976587143,1.7584222375556549,0.6242253078296176,4.002195745098768,0.48773133501595944
pretrained,om4-2018,365,64,zos,global,0.39826427659791197,0.5785191307328508,0.04198097751893533,0.25837498417018645,0.09179053929019264,0.23047645667418085,0.12227255600715735,0.05921382383664935,0.016657153413128425,0.002755994467148655
pretrained,om4-2018,365,64,zos,60,0.31753881035007736,0.5774382422723255,0.04188558257491169,0.21159522228292973,0.0917899513244887,0.2890668741351425,0.1195632178142263,0.059925119176340295,0.016657153413128425,0.002755994467148655
pretrained,om4-2018,365,64,thetao_9,global,2.094555762101865,0.5043771240424655,0.3918256720948934,1.290358920713554,0.8321717384514976,0.39730226022553916,1.1267102571204375,0.4709752343475471,2.4482311232310527,0.3214880316130916
pretrained,om4-2018,365,64,thetao_9,60,1.9603986453080515,0.5035117737474857,0.3918284064276145,1.1667291886723152,0.833664647252227,0.42525261341487375,1.1273317648373797,0.4794056429391288,2.4482311232310527,0.3214880316130916
pretrained,om4-2018,365,64,so_9,global,0.33656110893567875,0.49612047341207555,0.05117936837347851,0.16135756172341015,0.11364686391582278,0.33767081489365486,0.15329088745138347,0.06235384871915004,0.042012327450321116,0.006053583798979238
pretrained,om4-2018,365,64,so_9,60,0.3485048177410102,0.4961852923392871,0.05130242267960104,0.16817543441484886,0.11390971072412492,0.32685261415460953,0.15358645470798682,0.0636059301700275,0.042012327450321116,0.006053583798979238
pretrained,om4-2021,30,128,thetao_0,global,1.1114851355144626,0.3757883263266323,0.3420351517715746,0.6041987113488932,1.0581325270956679,0.9519988106776616,1.3979265654611102,0.6284497949818597,2.545256156888034,0.3320205722763168
pretrained,om4-2021,30,128,thetao_0,60,1.1082531772214912,0.3716257257277064,0.3351882726940613,0.6027743266716273,1.0496635143777426,0.947133322919372,1.384681573538449,0.6333161591936134,2.545256156888034,0.3320205722763168
pretrained,om4-2021,30,128,zos,global,0.0722727187354455,0.38518567067467996,0.024231644490574945,0.034813431484284535,0.07763087486067177,1.0741380180374813,0.09929765945125131,0.059051345986744316,0.01134304853577187,0.0017010621611876539
pretrained,om4-2021,30,128,zos,60,0.06393905633054525,0.38075121438171244,0.02386451889144635,0.031906396029094,0.07733179184653363,1.209460950545658,0.09862901112714986,0.059347624471796555,0.01134304853577187,0.0017010621611876539
pretrained,om4-2021,30,128,thetao_9,global,0.5015265794389506,0.4073940909277094,0.304015337682483,0.25640592172492105,0.7943657432107755,1.5838956015041499,1.0947571786780521,0.47482282183976343,2.2536997789010287,0.312652347245057
pretrained,om4-2021,30,128,thetao_9,60,0.5047211421772289,0.4062779220053908,0.30361848434294847,0.25701072737406616,0.7955662936460666,1.5762491941871335,1.0955810727054287,0.48434930044251956,2.2536997789010287,0.312652347245057
pretrained,om4-2021,30,128,so_9,global,0.08276725672156529,0.35243312360157164,0.03373676705140855,0.04096619635875357,0.10383513585217333,1.254543644009875,0.1420923160222877,0.06385056491349497,0.03460202214596496,0.004801371308924044
pretrained,om4-2021,30,128,so_9,60,0.08448304906019118,0.35242224371766334,0.03380170422306574,0.0417200631756281,0.10402592197199902,1.231323006558206,0.1424291498530228,0.06512124890618633,0.03460202214596496,0.004801371308924044
pretrained,om4-2021,30,16,thetao_0,global,1.1265556685624816,0.3968691276819781,0.37834390671424545,0.6103179230343715,1.1058573557713827,0.981626906358289,1.4562856367408046,0.6284497949818597,2.751692692767201,0.35804940939812374
pretrained,om4-2021,30,16,thetao_0,60,1.123676791787329,0.3927712786991537,0.37086392699696263,0.6094480897445723,1.096360764937049,0.9756904947668886,1.4413573424206796,0.6333161591936134,2.751692692767201,0.35804940939812374
pretrained,om4-2021,30,16,zos,global,0.07297077272437538,0.4000120665149236,0.02646877567857895,0.03523308265076855,0.08135451680789198,1.1148918090148723,0.10354473470048324,0.059051345986744316,0.01256262084959596,0.0018802860432331023
pretrained,om4-2021,30,16,zos,60,0.06476526182767522,0.3957449678601008,0.026085248287544195,0.03237626401408714,0.08102881325461134,1.251115350544085,0.10282916727266912,0.059347624471796555,0.01256262084959596,0.0018802860432331023
pretrained,om4-2021,30,16,thetao_9,global,0.5119852988710709,0.41326315013122683,0.3248235029708022,0.26429829825455503,0.8370018468425988,1.6348161728240838,1.149252688654474,0.47482282183976343,2.4938885822328305,0.3436995046932129
pretrained,om4-2021,30,16,thetao_9,60,0.5147350647693524,0.4121897759398132,0.3244525749403088,0.2647454267406138,0.8382861344429233,1.6285778681476673,1.1501265717760416,0.48434930044251956,2.4938885822328305,0.3436995046932129
pretrained,om4-2021,30,16,so_9,global,0.08477820322877296,0.3633923453480021,0.036602188286015726,0.04213807234119808,0.1092097080981594,1.2881814421503877,0.14893237498885464,0.06385056491349497,0.03824709087867615,0.005296052410034284
pretrained,om4-2021,30,16,so_9,60,0.08653514183313994,0.3633542178823218,0.0366710314316935,0.04291109480435829,0.10941093275606963,1.2643526137281842,0.14928314037705356,0.06512124890618633,0.03824709087867615,0.005296052410034284
pretrained,om4-2021,30,32,thetao_0,global,1.11646634917696,0.3789175887770699,0.3480814925649328,0.6068195272488016,1.0674565607203228,0.956102762530401,1.4093131930834113,0.6284497949818597,2.5842750443318154,0.33706514465123605
pretrained,om4-2021,30,32,thetao_0,60,1.1132167008727545,0.3748433773636337,0.34120358350554364,0.6054345640110281,1.0587928776129143,0.9511112048380407,1.3957408527907105,0.6333161591936134,2.5842750443318154,0.33706514465123605
pretrained,om4-2021,30,32,zos,global,0.07248649555231006,0.38702390898962435,0.024597723158894365,0.03493932097195348,0.0783705253431411,1.0811741517643767,0.10013692004844157,0.059051345986744316,0.011575133992274871,0.0017376036727595014
pretrained,om4-2021,30,32,zos,60,0.06418878449607346,0.38274749810196695,0.0242368304102545,0.03204792352604074,0.0780689758504045,1.2162401339003406,0.09946141179562495,0.059347624471796555,0.011575133992274871,0.0017376036727595014
pretrained,om4-2021,30,32,thetao_9,global,0.5039047654459338,0.40810211490246007,0.30784447271233384,0.2581463062226826,0.8030754529458581,1.5937048188761846,1.105838317114866,0.47482282183976343,2.301333264428068,0.31874317334585894
pretrained,om4-2021,30,32,thetao_9,60,0.5069171886586393,0.4070193952052953,0.30747302127217857,0.25867399068025143,0.8042997531201805,1.5866492025027783,1.1066811948564026,0.48434930044251956,2.301333264428068,0.31874317334585894
pretrained,om4-2021,30,32,so_9,global,0.08316864309000714,0.35398251582003487,0.03424120663237903,0.04119319704626381,0.10492138015885365,1.261549741112226,0.1434648779142751,0.06385056491349497,0.03532172998911453,0.00489689456625073
pretrained,om4-2021,30,32,so_9,60,0.08489887856922711,0.35396301269294944,0.03430669717187468,0.041954231893849364,0.10511502779805684,1.2381203329128234,0.14380506263908416,0.06512124890618633,0.03532172998911453,0.00489689456625073
pretrained,om4-2021,30,64,thetao_0,global,1.113037239745936,0.3760934113393595,0.3428978853487563,0.6050948782954545,1.0598352758898484,0.9522010926891973,1.3999378412259667,0.6284497949818597,2.551335645621008,0.33255151223508117
pretrained,om4-2021,30,64,thetao_0,60,1.1100902388889755,0.37200273498708214,0.3361146408758077,0.6038648380726134,1.051378738222491,0.9471110558316004,1.3866795159288199,0.6333161591936134,2.551335645621008,0.33255151223508117
pretrained,om4-2021,30,64,zos,global,0.07230350865738322,0.3851986999540799,0.024278885845942753,0.03483584919022708,0.07776315432991081,1.0755101069631159,0.0994535319036592,0.059051345986744316,0.011377927687132578,0.0017054588341940244
pretrained,om4-2021,30,64,zos,60,0.06398811108276135,0.38085771260010165,0.023918534150576588,0.031936236259941984,0.07746857555596433,1.210671392624288,0.09878713337601307,0.059347624471796555,0.011377927687132578,0.0017054588341940244
pretrained,om4-2021,30,64,thetao_9,global,0.5018783406126864,0.4073881028410213,0.3046127963291678,0.2566845409101729,0.7959641978423068,1.5859704104197927,1.09678923611782,0.47482282183976343,2.262366291021287,0.3137029706521468
pretrained,om4-2021,30,64,thetao_9,60,0.505059677452687,0.4062934943604789,0.3042340524629984,0.2572844779252383,0.7971741127350213,1.5783760777649865,1.097623747648482,0.48434930044251956,2.262366291021287,0.3137029706521468
pretrained,om4-2021,30,64,so_9,global,0.08290550062717687,0.35255370391533536,0.0338142545256263,0.04102882215568646,0.10403943903477063,1.2549159977048125,0.14234489891470614,0.06385056491349497,0.03473184862718445,0.004818416689377134
pretrained,om4-2021,30,64,so_9,60,0.08462681958467148,0.35255337744376986,0.0338807659189809,0.041784688940269224,0.10423178382044265,1.231663724715022,0.1426833201298268,0.06512124890618633,0.03473184862718445,0.004818416689377134
pretrained,om4-2021,365,128,thetao_0,global,6.937122642184386,0.5816568390640425,0.6200679125648754,5.360278568814198,1.2722968104712773,0.18340411091112727,1.7880061950416293,0.611118803701512,4.031476442601707,0.502708800281315
pretrained,om4-2021,365,128,thetao_0,60,6.342233003465675,0.5818925301005778,0.6178890247830197,4.854474773243968,1.2695985308822617,0.20018162848771043,1.7519493895350537,0.6145593437888879,4.031476442601707,0.502708800281315
pretrained,om4-2021,365,128,zos,global,0.3986241415469824,0.5769400009552307,0.04173119018219218,0.25797024222076936,0.0915293089629206,0.22961306008139204,0.12192109370317225,0.05937604569220716,0.016685703666558863,0.0028139353399089205
pretrained,om4-2021,365,128,zos,60,0.31614067800625545,0.575855235826234,0.04163237104981621,0.21008114019834298,0.0915214494019784,0.2894959610359521,0.11913383662788793,0.060027858766048846,0.016685703666558863,0.0028139353399089205
pretrained,om4-2021,365,128,thetao_9,global,2.0982610939686426,0.5034340000369513,0.39017024953753454,1.2886939900489984,0.8302002752885818,0.3956610917845044,1.124051120362106,0.4742278244765355,2.4385435187111884,0.3196576948163248
pretrained,om4-2021,365,128,thetao_9,60,1.9681243488514857,0.5025821331171786,0.39018854748810605,1.1672468349447456,0.8317011791348723,0.4225856865295214,1.1245784990440921,0.48339139399889264,2.4385435187111884,0.3196576948163248
pretrained,om4-2021,365,128,so_9,global,0.33853886217344253,0.4946980425342171,0.05089922569050855,0.16227366450657374,0.11335637016217415,0.33484005184639226,0.15292437573130066,0.06334606800114896,0.041869489005717075,0.005961054241607581
pretrained,om4-2021,365,128,so_9,60,0.3508122987011931,0.4947764069635946,0.051024160128207506,0.169361840284062,0.11362081494663018,0.3238792236397833,0.15321236022565182,0.06464660245224173,0.041869489005717075,0.005961054241607581
pretrained,om4-2021,365,16,thetao_0,global,6.942041739036413,0.6407802438676589,0.747085348734133,5.313564455631776,1.375340259427528,0.1981175439631441,1.9180918662645159,0.611118803701512,4.772719992866211,0.5900856328137017
pretrained,om4-2021,365,16,thetao_0,60,6.349858169960441,0.6409829110173211,0.7442362477369235,4.810879996567133,1.3719894830236454,0.21606616184187824,1.8818095990922041,0.6145593437888879,4.772719992866211,0.5900856328137017
pretrained,om4-2021,365,16,zos,global,0.3986286221952867,0.629009231862022,0.04952043741198112,0.25550145513769085,0.09838784393427487,0.24681580412476006,0.13028327156565747,0.05937604569220716,0.019817208424060605,0.003310348730252047
pretrained,om4-2021,365,16,zos,60,0.3161841052609074,0.6278463032970453,0.049389005571858054,0.20774833867029205,0.0983482929831214,0.3110475553537607,0.12752427538291886,0.060027858766048846,0.019817208424060605,0.003310348730252047
pretrained,om4-2021,365,16,thetao_9,global,2.105720529072544,0.5330939241095054,0.4393267178487568,1.2777163367081428,0.8821326132963881,0.41892197996707564,1.1925028562621354,0.4742278244765355,2.7406159968500976,0.3559914159433083
pretrained,om4-2021,365,16,thetao_9,60,1.9750870282284254,0.5321445949653125,0.4392601237740359,1.1569398682543168,0.8836523364791783,0.44739918993431865,1.1930582833204897,0.48339139399889264,2.7406159968500976,0.3559914159433083
pretrained,om4-2021,365,16,so_9,global,0.3424349263162169,0.5394509894670715,0.05954880650834899,0.16334251468238684,0.12127355038445668,0.35415064604849406,0.1632748746496319,0.06334606800114896,0.04792625133295557,0.006888958857365829
pretrained,om4-2021,365,16,so_9,60,0.3547943501463043,0.5393096236668942,0.05966177775015202,0.1704296807825088,0.121540128754208,0.34256500619045727,0.16357013471669923,0.06464660245224173,0.04792625133295557,0.006888958857365829
pretrained,om4-2021,365,32,thetao_0,global,6.9392375552198065,0.5921192661328046,0.6420869107372172,5.352782845911803,1.291585345551949,0.1861278469390917,1.811920049082041,0.611118803701512,4.162736832387882,0.5171024565186749
pretrained,om4-2021,365,32,thetao_0,60,6.345350243387823,0.592350182273358,0.6397919514016834,4.847848906436186,1.288770149506377,0.2031046514491995,1.7758701221392408,0.6145593437888879,4.162736832387882,0.5171024565186749
pretrained,om4-2021,365,32,zos,global,0.3986466176026206,0.5860494841448783,0.043096762473639624,0.2576306358247912,0.09285118768568096,0.23291603035307074,0.12348164514126297,0.05937604569220716,0.0172447046768801,0.0029007869454892527
pretrained,om4-2021,365,32,zos,60,0.31629861341162346,0.5849505353695148,0.04299284175833747,0.20983348519289377,0.09283877858502794,0.29351623639339125,0.12070274079981994,0.060027858766048846,0.0172447046768801,0.0029007869454892527
pretrained,om4-2021,365,32,thetao_9,global,2.0993468645910025,0.5085332095490741,0.3991370587924246,1.2858758447141658,0.8406842565472161,0.40045038327241805,1.137805043767316,0.4742278244765355,2.498476273393672,0.3270522416152455
pretrained,om4-2021,365,32,thetao_9,60,1.96868203987936,0.5076655374133375,0.39914356270992235,1.164277238032623,0.8421936888726879,0.4277956885939271,1.1383510186620978,0.48339139399889264,2.498476273393672,0.3270522416152455
pretrained,om4-2021,365,32,so_9,global,0.3392187729965127,0.5024293870049675,0.05242618517890017,0.1623943749314371,0.11490737772443754,0.33874121030919135,0.15492900764678852,0.06334606800114896,0.043023567167698507,0.0061410926589610774
pretrained,om4-2021,365,32,so_9,60,0.3515114126929327,0.5024671305837946,0.05254936857067046,0.1694851553204571,0.11517310792573184,0.3276511196134129,0.15522001814220526,0.06464660245224173,0.043023567167698507,0.0061410926589610774
pretrained,om4-2021,365,64,thetao_0,global,6.937929476700139,0.5830572034573674,0.6232457605762023,5.359708345201882,1.2753144695368708,0.18381773320409184,1.7918071180119897,0.611118803701512,4.049947826626155,0.5051720107623588
pretrained,om4-2021,365,64,thetao_0,60,6.343441835870804,0.5832985386368725,0.621064285492951,4.8542019062804505,1.2726072264177517,0.20061778122113938,1.7557749730947367,0.6145593437888879,4.049947826626155,0.5051720107623588
pretrained,om4-2021,365,64,zos,global,0.39865519100325153,0.578107231490533,0.04192461601601641,0.2579188854083178,0.09173642813862098,0.2301147212149879,0.12216659835379479,0.05937604569220716,0.016766157749379337,0.0028271699224508154
pretrained,om4-2021,365,64,zos,60,0.31617646727313736,0.5770280451765702,0.04182576658587258,0.21003438895839371,0.09172722686239847,0.2901140228856991,0.11937965326225049,0.060027858766048846,0.016766157749379337,0.0028271699224508154
pretrained,om4-2021,365,64,thetao_9,global,2.0985107596984953,0.5041008477474351,0.39156715661918046,1.2882349463346394,0.8320609649005979,0.39650069033724883,1.1264794014870865,0.4742278244765355,2.4497533438294865,0.32099707118179477
pretrained,om4-2021,365,64,thetao_9,60,1.9682556793817978,0.5032498187724448,0.3915864975507671,1.166743620777743,0.8335650654584035,0.4235044634649371,1.1270113275529854,0.48339139399889264,2.4497533438294865,0.32099707118179477
pretrained,om4-2021,365,64,so_9,global,0.3387684108858475,0.49571205534043494,0.051127239834892355,0.16233005183684363,0.11362092261085555,0.3353940891765779,0.15326878139044517,0.06334606800114896,0.04206409558496194,0.005994763368693302
pretrained,om4-2021,365,64,so_9,60,0.3510487734159298,0.49578278450145097,0.0512518953029168,0.16941717603818607,0.1138859497222925,0.32441631575609603,0.15355776059604595,0.06464660245224173,0.04206409558496194,0.005994763368693302
adapted,obs-2015-01-01,30,128,thetao_0,global,1.244802280887602,0.129510211739178,0.04417839839725593,0.5597771253908613,0.3555523479744896,0.2856295762255225,0.6953124377222779,0.5947706611358727,0.20548071188228176,0.01999410104621941
adapted,obs-2015-01-01,30,128,thetao_0,60,0.6060339677063122,0.13239932033963772,0.04637243073620594,0.3473714526009296,0.36460814369298683,0.6016298807027896,0.6845005212154759,0.6081117771964171,0.20548071188228176,0.01999410104621941
adapted,obs-2015-01-01,30,128,zos,global,0.08761418712011346,0.09982367433815428,0.0035946123425510228,0.04088599400558044,0.044213482192720456,0.5046383884393814,0.07486655824887178,0.07799259994692996,0.001027961100845482,0.000120834324165961
adapted,obs-2015-01-01,30,128,zos,60,0.06661303530245319,0.10116688368642496,0.003776240032696107,0.03136324976982919,0.045833464382791386,0.6880554860574483,0.07552973999024094,0.08060142716086088,0.001027961100845482,0.000120834324165961
adapted,obs-2015-01-01,30,16,thetao_0,global,1.2444924268621596,0.6345012388574764,0.3491252484306989,0.5179669151532529,0.5512672767202863,0.4429655535230869,0.9294584915818219,0.5947706611358727,1.005755704133512,0.13512164211292968
adapted,obs-2015-01-01,30,16,thetao_0,60,0.617799044749236,0.6218717245194584,0.34067858494234066,0.3207795650537337,0.5504391013900831,0.890967873887707,0.9113908340013304,0.6081117771964171,1.005755704133512,0.13512164211292968
adapted,obs-2015-01-01,30,16,zos,global,0.08773241872291558,0.372197269132033,0.016146668837006224,0.03951021215677479,0.051635268119336386,0.5885540245096347,0.08327753357934355,0.07799259994692996,0.002253904703742729,0.0002708687677803555
adapted,obs-2015-01-01,30,16,zos,60,0.0673736909445566,0.3589720825029499,0.015994769102031976,0.03059672780526692,0.053200366662163975,0.7896311737758855,0.08401205262379986,0.08060142716086088,0.002253904703742729,0.0002708687677803555
adapted,obs-2015-01-01,30,32,thetao_0,global,1.243234099395572,0.14574658456498907,0.05092556631124333,0.5571685220815757,0.3649987599673005,0.2935881183960072,0.7043584192959609,0.5947706611358727,0.2180200235095254,0.021100875525187274
adapted,obs-2015-01-01,30,32,thetao_0,60,0.6063474236090229,0.1483315749789572,0.053224649639345444,0.3455166538682451,0.3744087509823601,0.6174822163073649,0.6942270777310366,0.6081117771964171,0.2180200235095254,0.021100875525187274
adapted,obs-2015-01-01,30,32,zos,global,0.0875860042261429,0.11068735440967332,0.004101252797679963,0.04067923372783148,0.04547073912208654,0.519155309388053,0.07605206198106305,0.07799259994692996,0.0010969441025736135,0.0001294054269033702
adapted,obs-2015-01-01,30,32,zos,60,0.06669134644712611,0.1116283891554736,0.00428691438105703,0.03120785538479782,0.04713341463928199,0.7067395869215215,0.07678603014251739,0.08060142716086088,0.0010969441025736135,0.0001294054269033702
adapted,obs-2015-01-01,30,64,thetao_0,global,1.2445842678905663,0.1311905725882521,0.0449591347500809,0.5593159804797432,0.357236234080725,0.28703258051477804,0.6970173592357524,0.5947706611358727,0.20708488180268392,0.02011345569563848
adapted,obs-2015-01-01,30,64,thetao_0,60,0.6060216623938158,0.13410631699793307,0.047192166225737034,0.34701083201287447,0.3663738436775031,0.6045556890331414,0.686345283891587,0.6081117771964171,0.20708488180268392,0.02011345569563848
adapted,obs-2015-01-01,30,64,zos,global,0.08759785072493802,0.10117208345610258,0.003658311677261944,0.04084676371742685,0.044393712042516735,0.5067899688762386,0.07504826197346909,0.07799259994692996,0.0010313484789602923,0.00012132208549837905
adapted,obs-2015-01-01,30,64,zos,60,0.06661818100800138,0.10247993316481888,0.0038411440799808257,0.03133378034118423,0.046020478462003835,0.6908095923014831,0.075723410464237,0.08060142716086088,0.0010313484789602923,0.00012132208549837905
adapted,obs-2015-01-01,365,128,thetao_0,global,68.86860556144049,0.9921683256184689,7.514803494524655,42.63597212797259,7.558958561142653,0.10975913479762557,47.713269097146174,0.5774347077190779,302.8236088045364,122.35036149499385
adapted,obs-2015-01-01,365,128,thetao_0,60,66.36433200654773,0.992009587873568,7.505038340985374,40.57005631847627,7.552824964269604,0.11380849826868471,46.060720571304266,0.590245877876248,302.8236088045364,122.35036149499385
adapted,obs-2015-01-01,365,128,zos,global,5.672292056608496,0.9920246354113748,0.4524189047716301,3.629858176166904,0.45469571590677066,0.08016084351246125,3.79274026198209,0.0792611457989973,1.1234686813049697,0.4837127463572736
adapted,obs-2015-01-01,365,128,zos,60,5.506440994123337,0.9918670694355135,0.45192778936839395,3.4801208825237864,0.45407551946270325,0.08246261422710391,3.661298588137569,0.08180976699684217,1.1234686813049697,0.4837127463572736
adapted,obs-2015-01-01,365,16,thetao_0,global,70.46959968921179,0.9925016436841809,7.966486434816577,43.47801324817526,8.011557716688316,0.11368814002096293,48.93682500140344,0.5774347077190779,333.26105445383473,130.37211769578096
adapted,obs-2015-01-01,365,16,thetao_0,60,67.9064993748655,0.9923534848337119,7.956365655381317,41.36738249923285,8.005193058064622,0.11788552099959397,47.24800346054024,0.590245877876248,333.26105445383473,130.37211769578096
adapted,obs-2015-01-01,365,16,zos,global,5.8077303357278804,0.9923439020219844,0.4795145612841645,3.707416223832766,0.48180303650544765,0.08295892003482001,3.889089270846669,0.0792611457989973,1.2327838616106939,0.5138234641086752
adapted,obs-2015-01-01,365,16,zos,60,5.637642799570979,0.9921975901653225,0.4789977736951064,3.553930815761936,0.48114599497664934,0.08534524305322505,3.7545352967518872,0.08180976699684217,1.2327838616106939,0.5138234641086752
adapted,obs-2015-01-01,365,32,thetao_0,global,69.21399496418199,0.9922186194957099,7.608297519272457,42.819630616893534,7.65273313804695,0.11056626831043655,47.97564371957954,0.5774347077190779,308.9943115059977,124.02406000000296
adapted,obs-2015-01-01,365,32,thetao_0,60,66.69693815008803,0.9920628573968897,7.598442295775464,40.744070086991826,7.646538730910904,0.11464602338571987,46.31511523716631,0.590245877876248,308.9943115059977,124.02406000000296
adapted,obs-2015-01-01,365,32,zos,global,5.701505935624461,0.9920733157273648,0.45805537365404597,3.646675400528959,0.4603435742190646,0.08074069893406946,3.8134844468866267,0.0792611457989973,1.1457967272617937,0.4899648048978386
adapted,obs-2015-01-01,365,32,zos,60,5.534745979642716,0.9919182496974798,0.45756335512741897,3.4961290089642776,0.45971960719883254,0.08306065154385076,3.6813753122330235,0.08180976699684217,1.1457967272617937,0.4899648048978386
adapted,obs-2015-01-01,365,64,thetao_0,global,68.9353475978743,0.9921746583240885,7.532400866216809,42.671646309698055,7.57666463772442,0.10990971833379216,47.76357903832263,0.5774347077190779,303.97875680816605,122.66870242114031
adapted,obs-2015-01-01,365,64,thetao_0,60,66.428556422573,0.9920166503738329,7.52269394570674,40.60379887206502,7.570593807270175,0.11396595402602519,46.10940912003711,0.590245877876248,303.97875680816605,122.66870242114031
adapted,obs-2015-01-01,365,64,zos,global,5.67792896647663,0.9920299287909065,0.4534705124674882,3.633127002225539,0.4557510589672496,0.08026712938081372,3.796714144469345,0.0792611457989973,1.1275941856136744,0.4848988123610408
adapted,obs-2015-01-01,365,64,zos,60,5.511903939902086,0.9918736924654373,0.4529784670774133,3.483236321722708,0.455128729896524,0.08257196331048704,3.665145500816857,0.08180976699684217,1.1275941856136744,0.4848988123610408
adapted,obs-2018-01-01,30,128,thetao_0,global,1.2257449369459152,0.12890405258909307,0.044182868959409705,0.5095271804937225,0.35704541106769194,0.29128850571254383,0.6998446352264039,0.6053766863646178,0.24548388390737674,0.022672000128219523
adapted,obs-2018-01-01,30,128,thetao_0,60,0.5572016813267047,0.13196536011574117,0.04646701246214058,0.29665881443825814,0.3663590753966698,0.6574981513414746,0.6905137137313183,0.6157954445732006,0.24548388390737674,0.022672000128219523
adapted,obs-2018-01-01,30,128,zos,global,0.08476736463690503,0.09938947902735486,0.0036039255267445794,0.038557754039636634,0.044560953718048975,0.5256852552739212,0.07557456477947169,0.0787973746701821,0.0013203830812590232,0.00016604021087472578
adapted,obs-2018-01-01,30,128,zos,60,0.06503734569705927,0.10075973245325545,0.003789281899726499,0.029685658874255217,0.04621967914921324,0.71066367567493,0.07635891036376025,0.0813868846003568,0.0013203830812590232,0.00016604021087472578
adapted,obs-2018-01-01,30,16,thetao_0,global,1.2277075977160588,0.6336211095431343,0.3505613667825391,0.4812553065359249,0.553948537011556,0.45120559491696804,0.9352987972946235,0.6053766863646178,1.1617241968649585,0.16042174677646834
adapted,obs-2018-01-01,30,16,thetao_0,60,0.5740750106029401,0.6208521944092316,0.34205684689139626,0.2836032321374181,0.553224355381777,0.9636795630604719,0.9182994852407728,0.6157954445732006,1.1617241968649585,0.16042174677646834
adapted,obs-2018-01-01,30,16,zos,global,0.0849746059536661,0.37129077008671946,0.016204700861067546,0.03743825683526666,0.05199958464797532,0.6119426393848653,0.08395214734039813,0.0787973746701821,0.002639988211578511,0.00033302350986280524
adapted,obs-2018-01-01,30,16,zos,60,0.06588670511299534,0.357997007027613,0.016055347147214592,0.029172438459985527,0.053604558248457876,0.8135868709252702,0.08479761073668374,0.0813868846003568,0.002639988211578511,0.00033302350986280524
adapted,obs-2018-01-01,30,32,thetao_0,global,1.2245804160717373,0.1450760885117786,0.05093884261437861,0.5079412271467377,0.3665428040047032,0.29932113823975337,0.7089123113190653,0.6053766863646178,0.2609856414660838,0.024098703112700005
adapted,obs-2018-01-01,30,32,thetao_0,60,0.5582926445128417,0.14778798891690897,0.05331629493237262,0.2957748250223976,0.3762142947361999,0.6738657555921755,0.7002637941182503,0.6157954445732006,0.2609856414660838,0.024098703112700005
adapted,obs-2018-01-01,30,32,zos,global,0.08474751734976073,0.11021335733090386,0.004111217755191541,0.03838467842460662,0.045820616120699306,0.5406720757564313,0.07676408130808059,0.0787973746701821,0.0014070851498348192,0.0001775762723742911
adapted,obs-2018-01-01,30,32,zos,60,0.06512348285935747,0.1111955856909134,0.004301408113941499,0.029563604230487414,0.04752301917328244,0.7297370639084906,0.07761974927940382,0.0813868846003568,0.0014070851498348192,0.0001775762723742911
adapted,obs-2018-01-01,30,64,thetao_0,global,1.2256110944916236,0.13054765372965074,0.04495277183567645,0.5092671457089136,0.35876588843417,0.29272408682216117,0.701545026061545,0.6053766863646178,0.2478392577354261,0.022893949166245212
adapted,obs-2018-01-01,30,64,thetao_0,60,0.5573203145200594,0.13365378727938654,0.0472827183655886,0.29648811253082663,0.36815956341355643,0.6605888101003456,0.6923579182000371,0.6157954445732006,0.2478392577354261,0.022893949166245212
adapted,obs-2018-01-01,30,64,zos,global,0.0847562482253852,0.10072904733319143,0.003667889448009677,0.03852480426089702,0.04474557525637992,0.5279324674375835,0.07576153811407584,0.0787973746701821,0.0013271429218581778,0.000167146441674059
adapted,obs-2018-01-01,30,64,zos,60,0.06504770378448647,0.10207756822600565,0.003855014131555995,0.02966261619305134,0.04641136030786561,0.7134972890301235,0.07655811364447629,0.0813868846003568,0.0013271429218581778,0.000167146441674059
adapted,obs-2018-01-01,365,128,thetao_0,global,67.73499857710114,0.9921885706983173,7.513775126036658,41.78214373081025,7.557582217143088,0.11157573449330588,46.932398251759494,0.5835019726415318,316.15194874414595,137.0482460372807
adapted,obs-2018-01-01,365,128,thetao_0,60,64.70285403386092,0.9920315737442683,7.503647739738929,39.488186595444155,7.5511768732527464,0.11670546819002749,44.90197444537908,0.5925823533606374,316.15194874414595,137.0482460372807
adapted,obs-2018-01-01,365,128,zos,global,5.691092515772382,0.9919664418036412,0.45231511860716167,3.6316837891640716,0.4545795994211753,0.07987562988325113,3.7663795349116316,0.07933828364220427,1.4099684891360618,0.7657059482424738
adapted,obs-2018-01-01,365,128,zos,60,5.507541692574698,0.9918031970565943,0.4517752576601134,3.4721934111423836,0.4539236852433794,0.08241856541101852,3.6179729889939343,0.08185268685707427,1.4099684891360618,0.7657059482424738
adapted,obs-2018-01-01,365,16,thetao_0,global,69.30890700382969,0.9925197225987107,7.965412886800842,42.604473094029764,8.010034385900632,0.11557005776267737,48.13811965778399,0.5835019726415318,347.44362874196344,146.03579623802048
adapted,obs-2018-01-01,365,16,thetao_0,60,66.20567755841034,0.9923741670270054,7.954817905373876,40.26020876191109,8.003326685931947,0.12088580588682844,46.06319158763335,0.5925823533606374,347.44362874196344,146.03579623802048
adapted,obs-2018-01-01,365,16,zos,global,5.826877785298926,0.9922926933583843,0.4794055750468854,3.7091736375077926,0.4816877552041063,0.08266652793360331,3.862084502070764,0.07933828364220427,1.534033236305679,0.8102833850442751
adapted,obs-2018-01-01,365,16,zos,60,5.638661718926082,0.9921417382407273,0.4788360934586655,3.545711400856029,0.48099296484653115,0.08530268152673277,3.710180282689674,0.08185268685707427,1.534033236305679,0.8102833850442751
adapted,obs-2018-01-01,365,32,thetao_0,global,68.07498235550631,0.9922374976596094,7.60732915117158,41.961535193528135,7.651497569662683,0.1123980837733377,47.19100899933962,0.5835019726415318,322.58375746436553,138.94224233102995
adapted,obs-2018-01-01,365,32,thetao_0,60,65.02757472851088,0.9920834284510532,7.597122483443539,39.65674701977526,7.6450174395320625,0.11756577838632136,45.15099304567331,0.5925823533606374,322.58375746436553,138.94224233102995
adapted,obs-2018-01-01,365,32,zos,global,5.720383581378129,0.9920131249682856,0.4579396017422155,3.6484899725905833,0.46021884136944596,0.08045244428496387,3.786964652522835,0.07933828364220427,1.4354982509751004,0.7751746967598345
adapted,obs-2018-01-01,365,32,zos,60,5.535826172783839,0.9918530529692274,0.45739419028095796,3.4881450954838886,0.45955424588357385,0.08301457299055232,3.63780011333032,0.08185268685707427,1.4354982509751004,0.7751746967598345
adapted,obs-2018-01-01,365,64,thetao_0,global,67.80081311982778,0.9921951665410595,7.531372390072457,41.81708062555892,7.575205824119987,0.11172735953375582,46.98232623441567,0.5835019726415318,317.34460554941086,137.42620410747045
adapted,obs-2018-01-01,365,64,thetao_0,60,64.76573485375519,0.9920383131115418,7.52118538560915,39.52102801238416,7.568755851266493,0.11686358331851227,44.95008572636638,0.5925823533606374,317.34460554941086,137.42620410747045
adapted,obs-2018-01-01,365,64,zos,global,5.696747329331777,0.9919716941748754,0.45336444938299486,3.634952284604476,0.45563322462330436,0.07998129428653275,3.770341044193314,0.07933828364220427,1.4148734533024403,0.7674604331451356
adapted,obs-2018-01-01,365,64,zos,60,5.513006839231713,0.9918088821559955,0.45282608522292067,3.475298180751682,0.4549792924533921,0.08252833811408758,3.6217948741723385,0.08185268685707427,1.4148734533024403,0.7674604331451356
adapted,obs-2021-01-01,30,128,thetao_0,global,1.251376067078181,0.12801429454591556,0.04446941648039229,0.5090834266903655,0.3601727510481062,0.2878213516493632,0.7059206238932617,0.6076608438776924,0.21876569496721587,0.021171023908976284
adapted,obs-2021-01-01,30,128,thetao_0,60,0.5493548295017852,0.13092628131284617,0.04675156979146281,0.2867831722549864,0.36972941239486035,0.673024778411744,0.6960205970492683,0.6161336867414656,0.21876569496721587,0.021171023908976284
adapted,obs-2021-01-01,30,128,zos,global,0.08793375009717204,0.09903822168261671,0.0036424203042686345,0.04163653804426804,0.04518522860842874,0.5138553576811675,0.07617810076596662,0.07881074180187296,0.0010660517561300314,0.00013584035807266012
adapted,obs-2021-01-01,30,128,zos,60,0.06928068900512228,0.10044463626589185,0.00383261061628393,0.03320595465578808,0.04688132080483835,0.6766866998301961,0.07702634839985965,0.08142006578656798,0.0010660517561300314,0.00013584035807266012
adapted,obs-2021-01-01,30,16,thetao_0,global,1.253237038411003,0.6297152907951369,0.35003564617589183,0.483730555018651,0.5558167966470123,0.4435049233397541,0.9394760170229373,0.6076608438776924,1.1669837181946694,0.1639273465977587
adapted,obs-2021-01-01,30,16,thetao_0,60,0.5670368973617568,0.6166302834627916,0.34143129688963864,0.27756514809895483,0.5551810706383852,0.9790916132997112,0.9218936466230283,0.6161336867414656,1.1669837181946694,0.1639273465977587
adapted,obs-2021-01-01,30,16,zos,global,0.08828515812489682,0.36793990985088626,0.0162341335776014,0.04032106255188216,0.052580940711353184,0.5955807502430595,0.08451372305935932,0.07881074180187296,0.0023773117258950914,0.0002913866308041796
adapted,obs-2021-01-01,30,16,zos,60,0.07029662251774338,0.35468113921472827,0.016087274701070946,0.0324741975945062,0.054221942676659945,0.7713306946286634,0.0854184028575322,0.08142006578656798,0.0023773117258950914,0.0002913866308041796
adapted,obs-2021-01-01,30,32,thetao_0,global,1.2501083029065727,0.14411576631080739,0.05126140670702699,0.5074290513844086,0.3696656034662545,0.2957068620428814,0.7149809769864957,0.6076608438776924,0.23223425374412054,0.022335474667591355
adapted,obs-2021-01-01,30,32,thetao_0,60,0.550090881864873,0.14673239308508562,0.053658391698962554,0.28578380041430745,0.3795819197584948,0.6900349238141656,0.7057709657821635,0.6161336867414656,0.23223425374412054,0.022335474667591355
adapted,obs-2021-01-01,30,32,zos,global,0.08791356843833838,0.10980303655583419,0.0041533731418018595,0.04142592721193395,0.04645243116429102,0.5283875059271681,0.07736758041270038,0.07881074180187296,0.0011352381209149892,0.00014527289545386937
adapted,obs-2021-01-01,30,32,zos,60,0.06936540371691811,0.11082325210501172,0.00434855258018236,0.03304227929056935,0.04819232184753075,0.6947602012698546,0.07828604136063294,0.08142006578656798,0.0011352381209149892,0.00014527289545386937
adapted,obs-2021-01-01,30,64,thetao_0,global,1.2512284556337683,0.12959912971446363,0.04522456598699697,0.508814246998298,0.36189206637151206,0.2892294086999545,0.7076393603299319,0.6076608438776924,0.2209297597282135,0.02133038131221978
adapted,obs-2021-01-01,30,64,thetao_0,60,0.5494487794401344,0.1325351429562012,0.047544731573234425,0.28659946946066345,0.3715275595742844,0.6761823366917944,0.6978814913339433,0.6161336867414656,0.2209297597282135,0.02133038131221978
adapted,obs-2021-01-01,30,64,zos,global,0.0879235852849438,0.10039777842423368,0.003707929234650902,0.04159327382986295,0.04537226033351588,0.5160419719745608,0.07636740623788703,0.07881074180187296,0.0010706131498020592,0.00013663996284711094
adapted,obs-2021-01-01,30,64,zos,60,0.06929300224351385,0.10177298169816977,0.0038995789239824217,0.033171508540940184,0.04707525309971045,0.6793651822773621,0.07722768187036531,0.08142006578656798,0.0010706131498020592,0.00013663996284711094
adapted,obs-2021-01-01,365,128,thetao_0,global,67.76618730763101,0.9921618680487491,7.5162751796498055,41.96807496545411,7.561323156245678,0.11157958646722055,46.80877149905155,0.5803745379451171,387.7417998410786,207.68526480616853
adapted,obs-2021-01-01,365,128,thetao_0,60,65.02711421633357,0.9920064057303039,7.507228333196269,39.734616963413416,7.555949440135155,0.11619690541699057,44.963713514351355,0.5906068588520949,387.7417998410786,207.68526480616853
adapted,obs-2021-01-01,365,128,zos,global,5.611043210916131,0.9920020767574659,0.45261609794609187,3.612989467544328,0.4548807336639004,0.08106883454024064,3.7249832976969586,0.07964810990756171,1.3065517924819867,0.6666618714332948
adapted,obs-2021-01-01,365,128,zos,60,5.442490069198552,0.9918420400580805,0.4521549908907962,3.4602505958433514,0.4543012051846477,0.08347304256111339,3.5875904555332307,0.08213407183291706,1.3065517924819867,0.6666618714332948
adapted,obs-2021-01-01,365,16,thetao_0,global,69.34068290479334,0.9924936370044584,7.967694718652056,42.79707982211905,8.013723899903342,0.11557030539930511,48.01249119040187,0.5803745379451171,422.5989661606867,220.04006818277543
adapted,obs-2021-01-01,365,16,thetao_0,60,66.53703848988813,0.9923500305029037,7.95827586865891,40.51390113614999,8.008153256597478,0.12035632240852596,46.126669171344325,0.5906068588520949,422.5989661606867,220.04006818277543
adapted,obs-2021-01-01,365,16,zos,global,5.744700924859824,0.9923273091614332,0.47972524053641347,3.689959930375537,0.4820105000025609,0.08390523828954984,3.819664198665151,0.07964810990756171,1.4218848988756738,0.7027806433485356
adapted,obs-2021-01-01,365,16,zos,60,5.571872062479498,0.9921789654967085,0.4792483248927712,3.5334565423457125,0.4814020814433977,0.08639862438427426,3.6790421059531564,0.08213407183291706,1.4218848988756738,0.7027806433485356
adapted,obs-2021-01-01,365,32,thetao_0,global,68.10698846632548,0.9922123541250748,7.609923967069444,42.149058714789376,7.655196096884933,0.11239956822742111,47.06734742019217,0.5803745379451171,394.76227035463893,210.22616111261073
adapted,obs-2021-01-01,365,32,thetao_0,60,65.35414561110674,0.992059485003285,7.600837207196042,39.90492358911154,7.649776032321843,0.11705112140616503,45.21350523388045,0.5906068588520949,394.76227035463893,210.22616111261073
adapted,obs-2021-01-01,365,32,zos,global,5.639933959569441,0.9920496459761997,0.45823332799937505,3.629717597285954,0.46051325650543873,0.08165224270473459,3.7453684447102282,0.07964810990756171,1.3301727173906144,0.6742589780527676
adapted,obs-2021-01-01,365,32,zos,60,5.470458417716686,0.9918923636292403,0.4577671463191987,3.476164528961311,0.45992479618698767,0.08407426966220422,3.607274520952033,0.08213407183291706,1.3301727173906144,0.6742589780527676
adapted,obs-2021-01-01,365,64,thetao_0,global,67.83222141772211,0.9921682494977281,7.533901475921701,42.003321411910484,7.579042495632861,0.111732187701179,46.858745965140926,0.5803745379451171,389.0914250670271,208.1974465574244
adapted,obs-2021-01-01,365,64,thetao_0,60,65.09040500218218,0.9920139035747201,7.5248344329520025,39.767749875140495,7.573648273229715,0.1163558326757347,45.011958013370766,0.5906068588520949,389.0914250670271,208.1974465574244
adapted,obs-2021-01-01,365,64,zos,global,5.616631846787423,0.992006661646164,0.4536773844442199,3.6162331069643976,0.45594919069738293,0.08117840070970199,3.7289119326773594,0.07964810990756171,1.3109134463140533,0.6681788607201868
adapted,obs-2021-01-01,365,64,zos,60,5.44790519297438,0.9918468536959509,0.45321591390584753,3.4633415360365896,0.4553685577266913,0.08358599160534856,3.5913833046288706,0.08213407183291706,1.3109134463140533,0.6681788607201868
adapted,om4-2015,30,128,thetao_0,global,1.3611044502457776,0.5922608736618832,0.5948470316438856,0.7696963360741127,1.1117680719281973,0.8168131929386042,1.525909632835703,0.6221208055806847,2.937875942974819,0.39780324715371435
adapted,om4-2015,30,128,thetao_0,60,1.3712874959390953,0.5882421444184577,0.5877148432231118,0.782578543430513,1.1060273489192296,0.8065612442282147,1.512132135279412,0.6278696136132397,2.937875942974819,0.39780324715371435
adapted,om4-2015,30,128,zos,global,0.07690047356010116,0.6378775955309147,0.04634883014157019,0.03572767839970171,0.08173446048957206,1.0628603011877804,0.112146032632304,0.05993530056418479,0.013667976855871523,0.0022743817126564983
adapted,om4-2015,30,128,zos,60,0.0707490957305586,0.6316304537148938,0.04562155179796451,0.03308820579208062,0.08130423295773567,1.1491911255993341,0.110847722257264,0.06091258863641323,0.013667976855871523,0.0022743817126564983
adapted,om4-2015,30,128,thetao_9,global,0.5351206720966272,0.6507822042660618,0.37537175837979614,0.2568423145649144,0.640816046052743,1.1975168956601818,0.856733711105639,0.47283509541931085,0.9655092950417348,0.11710645984628355
adapted,om4-2015,30,128,thetao_9,60,0.539117140545754,0.6482110766625763,0.3741552398578343,0.2577963541016141,0.641033831390436,1.189043684905864,0.8567755004716686,0.4793849352827995,0.9655092950417348,0.11710645984628355
adapted,om4-2015,30,128,so_9,global,0.08210843596433334,0.6552902914792279,0.05919167051106626,0.03953307496924391,0.0991641976908682,1.2077224042355845,0.13399867889762357,0.06138304975750119,0.024435634279995302,0.003408475069032591
adapted,om4-2015,30,128,so_9,60,0.08314177455599923,0.6531991954720923,0.05910565177859241,0.03996478536773968,0.09923725594837281,1.1935907848771334,0.13441638264076988,0.062398342823769076,0.024435634279995302,0.003408475069032591
adapted,om4-2015,30,16,thetao_0,global,1.3693716937826161,0.6286690513689037,0.6785161442392523,0.7608579475467859,1.1902121502574634,0.8691666080593062,1.6289220788912113,0.6221208055806847,3.3796328235435404,0.46256143347711576
adapted,om4-2015,30,16,thetao_0,60,1.3800061116019635,0.6243045463930176,0.669206555379035,0.7739962218850085,1.182322114432686,0.8567513610937575,1.6121997351565225,0.6278696136132397,3.3796328235435404,0.46256143347711576
adapted,om4-2015,30,16,zos,global,0.07774420286304437,0.6581565402873919,0.050966446062965784,0.03612094756341027,0.08690897061950482,1.117883615999064,0.11860142872811691,0.05993530056418479,0.015465790462471214,0.0025532419976842633
adapted,om4-2015,30,16,zos,60,0.07144431116672532,0.6519233870773887,0.05013914517020948,0.03346878929663197,0.08636618631724463,1.2088602284329821,0.11717638483023189,0.06091258863641323,0.015465790462471214,0.0025532419976842633
adapted,om4-2015,30,16,thetao_9,global,0.5383013891018293,0.658101357975524,0.3991404260944542,0.25919418434688585,0.6739098446588198,1.251919200474769,0.8973467341619668,0.47283509541931085,1.0568557333874389,0.12989228236947695
adapted,om4-2015,30,16,thetao_9,60,0.5423094778914825,0.6553827336919095,0.3977325063250687,0.26014715299570257,0.6740672117259713,1.2429567234317336,0.8972899142739431,0.4793849352827995,1.0568557333874389,0.12989228236947695
adapted,om4-2015,30,16,so_9,global,0.08343529100335989,0.6676435913558557,0.06367648970041688,0.04027754186946622,0.1046293808563822,1.2540182888817255,0.1409374123637586,0.06138304975750119,0.02696726738515233,0.003791501401384847
adapted,om4-2015,30,16,so_9,60,0.08447671596103756,0.6653129522641329,0.06355337270448586,0.04069942774585019,0.10468845741511343,1.2392581343171287,0.14133486858686672,0.062398342823769076,0.02696726738515233,0.003791501401384847
adapted,om4-2015,30,32,thetao_0,global,1.3621485449205244,0.5983705139284123,0.6101313631456908,0.7676654265877657,1.1277589407864494,0.8279265466250961,1.5465472914020806,0.6221208055806847,3.015338968968455,0.4098379980962871
adapted,om4-2015,30,32,thetao_0,60,1.3722358609535563,0.5942345264093172,0.6025785962236796,0.7804660779237195,1.1216548227136918,0.8173921514733351,1.5322445904236734,0.6278696136132397,3.015338968968455,0.4098379980962871
adapted,om4-2015,30,32,zos,global,0.07703604041864824,0.6414898927351373,0.04723039338595537,0.03577577761117536,0.0827797940048164,1.0745593043847275,0.11343416690627688,0.05993530056418479,0.014004727811884686,0.0023236681294629175
adapted,om4-2015,30,32,zos,60,0.07089089594892077,0.6352406290302883,0.04648472377133318,0.03315551915407784,0.08232995469591367,1.1613614638928407,0.11211338398677967,0.06091258863641323,0.014004727811884686,0.0023236681294629175
adapted,om4-2015,30,32,thetao_9,global,0.5358084672869121,0.6520202065062951,0.3800511083787768,0.2573322867397196,0.6475802135150399,1.2086039192215243,0.8649743660827998,0.47283509541931085,0.9827426393379355,0.11959618305324571
adapted,om4-2015,30,32,thetao_9,60,0.5397531690795578,0.6494138235656866,0.37880223974378757,0.2582524756695915,0.6477977529154851,1.200174061080875,0.86500949518195,0.4793849352827995,0.9827426393379355,0.11959618305324571
adapted,om4-2015,30,32,so_9,global,0.08233191170525843,0.6574315198477685,0.060060892947248756,0.03966019594846159,0.10027820537110911,1.2179749418438983,0.135398935494426,0.06138304975750119,0.0249067787673425,0.003478382217892071
adapted,om4-2015,30,32,so_9,60,0.08336425820023202,0.6552699006798809,0.059966904191710836,0.040088521255374446,0.10035014024991772,1.2037549714517632,0.1358146168922502,0.062398342823769076,0.0249067787673425,0.003478382217892071
adapted,om4-2015,30,64,thetao_0,global,1.3607248359632755,0.5932815406539819,0.5974918072396054,0.7688270828624381,1.1146489685796643,0.8191582450176925,1.5296278662766112,0.6221208055806847,2.951476404911984,0.39997123491827025
adapted,om4-2015,30,64,thetao_0,60,1.3708601845780162,0.5892682648757925,0.5902966822784216,0.7816530414164503,1.108818762776907,0.8088489076063058,1.515754207432551,0.6278696136132397,2.951476404911984,0.39997123491827025
adapted,om4-2015,30,64,zos,global,0.07693343695408848,0.6384874227821995,0.04650246673801994,0.03573902818815094,0.08192481010786834,1.064879113054036,0.11237464700092714,0.05993530056418479,0.013726850244950774,0.0022844474193356866
adapted,om4-2015,30,64,zos,60,0.07079278964800986,0.6322480254413297,0.04577360308919981,0.03310713235607241,0.08149213317474842,1.1511360631490433,0.11107473048848598,0.06091258863641323,0.013726850244950774,0.0022844474193356866
adapted,om4-2015,30,64,thetao_9,global,0.5353186750972942,0.6509901641870639,0.37621634064719883,0.2569704485606087,0.642052049713479,1.199382871514404,0.8582385652452879,0.47283509541931085,0.9686695386223663,0.11753905821256203
adapted,om4-2015,30,64,thetao_9,60,0.539288278582052,0.6484196741298249,0.3749990452597247,0.25790839127056986,0.642271935410584,1.190962164242298,0.8582823952222768,0.4793849352827995,0.9686695386223663,0.11753905821256203
adapted,om4-2015,30,64,so_9,global,0.08215282103369967,0.6556701152842257,0.05934900793052153,0.03957226931914066,0.09937051539305508,1.2095812918255429,0.13425456081537332,0.06138304975750119,0.024528595441785532,0.003420514383167801
adapted,om4-2015,30,64,so_9,60,0.08318625924044047,0.6535638014708645,0.05926110082267794,0.04000494827594969,0.09944319084585256,1.1954280881704664,0.13467158898154835,0.062398342823769076,0.024528595441785532,0.003420514383167801
adapted,om4-2015,365,128,thetao_0,global,84.15292571739968,0.9924618091532037,7.495714072353309,46.78753839524709,7.534941260481601,0.08953867255649861,58.85918996519014,0.6025147570873343,254.61007551053473,78.11456294134467
adapted,om4-2015,365,128,thetao_0,60,82.01526861071217,0.9922585959487011,7.482819201706749,44.65999912454209,7.528663808329587,0.09179588064345197,57.64437117744408,0.604997974236506,254.61007551053473,78.11456294134467
adapted,om4-2015,365,128,zos,global,7.208134469909289,0.9922201384584355,0.4513649024692135,4.063170003416222,0.45350579931230667,0.06291583504795713,4.779631692998501,0.06080325955307638,1.0565104392934592,0.42940627627649
adapted,om4-2015,365,128,zos,60,6.958846251625404,0.9920034442195446,0.45070011710089997,3.849329070843014,0.45282155800161006,0.06507135545577585,4.624270667411967,0.06149400549434804,1.0565104392934592,0.42940627627649
adapted,om4-2015,365,128,thetao_9,global,25.512515737999383,0.991727307007193,2.374560976241949,14.485266272205257,2.3910090131556747,0.09371906078217164,18.702157193648667,0.48012228084744607,34.90870302667694,15.40761997438182
adapted,om4-2015,365,128,thetao_9,60,25.10028504845154,0.9916246865837782,2.3720217066998983,13.970494436672588,2.3889937939789725,0.09517795472710586,18.462327856950218,0.4859555234154341,34.90870302667694,15.40761997438182
adapted,om4-2015,365,128,so_9,global,4.536380855489486,0.9919566804050444,0.4694939986850105,2.482106207392376,0.47414934015655763,0.10452150188906391,3.517654260097893,0.06206928729181082,1.192805191776655,0.5059010194979424
adapted,om4-2015,365,128,so_9,60,4.471740154616997,0.9918759058230795,0.46896033134808224,2.392435881666889,0.47364219385638157,0.10591898846522955,3.4819177362077953,0.06312387092255765,1.192805191776655,0.5059010194979424
adapted,om4-2015,365,16,thetao_0,global,86.14651585025132,0.9927712122093594,7.946589075330882,47.73529929080591,7.986860595394734,0.09271252025187311,60.34924128093152,0.6025147570873343,282.3457932892961,83.80834045036713
adapted,om4-2015,365,16,thetao_0,60,83.95434591862066,0.9925823828086198,7.933184172631052,45.560058488982804,7.98034668139647,0.09505579007347692,59.10565996895359,0.604997974236506,282.3457932892961,83.80834045036713
adapted,om4-2015,365,16,zos,global,7.383256999560879,0.9925172752465986,0.4784334511055701,4.153011708221422,0.48061130676859276,0.06509475517338449,4.899787365092126,0.06080325955307638,1.1628303155748863,0.4577044004889074
adapted,om4-2015,365,16,zos,60,7.128005307812856,0.9923170092454341,0.4777469705906655,3.9345836857410705,0.4798997641520984,0.06732595493806527,4.740597879465649,0.06149400549434804,1.1628303155748863,0.4577044004889074
adapted,om4-2015,365,16,thetao_9,global,26.142942817483082,0.9920723597341751,2.5168013077001,14.805266627227564,2.5333435847130086,0.09690353539766136,19.187340800196655,0.48012228084744607,38.188526857327524,16.27991179029865
adapted,om4-2015,365,16,thetao_9,60,25.721640302541257,0.9919757152699162,2.5141842862770303,14.27888913879229,2.5312604213393697,0.09840975892541678,18.94204469611102,0.4859555234154341,38.188526857327524,16.27991179029865
adapted,om4-2015,365,16,so_9,global,4.640454669123264,0.9922996370235616,0.4977474622138331,2.531577730278375,0.50251501069878,0.10829003762118891,3.6067960171494557,0.06206928729181082,1.3094231267297423,0.5368383947891866
adapted,om4-2015,365,16,so_9,60,4.573920105015052,0.9922249917801435,0.4971887444304496,2.4396949270556143,0.5019817091167851,0.10974868331573823,3.5702230800898116,0.06312387092255765,1.3094231267297423,0.5368383947891866
adapted,om4-2015,365,32,thetao_0,global,84.58387326562108,0.9925052134975394,7.589308764778278,46.99411967808674,7.628788796932355,0.09019200117468561,59.179752113449176,0.6025147570873343,260.2286220395904,79.28989162065673
adapted,om4-2015,365,32,thetao_0,60,82.4345632234405,0.9923042507211466,7.5762104213999395,44.85639012703694,7.62240949341602,0.09246618402957178,57.958795900242244,0.604997974236506,260.2286220395904,79.28989162065673
adapted,om4-2015,365,32,zos,global,7.245986006745588,0.9922558291763759,0.45698328556624257,4.082639997845076,0.45914191464029447,0.063365001562639,4.80552146601485,0.06080325955307638,1.078161927868615,0.435350491813136
adapted,om4-2015,365,32,zos,60,6.995405028184684,0.9920434239347309,0.4563149988509663,3.86780529915293,0.4584526857718367,0.06553626043448776,4.649324368753885,0.06149400549434804,1.078161927868615,0.435350491813136
adapted,om4-2015,365,32,thetao_9,global,25.648935653611854,0.9917802500059586,2.404074173164703,14.554819101153408,2.420592551965168,0.0943739960462766,18.806593244771765,0.48012228084744607,35.583127295187175,15.589949078349417
adapted,om4-2015,365,32,thetao_9,60,25.234768887160428,0.9916791555606861,2.401503506259725,14.037543796346585,2.4185506536617685,0.09584199738371049,18.56554865549723,0.4859555234154341,35.583127295187175,15.589949078349417
adapted,om4-2015,365,32,so_9,global,4.55883818389028,0.9920080602167274,0.4753481588788596,2.4928904129630842,0.4800400698232994,0.10529877360412422,3.5368444792822755,0.06206928729181082,1.216722491462145,0.5124837536489683
adapted,om4-2015,365,32,so_9,60,4.493790450272636,0.9919285235609302,0.4748075779593657,2.40274391571064,0.47952576794804375,0.1067085288587391,3.5009255603783362,0.06312387092255765,1.216722491462145,0.5124837536489683
adapted,om4-2015,365,64,thetao_0,global,84.23592370821298,0.9924650578713078,7.513123760836339,46.82772534331906,7.552404250032142,0.08965776022345422,58.92068189200976,0.6025147570873343,255.66149948226536,78.34134616755718
adapted,om4-2015,365,64,thetao_0,60,82.09603075971091,0.9922624508095936,7.500230532459691,44.69818476157044,7.546121691755111,0.09191822822521174,57.70481164846182,0.604997974236506,255.66149948226536,78.34134616755718
adapted,om4-2015,365,64,zos,global,7.215351827249433,0.9922224270867156,0.4524236334125259,4.0669136074746115,0.4545712613864822,0.06300056771587388,4.784578517077017,0.06080325955307638,1.06067289351648,0.43056875831946484
adapted,om4-2015,365,64,zos,60,6.96581171241674,0.9920074303437373,0.45175879197447427,3.85288496867225,0.45388609538828223,0.06515911054259742,4.629059483698614,0.06149400549434804,1.06067289351648,0.43056875831946484
adapted,om4-2015,365,64,thetao_9,global,25.53866912701952,0.9917324995978622,2.3800638990916694,14.498723388265851,2.396532090625356,0.0938393492122055,18.72220005435941,0.48012228084744607,35.03418704486094,15.441221093801161
adapted,om4-2015,365,64,thetao_9,60,25.12607500050985,0.9916302452674157,2.3775188529296347,13.983479969207309,2.3945060735200006,0.0952996468199435,18.482135517694395,0.4859555234154341,35.03418704486094,15.441221093801161
adapted,om4-2015,365,64,so_9,global,4.5407359772220985,0.9919632694867072,0.4706112660987539,2.4841808604015876,0.4752721100244656,0.1046685190261215,3.52137969194914,0.06206928729181082,1.1970707688748359,0.507064508453714
adapted,om4-2015,365,64,so_9,60,4.476012757285021,0.991882472650354,0.47007614586401425,2.394417967333891,0.4747633405642617,0.10606836180070119,3.4856083394555304,0.06312387092255765,1.1970707688748359,0.507064508453714
adapted,om4-2018,30,128,thetao_0,global,1.3373867453023829,0.5927729251851348,0.595784143393621,0.7525892063366775,1.1126514209513143,0.8319593601922113,1.5266805326321942,0.6309301248071696,3.0041592401652095,0.40599332726826487
adapted,om4-2018,30,128,thetao_0,60,1.3323621650283886,0.5886468853786078,0.5882644350998436,0.7530491073540161,1.1064597157154061,0.8304496665828325,1.5125911561377898,0.637737908783947,3.0041592401652095,0.40599332726826487
adapted,om4-2018,30,128,zos,global,0.07088594318621493,0.6384555699241422,0.04642739030214503,0.03380201762410628,0.0818122304349813,1.1541389838047778,0.11221084818996879,0.05923793194278928,0.0142534629438824,0.0023931765002186997
adapted,om4-2018,30,128,zos,60,0.06935727801493985,0.6321442667868549,0.045670043798162606,0.03317542703267847,0.08134362868193283,1.1728203731468683,0.11085004420647745,0.05992681577510958,0.0142534629438824,0.0023931765002186997
adapted,om4-2018,30,128,thetao_9,global,0.5458182948445988,0.6512157788961185,0.37581406191412264,0.26041740855957013,0.6411566421438001,1.1746704868629319,0.8575498242064974,0.4719207508181928,0.9913464721252064,0.11935823236652818
adapted,om4-2018,30,128,thetao_9,60,0.5515974640652351,0.6485839839391071,0.37440144740730813,0.2620455330684568,0.641141589193941,1.162335998553677,0.8573717457910451,0.480389559815641,0.9913464721252064,0.11935823236652818
adapted,om4-2018,30,128,so_9,global,0.08323914270776947,0.6555274654562004,0.05925338276875042,0.03995164597418121,0.09923626189062543,1.1921826518446688,0.1341078038774122,0.06244304880226386,0.025190083761069966,0.0035057559805152867
adapted,om4-2018,30,128,so_9,60,0.08457075460634285,0.6533636178763084,0.059133238508868355,0.04059993749009705,0.0992685309379562,1.1737926591766632,0.13447028222243335,0.06369350200821249,0.025190083761069966,0.0035057559805152867
adapted,om4-2018,30,16,thetao_0,global,1.3451257613248158,0.6290701687786652,0.6794046819887932,0.7437471337439768,1.191058775819424,0.8854627649435165,1.6298737771157525,0.6309301248071696,3.4576617353048,0.47206185379637977
adapted,om4-2018,30,16,thetao_0,60,1.3411105116209707,0.6246151427367603,0.6696913285236853,0.7451732550582298,1.182714424571203,0.8818918458417584,1.6127961031709046,0.637737908783947,3.4576617353048,0.47206185379637977
adapted,om4-2018,30,16,zos,global,0.07177807627482584,0.6586340137407851,0.05104043354967069,0.03419716178433478,0.08698226732091713,1.2118222141796762,0.11866623410307355,0.05923793194278928,0.01612715367886025,0.0026819759771572393
adapted,om4-2018,30,16,zos,60,0.07020012279777073,0.6523489225902895,0.05017766531359595,0.0335467094718484,0.08639482778604166,1.2306933997099105,0.1171683491401723,0.05992681577510958,0.01612715367886025,0.0026819759771572393
adapted,om4-2018,30,16,thetao_9,global,0.5486673556021948,0.6585148735303353,0.3995964175703182,0.26251774678659057,0.6742653362537661,1.2289146226199663,0.8981777268672683,0.4719207508181928,1.08550474384591,0.13259120521405604
adapted,om4-2018,30,16,thetao_9,60,0.5544086421374397,0.6557374357295871,0.397975110716155,0.2640866398824196,0.6741722363616638,1.2160204317207133,0.8978630198099442,0.480389559815641,1.08550474384591,0.13259120521405604
adapted,om4-2018,30,16,so_9,global,0.08457495878811849,0.6678775322962955,0.0637301757351763,0.04070591520872127,0.10469066139768382,1.2378446634536378,0.14103396487375652,0.06244304880226386,0.02779392555454202,0.003900028783826793
adapted,om4-2018,30,16,so_9,60,0.0859139817265331,0.6654865928812986,0.06357082153063019,0.04133879589933505,0.10470568179933994,1.2187269137708157,0.14137178586981447,0.06369350200821249,0.02779392555454202,0.003900028783826793
adapted,om4-2018,30,32,thetao_0,global,1.3383943980090165,0.5989191805192373,0.6111416408519517,0.7505960328608682,1.1286725207197503,0.8433033808261253,1.5473954114895607,0.6309301248071696,3.083422732701269,0.4178666880866142
adapted,om4-2018,30,32,thetao_0,60,1.3333200147757334,0.594668965724415,0.6032078056023669,0.7510855132799209,1.1221297637835026,0.8416057295684163,1.5328278967080404,0.637737908783947,3.083422732701269,0.4178666880866142
adapted,om4-2018,30,32,zos,global,0.07104968792615747,0.642049760524616,0.047314313520495165,0.03386075906046865,0.08286707155485726,1.16632562328749,0.11351130566173938,0.05923793194278928,0.01460657286332879,0.0024484064650489995
adapted,om4-2018,30,32,zos,60,0.06952493631615232,0.6357294240738997,0.046538246422025586,0.03323856060066308,0.08237910469486236,1.1848857267593598,0.11212999815254622,0.05992681577510958,0.01460657286332879,0.0024484064650489995
adapted,om4-2018,30,32,thetao_9,global,0.546421054197158,0.6524912915894228,0.3805366002844989,0.2608458417673503,0.647952241071341,1.1858112642152123,0.8658409959515506,0.4719207508181928,1.0096020399794159,0.12195714497631269
adapted,om4-2018,30,32,thetao_9,60,0.5521376787653473,0.6498261367699263,0.3790885768440218,0.2624282311758651,0.647933815055668,1.1735004510189082,0.8656498362837196,0.480389559815641,1.0096020399794159,0.12195714497631269
adapted,om4-2018,30,32,so_9,global,0.08346197096405424,0.6577223206164415,0.06013206747171671,0.04008146495205683,0.10035747732003465,1.2024335893440266,0.1355163216323683,0.06244304880226386,0.025693375512404772,0.0035819186700177435
adapted,om4-2018,30,32,so_9,60,0.08479275756265242,0.6554893720361297,0.06000378231279358,0.0407253607889994,0.10038844778177386,1.1839271497639166,0.13587654404907357,0.06369350200821249,0.025693375512404772,0.0035819186700177435
adapted,om4-2018,30,64,thetao_0,global,1.337013693240597,0.5938245930193277,0.5984330756630206,0.7517477587139061,1.1154926611382412,0.8343165569490597,1.53032919113885,0.6309301248071696,3.0204983799228877,0.4088300054364673
adapted,om4-2018,30,64,thetao_0,60,1.3319493727560199,0.5897035922366376,0.5908559281082786,0.752183934968577,1.1092062387887562,0.8327690687624472,1.5161547819490646,0.637737908783947,3.0204983799228877,0.4088300054364673
adapted,om4-2018,30,64,zos,global,0.0709247446034767,0.6390408608111414,0.046583180896452143,0.03381596164721266,0.08200430321634085,1.1562156998210895,0.1124471430598487,0.05923793194278928,0.014319257819027303,0.0024038073235165104
adapted,om4-2018,30,64,zos,60,0.06939861073132318,0.6327514257507034,0.04582364533761681,0.03319170082827332,0.08153167745737298,1.1748315506346805,0.11108107358482552,0.05992681577510958,0.014319257819027303,0.0024038073235165104
adapted,om4-2018,30,64,thetao_9,global,0.5459664411360866,0.651441908004633,0.37667387079486053,0.2605202867735342,0.642404866890223,1.176638010119194,0.8590603926569654,0.4719207508181928,0.9946069815452406,0.11974288189305476
adapted,om4-2018,30,64,thetao_9,60,0.5517237293907438,0.6488054457774012,0.3752560937875291,0.2621334314136791,0.6423893491462997,1.164331557491058,0.8588840427754271,0.480389559815641,0.9946069815452406,0.11974288189305476
adapted,om4-2018,30,64,so_9,global,0.08328148094036014,0.6559419639288121,0.05941222222737002,0.03998953837366206,0.09943898349540464,1.1940107497201602,0.13436217526124422,0.06244304880226386,0.025293164775294877,0.0035217247082600365
adapted,om4-2018,30,64,so_9,60,0.08461307840388026,0.6537652910387322,0.05928979451736853,0.040638336644694524,0.09947010884895535,1.175587872765468,0.13472314548440387,0.06369350200821249,0.025293164775294877,0.0035217247082600365
adapted,om4-2018,365,128,thetao_0,global,83.71606685553512,0.9924523151048903,7.4939671913255195,46.414146939604336,7.533165394711313,0.08998470278962033,58.463418935738844,0.6198117313239149,271.5367897725421,90.3148176539054
adapted,om4-2018,365,128,thetao_0,60,81.34388010221792,0.9922517062027394,7.481508246590128,44.21786379014107,7.5273116457305465,0.09253691410185517,57.08396850135841,0.6242253078296176,271.5367897725421,90.3148176539054
adapted,om4-2018,365,128,zos,global,7.1508432240280335,0.9922364240288869,0.45126493366539794,4.0205066296103515,0.4533952788411332,0.06340444960639732,4.741894926438858,0.05921382383664935,1.2337891500591531,0.5941543263606609
adapted,om4-2018,365,128,zos,60,6.885432035812394,0.9920163260336555,0.4506172883270188,3.8043894581176523,0.452734455623544,0.06575251244494014,4.576541881477604,0.059925119176340295,1.2337891500591531,0.5941543263606609
adapted,om4-2018,365,128,thetao_9,global,25.051393411083218,0.9917232721817819,2.374004052012224,14.344089737450624,2.3906239663369186,0.09542878222810794,18.332579985401317,0.4709752343475471,48.6268693826068,28.57915754513808
adapted,om4-2018,365,128,thetao_9,60,24.63660423245419,0.9916240925952076,2.3716054279366876,13.864577477769162,2.3886974606724123,0.09695725263653597,18.099093765273828,0.4794056429391288,48.6268693826068,28.57915754513808
adapted,om4-2018,365,128,so_9,global,4.472895967186453,0.9919402332389898,0.46943114744445325,2.4311058201960516,0.47409772793248933,0.10599346182216415,3.4651036528434114,0.06235384871915004,1.6641829120040017,0.9589244284304178
adapted,om4-2018,365,128,so_9,60,4.407221153005748,0.9918544549820362,0.46891485721318255,2.3430864850616677,0.47360827552573803,0.10746188110000666,3.4258742110910076,0.0636059301700275,1.6641829120040017,0.9589244284304178
adapted,om4-2018,365,16,thetao_0,global,85.70386520279676,0.9927606897730823,7.944877201338933,47.35639586436952,7.9850498376425065,0.09317024172419626,59.94734447725456,0.6198117313239149,300.3175905584948,96.55930888886252
adapted,om4-2018,365,16,thetao_0,60,83.27204719631014,0.9925739375596573,7.931929701644274,45.11086549785412,7.978953898344067,0.09581791449817535,58.53594583074577,0.6242253078296176,300.3175905584948,96.55930888886252
adapted,om4-2018,365,16,zos,global,7.324543172002695,0.9925378898167257,0.47833317574374773,4.109012513296376,0.48047879200931426,0.06559846542319452,4.861135402256803,0.05921382383664935,1.3469822905140882,0.6281843219282773
adapted,om4-2018,365,16,zos,60,7.0526856885392215,0.9923337897303293,0.4776632235559345,3.8882076708101967,0.47978928358731043,0.0680293018540411,4.6916920637634485,0.059925119176340295,1.3469822905140882,0.6281843219282773
adapted,om4-2018,365,16,thetao_9,global,25.66934529411657,0.9920653705804418,2.516285059088703,14.659121906721808,2.533004065189014,0.09867817181023235,18.808166723984876,0.4709752343475471,52.553032563872065,30.04433860965331
adapted,om4-2018,365,16,thetao_9,60,25.245289441894233,0.9919729184722855,2.513783690025879,14.168879170111868,2.5309842479128015,0.10025570329618268,18.56913288591086,0.4794056429391288,52.553032563872065,30.04433860965331
adapted,om4-2018,365,16,so_9,global,4.575453064060932,0.9922887588937351,0.4976989447398152,2.4792486717571713,0.5024690057486922,0.10981841551287319,3.553220614494719,0.06235384871915004,1.8057817381693246,1.013086079817575
adapted,om4-2018,365,16,so_9,60,4.507858232879522,0.9922093293437316,0.49716448534497765,2.389047051038876,0.5019597824505987,0.11135216693138056,3.5131084126489034,0.0636059301700275,1.8057817381693246,1.013086079817575
adapted,om4-2018,365,32,thetao_0,global,84.14609609399501,0.9924957564033525,7.58740150160734,46.61954847859929,7.626856242418398,0.09063826602126442,58.783797630870694,0.6198117313239149,277.3944439602952,91.60720754844766
adapted,om4-2018,365,32,thetao_0,60,81.76098524347242,0.992299398483256,7.574815079482774,44.412704446080284,7.620927816594746,0.09320983344196161,57.39738074979197,0.6242253078296176,277.3944439602952,91.60720754844766
adapted,om4-2018,365,32,zos,global,7.18829327628742,0.9922719234270995,0.4568830278129185,4.039681564393614,0.4590296975061725,0.06385795346169436,4.767607452501986,0.05921382383664935,1.2571503956189927,0.6014430749981174
adapted,om4-2018,365,32,zos,60,6.921490021627341,0.992055861149595,0.45622943540904715,3.8225562603757153,0.4583609984928926,0.066222879330992,4.601369017882511,0.059925119176340295,1.2571503956189927,0.6014430749981174
adapted,om4-2018,365,32,thetao_9,global,25.18479793469431,0.9917730667007862,2.4035086529827554,14.41253190184008,2.4202130344681225,0.09609817163289855,18.435073638730188,0.4709752343475471,49.45125562510741,28.899123838374468
adapted,om4-2018,365,32,thetao_9,60,24.768043980813914,0.9916751271539639,2.401099550488228,13.930719009213597,2.418275528614525,0.09763691999609639,18.200390957441453,0.4794056429391288,49.45125562510741,28.899123838374468
adapted,om4-2018,365,32,so_9,global,4.495061879498485,0.9919947807614585,0.47529874617022255,2.441609809041284,0.47999585468810657,0.10678292480851449,3.484038606549968,0.06235384871915004,1.693202517531313,0.9703211872936631
adapted,om4-2018,365,32,so_9,60,4.428977434218635,0.9919102677723566,0.47478144807202366,2.3531170982991267,0.47950425775633193,0.10826522936234526,3.444624506701951,0.0636059301700275,1.693202517531313,0.9703211872936631
adapted,om4-2018,365,64,thetao_0,global,83.79854962749687,0.9924554115182098,7.511541334198028,46.453848885231956,7.5507897607554835,0.09010644926816058,58.52446031790747,0.6198117313239149,272.6514612578388,90.5554063105207
adapted,om4-2018,365,64,thetao_0,60,81.42394272469657,0.9922554995171361,7.49902727232779,44.255537668187664,7.544879431652043,0.09266168130867995,57.14353490091627,0.6242253078296176,272.6514612578388,90.5554063105207
adapted,om4-2018,365,64,zos,global,7.15805092873097,0.9922393684052538,0.4523101751367643,4.024209255279744,0.45444967740044384,0.06348790780132266,4.74682514076715,0.05921382383664935,1.237827836038559,0.5954840919026908
adapted,om4-2018,365,64,zos,60,6.892381139021443,0.9920196805108819,0.45166300432799256,3.8079001345732664,0.45378958498971234,0.06583930514529553,4.581307050624875,0.059925119176340295,1.237827836038559,0.5954840919026908
adapted,om4-2018,365,64,thetao_9,global,25.077044784997064,0.9917274483293964,2.3795701688370006,14.35727434656765,2.3962027076337864,0.09555363194419829,18.35227409434732,0.4709752343475471,48.77861499605379,28.638051850773127
adapted,om4-2018,365,64,thetao_9,60,24.661882868271324,0.9916290826094636,2.3771794852332366,13.87730863301246,2.394287374803876,0.0970845327419927,18.118568218092832,0.4794056429391288,48.77861499605379,28.638051850773127
adapted,om4-2018,365,64,so_9,global,4.477189062057426,0.9919480713804134,0.4705378308597206,2.4331358399726124,0.4752075110263588,0.10613970159392469,3.4687632863106983,0.06235384871915004,1.6694965117507883,0.9610020642466518
adapted,om4-2018,365,64,so_9,60,4.411440951722275,0.9918630535630326,0.4700228191588365,2.3450260484211096,0.4747177416819201,0.10761058503947221,3.4295000447231425,0.0636059301700275,1.6694965117507883,0.9610020642466518
adapted,om4-2021,30,128,thetao_0,global,1.358116663415798,0.5930805391739677,0.5959049564729626,0.7644276669305893,1.1122853126156806,0.8189909914058288,1.5262969423385546,0.6284497949818597,3.0402848560210494,0.41551913504620813
adapted,om4-2021,30,128,thetao_0,60,1.3598399932891292,0.5889698016643333,0.5884661427036904,0.7703974710998355,1.1061784742384482,0.813462230628227,1.5118336225493758,0.6333161591936134,3.0402848560210494,0.41551913504620813
adapted,om4-2021,30,128,zos,global,0.07678089507651624,0.6386854589938631,0.04643037868624837,0.03593945640362934,0.08178950002258614,1.0652324375885247,0.11210982052753365,0.059051345986744316,0.014509551621276866,0.0024122110198439403
adapted,om4-2021,30,128,zos,60,0.06930169928734048,0.6324095318703252,0.04568330215080869,0.03329762689738782,0.08132969977763936,1.1735599648203152,0.11079558476537983,0.059347624471796555,0.014509551621276866,0.0024122110198439403
adapted,om4-2021,30,128,thetao_9,global,0.5613412931956646,0.6512921770783562,0.3756897278145058,0.2672891392698277,0.6408970392270933,1.1417243787260423,0.8565870531142817,0.47482282183976343,1.0002607032326383,0.12086569537032678
adapted,om4-2021,30,128,thetao_9,60,0.5695897755299504,0.6487500063287596,0.3744643343929949,0.2700336678482456,0.6410677315315176,1.1254902371361277,0.8565184014244621,0.48434930044251956,1.0002607032326383,0.12086569537032678
adapted,om4-2021,30,128,so_9,global,0.08490595799651392,0.6556450522995757,0.05925638048364511,0.040455315185853734,0.09922840825773273,1.1686860451160197,0.13404178303984415,0.06385056491349497,0.025558317151851723,0.003560107025799331
adapted,om4-2021,30,128,so_9,60,0.08634557821832928,0.6535741973809857,0.05916576824485122,0.04112012693818983,0.0992909655584805,1.1499253072047089,0.13444205176070598,0.06512124890618633,0.025558317151851723,0.003560107025799331
adapted,om4-2021,30,16,thetao_0,global,1.365209397539733,0.6293317728592991,0.6794598647434781,0.7552996531637217,1.190616462386203,0.8721127063231714,1.629244728262379,0.6284497949818597,3.497396666507342,0.48266490547222585
adapted,om4-2021,30,16,thetao_0,60,1.367521724707218,0.6248941578892006,0.6698629773886139,0.7617119462405502,1.1823892862106318,0.8646219397090584,1.611905240656049,0.6333161591936134,3.497396666507342,0.48266490547222585
adapted,om4-2021,30,16,zos,global,0.0774915137981606,0.6588758592117198,0.051036519268449924,0.036219456442361735,0.08694844522787619,1.122038284790096,0.1185517058146568,0.059051345986744316,0.016408369021349886,0.002704172402055325
adapted,om4-2021,30,16,zos,60,0.06998598623207448,0.6526505164351073,0.05018998009799383,0.033627305838112534,0.08637266612959736,1.2341423016199904,0.11710166436584762,0.059347624471796555,0.016408369021349886,0.002704172402055325
adapted,om4-2021,30,16,thetao_9,global,0.5640283434884825,0.6585741986096939,0.39941292253176386,0.2691964799702643,0.6739218663514992,1.1948368803300409,0.8971249972872496,0.47482282183976343,1.0960411070758145,0.13447042591595967
adapted,om4-2021,30,16,thetao_9,60,0.572254413964689,0.6558904644108225,0.39800033857459693,0.271884850064114,0.674034424419687,1.1778579736062609,0.8969578574078427,0.48434930044251956,1.0960411070758145,0.13447042591595967
adapted,om4-2021,30,16,so_9,global,0.08624648656525855,0.6679947372947943,0.06372994467781186,0.041208140549963905,0.1046777275318439,1.2137042527829738,0.14095409376309212,0.06385056491349497,0.028223339909040187,0.003961232818133917
adapted,om4-2021,30,16,so_9,60,0.08769004378121724,0.665693965862405,0.06360276504715492,0.041858522923197285,0.10472625399306763,1.1942775881644554,0.14133362294624663,0.06512124890618633,0.028223339909040187,0.003961232818133917
adapted,om4-2021,30,32,thetao_0,global,1.3589737994361915,0.5991598545630282,0.611150732797233,0.7623947724781851,1.1282347282646918,0.8302108022485583,1.5468878537345114,0.6284497949818597,3.121486990822579,0.42726738186205665
adapted,om4-2021,30,32,thetao_0,60,1.3605990094239437,0.5949439069138595,0.6032981461502682,0.7683233413620473,1.1217512227515676,0.8244539463735898,1.5318685916325807,0.6333161591936134,3.121486990822579,0.42726738186205665
adapted,om4-2021,30,32,zos,global,0.07689209001960193,0.6422839640857501,0.0473104864553401,0.03597388800392995,0.0828315161213118,1.077243655364235,0.11339257197430867,0.059051345986744316,0.014858882033712457,0.002467449294370642
adapted,om4-2021,30,32,zos,60,0.06943551378449343,0.6360088428442002,0.046544921612381635,0.03335501895709378,0.08235251574208109,1.1860287517663954,0.11205668133256615,0.059347624471796555,0.014858882033712457,0.002467449294370642
adapted,om4-2021,30,32,thetao_9,global,0.5619434364213717,0.6525364814648407,0.38034678922799386,0.267695701028833,0.6476243125877027,1.1524724209112098,0.8647852686038853,0.47482282183976343,1.0188817984060836,0.12346386043201729
adapted,om4-2021,30,32,thetao_9,60,0.5701350196948897,0.6499623942734232,0.37908963036094684,0.27039495509060074,0.6477941514396774,1.1362118253783944,0.8647086689096386,0.48434930044251956,1.0188817984060836,0.12346386043201729
adapted,om4-2021,30,32,so_9,global,0.08512823542586673,0.6578120998898611,0.06012479155084927,0.04058550578048999,0.10033922485603423,1.178683245976758,0.13543679695277072,0.06385056491349497,0.02607094927237298,0.00364010031470393
adapted,om4-2021,30,32,so_9,60,0.08656685602552945,0.6556789320090475,0.060026561770381535,0.04124624987284718,0.10040049253204275,1.1598029215989272,0.13583433273309106,0.06512124890618633,0.02607094927237298,0.00364010031470393
adapted,om4-2021,30,64,thetao_0,global,1.3576286085267746,0.5940742299547865,0.5985480501683537,0.7635183706576794,1.1151906097936057,0.8214253904119997,1.5300114983620987,0.6284497949818597,3.056051552874721,0.417683758857318
adapted,om4-2021,30,64,thetao_0,60,1.3593085158924418,0.5899592241999755,0.591047657922792,0.7694507752103474,1.1090107762845791,0.8158639214854532,1.5154740831808815,0.6333161591936134,3.056051552874721,0.417683758857318
adapted,om4-2021,30,64,zos,global,0.07681266457362776,0.6392681988496094,0.046583921940602166,0.03595164326078646,0.08197963694765441,1.067267193537778,0.11233841486136599,0.059051345986744316,0.014566812561559362,0.0024222335702074817
adapted,om4-2021,30,64,zos,60,0.0693455424386892,0.6330159680680393,0.04583410904965655,0.03331596507436295,0.0815149143469304,1.1754888847974698,0.11101835232011192,0.059347624471796555,0.014566812561559362,0.0024222335702074817
adapted,om4-2021,30,64,thetao_9,global,0.561525700935661,0.651497705021594,0.376530125827132,0.2674069363532128,0.6421301974813068,1.1435455161025325,0.8580840792992256,0.47482282183976343,1.003361617240074,0.121335739968558
adapted,om4-2021,30,64,thetao_9,60,0.5697531787538479,0.6489516269624225,0.3752997044534339,0.27013734514667764,0.64230158238345,1.1273330388226679,0.8580157536393915,0.48434930044251956,1.003361617240074,0.121335739968558
adapted,om4-2021,30,64,so_9,global,0.08493875133544052,0.6560418441789767,0.059413319196494195,0.04049302534942229,0.09942898192417775,1.1705962279986004,0.1342932981446895,0.06385056491349497,0.025653024151711,0.003574407696904405
adapted,om4-2021,30,64,so_9,60,0.08637763939746698,0.6539588591981683,0.05932081941690836,0.04115860411810948,0.09949079790588007,1.1518119573524446,0.13469239119763293,0.06512124890618633,0.025653024151711,0.003574407696904405
adapted,om4-2021,365,128,thetao_0,global,82.7233846204044,0.9924301721470367,7.490017562321349,45.674668089585424,7.529625634431818,0.09102173066277772,57.92392784325945,0.611118803701512,260.9733133748116,83.81664963673009
adapted,om4-2021,365,128,thetao_0,60,80.34434328418065,0.9922324291649555,7.477749990563246,43.481189092636704,7.5240092392483024,0.09364703141122989,56.56799180463933,0.6145593437888879,260.9733133748116,83.81664963673009
adapted,om4-2021,365,128,zos,global,7.064165111617723,0.9922142425793862,0.4511574663674305,3.9596050032125003,0.453257793642336,0.06416296709952439,4.690756861703552,0.05937604569220716,1.0524425184147703,0.428729497793364
adapted,om4-2021,365,128,zos,60,6.795786228494403,0.9919949661080131,0.4505339087831369,3.744420771311293,0.4526092278979965,0.0666014516466436,4.526785993282526,0.060027858766048846,1.0524425184147703,0.428729497793364
adapted,om4-2021,365,128,thetao_9,global,24.95656254801414,0.9917184197544853,2.3733027156792303,14.232326087793943,2.3898916049535335,0.09576205057710176,18.237405729372178,0.4742278244765355,39.2572001826761,19.577817650354795
adapted,om4-2021,365,128,thetao_9,60,24.55275037192221,0.9916175449645497,2.370864943403256,13.757794530524981,2.3879417420471754,0.09725760682102458,18.026887164632505,0.48339139399889264,39.2572001826761,19.577817650354795
adapted,om4-2021,365,128,so_9,global,4.419796939805051,0.9919291001050016,0.4692018804496843,2.405926524404105,0.4738913935593656,0.10722017323725014,3.447485038084347,0.06334606800114896,1.535057485195479,0.8395905012965018
adapted,om4-2021,365,128,so_9,60,4.351514036098469,0.9918426036129107,0.4686866841677809,2.31910465473998,0.473400375884772,0.10878980785943157,3.4064740450310316,0.06464660245224173,1.535057485195479,0.8395905012965018
adapted,om4-2021,365,16,thetao_0,global,84.68578393131392,0.9927422556119163,7.9409608554984,46.600934809065315,7.981377910247101,0.09424696259198068,59.392775103607576,0.611118803701512,289.2166995846415,89.91494561366949
adapted,om4-2021,365,16,thetao_0,60,82.24709371165996,0.9925593924570927,7.928297712411723,44.358655445501235,7.975584651255091,0.09697102099699376,58.005889611811,0.6145593437888879,289.2166995846415,89.91494561366949
adapted,om4-2021,365,16,zos,global,7.2356096967095676,0.9925122542197579,0.4782174850432664,4.046681448379605,0.48034117019680495,0.0663857214983891,4.808825159967129,0.05937604569220716,1.156277298005634,0.45464350172009915
adapted,om4-2021,365,16,zos,60,6.9607817355791965,0.9923072623396435,0.4775650732053296,3.8268807925457855,0.47965182908548243,0.06890775308092192,4.640858846905827,0.060027858766048846,1.156277298005634,0.45464350172009915
adapted,om4-2021,365,16,thetao_9,global,25.572785114896405,0.9920670324218267,2.5155271885757524,14.544857025643239,2.5322237023352807,0.09902025496863988,18.7113358552611,0.4742278244765355,42.81752961431301,20.70923704159544
adapted,om4-2021,365,16,thetao_9,60,25.15992028226645,0.9919722160596505,2.5129995043972806,14.059664332124456,2.5302005980662994,0.10056473032029711,18.49584432473751,0.48339139399889264,42.81752961431301,20.70923704159544
adapted,om4-2021,365,16,so_9,global,4.5210336898985375,0.9922741292268561,0.49746965598253023,2.453568048924212,0.5022540457641852,0.11109274564495823,3.5350902509827162,0.06334606800114896,1.6703092627846279,0.8883199429757824
adapted,om4-2021,365,16,so_9,60,4.450741573645077,0.992193459794601,0.49693737549985484,2.3645842528453955,0.501743345182318,0.11273252712612547,3.4931313918589244,0.06464660245224173,1.6703092627846279,0.8883199429757824
adapted,om4-2021,365,32,thetao_0,global,83.14723404866494,0.9924734897142136,7.583498586970467,45.876248234558744,7.623474570432422,0.09168644823435144,58.24035453686786,0.611118803701512,266.67169249514984,85.04791238973802
adapted,om4-2021,365,32,thetao_0,60,80.75518413758402,0.9922792586627334,7.571110936897283,43.67227495884352,7.617793766967269,0.09433194720958966,56.87765691912432,0.6145593437888879,266.67169249514984,85.04791238973802
adapted,om4-2021,365,32,zos,global,7.1011356649293775,0.9922500388672485,0.4567602832991348,3.9784713116176063,0.45887701128697017,0.0646202287830159,4.716109093858702,0.05937604569220716,1.0738022281188324,0.43423212069558925
adapted,om4-2021,365,32,zos,60,6.831336396336433,0.9920339101135363,0.45612998371573366,3.76229056943428,0.4582197616474303,0.06707615246310637,4.551258952973793,0.060027858766048846,1.0738022281188324,0.43423212069558925
adapted,om4-2021,365,32,thetao_9,global,25.089461238291772,0.9917692074220299,2.402795718229687,14.300210423935209,2.4194595237193455,0.09643329925422008,18.339460540768837,0.4742278244765355,39.98220490238293,19.812333806788963
adapted,om4-2021,365,32,thetao_9,60,24.683659486459273,0.9916692322930548,2.4003352147742856,13.82337511028297,2.4174882477529476,0.09793881045390009,18.12783664287454,0.48339139399889264,39.98220490238293,19.812333806788963
adapted,om4-2021,365,32,so_9,global,4.441646053988048,0.991980189800693,0.47506549470520426,2.4163144439615754,0.47978304130677435,0.10801919726944216,3.4663587474038624,0.06334606800114896,1.5627419930587816,0.8499270055531201
adapted,om4-2021,365,32,so_9,60,4.3729287469970295,0.9918945821788981,0.4745467280631541,2.3290216668980506,0.4792873372354051,0.10960328076796141,3.4251480901054836,0.06464660245224173,1.5627419930587816,0.8499270055531201
adapted,om4-2021,365,64,thetao_0,global,82.80534185905434,0.9924344278855165,7.507574834039425,45.71384162384013,7.547249555291486,0.09114447674327465,57.98455046450735,0.611118803701512,262.0546860284023,84.03961148706478
adapted,om4-2021,365,64,thetao_0,60,80.42369385302058,0.9922375860522938,7.49528308675926,43.51825626552973,7.541612040048142,0.09377350975486053,56.62729718354893,0.6145593437888879,262.0546860284023,84.03961148706478
adapted,om4-2021,365,64,zos,global,7.071256854120297,0.9922156506272711,0.4522117514972638,3.963249665160083,0.4543101574073387,0.06424744098252069,4.695604330787139,0.05937604569220716,1.0565862250516236,0.4297301410316549
adapted,om4-2021,365,64,zos,60,6.802606572425347,0.9919970000371393,0.451585602496029,3.7478762626314595,0.4536576880687652,0.06668880277564276,4.531463463047743,0.060027858766048846,1.0565862250516236,0.4297301410316549
adapted,om4-2021,365,64,thetao_9,global,24.981979053279165,0.9917235494948378,2.3788142146777727,14.24542694213275,2.3954452790695084,0.09588693009311763,18.25687895903237,0.4742278244765355,39.40040202652009,19.62620355746412
adapted,om4-2021,365,64,thetao_9,60,24.577786165253,0.9916222915865005,2.376379714311465,13.77045110047634,2.39349910870961,0.09738465021285907,18.046140821327004,0.48339139399889264,39.40040202652009,19.62620355746412
adapted,om4-2021,365,64,so_9,global,4.424030489690534,0.9919331546308048,0.4703055344429914,2.4079314179857665,0.4750051761766724,0.10736932697086804,3.4511532218941245,0.06334606800114896,1.540284625738117,0.8415129242712838
adapted,om4-2021,365,64,so_9,60,4.355661821548852,0.9918465306697716,0.4697908537449016,2.3210160631791106,0.474515314436547,0.10894218465009566,3.4101044445401985,0.06464660245224173,1.540284625738117,0.8415129242712838
