model,region,box_width_cells,channel,prediction_anomaly_energy,target_anomaly_energy,cross_anomaly_moment,anomaly_mse
original,global,0,uo_0,0.35759269995520815,0.4472110235329831,0.34667016385179583,0.11146339864441844
original,global,0,uo_1,0.4053397305083998,0.48928506928260884,0.39459950333893906,0.1054257925110634
original,global,0,uo_2,0.440450278797535,0.5141384291528451,0.428554973216972,0.09747876610719797
original,global,0,uo_3,0.4248323389376053,0.49941418899430173,0.41453602217664626,0.09517448990031926
original,global,0,uo_4,0.34465700568574853,0.4187718542537304,0.33496932670323537,0.09349019983501146
original,global,0,uo_5,0.28324921429157257,0.35726736470906423,0.271259014805158,0.09799855277694838
original,global,0,uo_6,0.2680848693907863,0.3377714331703957,0.25113960468407837,0.1035770918383743
original,global,0,uo_7,0.3495354920324653,0.43619542952739837,0.3250562611854438,0.135618403027154
original,global,0,uo_8,0.3782099590759085,0.47828742651024253,0.35051862037543097,0.15546014649097367
original,global,0,uo_9,0.3677945525357218,0.47488512384771103,0.3376171363122536,0.1674454054146102
original,global,0,uo_10,0.34483958645300433,0.4659835334980127,0.3138513297143609,0.1831204632315973
original,global,0,uo_11,0.3306013595576238,0.46230046737073655,0.2944533666878036,0.203995095057921
original,global,0,uo_12,0.31436855142766784,0.4591639156293388,0.27141181402134174,0.2307088426267258
original,global,0,uo_13,0.302376748937549,0.4531179103586409,0.2505230497230183,0.2544485584955023
original,global,0,uo_14,0.3149886031945547,0.4730939139621427,0.2555084156267571,0.27706568454853214
original,global,0,uo_15,0.3442905786061528,0.5348082880179088,0.271579990934844,0.3359388835502394
original,global,0,uo_16,0.36471704220530965,0.591971294446425,0.2789891360685079,0.39871005969818196
original,global,0,uo_17,0.328188849217964,0.5408051128339286,0.24115805162323847,0.3866778591064492
original,global,0,uo_18,0.25845256538102124,0.4628845456272665,0.19905524226752197,0.32322662526910956
original,global,0,vo_0,0.5391455060905881,0.6371854534654907,0.5147601992192895,0.14681056962169783
original,global,0,vo_1,0.5502971374627316,0.6362425067810098,0.5301048505787898,0.1263299561811216
original,global,0,vo_2,0.5756548724391244,0.648544268174605,0.5609865823779444,0.10222597849188429
original,global,0,vo_3,0.593677795595593,0.6636316661882883,0.5817001218145544,0.09390920995160787
original,global,0,vo_4,0.5840807219948432,0.6494225721166592,0.5706291644260137,0.09224496826981055
original,global,0,vo_5,0.5505938517926919,0.6217725180616283,0.5356899782864735,0.10098642494642374
original,global,0,vo_6,0.5331054862701532,0.6010017714115105,0.5149147597828297,0.10427773879332977
original,global,0,vo_7,0.5410995329871323,0.6081744083250412,0.5219268482742888,0.10542024243058581
original,global,0,vo_8,0.5477348012153549,0.6197710308161649,0.5273309271745008,0.11284399303522978
original,global,0,vo_9,0.5401236261382248,0.621162817935751,0.5191742925330847,0.12293785690057159
original,global,0,vo_10,0.5214133196406895,0.6176243183588741,0.49954953699400934,0.1399385550557965
original,global,0,vo_11,0.5013794489581176,0.6179243880088884,0.4776309990521634,0.16404184684006856
original,global,0,vo_12,0.47279488046964013,0.6115481636740945,0.4442571576195534,0.1958287325170305
original,global,0,vo_13,0.4453081964242338,0.6008604271243317,0.4057758173557243,0.23461698612781487
original,global,0,vo_14,0.4349059920118313,0.6120739320311884,0.38468589174627055,0.2776081381422101
original,global,0,vo_15,0.43840830133418845,0.6541493498917782,0.3709322623532228,0.3506931186926486
original,global,0,vo_16,0.421486995135895,0.6619076939544293,0.3411336411731412,0.40112741637711574
original,global,0,vo_17,0.3806797913228623,0.6014474726686575,0.29711079492111403,0.3879056699348219
original,global,0,vo_18,0.32115746492689307,0.5472261285541034,0.25792589557893353,0.3525318051829483
original,global,0,thetao_0,0.004692449471960315,0.004692449471960315,0.004692449471960315,0.0
original,global,0,thetao_1,0.004658947435367589,0.004617655645077578,0.004227608903264157,0.0008213852797964155
original,global,0,thetao_2,0.0045165920070363115,0.004567033011522709,0.0036785889021826515,0.0017264471706849608
original,global,0,thetao_3,0.004743306728249247,0.00510615485043011,0.003343024917859396,0.0031634117547196874
original,global,0,thetao_4,0.00551684694176521,0.006511206004881498,0.003887005832347304,0.004254041354858665
original,global,0,thetao_5,0.006846061220975838,0.008594779946813078,0.005185593585154475,0.0050696539175179274
original,global,0,thetao_6,0.006658889729567249,0.009852218935548357,0.005244003613526472,0.00602310136750792
original,global,0,thetao_7,0.006505414956446851,0.010582081841850522,0.005223866674409371,0.006639763331887398
original,global,0,thetao_8,0.007666573262387756,0.012330281416499857,0.0063482154715768626,0.007300423843917823
original,global,0,thetao_9,0.008718823553110013,0.01264511344182973,0.007048529309380536,0.007266878362067721
original,global,0,thetao_10,0.007777157662944361,0.011373987120359835,0.0061350819193805115,0.006880980878692084
original,global,0,thetao_11,0.00568470223853835,0.01085738843363343,0.0039288782693370425,0.008684334147608642
original,global,0,thetao_12,0.003693000538124129,0.008741263996320543,0.001998596421367668,0.008437071752856778
original,global,0,thetao_13,0.002819537674312038,0.0033583817721316313,0.0009708729663139417,0.004236173519695348
original,global,0,thetao_14,0.0026661453796832852,0.0020707660469913274,0.0008645796703852036,0.003007752136468436
original,global,0,thetao_15,0.002928044115466,0.0014909403198727906,0.000863614472715805,0.0026917555181290766
original,global,0,thetao_16,0.004293527416508607,0.002429430452975059,0.001038179162541649,0.004646599523233946
original,global,0,thetao_17,0.00465372458072097,0.005719828687495355,0.0026588202124894268,0.005055912913792212
original,global,0,thetao_18,0.004232840621938007,0.00735854764817038,0.003519736994716405,0.0045519141960098895
original,global,0,so_0,0.0070803230722444235,0.010010514530644875,0.002910426106407411,0.01126998548179564
original,global,0,so_1,0.00618709744227053,0.008220969642879385,0.0027103448872256913,0.008987377171940876
original,global,0,so_2,0.005434258328280365,0.007238024323614259,0.0026357695671983743,0.007400743573941667
original,global,0,so_3,0.004519954558951085,0.0063998075343216915,0.002334900623695417,0.006249960808252747
original,global,0,so_4,0.004152812757482282,0.006201809065209495,0.0020875847190524443,0.00617945237517959
original,global,0,so_5,0.003973923924595419,0.00602066975952399,0.0017720632045764967,0.00645046727731824
original,global,0,so_6,0.004597448071257936,0.008865191380145274,0.0025079959128616438,0.008446647663309118
original,global,0,so_7,0.005676890530557645,0.011169775596095458,0.00371466581521537,0.009417334590295348
original,global,0,so_8,0.005367982365905938,0.009192689622968738,0.0035790766993857395,0.007402518538363052
original,global,0,so_9,0.003822080856847643,0.005987436049664864,0.0022914933259457803,0.005226530285194667
original,global,0,so_10,0.00227764809052601,0.0032470731271637813,0.0009829805119696894,0.0035587601819912894
original,global,0,so_11,0.001861175446949824,0.004086708428921423,0.0006979551528477007,0.0045519735795831445
original,global,0,so_12,0.001535192183736298,0.0035558773199980613,0.0006356323390700525,0.003819804829121991
original,global,0,so_13,0.0009819703127229304,0.0008070928901857274,0.00021283681380369635,0.0013633895961737091
original,global,0,so_14,0.0009357238369476465,0.0002785836290003676,9.754234744115931e-05,0.0010192227682729036
original,global,0,so_15,0.0013648063141965506,0.00035754559535740153,0.0001525927988096197,0.0014171663041442934
original,global,0,so_16,0.0021320945451581723,0.0008594542477195237,0.00032106596027557373,0.002349416871150636
original,global,0,so_17,0.004451436679716213,0.008903453639247503,0.0039079047955873645,0.00553908070897439
original,global,0,so_18,0.0039376128027497825,0.009725005530535874,0.004676584184941168,0.004309450080994554
original,global,0,zos,0.006809747335736198,0.006809747335736198,0.006809747335736198,0.0
original,tropics,0,uo_0,0.6386714550581846,0.783602151003751,0.6228681044145065,0.1765373982865401
original,tropics,0,uo_1,0.7391626205709246,0.8999076777636403,0.7263977530628745,0.18627479672431949
original,tropics,0,uo_2,0.790882104575032,0.9245029055710996,0.7739233275254568,0.16753836638397643
original,tropics,0,uo_3,0.7226409319073264,0.8586699318404151,0.7090811702338132,0.16314852026977925
original,tropics,0,uo_4,0.5345177147725616,0.6761662767391012,0.5214725212015288,0.16773896024684715
original,tropics,0,uo_5,0.35720292757255867,0.4999947839915151,0.33939208195667075,0.17841354509194693
original,tropics,0,uo_6,0.20595819488017247,0.31474539592410583,0.1771128529099503,0.1664778825008508
original,tropics,0,uo_7,0.1889228133691682,0.2993023735706253,0.147869571290835,0.19248604307873082
original,tropics,0,uo_8,0.1797696516820879,0.3001078397336633,0.13417020154119744,0.2115370926230845
original,tropics,0,uo_9,0.1756271640911247,0.3108469390808934,0.12604586768782503,0.23438236599016674
original,tropics,0,uo_10,0.16883362069575475,0.32686166209403916,0.11526085842739453,0.2651735639030283
original,tropics,0,uo_11,0.16939157285172532,0.3439712056306878,0.10473894728629879,0.303884886129938
original,tropics,0,uo_12,0.17044166069139136,0.3634971235737656,0.09399440431158351,0.3459499749270353
original,tropics,0,uo_13,0.1731957606594972,0.3637970752186246,0.08872479441190008,0.3595432494625901
original,tropics,0,uo_14,0.17399407599610514,0.33572869439317726,0.09193775592127232,0.325847256665278
original,tropics,0,uo_15,0.19067323057338448,0.366369875091495,0.10849426077170807,0.34005458878748346
original,tropics,0,uo_16,0.19404595729076501,0.35672447567034254,0.11095271402537221,0.3288650037062289
original,tropics,0,uo_17,0.1506597013636069,0.2737392473100412,0.0794595338855729,0.2654798842138715
original,tropics,0,uo_18,0.09825443687162015,0.20102465784910956,0.054703599312389745,0.18987189594543344
original,tropics,0,vo_0,0.6139686685619933,0.7771376594148501,0.5743060518394818,0.24249422128754436
original,tropics,0,vo_1,0.6400534507602152,0.814057995574643,0.6095602909723918,0.23499085761681954
original,tropics,0,vo_2,0.6475585063900611,0.7873076338960667,0.6260994263369628,0.18266728670910154
original,tropics,0,vo_3,0.6250635743743242,0.7633916341295147,0.6085390319125822,0.17137714633435916
original,tropics,0,vo_4,0.5547140318937976,0.6891549533665783,0.5358100410061654,0.1722488994851257
original,tropics,0,vo_5,0.38383909638481917,0.5255965069688933,0.35953498970378533,0.19036562695647732
original,tropics,0,vo_6,0.21643114722136297,0.3406774877297758,0.1863590359236255,0.18439056205027032
original,tropics,0,vo_7,0.162309069750887,0.27436590375322284,0.1327659943037563,0.17114298436978853
original,tropics,0,vo_8,0.14801170104982878,0.2636210805538929,0.1179924515461681,0.17564788024232847
original,tropics,0,vo_9,0.1427153836597096,0.2660198673756436,0.10953172484431604,0.18967179893845262
original,tropics,0,vo_10,0.13958577706356243,0.27852202665926235,0.10087615131127715,0.21635550305698859
original,tropics,0,vo_11,0.13962497735264326,0.2989661102042054,0.09332564736556526,0.2519397916215839
original,tropics,0,vo_12,0.13985873405078447,0.3261665287945006,0.08912229906729978,0.28778066568904453
original,tropics,0,vo_13,0.14427089788998018,0.3323423707424992,0.08643064881213988,0.30375197108345803
original,tropics,0,vo_14,0.15677239625441908,0.3336011896831821,0.09834468082496615,0.2936842242876689
original,tropics,0,vo_15,0.19542964577975902,0.3937529650601474,0.13385183081933946,0.32147894935174426
original,tropics,0,vo_16,0.2100063694095371,0.38869738699209816,0.1450301835106479,0.3086433875741381
original,tropics,0,vo_17,0.16942453105943373,0.29779451784461436,0.10493256531731047,0.25735391736632646
original,tropics,0,vo_18,0.1255674809970037,0.25564977978215075,0.07865310580742481,0.22391105044369747
original,tropics,0,thetao_0,0.0035379888146476013,0.0035379888146476013,0.0035379888146476013,0.0
original,tropics,0,thetao_1,0.0037155857220329725,0.0036444677806675737,0.0033158003376100704,0.0007284528568782139
original,tropics,0,thetao_2,0.0040587689515880565,0.004318149411119521,0.003296850723063931,0.0017832169542089107
original,tropics,0,thetao_3,0.005549081403649215,0.0061741273290468295,0.004175895861481703,0.0033714169133078273
original,tropics,0,thetao_4,0.00827914237214083,0.009684875899116801,0.006477373572198129,0.005009271105694952
original,tropics,0,thetao_5,0.011398777911307837,0.013902921257822803,0.009634342091628398,0.006033014877689908
original,tropics,0,thetao_6,0.00914434019024625,0.013258141413744954,0.007713455556318014,0.006975570458429631
original,tropics,0,thetao_7,0.005344265483959456,0.008985363102207582,0.0037964300130202315,0.006736768564830224
original,tropics,0,thetao_8,0.003918218202983039,0.006422260531572381,0.0021319204278177385,0.006076637876568118
original,tropics,0,thetao_9,0.0038893612388596695,0.004431121719229703,0.0015262770689929827,0.0052679287965851605
original,tropics,0,thetao_10,0.002981033211461071,0.0033535589863819006,0.0008969186450063129,0.004540754924293119
original,tropics,0,thetao_11,0.00246143256633947,0.0020770698508266548,0.00047603913808048643,0.0035864241148411027
original,tropics,0,thetao_12,0.0024282797169166083,0.0017853809363029974,0.0003625413381895568,0.0034885780034455086
original,tropics,0,thetao_13,0.002370932207659188,0.002266096368648413,0.00033890898179599776,0.003959210655379175
original,tropics,0,thetao_14,0.0020459501432593574,0.001125025383615396,0.0002247487275395322,0.0027214780431052653
original,tropics,0,thetao_15,0.002234606655559155,0.0003230016416343249,9.402171058515495e-05,0.002369564902648857
original,tropics,0,thetao_16,0.003757811567717881,0.0008525876851630107,0.00034373139373421895,0.003922936508921211
original,tropics,0,thetao_17,0.0042418511937174835,0.0031776708842377473,0.0016670072018498123,0.00408550768601473
original,tropics,0,thetao_18,0.0036952196846179895,0.004552470249678902,0.002213995158201968,0.0038196996931513455
original,tropics,0,so_0,0.007432841385404269,0.012508413237002162,0.003981188320639459,0.011978878056385903
original,tropics,0,so_1,0.006476841645898543,0.009793034622991326,0.0036711271798162905,0.008927622000978451
original,tropics,0,so_2,0.006462369758560502,0.009980273625879277,0.0041071061360075925,0.00822843121120123
original,tropics,0,so_3,0.005522830491753841,0.009434723953782309,0.0036054797637549165,0.007746594812194206
original,tropics,0,so_4,0.0048723220190202655,0.009026006828391492,0.0029262044376486707,0.008045919977993978
original,tropics,0,so_5,0.004125374700930534,0.0074775819572610695,0.0017244016361832055,0.00815415330174746
original,tropics,0,so_6,0.00410976498199608,0.010261412601767467,0.0020981241094602293,0.01017492947949454
original,tropics,0,so_7,0.004239262036998014,0.011646958848818986,0.002635533493976438,0.010615153859059017
original,tropics,0,so_8,0.0035425201740416916,0.007153455182119753,0.0019392867771334797,0.006817401833644119
original,tropics,0,so_9,0.0026643572426918484,0.0038699655360871494,0.0011781924354227619,0.004177937912049168
original,tropics,0,so_10,0.0016008678275734338,0.0014512119485498077,0.000362140946431236,0.002327797874441427
original,tropics,0,so_11,0.0012431458953410539,0.000656878124426279,8.306810135157625e-05,0.0017338878218780716
original,tropics,0,so_12,0.00100884253083907,0.0004360160626932001,5.468365109645491e-05,0.001335491293410987
original,tropics,0,so_13,0.0007220447443265732,0.00020157820262917968,-1.7106854970607958e-06,0.000927044322709506
original,tropics,0,so_14,0.0007563510920259764,5.9565088701095774e-05,-3.126703914069891e-06,0.0008221695851064241
original,tropics,0,so_15,0.001125396810227422,5.5936894734093755e-05,1.070952765542877e-05,0.0011599146334143977
original,tropics,0,so_16,0.0019368891324377574,0.0005280300980725448,0.00014965411078218945,0.002165611017250804
original,tropics,0,so_17,0.0034690959769479858,0.00536903872088802,0.002035869062040942,0.004766396634901564
original,tropics,0,so_18,0.0027022683532024277,0.005779714761019657,0.002439562747821758,0.003602857667378931
original,tropics,0,zos,0.004469632891928683,0.004469632891928683,0.004469632891928683,0.0
original,extratropics,0,uo_0,0.19540592967861833,0.25310816683552484,0.18729969693554774,0.07391470125076748
original,extratropics,0,uo_1,0.21271877231621986,0.25234949814550806,0.2031467982915917,0.05877467184656799
original,extratropics,0,uo_2,0.23761406284992143,0.27661213971147636,0.22864959321238779,0.056927016964464484
original,extratropics,0,uo_3,0.2520037501147299,0.29092569724477907,0.243601316905985,0.055726816106324246
original,extratropics,0,uo_4,0.23440780678782802,0.26930685807960203,0.2266697937791998,0.05037507907760264
original,extratropics,0,uo_5,0.24032870070500809,0.27443262934684753,0.2317166328430176,0.05132807614375847
original,extratropics,0,uo_6,0.3044067585107052,0.3512334615895243,0.2944187819957733,0.06680265554424489
original,extratropics,0,uo_7,0.44455377983324457,0.5171812218849106,0.4298797114328905,0.10197557975547483
original,extratropics,0,uo_8,0.49686046953153135,0.5848237492821434,0.47987667508799625,0.12193086382114528
original,extratropics,0,uo_9,0.4842617385315173,0.5743040297970627,0.4658444523811341,0.1268768704900838
original,extratropics,0,uo_10,0.45267911240307973,0.5512240336398886,0.43552847342057666,0.1328461965677714
original,extratropics,0,uo_11,0.430210295048627,0.5354142423832056,0.41167484630237927,0.14227484723534248
original,extratropics,0,uo_12,0.40390479263633194,0.5186777786173002,0.38178235382744763,0.15901786871630738
original,extratropics,0,uo_13,0.38299921094769185,0.5088634590307872,0.35150210183076186,0.18885846842419018
original,extratropics,0,uo_14,0.4031272422183644,0.5589638156722291,0.35775985681649414,0.24657134621432336
original,extratropics,0,uo_15,0.4402245593191398,0.6399980259664132,0.37342697080939713,0.33336864727916143
original,extratropics,0,uo_16,0.47379183949846215,0.7423160214616795,0.38638014353887,0.4433475660555291
original,extratropics,0,uo_17,0.439565124836835,0.7083539565404257,0.3426026771164904,0.46271372232774294
original,extratropics,0,uo_18,0.3616372675004632,0.6315502659841018,0.2920331053360544,0.40912131950108693
original,extratropics,0,vo_0,0.4959714304317128,0.5564309150883646,0.4804013603263432,0.09159962968392807
original,extratropics,0,vo_1,0.4985064150709095,0.5336402862360984,0.48425788018438554,0.06363094007276526
original,extratropics,0,vo_2,0.5340357814172302,0.5682255746138217,0.523298125977468,0.05566511141380879
original,extratropics,0,vo_3,0.5754635430345633,0.605737510955695,0.5661245783170065,0.04895189697995331
original,extratropics,0,vo_4,0.6011336012320085,0.6263506749663691,0.5908481900138085,0.04578790689508121
original,extratropics,0,vo_5,0.6473734830365037,0.6775903442893366,0.6379252166459055,0.04911338545457282
original,extratropics,0,vo_6,0.7182466694802949,0.7531983551352915,0.7070022941839816,0.057440427028470575
original,extratropics,0,vo_7,0.7651915411756497,0.8056551513045725,0.7521539745908795,0.06653875436144646
original,extratropics,0,vo_8,0.7867354154586793,0.8327185818643281,0.7720807068275684,0.07529256936877665
original,extratropics,0,vo_9,0.7809814226747764,0.836404855203147,0.7674469646781382,0.08249235341344217
original,extratropics,0,vo_10,0.75536051964519,0.8253935870498118,0.7438182716417795,0.09311758109716455
original,extratropics,0,vo_11,0.724901693637925,0.8150035805172391,0.7150870513434363,0.10973115920117409
original,extratropics,0,vo_12,0.6799128970714531,0.7890827481192773,0.6651848915851478,0.13862586593387105
original,extratropics,0,vo_13,0.6331869869521171,0.7684438066049056,0.6050806358607129,0.19146951897577807
original,extratropics,0,vo_14,0.6087731243384006,0.7861530840998949,0.5636837678124207,0.2675586780815414
original,extratropics,0,vo_15,0.5901483875332457,0.8167668069251861,0.5189889097454572,0.3689373824933563
original,extratropics,0,vo_16,0.5566429098447164,0.8365146409381521,0.46646210400745125,0.46023334939070426
original,extratropics,0,vo_17,0.513214781729862,0.7919498995096997,0.41767744524310335,0.4698097958709255
original,extratropics,0,vo_18,0.4471382968353503,0.7350324311039665,0.3733967064004956,0.43537731814866115
original,extratropics,0,thetao_0,0.0053585917016284335,0.0053585917016284335,0.0053585917016284335,0.0
original,extratropics,0,thetao_1,0.00520328224185064,0.005179200634228612,0.004753737040146282,0.0008750088210688021
original,extratropics,0,thetao_2,0.004781588434589782,0.0047110915724940675,0.003899546071999904,0.0016935878901300258
original,extratropics,0,thetao_3,0.004275687934943673,0.004486373715065044,0.002859681221477763,0.003042699183534944
original,extratropics,0,thetao_4,0.0039128244671067505,0.004668304851899545,0.0023828188905191394,0.0038154915638380885
original,extratropics,0,thetao_5,0.00420379969573608,0.005514092470585096,0.0026036718615678827,0.0045105484196671635
original,extratropics,0,thetao_6,0.005205791617621376,0.007860974488648202,0.0038002588518076777,0.005466248520245456
original,extratropics,0,thetao_7,0.007192349903323133,0.011526699234364612,0.006068336819721894,0.006582375535873151
original,extratropics,0,thetao_8,0.009907772435308106,0.01586277766924615,0.00886920319324491,0.008032144023801643
original,extratropics,0,thetao_9,0.011645823284381568,0.017623379995877094,0.010395408946682108,0.008478385575040423
original,extratropics,0,thetao_10,0.010715761551200742,0.016288134278823634,0.009344524750956382,0.00831484617759483
original,extratropics,0,thetao_11,0.00767630860773903,0.016282605214251414,0.006062331642353475,0.011834250668985677
original,extratropics,0,thetao_12,0.00447977747241355,0.013068486296694087,0.003016378584722377,0.011515506656106676
original,extratropics,0,thetao_13,0.003099514474866517,0.004040082215773638,0.0013652846600502881,0.0044090273822987025
original,extratropics,0,thetao_14,0.003053842639230719,0.0026619684002879597,0.0012645513645956538,0.0031867083232624063
original,extratropics,0,thetao_15,0.0033610956907987296,0.0022203175732019276,0.0013442248472887459,0.0028929636047005354
original,extratropics,0,thetao_16,0.004635899751023813,0.0034371805965260726,0.0014819963223705389,0.005109087766308074
original,extratropics,0,thetao_17,0.004912121331958909,0.007314699711372155,0.0032810529040153886,0.00566471517650467
original,extratropics,0,thetao_18,0.004579126122266506,0.009165961389439274,0.004360774266204299,0.005023538852298652
original,extratropics,0,so_0,0.0068769151664743525,0.008569189361437704,0.0022925799348005897,0.010860944618329859
original,extratropics,0,so_1,0.006019911107917627,0.007313864526686946,0.002155958905914855,0.00902185786628362
original,extratropics,0,so_2,0.004839169223689371,0.005650761598401299,0.0017841336790077164,0.006921663447612464
original,extratropics,0,so_3,0.003937951171526103,0.004638540868957838,0.0015975397698712922,0.0053814125313150765
original,extratropics,0,so_4,0.0037350052229194633,0.004561840972834916,0.0016006112517318644,0.0050956236969943005
original,extratropics,0,so_5,0.0038860269229520454,0.005175121787070024,0.0017997248185271718,0.0054616991082450965
original,extratropics,0,so_6,0.004882568582854789,0.008048902538539184,0.002747624428152587,0.007436222321532592
original,extratropics,0,so_7,0.006527390100551074,0.010887475185698332,0.004353079338078246,0.008708706440761535
original,extratropics,0,so_8,0.006459454135649433,0.010411978990893172,0.004559532353522802,0.0077523684806444434
original,extratropics,0,so_9,0.004523744430355352,0.0072707750815710044,0.002966233336300862,0.0058620528581392285
original,extratropics,0,so_10,0.002692313860123507,0.004347404140527502,0.001363371300741541,0.004312975475602229
original,extratropics,0,so_11,0.002243046066723764,0.006205945082874311,0.0010778839133134244,0.006293223267703346
original,extratropics,0,so_12,0.0018626318414309863,0.0054967284362499765,0.000997037800837948,0.005365284620737187
original,extratropics,0,so_13,0.0011441910749941011,0.0011849974545490262,0.00034673691367391837,0.001635714701019378
original,extratropics,0,so_14,0.0010478535621201224,0.0004154966957161599,0.0001604726711215188,0.0011424049147113105
original,extratropics,0,so_15,0.0015143175266043407,0.0005459001145532562,0.00024119884788759545,0.001577819935093173
original,extratropics,0,so_16,0.0022568489375496,0.0010712652865825505,0.0004306141734817019,0.002466885888045936
original,extratropics,0,so_17,0.005067726862946093,0.011120836015301522,0.005082361983379933,0.006023838953820594
original,extratropics,0,so_18,0.004733306760288249,0.012266194429060427,0.0061174648428204085,0.004764571310858233
original,extratropics,0,zos,0.008160030426965519,0.008160030426965519,0.008160030426965519,0.0
original,global,3,uo_0,0.10192796956710141,0.13575859759191072,0.0982904075221582,0.04110575267913366
original,global,3,uo_1,0.12386624206497213,0.16513688335515034,0.12021317325457179,0.04857677883572049
original,global,3,uo_2,0.14585696311310084,0.1931043676655702,0.14154421485433677,0.055872901483918685
original,global,3,uo_3,0.15582500217538892,0.20880359140309424,0.1512858763788686,0.062056840293937265
original,global,3,uo_4,0.14254987390354426,0.19298207669547113,0.13722752538895366,0.061076901138129865
original,global,3,uo_5,0.13702272066865306,0.18577127926277393,0.13030536525478267,0.06218326870690693
original,global,3,uo_6,0.15842776376791676,0.21349244873331052,0.1501264079953685,0.07166739500532247
original,global,3,uo_7,0.2222962955934833,0.29843748579121604,0.21075959127358718,0.09921459492408868
original,global,3,uo_8,0.2454949701675261,0.3321562003005635,0.23287156450025964,0.11190804048921124
original,global,3,uo_9,0.23864977152058575,0.3256868548465498,0.22510155508614552,0.11413351687217001
original,global,3,uo_10,0.222047340990317,0.3121235662638539,0.20861534744200083,0.11694021364956192
original,global,3,uo_11,0.2092094538789807,0.3016504536975514,0.1939899650487033,0.12287997778015908
original,global,3,uo_12,0.19321982457180217,0.29226619426650235,0.1752461682666432,0.1349936823802765
original,global,3,uo_13,0.1795809864997864,0.2836711206520447,0.15598742543446897,0.15127725522927565
original,global,3,uo_14,0.17932620554259332,0.2954982558284143,0.150618956396074,0.1735865500840274
original,global,3,uo_15,0.1856415973167227,0.3245864646001296,0.1474690331202565,0.21528999913822522
original,global,3,uo_16,0.19260703388488656,0.3582704816803788,0.14520884455755503,0.2604598288584237
original,global,3,uo_17,0.168510061020803,0.3200020025474857,0.11930419429384098,0.2499036752816403
original,global,3,uo_18,0.12407836536265383,0.25980070052724896,0.09358820067060115,0.19670266274249917
original,global,3,vo_0,0.215467586059763,0.24842068342247398,0.21130820296027444,0.041271861078161186
original,global,3,vo_1,0.23256025109628237,0.2683843149982318,0.22905316391978603,0.042838241265277674
original,global,3,vo_2,0.258792599493807,0.29688130093343335,0.255634152829045,0.0444055971397896
original,global,3,vo_3,0.2830530992059997,0.32617145897162086,0.28005027786047776,0.0491240027953278
original,global,3,vo_4,0.29105190917699025,0.3348247435959903,0.2868772341747477,0.052122184385855995
original,global,3,vo_5,0.2958378638281967,0.34309276005234385,0.29099694105109786,0.056936744751051226
original,global,3,vo_6,0.30835311370666585,0.35689466529422337,0.3017297944035193,0.06178818887682877
original,global,3,vo_7,0.31828720340825095,0.3684024666294907,0.3105520717423372,0.06558552775720154
original,global,3,vo_8,0.3207592018926987,0.3726548850536347,0.31185598776798057,0.06970211208769769
original,global,3,vo_9,0.31132262042074493,0.36657776856663254,0.3020541457214741,0.07379209506090242
original,global,3,vo_10,0.2940282014885334,0.35532290194973803,0.2846977075543067,0.07995568953379237
original,global,3,vo_11,0.27672194757244806,0.34626455740495166,0.266459295243928,0.09006791117817466
original,global,3,vo_12,0.2550128737483362,0.33674653732415405,0.24153574668999878,0.10868791603680814
original,global,3,vo_13,0.23287806441687575,0.32756341286379886,0.2131363693812881,0.1341687349056957
original,global,3,vo_14,0.21915235618750256,0.3304015009692221,0.19154638789518916,0.16646108497874906
original,global,3,vo_15,0.21208925334492118,0.34853106345793217,0.1719602399101161,0.21669983803623857
original,global,3,vo_16,0.20334304011229315,0.3608140572152957,0.1542027679958729,0.2557515608842927
original,global,3,vo_17,0.1806494537929092,0.32610776689317494,0.12937405208746594,0.24800911440391735
original,global,3,vo_18,0.14186829870397397,0.2797344947102094,0.10318304891839172,0.21523669392171535
original,global,3,thetao_0,0.0002488757148820136,0.0002488757148820136,0.0002488757148820136,0.0
original,global,3,thetao_1,0.00029150868831860903,0.00026470188752893885,0.000223173733272665,0.00010986310695039316
original,global,3,thetao_2,0.00035325353441882244,0.0003297916816952027,0.00021048165805463804,0.00026208189750593535
original,global,3,thetao_3,0.0004826709625165383,0.0004769776323974848,0.00021636276050221478,0.0005269230733216374
original,global,3,thetao_4,0.0006201563589980432,0.0006767940711032487,0.00027323806231531006,0.000750474306646584
original,global,3,thetao_5,0.0008047743990895048,0.0009428182137057638,0.000409495932134715,0.0009286007614608742
original,global,3,thetao_6,0.0010326674462042072,0.0013726592273216208,0.0006207534308413589,0.0011638198118431098
original,global,3,thetao_7,0.0013707354629525182,0.0017543798594763787,0.0009431010694243015,0.0012389131483029237
original,global,3,thetao_8,0.0020705101990394974,0.0023135652817371823,0.0014552617365626074,0.0014735519723740945
original,global,3,thetao_9,0.0027248924151251114,0.0028882528833969676,0.0019118229463470707,0.00178949942699436
original,global,3,thetao_10,0.0023301685619346725,0.0025709776932166684,0.0016736690780486574,0.001553808043786146
original,global,3,thetao_11,0.0017333464835761023,0.002246985689388833,0.0010174630101619647,0.001945406180862902
original,global,3,thetao_12,0.0011846063978443243,0.0010793063650848438,0.0003300753267448998,0.0016037620994441136
original,global,3,thetao_13,0.0009062286440490021,0.0003724066053183204,0.00017473252558953723,0.0009291702011280289
original,global,3,thetao_14,0.0007986293828133683,0.0003600328486892536,0.00019847133594936683,0.0007617195604858225
original,global,3,thetao_15,0.0008171476262640397,0.00035509458922950387,0.00018962441118683366,0.0007929933901800953
original,global,3,thetao_16,0.001285436201012797,0.00036751158386139635,8.422987579104652e-05,0.001484488018299218
original,global,3,thetao_17,0.000956796435992036,0.00014219667663741293,2.6139388856937893e-05,0.0010467143258964173
original,global,3,thetao_18,0.00035471078173041044,5.638599237738733e-05,1.1622281510077449e-05,0.00038785221039863173
original,global,3,so_0,0.0018311136453929876,0.002064980183154194,0.0003560645211587373,0.0031839647692524726
original,global,3,so_1,0.0015926851110175404,0.0016351196005931032,0.00033783599307450157,0.002552132707822955
original,global,3,so_2,0.0011710045380621322,0.0010247621708784742,0.00023157344901736715,0.0017326198156095215
original,global,3,so_3,0.0008011978664059155,0.0008004789529932719,0.00016715283577055248,0.0012673711571183923
original,global,3,so_4,0.000759358033937675,0.000864466277746051,0.00017857832970530398,0.001266667655800855
original,global,3,so_5,0.0007780528535614864,0.0009642199588459777,0.00020013620322593725,0.001342000400957962
original,global,3,so_6,0.000930381309114058,0.0014365651795283112,0.00029643734821795743,0.0017740717957341913
original,global,3,so_7,0.0011547364793115795,0.0016800679249990018,0.0004990008330993317,0.0018368027210611888
original,global,3,so_8,0.001227158989587968,0.001570019925088443,0.0006204821813776337,0.0015562145530970562
original,global,3,so_9,0.00098259300946004,0.0011629470520549351,0.00047448592353377004,0.0011965682320861204
original,global,3,so_10,0.0005747104208267323,0.0006058146821974655,0.00018880204291722616,0.0008029210183656578
original,global,3,so_11,0.0004803417720878968,0.0006671086708648187,0.0001446717841176768,0.0008581068656040413
original,global,3,so_12,0.0004336530409725101,0.00038461209976848107,0.00011680055960290832,0.000584664026679791
original,global,3,so_13,0.0002584377235516605,0.00010231410543025105,4.4576399721501566e-05,0.0002715990304208427
original,global,3,so_14,0.00023464637019464542,3.234788612580172e-05,7.905816847146572e-06,0.0002511826214778021
original,global,3,so_15,0.0002678896111172784,4.3129187535595695e-05,1.3027437985742424e-05,0.00028496392122987244
original,global,3,so_16,0.0005125293915037705,7.227879115192201e-05,6.194929943374041e-06,0.0005724183236709749
original,global,3,so_17,0.000773773339901571,0.00010885363537289034,1.5170127554860431e-05,0.0008522867162787177
original,global,3,so_18,0.00025435211034044816,4.516671723456856e-05,1.4607139268944116e-05,0.00027030454731000723
original,global,3,zos,0.0012481199151770485,0.0012481199151770485,0.0012481199151770485,0.0
original,tropics,3,uo_0,0.07633458668685923,0.11357210832412798,0.07367686163445916,0.04255297196784405
original,tropics,3,uo_1,0.09218282455747778,0.13722494929426848,0.08994700112427124,0.049513770963507474
original,tropics,3,uo_2,0.10553855501642131,0.15556599922252426,0.1031504242558672,0.05480370599061552
original,tropics,3,uo_3,0.10684250776815897,0.1645757897634699,0.10435476221821526,0.06270877143951378
original,tropics,3,uo_4,0.0909932523664802,0.14691175294644906,0.0855636028478844,0.0667777999934524
original,tropics,3,uo_5,0.06705527639750279,0.1196795574793912,0.05956488576802341,0.06760506173878006
original,tropics,3,uo_6,0.04440615995965823,0.08920764260821873,0.034577407450838524,0.0644589885316714
original,tropics,3,uo_7,0.038009347902102905,0.08835533246247457,0.0261566328693821,0.0740514137227126
original,tropics,3,uo_8,0.034545777271492314,0.08521732928776983,0.021721662708906214,0.07631978001257386
original,tropics,3,uo_9,0.03397628006459487,0.08541669312751655,0.02013683927744025,0.07911929360242806
original,tropics,3,uo_10,0.03336948455508912,0.08690270638526089,0.018089111687408555,0.08409396799826864
original,tropics,3,uo_11,0.034968593769302274,0.09072436821280104,0.01634876249884867,0.0929954368809257
original,tropics,3,uo_12,0.03748279315127869,0.10140342272893348,0.015231741399438394,0.10842273211238361
original,tropics,3,uo_13,0.040646983780945195,0.10585624829988288,0.01462707156785811,0.1172490886064491
original,tropics,3,uo_14,0.04017311167160068,0.09520996467332649,0.01364716131127242,0.10808875283809624
original,tropics,3,uo_15,0.04316886390248935,0.099489238903378,0.01322905192471514,0.11619999967139177
original,tropics,3,uo_16,0.045850059788937525,0.09432488318645593,0.014609024145010144,0.11095689613409718
original,tropics,3,uo_17,0.04355261847376824,0.09210750167116975,0.01405503321439028,0.1075500524555794
original,tropics,3,uo_18,0.032464662265747485,0.08469381134467896,0.015034845611550893,0.08708878267895093
original,tropics,3,vo_0,0.12495186646478346,0.17073375746758299,0.12041246612565687,0.05486069344962487
original,tropics,3,vo_1,0.13301268325309562,0.18243906368510893,0.1295448122452004,0.056362125759172925
original,tropics,3,vo_2,0.14416338556041622,0.19343309872078174,0.14146057727059935,0.05467532353118213
original,tropics,3,vo_3,0.15004023706371136,0.20542403739510162,0.1471626278426912,0.0611390189992057
original,tropics,3,vo_4,0.13843957078878327,0.1950764118721991,0.13371996348253407,0.06607605784077837
original,tropics,3,vo_5,0.10081728818741713,0.15952767476891028,0.09407552245138873,0.07219391794066238
original,tropics,3,vo_6,0.06302785952434396,0.11821465216802829,0.053713557094034525,0.07381539622491057
original,tropics,3,vo_7,0.04782694916833531,0.10117205706509677,0.03790914361374547,0.07318071915645792
original,tropics,3,vo_8,0.042247149886356465,0.09620697427578648,0.031765198523197515,0.0749237271721917
original,tropics,3,vo_9,0.03966841895622437,0.09679016741839323,0.02825073734151595,0.07995711266994476
original,tropics,3,vo_10,0.03795027127019083,0.09924273877733887,0.024845852695330226,0.08750130288829708
original,tropics,3,vo_11,0.037460322369529744,0.10381893617938265,0.021879650530113717,0.09751995750749955
original,tropics,3,vo_12,0.038485501601238446,0.11597142752372858,0.019949044524268673,0.11455884161922668
original,tropics,3,vo_13,0.04036945420684237,0.12109653147483114,0.019029054009929453,0.12340787828269632
original,tropics,3,vo_14,0.044167712594222544,0.1183386037897582,0.020203188597930202,0.12209993721258762
original,tropics,3,vo_15,0.053173338486389686,0.12715600152509382,0.024345510987320334,0.1316383191280895
original,tropics,3,vo_16,0.05690866117977133,0.11649062890898099,0.025831353907106502,0.12173658353511735
original,tropics,3,vo_17,0.053262128748677,0.10880847922479264,0.021846129511943972,0.11837834857328974
original,tropics,3,vo_18,0.04611200903250714,0.11527665689437078,0.02468855642346722,0.11201155501784701
original,tropics,3,thetao_0,7.860092261001807e-05,7.860092261001807e-05,7.860092261001807e-05,0.0
original,tropics,3,thetao_1,0.00011261439096709395,9.766586226025466e-05,6.18341832475812e-05,8.661188790809853e-05
original,tropics,3,thetao_2,0.00017476959784298835,0.00017689650805109662,5.809120862389624e-05,0.00023548368739688565
original,tropics,3,thetao_3,0.00031290529589780207,0.0003301415847017044,6.850772275136093e-05,0.0005060314345455757
original,tropics,3,thetao_4,0.00045864359443922615,0.0005092720231840933,0.00011552197027027213,0.0007368716713502026
original,tropics,3,thetao_5,0.0006324201416591127,0.0006691259202650852,0.00019600143144024782,0.0009095431963978994
original,tropics,3,thetao_6,0.0006551727425598662,0.00080464957364261,0.00016132856626886724,0.00113716519160215
original,tropics,3,thetao_7,0.0005675794626115774,0.0007047224748700933,0.0001035477851271733,0.0010652063517934747
original,tropics,3,thetao_8,0.0008296141603190189,0.000558999232122336,6.726312840144583e-05,0.0012540871105768314
original,tropics,3,thetao_9,0.0011935543628748169,0.00047756252061302844,4.6108396000276156e-05,0.0015789000776060152
original,tropics,3,thetao_10,0.0007111038771608488,0.000374636095725094,2.9609912721385593e-05,0.001026520152773821
original,tropics,3,thetao_11,0.0006750162333400563,0.00026112078260418707,8.524124207295618e-06,0.0009190887612563493
original,tropics,3,thetao_12,0.0009354620030140411,0.00019934446776680875,-1.3103851295199457e-05,0.001161014182596571
original,tropics,3,thetao_13,0.0010091028302070695,0.00010494667021886945,-4.9988099501447175e-06,0.0011240471321430925
original,tropics,3,thetao_14,0.000731267045590688,4.433570222428182e-05,-9.231487800234667e-06,0.0007940657246349888
original,tropics,3,thetao_15,0.0006550913606064789,2.4254564134870903e-05,-5.0128341612345615e-06,0.0006893715848252554
original,tropics,3,thetao_16,0.001089475819643474,4.6248007474603566e-05,-2.566825840018062e-05,0.0011870603269963254
original,tropics,3,thetao_17,0.0008628131378432643,4.768873553286834e-05,1.694399372471802e-05,0.0008766138832075428
original,tropics,3,thetao_18,0.0003038100887094672,3.22410163826502e-05,3.689737151862321e-06,0.00032867163224522064
original,tropics,3,so_0,0.0016654234901635034,0.0019704228845622506,0.000281203745711849,0.003073438924426834
original,tropics,3,so_1,0.0013699806648108997,0.0013562309458108638,0.00028255650657670094,0.0021610985947490644
original,tropics,3,so_2,0.0010192865297678068,0.0009668911607333959,0.00019784049225729012,0.0015904967275664514
original,tropics,3,so_3,0.0005648432554079765,0.0007780613448245057,8.366550336902929e-05,0.0011755735930902038
original,tropics,3,so_4,0.0005375737173840253,0.0008886780265267149,7.245844106805497e-05,0.001281334855123376
original,tropics,3,so_5,0.0005388230013642272,0.0009032753255039529,4.5353147665096145e-05,0.001351392024779937
original,tropics,3,so_6,0.0005193089362530208,0.0012778811688262104,6.91984430592827e-05,0.001658793216608841
original,tropics,3,so_7,0.0005387329203053143,0.0012205922070683706,6.183120802399407e-05,0.0016356627151106647
original,tropics,3,so_8,0.000531699389367449,0.0008030447337513018,3.6958996999619745e-05,0.0012608261313289404
original,tropics,3,so_9,0.0005263577584609992,0.0004591584262071234,3.28999471940329e-05,0.0009197162992245697
original,tropics,3,so_10,0.00033265216637054707,0.00017574272601220833,2.4301828619668255e-06,0.0005035345252095299
original,tropics,3,so_11,0.00026505244022700936,8.189756574045698e-05,-1.0221737973220064e-06,0.0003489943540471634
original,tropics,3,so_12,0.00024135046385139266,4.3943580510471056e-05,-1.979215315105689e-06,0.0002892524755978487
original,tropics,3,so_13,0.00018306190252064192,1.3986680458383307e-05,-2.0342732476487787e-06,0.0002011171282819388
original,tropics,3,so_14,0.0001747721464859999,5.268781556750206e-06,-3.1860418845487194e-07,0.00018067813667732132
original,tropics,3,so_15,0.00020777039151083718,4.778025767235603e-06,2.2793689769545824e-07,0.00021209254213538247
original,tropics,3,so_16,0.00044669277996596215,1.623418439071475e-05,-5.629859218903919e-06,0.00047418668353459755
original,tropics,3,so_17,0.0008230298490621,5.693658279440827e-05,2.950101522649427e-05,0.0008209644001908601
original,tropics,3,so_18,0.0002449296219062738,3.0816548583015444e-05,9.067328757296448e-06,0.00025761151460535603
original,tropics,3,zos,0.00014180140965206625,0.00014180140965206625,0.00014180140965206625,0.0
original,extratropics,3,uo_0,0.11669575919707617,0.1485605575520583,0.11249281435903878,0.04027068919756196
original,extratropics,3,uo_1,0.1421480792941469,0.18124252045997466,0.13767723799353898,0.04803612538509899
original,extratropics,3,uo_2,0.16919398955022447,0.21483225849541754,0.16376723604972918,0.05649177410235309
original,extratropics,3,uo_3,0.18425123107553734,0.2344705096699975,0.17852161854806575,0.061678502708673484
original,extratropics,3,uo_4,0.17248804927474323,0.2197344492782246,0.16722800740689944,0.05776648464226964
original,extratropics,3,uo_5,0.17762978630836565,0.224128993924218,0.17136107701243777,0.05903662906752693
original,extratropics,3,uo_6,0.22508959968884787,0.28615459649249764,0.21768122655574723,0.07588174051106579
original,extratropics,3,uo_7,0.3313202451575886,0.4227218513536935,0.3199704921606816,0.11410110880329152
original,extratropics,3,uo_8,0.37162474490175346,0.47980475847167203,0.3591213497248563,0.13318680708456523
original,extratropics,3,uo_9,0.36269653084302195,0.47130774879696397,0.34932481550207045,0.13535465029152957
original,extratropics,3,uo_10,0.33765099235255314,0.4501172569062975,0.32535150797680173,0.1370652290907773
original,extratropics,3,uo_11,0.3168700593288499,0.4319782774857801,0.3037515914801396,0.14134516228329053
original,extratropics,3,uo_12,0.2901031031753078,0.411001028436603,0.2747903953899037,0.15152334730432493
original,extratropics,3,uo_13,0.26629034994226514,0.39464621531842936,0.24421108401182928,0.17251439377515004
original,extratropics,3,uo_14,0.2663137145114668,0.42070265821736275,0.23624288313316577,0.21453060179647776
original,extratropics,3,uo_15,0.2746157619086179,0.4651596034416045,0.23130184848501226,0.2771716718420838
original,extratropics,3,uo_16,0.28639848379775734,0.5269564351048133,0.2286743587917752,0.35600619815816786
original,extratropics,3,uo_17,0.2469044744667381,0.4629759318900831,0.18533424265456924,0.33921191788683036
original,extratropics,3,uo_18,0.18308736775258577,0.37258822508532596,0.14418494437981136,0.2673057063360407
original,extratropics,3,vo_0,0.26769658501702126,0.2932472701626595,0.2637564783746546,0.03343089801645038
original,extratropics,3,vo_1,0.2900007653115976,0.31797609184727527,0.28647105410845597,0.03503475360798113
original,extratropics,3,vo_2,0.32514205936229595,0.35675899127517086,0.32171987734659757,0.0384612979009898
original,extratropics,3,vo_3,0.36024504177498096,0.39624534983827614,0.3571695601097261,0.04215127500620756
original,extratropics,3,vo_4,0.37967163685596356,0.4159745501749444,0.37581339899939725,0.04401938906974263
original,extratropics,3,vo_5,0.40902211268742883,0.4496285834095695,0.40528437796265193,0.04808193934385223
original,extratropics,3,vo_6,0.45178059827197686,0.4964370697435707,0.4467305450728446,0.05475658381527121
original,extratropics,3,vo_7,0.47829118491423256,0.526495675847988,0.4718473174355247,0.06109222517621638
original,extratropics,3,vo_8,0.4872858611622242,0.5379473518843603,0.47932660007717637,0.06658002263819329
original,extratropics,3,vo_9,0.47596447847106244,0.5300883358777172,0.46799857116708854,0.07005566742384073
original,extratropics,3,vo_10,0.45092814378064094,0.5122242073218028,0.4439099491244615,0.07533245804634962
original,extratropics,3,vo_11,0.4245578357667634,0.49606779097306614,0.41758109885032735,0.08546342256695334
original,extratropics,3,vo_12,0.3897135396196385,0.4740896974549149,0.3793837997046384,0.1050356420302632
original,extratropics,3,vo_13,0.3530235913666812,0.4564203625977642,0.33427965911951935,0.14088463753160804
original,extratropics,3,vo_14,0.3285389127153339,0.4629664601701679,0.29865659758298085,0.19419217410713738
original,extratropics,3,vo_15,0.31133218516003003,0.4867797129684025,0.2641455793019497,0.2698207291388753
original,extratropics,3,vo_16,0.2969283223754228,0.5169596045908302,0.2362441264017664,0.34139967265755244
original,extratropics,3,vo_17,0.2605682990767739,0.4624345880566222,0.19683372914189043,0.3293354339671858
original,extratropics,3,vo_18,0.2035455679652667,0.38566289495940165,0.1537418780904828,0.28172470839938735
original,extratropics,3,thetao_0,0.0003471269379275842,0.0003471269379275842,0.0003471269379275842,0.0
original,extratropics,3,thetao_1,0.000394733503315071,0.0003610842915915066,0.0003162691833550167,0.00012327943098933597
original,extratropics,3,thetao_2,0.00045656324822850757,0.0004182901645591953,0.0002986879941696922,0.00027747743385561716
original,extratropics,3,thetao_3,0.0005811918268187179,0.0005621916612708998,0.00030216813702465536,0.0005390472108065481
original,extratropics,3,thetao_4,0.0007139444909754652,0.0007740717012002463,0.00036482145860461954,0.000758373266735086
original,extratropics,3,thetao_5,0.0009048038710266202,0.0011016613082969655,0.0005334019149427838,0.0009396613529657551
original,extratropics,3,thetao_6,0.001253366820758792,0.001704741682095284,0.0008893525821740053,0.0011794033455615393
original,extratropics,3,thetao_7,0.0018458816768469836,0.0023753559851849623,0.0014397798522347302,0.001341677950507011
original,extratropics,3,thetao_8,0.0028124610620616666,0.003362647370632851,0.002285167549012436,0.0016047733229105222
original,extratropics,3,thetao_9,0.003652992832352116,0.004349303539992884,0.0030425792639943387,0.0019171379337256606
original,extratropics,3,thetao_10,0.003322175739220146,0.003916684686290947,0.002680990543931422,0.0018768793129540907
original,extratropics,3,thetao_11,0.0023872716389972755,0.003474019484293431,0.001640869978335545,0.0025795511901378636
original,extratropics,3,thetao_12,0.0013395979473687183,0.0016267265456568715,0.0005435654864119686,0.0018791935307848635
original,extratropics,3,thetao_13,0.0008420243681728313,0.0005393296123289438,0.00028690369388163843,0.0008075465965602134
original,extratropics,3,thetao_14,0.0008407390824603764,0.0005573817232454365,0.00032831070359062517,0.000741499396760694
original,extratropics,3,thetao_15,0.0009183517434972932,0.0005617040515797345,0.00031117529248480093,0.0008577052186327902
original,extratropics,3,thetao_16,0.0014106731443204966,0.0005728291016015592,0.00015446507813517157,0.0016745720917095593
original,extratropics,3,thetao_17,0.0010157586604526098,0.00020148802176470673,3.1908294345433234e-05,0.0011534301136065313
original,extratropics,3,thetao_18,0.00038749628819083104,7.193793576196627e-05,1.6731686513355613e-05,0.0004259708517988335
original,extratropics,3,so_0,0.0019267196249630719,0.0021195414057471836,0.0003992603900530752,0.0032477402481052913
original,extratropics,3,so_1,0.0017211892079994687,0.001796042842959816,0.0003697331520732295,0.002777765741374231
original,extratropics,3,so_2,0.0012588217123082341,0.0010582589964156575,0.0002510987013176253,0.001814883319905611
original,extratropics,3,so_3,0.0009383626065847248,0.0008134886456625254,0.00021560341451961473,0.0013206444229140427
original,extratropics,3,so_4,0.0008881449507728144,0.0008504070380392175,0.00024020057533176222,0.0012581508284472307
original,extratropics,3,so_5,0.0009168949380347675,0.0009995905801211719,0.0002899677601450057,0.0013365499849308923
original,extratropics,3,so_6,0.0011707115930157028,0.001529338667310323,0.0004292907892382996,0.0018414687094833666
original,extratropics,3,so_7,0.0015191634884104135,0.001951893294145438,0.0007576298831745682,0.0019557970079753287
original,extratropics,3,so_8,0.0016429849895601622,0.0020286061746924364,0.0009693797158002102,0.0017328317785127597
original,extratropics,3,so_9,0.001259104252294308,0.0015894933227412027,0.0007421185622330416,0.0013643604235234435
original,extratropics,3,so_10,0.000723020432309972,0.0008693214281311616,0.00030299280699568266,0.0009863562493895492
original,extratropics,3,so_11,0.0006133655933992505,0.0010287011309169385,0.00023469371992196288,0.0011726792929976277
original,extratropics,3,so_12,0.000553283578777366,0.0005965403897330316,0.00019069290129030406,0.0007684381697515045
original,extratropics,3,so_13,0.0003054801261786259,0.00015743966614169003,7.366633912574293e-05,0.0003155871121579725
original,extratropics,3,so_14,0.0002720750185703351,4.9275599693176294e-05,1.3047074049848222e-05,0.000295256469116518
original,extratropics,3,so_15,0.00030543405393307864,6.707947356673429e-05,2.1020721135875023e-05,0.0003304720822147875
original,extratropics,3,so_16,0.0005546051225709645,0.0001080965435407548,1.3752078137424014e-05,0.0006351975043247821
original,extratropics,3,so_17,0.0007428713854298824,0.00014142478411109424,6.17937618567586e-06,0.0008719374168184446
original,extratropics,3,so_18,0.00026042122309180826,5.440976026948928e-05,1.81753687068733e-05,0.0002784802420523413
original,extratropics,3,zos,0.0018864829972800284,0.0018864829972800284,0.0018864829972800284,0.0
original,global,9,uo_0,0.23193748852219245,0.28231362998485565,0.22551791068881452,0.06321529791963221
original,global,9,uo_1,0.27954163575413254,0.33831282456715905,0.2738827739400093,0.0700889096943417
original,global,9,uo_2,0.32199053360958296,0.38378720903637437,0.3155603809188111,0.07465698645271437
original,global,9,uo_3,0.33181615881245546,0.40136792141981803,0.3260614062198485,0.08106127080291209
original,global,9,uo_4,0.29087070247741664,0.358536133260438,0.2827798558606042,0.08384712409190458
original,global,9,uo_5,0.2537490833889355,0.32109582243543683,0.2419712046782176,0.09090249564009484
original,global,9,uo_6,0.25168776843282914,0.31744887220739115,0.2358827264320971,0.09737118679766704
original,global,9,uo_7,0.3333480502619888,0.41742661444827767,0.3107473913467292,0.1292798835972343
original,global,9,uo_8,0.36280723593451764,0.46115719278653466,0.3376230106811331,0.14871840991757135
original,global,9,uo_9,0.35417072821145107,0.4595657683382131,0.3269955088393857,0.1597454802255438
original,global,9,uo_10,0.333131717612045,0.45134549881472735,0.30486159372811367,0.17475403363656516
original,global,9,uo_11,0.31994923256864455,0.44788803385965753,0.28632323323476194,0.19519079333603986
original,global,9,uo_12,0.30311821416170914,0.44411199803304197,0.2630571278959814,0.22111596121932522
original,global,9,uo_13,0.2881141103277303,0.4347141544626217,0.23948569535607042,0.24385687483079507
original,global,9,uo_14,0.2935184889068507,0.4456514908809855,0.23831341844616516,0.26254314274498913
original,global,9,uo_15,0.3113960638792828,0.49025433382602657,0.24473539130254227,0.3121796166053926
original,global,9,uo_16,0.32222489485836997,0.5337443032650033,0.24626100439615925,0.3634471842134842
original,global,9,uo_17,0.29126311913885256,0.49148731400268253,0.21351153110012866,0.3557273652216401
original,global,9,uo_18,0.2256689180027355,0.41378050560903074,0.17320291765711526,0.2930435839325491
original,global,9,vo_0,0.44858240238343833,0.49969480344743444,0.43570582403077024,0.0768655568662316
original,global,9,vo_1,0.4815757699085005,0.534844407529542,0.4703118524166069,0.07579647268008705
original,global,9,vo_2,0.5282729930347867,0.5778750400952619,0.5182670288615757,0.06961397973425461
original,global,9,vo_3,0.5670305511566124,0.6219498078630429,0.557465196859957,0.07404998178132857
original,global,9,vo_4,0.5687041749255827,0.6250576774279277,0.5565823518266582,0.08059714057228783
original,global,9,vo_5,0.5426243113146888,0.6097550711246452,0.5292730259172844,0.09383331811187244
original,global,9,vo_6,0.5298279337208681,0.5941722579676696,0.5127380050794044,0.09852420147320237
original,global,9,vo_7,0.5392156231282937,0.6035425277671429,0.5209927417413154,0.10077267057365842
original,global,9,vo_8,0.5463987028960026,0.6156825338951265,0.5268068984903471,0.10846745448582101
original,global,9,vo_9,0.538846424432716,0.6171180051986618,0.5188862389386303,0.11819195054998302
original,global,9,vo_10,0.5198631024721897,0.612499880670297,0.49925153935798494,0.1338599171451848
original,global,9,vo_11,0.4985045736486262,0.6104038724995623,0.47640179654564524,0.1561048643456565
original,global,9,vo_12,0.4679143004345172,0.6009972950424811,0.4412871310205171,0.186337322598756
original,global,9,vo_13,0.4369990091131191,0.5866308284528329,0.39980024851933876,0.2240293473005295
original,global,9,vo_14,0.42215357254249886,0.5928004937942583,0.3747328757637679,0.2654883157123219
original,global,9,vo_15,0.41961522535844287,0.6261749676983767,0.35570236167522395,0.3343854630836333
original,global,9,vo_16,0.3975867243728253,0.6264801615416402,0.3217753208044804,0.38051623768276643
original,global,9,vo_17,0.35584672924244043,0.5670756769902778,0.27790437789276395,0.3671136447275528
original,global,9,vo_18,0.29330390240206866,0.5080896980232663,0.2362479450124683,0.3288977055838614
original,global,9,thetao_0,0.0007781343084214388,0.0007781343084214388,0.0007781343084214388,0.0
original,global,9,thetao_1,0.0008959245557586353,0.0008187490936387519,0.0006969599164975337,0.0003207538128745827
original,global,9,thetao_2,0.0010803329888872352,0.0010309200181221271,0.0006635515336793933,0.0007841499502337868
original,global,9,thetao_3,0.001476452410729094,0.0015002268900379842,0.0007389708289246292,0.0014987376617324173
original,global,9,thetao_4,0.0019482555093638825,0.0022120476850882326,0.001023272315223673,0.00211375857458798
original,global,9,thetao_5,0.0025227657716834187,0.003059662532795108,0.0015390697170538134,0.002504288860963601
original,global,9,thetao_6,0.0027498455972156744,0.003979147134367565,0.001808052338104733,0.0031128880483182997
original,global,9,thetao_7,0.00328648375168518,0.004658997712675671,0.002366684720559855,0.003212111962093699
original,global,9,thetao_8,0.0045403477387747386,0.005813566963141314,0.0034275104931433395,0.0034988937038702497
original,global,9,thetao_9,0.005729835240565467,0.006840632494651911,0.00437336663640283,0.003823734565892003
original,global,9,thetao_10,0.005205058003540593,0.006147438824891743,0.0039339338880822515,0.003484628995824041
original,global,9,thetao_11,0.003798909692300691,0.0055492375789191395,0.0025003970920512773,0.0043473531435610675
original,global,9,thetao_12,0.0022507977667217604,0.003125133204527877,0.0007109853475486315,0.003953960263217339
original,global,9,thetao_13,0.0016451234449491358,0.0009514148872712572,0.0003457160977025827,0.0019051061362272714
original,global,9,thetao_14,0.0015665906025190848,0.0008308755026923286,0.0004175553148885192,0.0015623554883694107
original,global,9,thetao_15,0.0017802885220847048,0.0008382479121645141,0.0004354624740304332,0.0017476114832485716
original,global,9,thetao_16,0.002609103294842021,0.0009616238518966118,0.00027340192231937603,0.003023923297102253
original,global,9,thetao_17,0.0018650055851204077,0.0004247518358023066,7.354599508078242e-05,0.00214266540915376
original,global,9,thetao_18,0.000917437605117683,0.0002290036129786379,5.5253868604359934e-05,0.0010359334762941935
original,global,9,so_0,0.004086410734953002,0.005838853690415772,0.0012846147598030819,0.007356034897531224
original,global,9,so_1,0.0034807603053673354,0.004568814551645909,0.0011714702387425034,0.0057066343536581665
original,global,9,so_2,0.0026982022741000463,0.003434997289488563,0.0009378136533684089,0.00425757227390252
original,global,9,so_3,0.0020657200060521415,0.0028066972994969953,0.000743985100828036,0.003384447094485766
original,global,9,so_4,0.001964063067318439,0.0029017667643575357,0.0007258970637316581,0.0034140356948053597
original,global,9,so_5,0.0019809379279989788,0.002938311812797129,0.0007098360984313368,0.0034995775345261354
original,global,9,so_6,0.002286251909522848,0.004277581127943716,0.0009643805237966732,0.004635071983993656
original,global,9,so_7,0.0028023861579107817,0.0049348929426585786,0.0014725547881251333,0.004792169493745373
original,global,9,so_8,0.0028056913370624035,0.0040963328904425255,0.0015657917382383738,0.003770440776898253
original,global,9,so_9,0.00210637960470084,0.0027285303398402352,0.0010647258845938729,0.0027054581777051544
original,global,9,so_10,0.0013051338910096974,0.0014955913048294008,0.0004484904292063092,0.0019037443438939977
original,global,9,so_11,0.0010947967865363216,0.001663025873101721,0.00035224599126406546,0.0020533306829894735
original,global,9,so_12,0.0009505797707889643,0.0011160119573087103,0.0002551479845700522,0.0015562957604274607
original,global,9,so_13,0.0005858468945429783,0.0002754387099441668,0.00011188307829375257,0.0006375194578948949
original,global,9,so_14,0.0005401823425082245,8.697921440776702e-05,2.2867254026068348e-05,0.0005814270469162501
original,global,9,so_15,0.000678763238623776,0.0001128334524856664,3.17025179824806e-05,0.0007281916573493168
original,global,9,so_16,0.0011598297343071965,0.0002012555915192052,3.0272366823948984e-05,0.0013005405892570964
original,global,9,so_17,0.0014582079990456502,0.0003557315882944474,6.433396125853185e-05,0.00168527167694963
original,global,9,so_18,0.0006760205106922623,0.00018508757115929682,5.864923099065294e-05,0.0007438096176654176
original,global,9,zos,0.0032416057603603062,0.0032416057603603062,0.0032416057603603062,0.0
original,tropics,9,uo_0,0.3565602025600395,0.44784268255185605,0.3500784748431408,0.1042459351998387
original,tropics,9,uo_1,0.4296426405810347,0.5379361678855589,0.4248796394377044,0.11781953516030554
original,tropics,9,uo_2,0.4840045565306539,0.5933930666157694,0.4785205580369391,0.12035651602829346
original,tropics,9,uo_3,0.47660141099583025,0.602080035992343,0.47346454918986625,0.13175235071567576
original,tropics,9,uo_4,0.3925286111506549,0.5172613476864015,0.38237572544150883,0.14503850486844477
original,tropics,9,uo_5,0.2806935055990412,0.4052439145367555,0.26212757961316546,0.1616822651239357
original,tropics,9,uo_6,0.16611994170781338,0.26373683111836216,0.1386444600242557,0.15256785398179837
original,tropics,9,uo_7,0.15069871885005875,0.25333441206903173,0.1124535155567256,0.17912609905305538
original,tropics,9,uo_8,0.14375370733364665,0.2588239069839921,0.1022935137152672,0.19799058696236274
original,tropics,9,uo_9,0.1447675575060074,0.2748771926971397,0.100407288644952,0.2188301742678941
original,tropics,9,uo_10,0.14397645673968576,0.2943352751358591,0.0948747449902573,0.2485622415939967
original,tropics,9,uo_11,0.1494848644643119,0.314700534096872,0.08844706788659097,0.28729126820660605
original,tropics,9,uo_12,0.1532218431433042,0.3368315806593558,0.08062857547492693,0.3287962672084269
original,tropics,9,uo_13,0.15368962814711562,0.33519763115680584,0.07375298111200936,0.341381296364948
original,tropics,9,uo_14,0.14470580415894288,0.2933409901881459,0.06879863586991725,0.3004495211020865
original,tropics,9,uo_15,0.14579965369869965,0.29565699819964597,0.0724388828331774,0.29657888367320556
original,tropics,9,uo_16,0.13673425510977255,0.2674963773802074,0.07013817007342975,0.263954295353456
original,tropics,9,uo_17,0.11133260776599249,0.21620897738018424,0.05310798009311912,0.2213256268790274
original,tropics,9,uo_18,0.07725740393454379,0.17015515094754674,0.04153516095583187,0.16434223242480347
original,tropics,9,vo_0,0.48645368308732007,0.5900988347000546,0.4671149840860656,0.14232254607809916
original,tropics,9,vo_1,0.5180111051809908,0.6272133709204318,0.5012114385161738,0.1428015891349677
original,tropics,9,vo_2,0.551480142155079,0.6465980976518959,0.537704219420751,0.12266980871708708
original,tropics,9,vo_3,0.5621693555754845,0.6688076889876164,0.5498756654936858,0.13122571056539364
original,tropics,9,vo_4,0.5137583306341461,0.6268480272606166,0.4969685812189122,0.14666920049925045
original,tropics,9,vo_5,0.360817088322206,0.49260771635806927,0.33933558247306134,0.1747536421424211
original,tropics,9,vo_6,0.20471499769976648,0.32037550542089677,0.1762074466155033,0.17267560687932101
original,tropics,9,vo_7,0.15338706789594708,0.25902949860601715,0.12491730773689771,0.16258195012506813
original,tropics,9,vo_8,0.13946428345610398,0.24960079126887855,0.110408591200607,0.1682478908938591
original,tropics,9,vo_9,0.13389874558256132,0.25222165536398844,0.1021035724140779,0.18191325694623622
original,tropics,9,vo_10,0.13090702883823954,0.2624302407105764,0.09375295204797177,0.2058313647002885
original,tropics,9,vo_11,0.13069083963078684,0.2800428984743176,0.08653160542099164,0.23767053027345678
original,tropics,9,vo_12,0.13153474574739285,0.305617707696828,0.08302669494290545,0.27109906047281596
original,tropics,9,vo_13,0.13584340243327497,0.3128284128627392,0.08028734911872884,0.2880971189400163
original,tropics,9,vo_14,0.14546484929142578,0.3107153540006792,0.08883992194978879,0.27850035976881937
original,tropics,9,vo_15,0.1774954598660421,0.3572635405292415,0.11788793115152255,0.2989831345550942
original,tropics,9,vo_16,0.18595179907902323,0.3420304928464119,0.12464926132198537,0.27868377063611544
original,tropics,9,vo_17,0.1463229139946928,0.2630027374534896,0.08803565555600205,0.23325434026091993
original,tropics,9,vo_18,0.1104163554581729,0.2337714287668768,0.06905747449608765,0.20607283771640125
original,tropics,9,thetao_0,0.00039044618218516314,0.00039044618218516314,0.00039044618218516314,0.0
original,tropics,9,thetao_1,0.0005416646061789696,0.00047802167704724007,0.0003425202216609673,0.00033464585151640947
original,tropics,9,thetao_2,0.0008258043036965485,0.0008670795394926135,0.00037710168963354647,0.0009386804492231647
original,tropics,9,thetao_3,0.0014368692116642542,0.001586605514860665,0.000604577000944339,0.0018143207246362411
original,tropics,9,thetao_4,0.002239618124675495,0.002761494928049018,0.0011654296611209936,0.0026702536881496814
original,tropics,9,thetao_5,0.00308010344760436,0.0038838007327432586,0.001944414516346473,0.0030750751476546732
original,tropics,9,thetao_6,0.0024632852503352546,0.003792158233923744,0.0013352438038440816,0.0035849558965613446
original,tropics,9,thetao_7,0.0017723425531364753,0.0027405607368270256,0.0007041209648396219,0.003104661356168564
original,tropics,9,thetao_8,0.0018539770266436267,0.0019076901553857209,0.0004200472042547784,0.0029215727829270894
original,tropics,9,thetao_9,0.0021590309057648136,0.0015036705434510504,0.00030837174724890955,0.0030459579470746147
original,tropics,9,thetao_10,0.0016209144378080966,0.0012726131520901967,0.00020948549949521708,0.0024745565829704507
original,tropics,9,thetao_11,0.0014725654607055465,0.0009530890348480282,0.0001367239272467762,0.002152206646654793
original,tropics,9,thetao_12,0.0016342405055771874,0.0006597394522307724,6.426046003194973e-05,0.00216545903998794
original,tropics,9,thetao_13,0.001666146412849276,0.00039844691572296957,1.372066219925436e-05,0.0020371520118035303
original,tropics,9,thetao_14,0.0013310311790179425,0.00016880041867908506,5.322831917812502e-06,0.0014891859374451216
original,tropics,9,thetao_15,0.0014179067632108175,9.837360869483985e-05,-8.164057442832937e-07,0.0015179131760948688
original,tropics,9,thetao_16,0.0022479463486245487,0.0001464900362241844,-3.533022523660835e-05,0.0024650968550092947
original,tropics,9,thetao_17,0.0017753990585774636,0.00017209747021857915,3.710921690512668e-05,0.0018732780919908877
original,tropics,9,thetao_18,0.0008638787913521884,0.00010890824466854372,1.244686872986231e-05,0.0009478932938002276
original,tropics,9,so_0,0.0039347478593088165,0.006499016666878956,0.001329625345533714,0.0077745138357083006
original,tropics,9,so_1,0.0032020926033381864,0.00454621485697877,0.0011431279480798322,0.005462051505655653
original,tropics,9,so_2,0.0026445891590544373,0.003826269941084614,0.0009846230708662365,0.0045016129557607755
original,tropics,9,so_3,0.0019413994829819512,0.003382201727498511,0.0006787105992017785,0.003966179993850264
original,tropics,9,so_4,0.0018534990935351213,0.0036502123570464782,0.0006027042804311755,0.004298302916471254
original,tropics,9,so_5,0.0017304460181751186,0.0032382390457158443,0.0003996581435050684,0.004169368798929182
original,tropics,9,so_6,0.0017029132583470208,0.004214468374472074,0.0004302910083700254,0.00505679961519711
original,tropics,9,so_7,0.0017232594616485367,0.003969325213646046,0.00045196054887844986,0.004788663581653376
original,tropics,9,so_8,0.0015338311310518873,0.002293219467662651,0.00023968771093870714,0.0033476751702226173
original,tropics,9,so_9,0.0012322991693655802,0.0012347794171996566,0.0001390637838204669,0.0021889510263472496
original,tropics,9,so_10,0.000846212211822282,0.00048355226383798504,2.0384432686300485e-05,0.0012889956018294802
original,tropics,9,so_11,0.0007029062764944904,0.0002286173168080624,9.29074740574466e-06,0.00091294210399454
original,tropics,9,so_12,0.0006235600572615637,0.00010894918552660996,5.736579320454416e-06,0.0007210360925804561
original,tropics,9,so_13,0.00045193022680280713,4.1086345468882965e-05,-3.124467811247344e-06,0.0004992655050973738
original,tropics,9,so_14,0.0004788961345588582,1.9465605469627513e-05,-1.8984318858218958e-06,0.0005021585981159312
original,tropics,9,so_15,0.0006134167091328312,1.6178827683339624e-05,1.3561117477900903e-06,0.0006268833119497456
original,tropics,9,so_16,0.0011456101636562234,5.033917249870637e-05,-6.16602093497927e-06,0.0012082813808581595
original,tropics,9,so_17,0.0015363752526804956,0.00020892455065011454,6.974271621337987e-05,0.001605814365162091
original,tropics,9,so_18,0.000675062902361117,0.00012531641410955352,3.484022519068267e-05,0.0007306988770847746
original,tropics,9,zos,0.0009003529893093263,0.0009003529893093263,0.0009003529893093263,0.0
original,extratropics,9,uo_0,0.16002827039872758,0.18680082336820739,0.1536445516829539,0.039539989272151334
original,extratropics,9,uo_1,0.19293104849680506,0.22312709192434949,0.18675526811016932,0.042547604238445114
original,extratropics,9,uo_2,0.22821392976876462,0.26246359477741554,0.2212361220759575,0.048205282463870874
original,extratropics,9,uo_3,0.24779228941358702,0.2848877702096496,0.2405182845664747,0.051643488119647966
original,extratropics,9,uo_4,0.23183953536279275,0.26636684843988134,0.22494607968161806,0.048314224928617484
original,extratropics,9,uo_5,0.238111373451021,0.27225879858238533,0.23027307758427631,0.04982401618752817
original,extratropics,9,uo_6,0.30171434475918013,0.34885121595979945,0.29273232877856553,0.06510090692476793
original,extratropics,9,uo_7,0.44140319059593514,0.5145033838773015,0.4280578250234778,0.09979092976962678
original,extratropics,9,uo_8,0.4937827135577347,0.582135381120624,0.47833014497853293,0.1192578057749103
original,extratropics,9,uo_9,0.4810840270736001,0.5715002839011376,0.4643241708928889,0.1239359708446445
original,extratropics,9,uo_10,0.4490278724468116,0.547546257575353,0.4335213414948396,0.1295314443231833
original,extratropics,9,uo_11,0.4252764185269674,0.5301824645562606,0.4085877245724804,0.13828343980842167
original,extratropics,9,uo_12,0.39636804088197575,0.5108506504935448,0.376545075515304,0.15412854470989923
original,extratropics,9,uo_13,0.3720090569871845,0.49682288820093334,0.34292025758762557,0.18299142519632977
original,extratropics,9,uo_14,0.3865444178533073,0.5408639952991948,0.34428065533589836,0.2388471110601618
original,extratropics,9,uo_15,0.4148109642544178,0.611780305101414,0.3523344933384597,0.32192228538821444
original,extratropics,9,uo_16,0.44077077538076076,0.7039016449090207,0.35881998924293906,0.4270324457173396
original,extratropics,9,uo_17,0.4041459331608782,0.6641883838056314,0.3141437335447832,0.4400468522852118
original,extratropics,9,uo_18,0.32126177290473323,0.5707012405901245,0.2580110083023707,0.3759409999004518
original,extratropics,9,vo_0,0.4267301252394012,0.44753032802331333,0.41758229365252486,0.03909586497930566
original,extratropics,9,vo_1,0.46055206776869423,0.4815461301442349,0.45248235626654193,0.03713348665923784
original,extratropics,9,vo_2,0.5148403042494649,0.5380969399755652,0.5070164622080446,0.038904317174897056
original,extratropics,9,vo_3,0.5698516754188924,0.5947565821686177,0.5618696646256881,0.04086893638878158
original,extratropics,9,vo_4,0.600610481970238,0.6240181453300245,0.5911992565549986,0.04223010636339284
original,extratropics,9,vo_5,0.64813995180708,0.6777440357689907,0.6395072160345135,0.04686955908181692
original,extratropics,9,vo_6,0.7199026743570964,0.7542454227052554,0.7094879583878951,0.05517218397422271
original,extratropics,9,vo_7,0.7674713598357307,0.8073560523264337,0.7553105173688947,0.06420637983264346
original,extratropics,9,vo_8,0.7897110762018147,0.8345684523534294,0.7757778691523004,0.0727237994321669
original,extratropics,9,vo_9,0.7842736599421261,0.8382713006000326,0.7714863220850627,0.0795723196081441
original,extratropics,9,vo_10,0.7581779890590244,0.8269889077754936,0.7477020880188605,0.08976272079679702
original,extratropics,9,vo_11,0.7257707371856228,0.8145285983278294,0.71729627161315,0.10570678747061528
original,extratropics,9,vo_12,0.6771744423442417,0.7847515404826464,0.664159270850095,0.13360744218031567
original,extratropics,9,vo_13,0.6249516389586709,0.7575121973500107,0.5992097385001905,0.1840443496752267
original,extratropics,9,vo_14,0.5951174870885985,0.769137831649395,0.5534505362462516,0.2573542482022083
original,extratropics,9,vo_15,0.5708189284560656,0.7941100723815687,0.5042173871488282,0.3564942256368772
original,extratropics,9,vo_16,0.5328412495478235,0.8082701124326148,0.44775733351707464,0.44559669976282607
original,extratropics,9,vo_17,0.48729546142346936,0.7578415930873217,0.39702211455865344,0.4510928290058869
original,extratropics,9,vo_18,0.41110300355487406,0.6847799408315409,0.3439364499515958,0.4080100486976932
original,extratropics,9,thetao_0,0.0010018364621580324,0.0010018364621580324,0.0010018364621580324,0.0
original,extratropics,9,thetao_1,0.0011003381482118536,0.0010153541783567029,0.0009014771961973925,0.00031273792270862625
original,extratropics,9,thetao_2,0.0012276588270036185,0.0011257538883570545,0.000829353873298099,0.0006947049640608256
original,extratropics,9,thetao_3,0.0014994239112399897,0.0014500984054228122,0.0008169641998135533,0.0013155939240911694
original,extratropics,9,thetao_4,0.0017790659601245114,0.001892992317667137,0.0009407238379788745,0.0017906105853711266
original,extratropics,9,thetao_5,0.002199303800936299,0.002581357520845051,0.001303819784273704,0.0021730217602894163
original,extratropics,9,thetao_6,0.002917381125793915,0.004088469080137785,0.002084476258276463,0.0028368977105451957
original,extratropics,9,thetao_7,0.004182248016480696,0.005793942947580357,0.003350255582857915,0.0032756798030488723
original,extratropics,9,thetao_8,0.006146570131408446,0.008148950929142008,0.005225719216119762,0.003844082658884652
original,extratropics,9,thetao_9,0.0078939981993777,0.010075212851392502,0.006837043859478501,0.004295123256554808
original,extratropics,9,thetao_10,0.007401076620538729,0.0091342633552473,0.006215917943704009,0.004103504128359033
original,extratropics,9,thetao_11,0.005236320286951583,0.008389123489685131,0.003960872449996797,0.005703698914272316
original,extratropics,9,thetao_12,0.0026343551257418264,0.004658843136646531,0.0011133098636161198,0.00506657852104517
original,extratropics,9,thetao_13,0.0016320029231296346,0.0012965247909905333,0.0005529160112156675,0.0018226956911008769
original,extratropics,9,thetao_14,0.0017138438880198986,0.001244752472642847,0.0006752504292179389,0.0016080954716531468
original,extratropics,9,thetao_15,0.002006595876688759,0.0013002991415278027,0.0007079184717367018,0.0018910580759190702
original,extratropics,9,thetao_16,0.002839916214027038,0.001482570708512959,0.0004707106813609676,0.0033810655633457988
original,extratropics,9,thetao_17,0.001921222016045993,0.0005832593358883804,9.640529981080556e-05,0.002311670741141595
original,extratropics,9,thetao_18,0.0009519352661116482,0.00030635784963978403,8.282614505856834e-05,0.0010926408229884929
original,extratropics,9,so_0,0.004173922989837299,0.005457930045785628,0.0012586430929874006,0.0071145667873247715
original,extratropics,9,so_1,0.0036415562146540847,0.004581855403052436,0.001187824293726472,0.005847763093752844
original,extratropics,9,so_2,0.0027292346337226907,0.003208521826456141,0.0009107195447090864,0.004116317349006281
original,extratropics,9,so_3,0.0021378674974777937,0.0024727122514800292,0.0007818661432600384,0.0030468474542063597
original,extratropics,9,so_4,0.002028266205499419,0.0024671561503312503,0.0007974333635465515,0.002900555619330268
original,extratropics,9,so_5,0.0021263163612045425,0.0027642433385769226,0.0008898543639607126,0.003110850982443251
original,extratropics,9,so_6,0.002627296443802841,0.0043144799307967075,0.0012766318066478378,0.004388512803636718
original,extratropics,9,so_7,0.0034407963458862574,0.00550612189214338,0.00207633721510494,0.004794243774894211
original,extratropics,9,so_8,0.003566156136756293,0.005174442123847478,0.0023586897819180682,0.004023218673249387
original,extratropics,9,so_9,0.002636134981958553,0.0036338502353038455,0.0016257432583399645,0.003018498726452541
original,extratropics,9,so_10,0.0015863169377406288,0.002115671521739451,0.0007107926355063389,0.0022804031990506135
original,extratropics,9,so_11,0.0013369396622904173,0.002549323735457629,0.0005641524836355162,0.002757958442236137
original,extratropics,9,so_12,0.0011540172031299786,0.0017425010023130615,0.00041030565126225205,0.0020759069017426235
original,extratropics,9,so_13,0.0006694249247878113,0.0004216991206207736,0.00018365982910524114,0.0007238043942535767
original,extratropics,9,so_14,0.0005784936888952448,0.0001291833821486569,3.834880103246601e-05,0.0006309794608945723
original,extratropics,9,so_15,0.0007195721622650521,0.00017319422925474368,5.0653836903317526e-05,0.0007914587199179964
original,extratropics,9,so_16,0.0011689172813085596,0.00029770531656333446,5.355990953206066e-05,0.0013595027825559934
original,extratropics,9,so_17,0.0014091683927961072,0.00044783376330142903,6.0940680771067254e-05,0.001735120777727453
original,extratropics,9,so_18,0.0006766373754921134,0.00022358658330778433,7.398477435050852e-05,0.000752254414508552
original,extratropics,9,zos,0.004592545339931743,0.004592545339931743,0.004592545339931743,0.0
E,global,0,uo_0,0.36488399391222487,0.4472110235329831,0.34168958603733723,0.128715841607614
E,global,0,uo_1,0.4084213686109794,0.48928506928260884,0.3885748843954067,0.12055667045742575
E,global,0,uo_2,0.441237302139552,0.5141384291528451,0.42306516477555944,0.1092454055041978
E,global,0,uo_3,0.4251426310852321,0.49941418899430173,0.4096988836924235,0.10515904991012633
E,global,0,uo_4,0.3465820517804888,0.4187718542537304,0.33084677852163413,0.10366034981879321
E,global,0,uo_5,0.28636271092626786,0.35726736470906423,0.2681564699218731,0.10731713308228388
E,global,0,uo_6,0.27520734869470503,0.3377714331703957,0.24881755417645582,0.1153436718565045
E,global,0,uo_7,0.36117522132517116,0.43619542952739837,0.3212407282506577,0.1548891920935024
E,global,0,uo_8,0.3924773543170004,0.47828742651024253,0.34568848603903646,0.17938780844813648
E,global,0,uo_9,0.3813835560071348,0.47488512384771103,0.3317170504367713,0.1928345819916388
E,global,0,uo_10,0.36158598914290924,0.4659835334980127,0.30923372476991984,0.20910206662886072
E,global,0,uo_11,0.34961430291936857,0.46230046737073655,0.28973969275301154,0.2324353891490686
E,global,0,uo_12,0.33519430413390655,0.4591639156293388,0.266815592845281,0.26072703858818674
E,global,0,uo_13,0.33113622003131443,0.4531179103586409,0.2475653873248534,0.2891233563423157
E,global,0,uo_14,0.35068807607949387,0.4730939139621427,0.2520226818142515,0.3197366258110663
E,global,0,uo_15,0.3919185159182308,0.5348082880179088,0.26893159130004923,0.388863620733974
E,global,0,uo_16,0.41685846026497664,0.591971294446425,0.2740233921342426,0.46078297495841986
E,global,0,uo_17,0.3813066590916027,0.5408051128339286,0.23492736542465714,0.452257043183452
E,global,0,uo_18,0.3209938491233672,0.4628845456272665,0.19736834796089117,0.3891416980762675
E,global,0,vo_0,0.560156184615511,0.6371854534654907,0.5103445414340858,0.17665254949319245
E,global,0,vo_1,0.560958153370655,0.6362425067810098,0.5244129854019243,0.1483747016149338
E,global,0,vo_2,0.5829893651634757,0.648544268174605,0.5566594814411318,0.11821466202687736
E,global,0,vo_3,0.5973781004096523,0.6636316661882883,0.5781792456453497,0.10465127703818408
E,global,0,vo_4,0.5830128448780137,0.6494225721166592,0.5648109973079026,0.10281341590664604
E,global,0,vo_5,0.5574812196721934,0.6217725180616283,0.532395429081387,0.11446287625967855
E,global,0,vo_6,0.5425273065615183,0.6010017714115105,0.5123773367718013,0.11877441060061407
E,global,0,vo_7,0.5497825792943589,0.6081744083250412,0.5177697978838526,0.12241739147540295
E,global,0,vo_8,0.559155298302872,0.6197710308161649,0.5235663547058299,0.13179363490957202
E,global,0,vo_9,0.5544837713241577,0.621162817935751,0.5155969400598546,0.14445270507624655
E,global,0,vo_10,0.5365053427339804,0.6176243183588741,0.4944145829990657,0.16530049900815946
E,global,0,vo_11,0.5285155044661628,0.6179243880088884,0.47448718969268033,0.19746551399279125
E,global,0,vo_12,0.5036473755884653,0.6115481636740945,0.4402795027602803,0.23463654051525426
E,global,0,vo_13,0.48628706883902506,0.6008604271243317,0.4026943162234143,0.28175886321549465
E,global,0,vo_14,0.48752431646742006,0.6120739320311884,0.3818339217792858,0.3359303968121307
E,global,0,vo_15,0.49863548170436517,0.6541493498917782,0.3652729373989684,0.4222389462620321
E,global,0,vo_16,0.4854555175159917,0.6619076939544293,0.33366204692859847,0.4800391182152912
E,global,0,vo_17,0.43988197530158846,0.6014474726686575,0.28946627646383616,0.4623968830012312
E,global,0,vo_18,0.4033256483198417,0.5472261285541034,0.2592151640641569,0.4321214505518326
E,global,0,thetao_0,0.004692449471960315,0.004692449471960315,0.004692449471960315,0.0
E,global,0,thetao_1,0.004819412708677578,0.004617655645077578,0.004318455953828314,0.0008001565607499821
E,global,0,thetao_2,0.004515126919035208,0.004567033011522709,0.0037121201202160482,0.0016579197559769107
E,global,0,thetao_3,0.005096623231892032,0.00510615485043011,0.003594475958232928,0.0030138261658562856
E,global,0,thetao_4,0.005464658282245651,0.006511206004881498,0.003993627598810227,0.00398860917652421
E,global,0,thetao_5,0.006818456951566417,0.008594779946813078,0.005468796609402305,0.004475643550224527
E,global,0,thetao_6,0.006694436595408303,0.009852218935548357,0.005515810993565905,0.0055150334873810564
E,global,0,thetao_7,0.006437967710121714,0.010582081841850522,0.005341809986140391,0.006336429589098753
E,global,0,thetao_8,0.007521001664413648,0.012330281416499857,0.006407001629622296,0.007037279896927302
E,global,0,thetao_9,0.008566340379830865,0.01264511344182973,0.007021595921480295,0.0071682619316635115
E,global,0,thetao_10,0.007439134849442377,0.011373987120359835,0.006038561402208577,0.006735999024275578
E,global,0,thetao_11,0.0053125798721054595,0.01085738843363343,0.003782872437508871,0.00860422339309195
E,global,0,thetao_12,0.0032654330698829712,0.008741263996320543,0.001832974316185397,0.008340748398555349
E,global,0,thetao_13,0.0024978680761926103,0.0033583817721316313,0.0010973646286686865,0.0036615205533576736
E,global,0,thetao_14,0.0022712173199074138,0.0020707660469913274,0.000840868890835819,0.0026602455687643302
E,global,0,thetao_15,0.0023818202481388747,0.0014909403198727906,0.0007551379561791141,0.0023624846462461384
E,global,0,thetao_16,0.0032417653504796706,0.002429430452975059,0.0007354731149995004,0.00420024957639551
E,global,0,thetao_17,0.00338290933745377,0.005719828687495355,0.0020425681770318235,0.0050176016826446014
E,global,0,thetao_18,0.0032845040562214578,0.00735854764817038,0.0029090659286017824,0.004824919793096305
E,global,0,so_0,0.007872409356588667,0.010010514530644875,0.0027900623125870798,0.012302799329086386
E,global,0,so_1,0.006790254086331286,0.008220969642879385,0.0026845427952010676,0.009642138249344297
E,global,0,so_2,0.005577864854436632,0.007238024323614259,0.002593366731419181,0.007629155750489898
E,global,0,so_3,0.0049498310227963065,0.0063998075343216915,0.0025009735195775226,0.006347691513259303
E,global,0,so_4,0.004193130614838065,0.006201809065209495,0.0020471048009854677,0.006300730028688306
E,global,0,so_5,0.0038516399300083373,0.00602066975952399,0.001940429080136572,0.0059914514798708645
E,global,0,so_6,0.004484067544002425,0.008865191380145274,0.0026835324983535843,0.007982193849830316
E,global,0,so_7,0.00542599783570628,0.011169775596095458,0.003757472225286142,0.009080828953007557
E,global,0,so_8,0.004914910099798381,0.009192689622968738,0.003624152589702245,0.006859294538658979
E,global,0,so_9,0.003623352179096805,0.005987436049664864,0.002343278199509539,0.004924231853260838
E,global,0,so_10,0.002143414515879645,0.0032470731271637813,0.0009657619826759053,0.00345896374001497
E,global,0,so_11,0.002036456527856339,0.004086708428921423,0.0005916887215183427,0.004939787524912243
E,global,0,so_12,0.0016399526867469905,0.0035558773199980613,0.0006280211094447008,0.003939787791383387
E,global,0,so_13,0.0010540260953330106,0.0008070928901857274,0.00023284852839865243,0.0013954219140225289
E,global,0,so_14,0.0011290104100198457,0.0002785836290003676,0.00011980006048829776,0.001167993918484585
E,global,0,so_15,0.0011811666390529336,0.00035754559535740153,0.00010489579407742831,0.00132892064449161
E,global,0,so_16,0.0014927391270928162,0.0008594542477195237,0.0002157247774191248,0.001920743808949912
E,global,0,so_17,0.0033323831475255165,0.008903453639247503,0.003193667687645013,0.0058485015267224025
E,global,0,so_18,0.002749960644951448,0.009725005530535874,0.0036057447414901676,0.00526347672425662
E,global,0,zos,0.006809747335736198,0.006809747335736198,0.006809747335736198,0.0
E,tropics,0,uo_0,0.6500594122241242,0.783602151003751,0.6152957855450987,0.20306998837475826
E,tropics,0,uo_1,0.7450251982669638,0.8999076777636403,0.7161351887866705,0.2126624955974444
E,tropics,0,uo_2,0.7898734025280886,0.9245029055710996,0.7638019522031149,0.18677242235703903
E,tropics,0,uo_3,0.7190302625449018,0.8586699318404151,0.6999309963048107,0.17783818551988315
E,tropics,0,uo_4,0.5373529234919886,0.6761662767391012,0.5146820700228817,0.18415505326155462
E,tropics,0,uo_5,0.365140280940316,0.4999947839915151,0.3369016858062359,0.1913316972327955
E,tropics,0,uo_6,0.22171846167607742,0.31474539592410583,0.17738603431769093,0.1816917873091168
E,tropics,0,uo_7,0.2111675608338732,0.2993023735706253,0.14689825964395448,0.21667341617020697
E,tropics,0,uo_8,0.20542419995322372,0.3001078397336633,0.13227626372768422,0.24097951810167295
E,tropics,0,uo_9,0.20158827033909887,0.3108469390808934,0.12317697041564518,0.26608126151441325
E,tropics,0,uo_10,0.19539145086750842,0.32686166209403916,0.11258851567452605,0.2970760792794854
E,tropics,0,uo_11,0.19898166319336555,0.3439712056306878,0.10150079444201307,0.3399512785853762
E,tropics,0,uo_12,0.20417244235674542,0.3634971235737656,0.09189816573728818,0.3838732305801276
E,tropics,0,uo_13,0.2111452479254116,0.3637970752186246,0.0876372034727323,0.3996679159727964
E,tropics,0,uo_14,0.21790462280764727,0.33572869439317726,0.09084942808958016,0.3719344548504762
E,tropics,0,uo_15,0.2393043169168511,0.366369875091495,0.10886509084340298,0.38794400776275484
E,tropics,0,uo_16,0.24088210650164674,0.35672447567034254,0.11039831214631447,0.37680995614841734
E,tropics,0,uo_17,0.19424908992015955,0.2737392473100412,0.07560077874046384,0.3167867808028905
E,tropics,0,uo_18,0.14092866406597274,0.20102465784910956,0.05121260488198864,0.23952811053304962
E,tropics,0,vo_0,0.6661911176310645,0.7771376594148501,0.5730318667912725,0.2972650505376585
E,tropics,0,vo_1,0.6775121743028815,0.814057995574643,0.605555647852445,0.2804588845582924
E,tropics,0,vo_2,0.672408516057814,0.7873076338960667,0.6219506185464185,0.21581491391466123
E,tropics,0,vo_3,0.6403105671357627,0.7633916341295147,0.6051155720094238,0.19347106612691978
E,tropics,0,vo_4,0.5629815459251404,0.6891549533665783,0.5280248260859287,0.19608683718575373
E,tropics,0,vo_5,0.4069968052584716,0.5255965069688933,0.3559433682398363,0.22070657499510835
E,tropics,0,vo_6,0.24691530700885891,0.3406774877297758,0.1862148457404339,0.21516310280621656
E,tropics,0,vo_7,0.1932614352365937,0.27436590375322284,0.13168027131545423,0.2042667939506396
E,tropics,0,vo_8,0.17722129626105532,0.2636210805538929,0.1150796695640593,0.21068303753631284
E,tropics,0,vo_9,0.17803234644610474,0.2660198673756436,0.10762615317497591,0.22879990619240387
E,tropics,0,vo_10,0.18030496844739627,0.27852202665926235,0.09905519148316047,0.2607166089794853
E,tropics,0,vo_11,0.19221727188789484,0.2989661102042054,0.09130687928862043,0.3085696212571077
E,tropics,0,vo_12,0.19336634437845213,0.3261665287945006,0.0860336185856299,0.3474656376573775
E,tropics,0,vo_13,0.20055502984258866,0.3323423707424992,0.0837885154166607,0.3653203724610685
E,tropics,0,vo_14,0.21465833274403007,0.3336011896831821,0.09593972815859199,0.3563800688945886
E,tropics,0,vo_15,0.25391610945113985,0.3937529650601474,0.13005852921292035,0.38755201330088607
E,tropics,0,vo_16,0.26002641082412065,0.38869738699209816,0.13943369114639784,0.369856408750168
E,tropics,0,vo_17,0.21391679421819823,0.29779451784461436,0.10104767545455635,0.3096159627341261
E,tropics,0,vo_18,0.1740703204966555,0.25564977978215075,0.07502219357499572,0.279675717606689
E,tropics,0,thetao_0,0.0035379888146476013,0.0035379888146476013,0.0035379888146476013,0.0
E,tropics,0,thetao_1,0.0039019168488624877,0.0036444677806675737,0.0034038504254016466,0.0007386838069486649
E,tropics,0,thetao_2,0.003958934179573047,0.004318149411119521,0.0032164962959917963,0.001844091056328681
E,tropics,0,thetao_3,0.006040579874557679,0.0061741273290468295,0.004374365060063399,0.0034659771046441313
E,tropics,0,thetao_4,0.008195591116832062,0.009684875899116801,0.006619498067808273,0.004641470962646182
E,tropics,0,thetao_5,0.011263316887609587,0.013902921257822803,0.009896726486263703,0.005372785111757541
E,tropics,0,thetao_6,0.008999704411535553,0.013258141413744954,0.00784890803113354,0.006560029570163802
E,tropics,0,thetao_7,0.005082281482772845,0.008985363102207582,0.0038426874106693453,0.006382269751882614
E,tropics,0,thetao_8,0.003804047935350676,0.006422260531572381,0.0020454986869931375,0.00613531114702875
E,tropics,0,thetao_9,0.003637664316391403,0.004431121719229703,0.001320084650422249,0.005428616728897047
E,tropics,0,thetao_10,0.0029929863933398568,0.0033535589863819006,0.0010475154532204299,0.004251514425068492
E,tropics,0,thetao_11,0.0022314650011295927,0.0020770698508266548,0.00039290652285221817,0.003522721813013307
E,tropics,0,thetao_12,0.0021915429358775117,0.0017853809363029974,0.0004288601512506821,0.0031192035818792354
E,tropics,0,thetao_13,0.002125594635597534,0.002266096368648413,0.0005663071612129576,0.003259076680423636
E,tropics,0,thetao_14,0.0017816826814051833,0.001125025383615396,0.00029563643274190275,0.002315435184617386
E,tropics,0,thetao_15,0.0018186157327051266,0.0003230016416343249,8.007175350862e-05,0.001981473905316582
E,tropics,0,thetao_16,0.00281578951251853,0.0008525876851630107,0.00013284842550616085,0.0034026803255946653
E,tropics,0,thetao_17,0.002910377410701429,0.0031776708842377473,0.0009812097423216046,0.004125628841457644
E,tropics,0,thetao_18,0.002855222575799233,0.004552470249678902,0.0016339346713555808,0.0041398234557209895
E,tropics,0,so_0,0.008472676370104756,0.012508413237002162,0.0038174873951709637,0.013346115042540161
E,tropics,0,so_1,0.007108236921744214,0.009793034622991326,0.0036250771384338165,0.009651117294913893
E,tropics,0,so_2,0.0068888917019722445,0.009980273625879277,0.004158339751272867,0.008552485851175858
E,tropics,0,so_3,0.006243330490013415,0.009434723953782309,0.0037568299819461326,0.008164394533995426
E,tropics,0,so_4,0.004962594542332521,0.009026006828391492,0.002930242103769096,0.008128117064409185
E,tropics,0,so_5,0.0038825307850434325,0.0074775819572610695,0.001946904254381103,0.007466304162987556
E,tropics,0,so_6,0.003980370372477355,0.010261412601767467,0.0023592017324067503,0.00952337963525394
E,tropics,0,so_7,0.003982805240090297,0.011646958848818986,0.0026656419272191186,0.010298480232707179
E,tropics,0,so_8,0.0032639393531199963,0.007153455182119753,0.002084890525138965,0.006247613437925324
E,tropics,0,so_9,0.0025302259818265086,0.0038699655360871494,0.0012523364666684749,0.0038955185463595576
E,tropics,0,so_10,0.0014724218571144675,0.0014512119485498077,0.0003237745206408565,0.002276084764456057
E,tropics,0,so_11,0.0015390611975688979,0.000656878124426279,0.00011734717244131261,0.001961244982808377
E,tropics,0,so_12,0.001277314428465836,0.0004360160626932001,0.00010537582568418896,0.001502578844071714
E,tropics,0,so_13,0.000865860782784758,0.00020157820262917968,1.13161177715498e-05,0.001044806757367997
E,tropics,0,so_14,0.0009598800338654205,5.9565088701095774e-05,5.617930313166419e-06,0.0010082092632379648
E,tropics,0,so_15,0.0010391206691050996,5.5936894734093755e-05,4.249630211741319e-06,0.0010865582970460183
E,tropics,0,so_16,0.0014474915135934048,0.0005280300980725448,8.677351633829831e-05,0.0018019745893061464
E,tropics,0,so_17,0.002758330439753605,0.00536903872088802,0.0016539786960529824,0.004819411807928724
E,tropics,0,so_18,0.0019001778934828262,0.005779714761019657,0.0016003144088300003,0.004479263760996137
E,tropics,0,zos,0.004469632891928683,0.004469632891928683,0.004469632891928683,0.0
E,extratropics,0,uo_0,0.2003333874122061,0.25310816683552484,0.18381459574506742,0.08581235696270009
E,extratropics,0,uo_1,0.21419577089825065,0.25234949814550806,0.19956753952334627,0.06741019018521213
E,extratropics,0,uo_2,0.23944048387835726,0.27661213971147636,0.22584061941715203,0.0643713844168668
E,extratropics,0,uo_3,0.2545895115895705,0.29092569724477907,0.24126718155663424,0.06298084195816156
E,extratropics,0,uo_4,0.2358043394004456,0.26930685807960203,0.22409644677783505,0.05691830550480371
E,extratropics,0,uo_5,0.2406425736468248,0.27443262934684753,0.2282588143240322,0.058557573555394864
E,extratropics,0,uo_6,0.3064792312756934,0.3512334615895243,0.29057945506741306,0.07655378694486137
E,extratropics,0,uo_7,0.4499195967659806,0.5171812218849106,0.42438154058022937,0.11833773026562701
E,extratropics,0,uo_8,0.5043193156068976,0.5848237492821434,0.47329094735058874,0.14256116371564193
E,extratropics,0,uo_9,0.49035237955324584,0.5743040297970627,0.45810725502293526,0.1484419069807939
E,extratropics,0,uo_10,0.46341401489094053,0.5512240336398886,0.42971900376406585,0.1552000307675564
E,extratropics,0,uo_11,0.4426877905022015,0.5354142423832056,0.40604946529022373,0.1660031004987582
E,extratropics,0,uo_12,0.41670239302847123,0.5186777786173002,0.3756309052308401,0.18411836675321214
E,extratropics,0,uo_13,0.40602314562508557,0.5088634590307872,0.3473773144110285,0.22013197553278221
E,extratropics,0,uo_14,0.43369380663139656,0.5589638156722291,0.35277545361807855,0.2871067135623007
E,extratropics,0,uo_15,0.48722603977328605,0.6399980259664132,0.3688930619244624,0.3894379376763045
E,extratropics,0,uo_16,0.5293238247283781,0.7423160214616795,0.37859513332145384,0.5144495717202775
E,extratropics,0,uo_17,0.4986607685233608,0.7083539565404257,0.3348839180638092,0.5372468886351345
E,extratropics,0,uo_18,0.4369750519593557,0.6315502659841018,0.291508242788941,0.48550883417177687
E,extratropics,0,vo_0,0.49897243669538793,0.5564309150883646,0.4741730388968882,0.10705728166633183
E,extratropics,0,vo_1,0.4937047362327576,0.5336402862360984,0.47759246254208115,0.07216009019751742
E,extratropics,0,vo_2,0.5312319846466335,0.5682255746138217,0.5188678361550727,0.06172188898228636
E,extratropics,0,vo_3,0.5724629115576696,0.605737510955695,0.5625471674432658,0.05310609304543698
E,extratropics,0,vo_4,0.5946448120203885,0.6263506749663691,0.5861722622254882,0.04865096426672406
E,extratropics,0,vo_5,0.644818036243169,0.6775903442893366,0.6348030946471475,0.05280218393814685
E,extratropics,0,vo_6,0.7153545696325977,0.7531983551352915,0.7030656879598445,0.06242154327907948
E,extratropics,0,vo_7,0.7607000855484395,0.8056551513045725,0.7461799232646673,0.07399539160307009
E,extratropics,0,vo_8,0.7875195326227131,0.8327185818643281,0.7678068400633457,0.08462443104898087
E,extratropics,0,vo_9,0.7826402554608355,0.836404855203147,0.7628563967618076,0.09333231586097468
E,extratropics,0,vo_10,0.7547506858604124,0.8253935870498118,0.7366528071538367,0.1068386599572018
E,extratropics,0,vo_11,0.7363087528883809,0.8150035805172391,0.7112481022121931,0.1288161212296197
E,extratropics,0,vo_12,0.6966717526166126,0.7890827481192773,0.6606542028561988,0.16444608855127085
E,extratropics,0,vo_13,0.6646137677057825,0.7684438066049056,0.6017249250652814,0.22960773817818575
E,extratropics,0,vo_14,0.658098547747641,0.7861530840998949,0.5605523649490242,0.3231469260321723
E,extratropics,0,vo_15,0.6514626434355072,0.8167668069251861,0.5121642525749978,0.443900944307597
E,extratropics,0,vo_16,0.6295258143935542,0.8365146409381521,0.457792146940424,0.5504561719870327
E,extratropics,0,vo_17,0.5816455122196313,0.7919498995096997,0.40767425991067985,0.5582469084648172
E,extratropics,0,vo_18,0.5509905580318336,0.7350324311039665,0.3778550945448153,0.5303127961327332
E,extratropics,0,thetao_0,0.0053585917016284335,0.0053585917016284335,0.0053585917016284335,0.0
E,extratropics,0,thetao_1,0.005348822565260108,0.005179200634228612,0.004846197952789189,0.0008356273679928196
E,extratropics,0,thetao_2,0.004837061483130762,0.0047110915724940675,0.003998996271290863,0.0015501605400890866
E,extratropics,0,thetao_3,0.0045488125719882625,0.004486373715065044,0.003141879423925973,0.0027514274180349377
E,extratropics,0,thetao_4,0.0038788476347396475,0.004668304851899545,0.0024688248675448277,0.003609502742142238
E,extratropics,0,thetao_5,0.004238792189462769,0.005514092470585096,0.0028989574627367536,0.003954969751037131
E,extratropics,0,thetao_6,0.00534668087846402,0.007860974488648202,0.004151785038317544,0.0049040854362902625
E,extratropics,0,thetao_7,0.007239990439642259,0.011526699234364612,0.0062286894194631265,0.006309310858598864
E,extratropics,0,thetao_8,0.009743425430673542,0.01586277766924615,0.009014811526720573,0.0075765806062128216
E,extratropics,0,thetao_9,0.01155347057213687,0.017623379995877094,0.010477119228906102,0.008222612058461616
E,extratropics,0,thetao_10,0.010163306954758939,0.016288134278823634,0.009096594612029467,0.008258252094189327
E,extratropics,0,thetao_11,0.007216350998578951,0.016282605214251414,0.005877477511989348,0.011744001485181578
E,extratropics,0,thetao_12,0.003933495063466406,0.013068486296694087,0.002706467171641763,0.011589047019228792
E,extratropics,0,thetao_13,0.0027302056503943125,0.004040082215773638,0.0014288000941201293,0.003912687675575868
E,extratropics,0,thetao_14,0.0025772358234407325,0.0026619684002879597,0.0011817051046010521,0.0028757940192302373
E,extratropics,0,thetao_15,0.0027335413444712006,0.0022203175732019276,0.0011767165581319445,0.0026004258472698207
E,extratropics,0,thetao_16,0.003514003648300364,0.0034371805965260726,0.0011206067195444398,0.004709970765756538
E,extratropics,0,thetao_17,0.0036793613213707103,0.007314699711372155,0.002708431541439936,0.005577197952214817
E,extratropics,0,thetao_18,0.0035610073551799013,0.009165961389439274,0.0037303866954953085,0.005266195327758488
E,extratropics,0,so_0,0.007526046751687924,0.008569189361437704,0.002197222316148456,0.011700791297386392
E,extratropics,0,so_1,0.006606773887243536,0.007313864526686946,0.0021418401285902494,0.009636958068556557
E,extratropics,0,so_2,0.004819019201371556,0.005650761598401299,0.001687532386653163,0.007094715994716895
E,extratropics,0,so_3,0.004199168710696577,0.004638540868957838,0.0017721567095981706,0.005293396155754425
E,extratropics,0,so_4,0.0037463151760436975,0.004561840972834916,0.0015342805812116527,0.005239595005269906
E,extratropics,0,so_5,0.003833712396127257,0.005175121787070024,0.0019366713852217103,0.00513549138218014
E,extratropics,0,so_6,0.004778550533257952,0.008048902538539184,0.0028731501708277552,0.007081152819510964
E,extratropics,0,so_7,0.006279789174746986,0.010887475185698332,0.004403397948904471,0.008360468443821777
E,extratropics,0,so_8,0.0059020508438198255,0.010411978990893172,0.004544501023536379,0.007225027806454837
E,extratropics,0,so_9,0.004285865134060985,0.0072707750815710044,0.0030044670183813635,0.005547706230609405
E,extratropics,0,so_10,0.002554534257135608,0.004347404140527502,0.0013591101642397017,0.00418371807623918
E,extratropics,0,so_11,0.002343789211032216,0.006205945082874311,0.0008847766846590065,0.006780180981326284
E,extratropics,0,so_12,0.0018655482404441998,0.0054967284362499765,0.0009531562911544108,0.005455964106144478
E,extratropics,0,so_13,0.0011714609384517929,0.0011849974545490262,0.0003711079456608254,0.001614242504030993
E,extratropics,0,so_14,0.0012347374471243133,0.0004154966957161599,0.00019117769099668498,0.0012678787584952786
E,extratropics,0,so_15,0.0012698743546456853,0.0005459001145532562,0.00016774928346164573,0.001480275893235824
E,extratropics,0,so_16,0.0015216564966572656,0.0010712652865825505,0.0002981367030926519,0.001996648379112359
E,extratropics,0,so_17,0.003692526170381844,0.011120836015301522,0.004159620772539215,0.006494120699400553
E,extratropics,0,so_18,0.0032973116489522386,0.012266194429060427,0.004897455962355992,0.0057685940498203945
E,extratropics,0,zos,0.008160030426965519,0.008160030426965519,0.008160030426965519,0.0
E,global,3,uo_0,0.10568765829307865,0.13575859759191072,0.09801768398646153,0.04541088858939181
E,global,3,uo_1,0.12638276695001005,0.16513688335515034,0.11913491913465539,0.05324981154667007
E,global,3,uo_2,0.14806421402126854,0.1931043676655702,0.13995888573352738,0.06125081014452559
E,global,3,uo_3,0.15766336610822967,0.20880359140309424,0.14916064958981795,0.06814565645022827
E,global,3,uo_4,0.14355942215582337,0.19298207669547113,0.1347249947262533,0.0670915087967208
E,global,3,uo_5,0.1379073215554459,0.18577127926277393,0.12769714118254305,0.06828431755003303
E,global,3,uo_6,0.16101600771600552,0.21349244873331052,0.14749820741138076,0.07951204606679955
E,global,3,uo_7,0.22739105016896222,0.29843748579121604,0.20697666930429864,0.11187519802890644
E,global,3,uo_8,0.25208316457391994,0.3321562003005635,0.2284257831898603,0.12738779412977624
E,global,3,uo_9,0.24393949966238004,0.3256868548465498,0.2197218022563241,0.13018275797367096
E,global,3,uo_10,0.22928349387766137,0.3121235662638539,0.2041289932800062,0.13314907418357003
E,global,3,uo_11,0.2173259360621674,0.3016504536975514,0.18961749097915612,0.13974141081174216
E,global,3,uo_12,0.20143067791606442,0.29226619426650235,0.17063367607617622,0.1524295203312479
E,global,3,uo_13,0.1923632433619162,0.2836711206520447,0.1526270571983222,0.17078025082145076
E,global,3,uo_14,0.19458377466659355,0.2954982558284143,0.14712577290607223,0.19583048468286343
E,global,3,uo_15,0.20469094827921705,0.3245864646001296,0.14378824566650875,0.24170092606183258
E,global,3,uo_16,0.21187040721527256,0.3582704816803788,0.1397953722061533,0.2905501455369622
E,global,3,uo_17,0.18930607432066793,0.3200020025474857,0.11480327657978945,0.2797015270199439
E,global,3,uo_18,0.15314998477697372,0.25980070052724896,0.09338044386469957,0.22618979637068934
E,global,3,vo_0,0.21553620078949015,0.24842068342247398,0.2099429609799626,0.04407096262833085
E,global,3,vo_1,0.23089532960544934,0.2683843149982318,0.22685190448255252,0.04557583518702575
E,global,3,vo_2,0.25755204847364715,0.29688130093343335,0.25372079481380155,0.04699175537686156
E,global,3,vo_3,0.2817171798510985,0.32617145897162086,0.27801638615853863,0.05185586432314883
E,global,3,vo_4,0.2875234889562684,0.3348247435959903,0.28359889442270453,0.055150446077488896
E,global,3,vo_5,0.29508777609979264,0.34309276005234385,0.2885867399398727,0.06100705732600858
E,global,3,vo_6,0.3083608328091978,0.35689466529422337,0.29911227569435583,0.06703095006370786
E,global,3,vo_7,0.31863787318720965,0.3684024666294907,0.3072835815073264,0.07247317905979928
E,global,3,vo_8,0.32288432301896997,0.3726548850536347,0.3090541904622858,0.07743082955630139
E,global,3,vo_9,0.3132710589302911,0.36657776856663254,0.2987783475957736,0.08229213087546705
E,global,3,vo_10,0.29585006411629494,0.35532290194973803,0.2805078131983979,0.09015734140018021
E,global,3,vo_11,0.2846075004399425,0.34626455740495166,0.2638614703007419,0.10314911513617546
E,global,3,vo_12,0.2653302530748676,0.33674653732415405,0.23874647478864652,0.12458384240215475
E,global,3,vo_13,0.2484940469566018,0.32756341286379886,0.21077186787369276,0.1545137231699144
E,global,3,vo_14,0.24028120965066585,0.3304015009692221,0.18916480453929518,0.1923531031969822
E,global,3,vo_15,0.23567448225286275,0.34853106345793217,0.16797185696736733,0.24826183358226162
E,global,3,vo_16,0.22898194148684994,0.3608140572152957,0.14932769574601243,0.29114060540391945
E,global,3,vo_17,0.20594549585472455,0.32610776689317494,0.1247271275279498,0.28259900739096633
E,global,3,vo_18,0.18068121057568176,0.2797344947102094,0.10305963151834228,0.2542964402172301
E,global,3,thetao_0,0.0002488757148820136,0.0002488757148820136,0.0002488757148820136,0.0
E,global,3,thetao_1,0.00028885203834641917,0.00026470188752893885,0.00019888201495632532,0.00015578989875549923
E,global,3,thetao_2,0.0003505820444328805,0.0003297916816952027,0.00019276955822303968,0.0002948346077711463
E,global,3,thetao_3,0.0004830418540884487,0.0004769776323974848,0.0001984944679089963,0.0005630305541956779
E,global,3,thetao_4,0.0005925459895433501,0.0006767940711032487,0.0002534693342779359,0.0007624013997341572
E,global,3,thetao_5,0.0007719283210903858,0.0009428182137057638,0.00040083693374522183,0.0009130726749491361
E,global,3,thetao_6,0.001032343565255893,0.0013726592273216208,0.000633911374895222,0.0011371800433750256
E,global,3,thetao_7,0.001329068177981735,0.0017543798594763787,0.00094705691438808,0.0011893342086819537
E,global,3,thetao_8,0.002031233017050633,0.0023135652817371823,0.0014615491375966807,0.0014217000024280314
E,global,3,thetao_9,0.0026592750765496134,0.0028882528833969676,0.001916443078891572,0.0017146418397926322
E,global,3,thetao_10,0.002229762962087989,0.0025709776932166684,0.0016572135265427409,0.001486313616330124
E,global,3,thetao_11,0.00162209469749771,0.002246985689388833,0.0010128311102626602,0.001843418188703557
E,global,3,thetao_12,0.0009635424551864465,0.0010793063650848438,0.0002967094628591881,0.0014494298992565637
E,global,3,thetao_13,0.0008104363082428323,0.0003724066053183204,0.00018205105240640205,0.0008187408022808307
E,global,3,thetao_14,0.0006979322995792962,0.0003600328486892536,0.00020122251516288016,0.0006555201152969867
E,global,3,thetao_15,0.0006923961207374103,0.00035509458922950387,0.00017741171794830626,0.0006926672726004112
E,global,3,thetao_16,0.0010833869243718007,0.00036751158386139635,7.843129144866264e-05,0.001294035923131036
E,global,3,thetao_17,0.0007350213238922409,0.00014219667663741293,2.6706646736448705e-05,0.0008238047112080485
E,global,3,thetao_18,0.0002620341135729857,5.638599237738733e-05,1.1923211823526837e-05,0.00029457367973101113
E,global,3,so_0,0.001991612598008354,0.002064980183154194,0.0003386578733404873,0.0033792770335996395
E,global,3,so_1,0.0016076716399196574,0.0016351196005931032,0.00032422175189078024,0.00259434773981797
E,global,3,so_2,0.0011180241614570747,0.0010247621708784742,0.00022240572757760272,0.001697974878062278
E,global,3,so_3,0.0007929742510308221,0.0008004789529932719,0.00016472060411211313,0.001264011985951602
E,global,3,so_4,0.0007220833795145155,0.000864466277746051,0.00017583609815578758,0.0012348774677104872
E,global,3,so_5,0.000666485733065679,0.0009642199588459777,0.00019209210174699136,0.0012465214845959586
E,global,3,so_6,0.0007946378718403103,0.0014365651795283112,0.0002970115097611202,0.0016371800336102496
E,global,3,so_7,0.0010055741865535955,0.0016800679249990018,0.0004955583032705079,0.0016945254826692471
E,global,3,so_8,0.0010519696169090694,0.001570019925088443,0.0006019571152835558,0.0014180752890880664
E,global,3,so_9,0.00091065302599372,0.0011629470520549351,0.0004751118484442358,0.0011233763929193068
E,global,3,so_10,0.0005017046724337934,0.0006058146821974655,0.0001743730200828533,0.0007587733121137277
E,global,3,so_11,0.0004510308273084876,0.0006671086708648187,0.00014228015715336297,0.000833579182690668
E,global,3,so_12,0.00041689480463221596,0.00038461209976848107,0.00011849855960610164,0.0005645097746052826
E,global,3,so_13,0.00025247125398377053,0.00010231410543025105,4.7373742791483034e-05,0.0002600378721406815
E,global,3,so_14,0.00024537103970281106,3.234788612580172e-05,7.741105794896915e-06,0.00026223671121635675
E,global,3,so_15,0.00022629710535208386,4.3129187535595695e-05,8.844223503554604e-06,0.0002517378464225924
E,global,3,so_16,0.00035673959652253554,7.227879115192201e-05,5.6059972202867036e-06,0.0004178063942218256
E,global,3,so_17,0.0005764810108542066,0.00010885363537289034,1.376000635259929e-05,0.0006578146377719488
E,global,3,so_18,0.0002037936964453283,4.516671723456856e-05,1.4419672466332983e-05,0.0002201210702722422
E,global,3,zos,0.0012481199151770485,0.0012481199151770485,0.0012481199151770485,0.0
E,tropics,3,uo_0,0.08100333997998575,0.11357210832412798,0.07466337874983296,0.04524869046578504
E,tropics,3,uo_1,0.09720591071880226,0.13722494929426848,0.09091154026864756,0.052607779099483686
E,tropics,3,uo_2,0.10976242213839234,0.15556599922252426,0.10362526006770857,0.05807790099972427
E,tropics,3,uo_3,0.11004393758496854,0.1645757897634699,0.10399180063695619,0.06663612588638007
E,tropics,3,uo_4,0.09327209417266076,0.14691175294644906,0.08453639656907382,0.07111105435725415
E,tropics,3,uo_5,0.06910974886080232,0.1196795574793912,0.058805634502810664,0.07117803808715609
E,tropics,3,uo_6,0.04849693773671834,0.08920764260821873,0.03450456395218469,0.06869545277923045
E,tropics,3,uo_7,0.04476430406323587,0.08835533246247457,0.026081621515178923,0.08095639334483581
E,tropics,3,uo_8,0.04289955235641412,0.08521732928776983,0.021678113914800415,0.0847606532501452
E,tropics,3,uo_9,0.04265825337532795,0.08541669312751655,0.019859730322478397,0.08835548553803955
E,tropics,3,uo_10,0.04242635597333764,0.08690270638526089,0.01773866043059212,0.09385174129045372
E,tropics,3,uo_11,0.04461576006930284,0.09072436821280104,0.015844297044995157,0.1036515347283296
E,tropics,3,uo_12,0.048578702966974245,0.10140342272893348,0.014894018387139748,0.12019408863000196
E,tropics,3,uo_13,0.05323212939982463,0.10585624829988288,0.014527633917903661,0.1300331099015294
E,tropics,3,uo_14,0.05268829086362714,0.09520996467332649,0.013388073243520628,0.12112210773759419
E,tropics,3,uo_15,0.054592043311909,0.099489238903378,0.013112133340627859,0.12785701506366634
E,tropics,3,uo_16,0.0551383774539437,0.09432488318645593,0.014227034063125501,0.12100919238244645
E,tropics,3,uo_17,0.05528041863381261,0.09210750167116975,0.013378182981125634,0.12063155330792823
E,tropics,3,uo_18,0.04839871579197923,0.08469381134467896,0.01453347977326073,0.10402556644244629
E,tropics,3,vo_0,0.1292961034359354,0.17073375746758299,0.12053368774929434,0.05896248803897338
E,tropics,3,vo_1,0.13608994605866348,0.18243906368510893,0.12909603224258231,0.06033694793028061
E,tropics,3,vo_2,0.1467936072837223,0.19343309872078174,0.14093434313933056,0.05835801919903418
E,tropics,3,vo_3,0.15212651891539797,0.20542403739510162,0.1463611031120474,0.0648283524946733
E,tropics,3,vo_4,0.13960532753756552,0.1950764118721991,0.1321589108368363,0.07036391751031684
E,tropics,3,vo_5,0.105715344876352,0.15952767476891028,0.09347678310792856,0.07828945388095548
E,tropics,3,vo_6,0.07054676574589026,0.11821465216802829,0.053451254549953676,0.08185890723358502
E,tropics,3,vo_7,0.057334917437548594,0.10117205706509677,0.037654031952372706,0.08319891183966338
E,tropics,3,vo_8,0.051851958676119046,0.09620697427578648,0.031260453860717595,0.0855380255315039
E,tropics,3,vo_9,0.050550653777941316,0.09679016741839323,0.027790039269761608,0.09176074254392375
E,tropics,3,vo_10,0.05089441382072189,0.09924273877733887,0.024407202519024864,0.10132274633706219
E,tropics,3,vo_11,0.054343813146003575,0.10381893617938265,0.021628618475538916,0.11490551186631426
E,tropics,3,vo_12,0.05672730881758411,0.11597142752372858,0.019568889768737736,0.1335609577821963
E,tropics,3,vo_13,0.06050882006835456,0.12109653147483114,0.018926441481318137,0.14375247016097562
E,tropics,3,vo_14,0.06342950508450017,0.1183386037897582,0.01986728944448811,0.14203352985357998
E,tropics,3,vo_15,0.07021220788510159,0.12715600152509382,0.02349937158740229,0.15036946625420541
E,tropics,3,vo_16,0.07009596637252606,0.11649062890898099,0.02461629482268384,0.13735400795033484
E,tropics,3,vo_17,0.06811464431159425,0.10880847922479264,0.021181976065190154,0.13455917099208545
E,tropics,3,vo_18,0.06574145042233998,0.11527665689437078,0.023456201676956633,0.13410570562788934
E,tropics,3,thetao_0,7.860092261001807e-05,7.860092261001807e-05,7.860092261001807e-05,0.0
E,tropics,3,thetao_1,0.00013856019065103898,9.766586226025466e-05,5.977839908963587e-05,0.00011666925451153834
E,tropics,3,thetao_2,0.00020564551423468412,0.00017689650805109662,5.38139155090756e-05,0.00027491419174534396
E,tropics,3,thetao_3,0.0003350431786266843,0.0003301415847017044,6.557682361818305e-05,0.0005340311174149239
E,tropics,3,thetao_4,0.00047177214656410875,0.0005092720231840933,0.00011932581393847788,0.0007423925333458818
E,tropics,3,thetao_5,0.0006342006228732491,0.0006691259202650852,0.00019887387470314,0.0009055788084309587
E,tropics,3,thetao_6,0.0006658121122687002,0.00080464957364261,0.00016495333935987827,0.0011405550070445647
E,tropics,3,thetao_7,0.0005670966106617467,0.0007047224748700933,0.00010561318343418247,0.0010605927202803544
E,tropics,3,thetao_8,0.0008321841496673197,0.000558999232122336,6.752809998153055e-05,0.0012561271891392994
E,tropics,3,thetao_9,0.0011689982217068626,0.00047756252061302844,4.385937247225413e-05,0.00155884199164281
E,tropics,3,thetao_10,0.0006888110844437222,0.000374636095725094,2.8117165184636235e-05,0.0010072128415681573
E,tropics,3,thetao_11,0.0006273988760170536,0.00026112078260418707,1.3733041945218964e-05,0.0008610535737578617
E,tropics,3,thetao_12,0.000764668943252264,0.00019934446776680875,2.0713902560516152e-06,0.0009598706383258105
E,tropics,3,thetao_13,0.0008938582325965694,0.00010494667021886945,-1.6218005281806921e-06,0.0010020484967919237
E,tropics,3,thetao_14,0.0006389420578312694,4.433570222428182e-05,-8.119052979090285e-06,0.0006995158666283872
E,tropics,3,thetao_15,0.000574195261861226,2.4254564134870903e-05,-4.332105643262646e-06,0.0006071140418167819
E,tropics,3,thetao_16,0.0009340608799406751,4.6248007474603566e-05,-2.2452511047683377e-05,0.0010252139093636565
E,tropics,3,thetao_17,0.0007036074712599694,4.768873553286834e-05,1.39533355898245e-05,0.0007233895347312545
E,tropics,3,thetao_18,0.00025962566929831727,3.22410163826502e-05,4.614788896804091e-06,0.0002826371073200734
E,tropics,3,so_0,0.00194824048825963,0.0019704228845622506,0.00024502868472073703,0.0034286060248209975
E,tropics,3,so_1,0.0014371590728805674,0.0013562309458108638,0.00026894993814751463,0.002255490163783308
E,tropics,3,so_2,0.001044233083828456,0.0009668911607333959,0.00018639200227265278,0.0016383402287075768
E,tropics,3,so_3,0.0005988251480198645,0.0007780613448245057,8.43851675649557e-05,0.0012081161616464156
E,tropics,3,so_4,0.0005308788195087791,0.0008886780265267149,7.06742850543562e-05,0.001278208271186385
E,tropics,3,so_5,0.0004848150999139468,0.0009032753255039529,4.58218982314497e-05,0.0012964466280971814
E,tropics,3,so_6,0.00046116240808241675,0.0012778811688262104,7.171029004655224e-05,0.0015956229915974117
E,tropics,3,so_7,0.0004597868584566797,0.0012205922070683706,6.729708072059727e-05,0.001545784907942318
E,tropics,3,so_8,0.00044836330220498376,0.0008030447337513018,4.1772482640079384e-05,0.0011678630700146762
E,tropics,3,so_9,0.0004872776044066996,0.0004591584262071234,3.681336674199342e-05,0.0008728092970241878
E,tropics,3,so_10,0.00030339829155686076,0.00017574272601220833,2.2207228505751598e-06,0.0004746995721073502
E,tropics,3,so_11,0.0002962285814444638,8.189756574045698e-05,1.1904197528418717e-06,0.0003757453050271542
E,tropics,3,so_12,0.0002568067041769003,4.3943580510471056e-05,3.0293566342031615e-06,0.00029469157317465154
E,tropics,3,so_13,0.00018657580846473764,1.3986680458383307e-05,-1.7367117022517834e-06,0.00020403591454419488
E,tropics,3,so_14,0.0001944543260521246,5.268781556750206e-06,-7.802316523223532e-08,0.0001998791548145954
E,tropics,3,so_15,0.00020038678338445462,4.778025767235603e-06,-2.0214272269078097e-07,0.00020556909463137878
E,tropics,3,so_16,0.00034491326030804733,1.623418439071475e-05,-4.2054186902223345e-06,0.00036955828310432614
E,tropics,3,so_17,0.0006561540067195893,5.693658279440827e-05,2.5186642054023018e-05,0.0006627173038350061
E,tropics,3,so_18,0.00022235746210854917,3.0816548583015444e-05,9.029220915511939e-06,0.00023511556789133174
E,tropics,3,zos,0.00014180140965206625,0.00014180140965206625,0.00014180140965206625,0.0
E,extratropics,3,uo_0,0.11993090469728818,0.1485605575520583,0.11149348973324806,0.045504483836467824
E,extratropics,3,uo_1,0.14321827828282058,0.18124252045997466,0.13542025882487346,0.053620279587880536
E,extratropics,3,uo_2,0.17023398855117838,0.21483225849541754,0.16098944797660367,0.06308735007740031
E,extratropics,3,uo_3,0.1852985599426308,0.2344705096699975,0.17537368849070387,0.06902168943273901
E,extratropics,3,uo_4,0.17276053702590444,0.2197344492782246,0.1638687788838088,0.0647574295901289
E,extratropics,3,uo_5,0.17783542835351193,0.224128993924218,0.16767976199737705,0.06660489741750439
E,extratropics,3,uo_6,0.22679940483184777,0.28615459649249764,0.21355905662281346,0.08583588747665136
E,extratropics,3,uo_7,0.33543282416131764,0.4227218513536935,0.31399396995101314,0.13016673215109895
E,extratropics,3,uo_8,0.3771572727145571,0.47980475847167203,0.3520434101422628,0.15287521707289148
E,extratropics,3,uo_9,0.365930321240666,0.47130774879696397,0.3408524887730377,0.15553308978225247
E,extratropics,3,uo_10,0.34377158290207993,0.4501172569062975,0.31833107212577205,0.15722669886820245
E,extratropics,3,uo_11,0.32404076059659326,0.4319782774857801,0.2969891308534025,0.16204077291368235
E,extratropics,3,uo_12,0.29651917140893264,0.411001028436603,0.267518587786742,0.17248303104530682
E,extratropics,3,uo_13,0.27919562958707717,0.39464621531842936,0.2388155550667734,0.19621073356782548
E,extratropics,3,uo_14,0.28328560744271136,0.42070265821736275,0.23072800145606803,0.2425322651562065
E,extratropics,3,uo_15,0.2984276570454993,0.4651596034416045,0.22539542359535142,0.31279640938296466
E,extratropics,3,uo_16,0.31203685053671254,0.5269564351048133,0.22004529984310423,0.39890268324601535
E,extratropics,3,uo_17,0.27338960345345314,0.4629759318900831,0.17843422624799943,0.3794970837506381
E,extratropics,3,uo_18,0.22062098061797597,0.37258822508532596,0.14416630219931556,0.30487660220777146
E,extratropics,3,vo_0,0.2652981017876153,0.2932472701626595,0.26153352435189064,0.03547832589935173
E,extratropics,3,vo_1,0.28559953275353017,0.31797609184727527,0.2832585865198964,0.03705844806149753
E,extratropics,3,vo_2,0.3216610331125934,0.35675899127517086,0.319003632875404,0.04041275942716936
E,extratropics,3,vo_3,0.35692310574078806,0.39624534983827614,0.35442048582163727,0.04432748212958827
E,extratropics,3,vo_4,0.37341737957915877,0.4159745501749444,0.37153785186584554,0.046316221055358354
E,extratropics,3,vo_5,0.4049940073128903,0.4496285834095695,0.401822858085536,0.050976873497770296
E,extratropics,3,vo_6,0.44739696804923246,0.4964370697435707,0.44273606635103324,0.05836190953098163
E,extratropics,3,vo_7,0.4732244123112072,0.526495675847988,0.4667961145892288,0.06612785168067374
E,extratropics,3,vo_8,0.4849387545778294,0.5379473518843603,0.47515135220807014,0.07258340806672069
E,extratropics,3,vo_9,0.4724983931189836,0.5300883358777172,0.4630166210911491,0.0765534910288724
E,extratropics,3,vo_10,0.4459353384345469,0.5122242073218028,0.437421648189275,0.0833162483994407
E,extratropics,3,vo_11,0.4268837071428396,0.49606779097306614,0.4135332276122739,0.09588504259032433
E,extratropics,3,vo_12,0.39510116643375826,0.4740896974549149,0.37509582560471816,0.11899922050610938
E,extratropics,3,vo_13,0.365816509181803,0.4564203625977642,0.33050349776190946,0.16122987219179521
E,extratropics,3,vo_14,0.3508349039939919,0.4629664601701679,0.2949962155385451,0.2238089353448213
E,extratropics,3,vo_15,0.33900561055751766,0.4867797129684025,0.25819486891380466,0.30939558389210947
E,extratropics,3,vo_16,0.3305249560360957,0.5169596045908302,0.2290299620592233,0.3894246365084793
E,extratropics,3,vo_17,0.29241629155597304,0.4624345880566222,0.18968813678230903,0.3754746010809234
E,extratropics,3,vo_18,0.25471468480548476,0.38566289495940165,0.15433273667638953,0.33171211047606036
E,extratropics,3,thetao_0,0.0003471269379275842,0.0003471269379275842,0.0003471269379275842,0.0
E,extratropics,3,thetao_1,0.00037557279574684804,0.0003610842915915066,0.000279146979499439,0.0001783631336310822
E,extratropics,3,thetao_2,0.0004344739233298848,0.0004182901645591953,0.00027319958778639146,0.0003063649180488699
E,extratropics,3,thetao_3,0.0005689305847162625,0.0005621916612708998,0.00027563116078693046,0.0005798599223554549
E,extratropics,3,thetao_4,0.000662677633256247,0.0007740717012002463,0.00033136449002830147,0.000774020353223978
E,extratropics,3,thetao_5,0.0008518615487088083,0.0011016613082969655,0.000518050401958383,0.0009174220536769641
E,extratropics,3,thetao_6,0.0012466333561924974,0.001704741682095284,0.000908084006773101,0.001135207007102894
E,extratropics,3,thetao_7,0.0017798496998206836,0.0023753559851849623,0.0014448540715613601,0.0012654975853916824
E,extratropics,3,thetao_8,0.002748162824321877,0.003362647370632851,0.002295055864096591,0.0015206984597060718
E,extratropics,3,thetao_9,0.003562489472743538,0.004349303539992884,0.003051362555436414,0.0018090679441964386
E,extratropics,3,thetao_10,0.0031739101613486058,0.003916684686290947,0.0026553671764717865,0.0017798604617704347
E,extratropics,3,thetao_11,0.002236701185918517,0.003474019484293431,0.0016301576132801447,0.0024504054718735547
E,extratropics,3,thetao_12,0.0010872607488617903,0.0016267265456568715,0.00048000242142477126,0.0017539824281508725
E,extratropics,3,thetao_13,0.0007583722930796671,0.0005393296123289438,0.0002966821408299071,0.0007043376158113884
E,extratropics,3,thetao_14,0.0007348084049722688,0.0005573817232454365,0.0003320862955973493,0.0006280175323193574
E,extratropics,3,thetao_15,0.0007662125439806418,0.0005617040515797345,0.0002909106663381211,0.0007460952749372357
E,extratropics,3,thetao_16,0.001178820178881664,0.0005728291016015592,0.0001429054921968003,0.001465838301381228
E,extratropics,3,thetao_17,0.0007547294412918314,0.00020148802176470673,3.47076787912014e-05,0.0008868021082669271
E,extratropics,3,thetao_18,0.00026358543210804015,7.193793576196627e-05,1.663061648930189e-05,0.00030226213739940313
E,extratropics,3,so_0,0.0020166391840750223,0.0021195414057471836,0.0003926834049505285,0.003350813800205637
E,extratropics,3,so_1,0.0017060601985025587,0.001796042842959816,0.00035611448007936514,0.0027898740754792035
E,extratropics,3,so_2,0.0011607358176872662,0.0010582589964156575,0.0002432511288924331,0.0017324925595518165
E,extratropics,3,so_3,0.0009056456637512329,0.0008134886456625254,0.00021134202813640276,0.0012964502581385802
E,extratropics,3,so_4,0.0008331130974869611,0.0008504070380392175,0.00023690200289664323,0.0012097161115062509
E,extratropics,3,so_5,0.000771922116388915,0.0009995905801211719,0.0002769830512033418,0.001217546596455228
E,extratropics,3,so_6,0.0009896017321752329,0.001529338667310323,0.00042873210387746574,0.0016614761817353694
E,extratropics,3,so_7,0.0013284613601769312,0.001951893294145438,0.0007489171605839423,0.0017825203319785723
E,extratropics,3,so_8,0.0014128751389569406,0.0020286061746924364,0.0009369001637984331,0.0015676809637101764
E,extratropics,3,so_9,0.0011672488451380321,0.0015894933227412027,0.0007407520392044175,0.0012752380941740491
E,extratropics,3,so_10,0.0006232077409889587,0.0008693214281311616,0.000279851399204515,0.0009328263754147398
E,extratropics,3,so_11,0.0005466806687028947,0.0010287011309169385,0.00022945721998853102,0.0011164673505294504
E,extratropics,3,so_12,0.000516484851062279,0.0005965403897330316,0.000190331409520686,0.0007323624320431716
E,extratropics,3,so_13,0.00029359690961427987,0.00015743966614169003,7.802380680758036e-05,0.0002949889593480174
E,extratropics,3,so_14,0.00027720016136887775,4.9275599693176294e-05,1.2629006482482032e-05,0.0003012177476193756
E,extratropics,3,so_15,0.00024247810396252936,6.707947356673429e-05,1.4493675358479402e-05,0.0002805702264815795
E,extratropics,3,so_16,0.00036429770842354484,0.0001080965435407548,1.1876411403448796e-05,0.0004486414275221489
E,extratropics,3,so_17,0.0005264966889764324,0.00014142478411109424,6.591291709032026e-06,0.0006547388938170943
E,extratropics,3,so_18,0.00019183667447780157,5.440976026948928e-05,1.7891699284555586e-05,0.0002104630339549704
E,extratropics,3,zos,0.0018864829972800284,0.0018864829972800284,0.0018864829972800284,0.0
E,global,9,uo_0,0.2375299856819288,0.28231362998485565,0.22400597716220705,0.07183165968668583
E,global,9,uo_1,0.2844530133285908,0.33831282456715905,0.27172441584895357,0.07931700634835948
E,global,9,uo_2,0.3249080256380216,0.38378720903637437,0.3124549507793754,0.08378532701971556
E,global,9,uo_3,0.3338423597090172,0.40136792141981803,0.3222505119111803,0.09070925331777997
E,global,9,uo_4,0.2922164797782898,0.358536133260438,0.27865211545216917,0.0934483769415605
E,global,9,uo_5,0.2549881081689488,0.32109582243543683,0.23833276060494513,0.09941841210379745
E,global,9,uo_6,0.25744035403535825,0.31744887220739115,0.2332312110999618,0.1084268048706681
E,global,9,uo_7,0.3439243008392026,0.41742661444827767,0.3068508012126191,0.14764931948498045
E,global,9,uo_8,0.37615584996011525,0.46115719278653466,0.33281581871437305,0.17168141148909175
E,global,9,uo_9,0.36690725822641396,0.4595657683382131,0.32088412148783907,0.18470478629825093
E,global,9,uo_10,0.34899471173382773,0.45134549881472735,0.3001005602906449,0.2001390868064129
E,global,9,uo_11,0.33789235112643,0.44788803385965753,0.2814263063247758,0.22292777715307296
E,global,9,uo_12,0.3227858209248745,0.44411199803304197,0.25822663427603365,0.2504445564265203
E,global,9,uo_13,0.31522400601945744,0.4347141544626217,0.23605425309653236,0.27782965940658494
E,global,9,uo_14,0.32620520754293963,0.4456514908809855,0.23426588015122848,0.30332493511113257
E,global,9,uo_15,0.35399687229984944,0.49025433382602657,0.24102831503959618,0.36219457845495207
E,global,9,uo_16,0.3682893761480698,0.5337443032650033,0.24014993087209838,0.42173381375544
E,global,9,uo_17,0.3384080782081142,0.49148731400268253,0.207752670001502,0.4143900455850544
E,global,9,uo_18,0.2818129747503936,0.41378050560903074,0.17202098148338724,0.3515515191988512
E,global,9,vo_0,0.4523492735443694,0.49969480344743444,0.43211436271667486,0.08781535517085683
E,global,9,vo_1,0.4812361655211208,0.534844407529542,0.4650542919683939,0.08597199483351274
E,global,9,vo_2,0.5272229060982213,0.5778750400952619,0.5135063393549486,0.07808527606304247
E,global,9,vo_3,0.5658388965659672,0.6219498078630429,0.5531100022672403,0.08156870711933484
E,global,9,vo_4,0.5642161324168697,0.6250576774279277,0.5500273987500355,0.08921900918387404
E,global,9,vo_5,0.5465534215021616,0.6097550711246452,0.5253152943620778,0.10567789472112753
E,global,9,vo_6,0.5376286292919005,0.5941722579676696,0.5097801811767347,0.11224053152883896
E,global,9,vo_7,0.5470719930499491,0.6035425277671429,0.5166787682759642,0.11725699141471074
E,global,9,vo_8,0.5569707745253438,0.6156825338951265,0.5229448868770793,0.12676353541889576
E,global,9,vo_9,0.5521332483098965,0.6171180051986618,0.5151042074266107,0.13904284678324305
E,global,9,vo_10,0.5339239706294706,0.612499880670297,0.4939705133438111,0.15848282988023277
E,global,9,vo_11,0.5244174328717319,0.6104038724995623,0.47331777907381156,0.1881857514381409
E,global,9,vo_12,0.4973086374576646,0.6009972950424811,0.4373692514920476,0.2235674240974465
E,global,9,vo_13,0.47633984895667647,0.5866308284528329,0.39672343417851613,0.2695238084504099
E,global,9,vo_14,0.4718884611972655,0.5928004937942583,0.3716275496314271,0.32143384729972996
E,global,9,vo_15,0.47540364753116265,0.6261749676983767,0.3495007187429101,0.4025771762385513
E,global,9,vo_16,0.4563794816383208,0.6264801615416402,0.31380681753760636,0.45524600208407706
E,global,9,vo_17,0.4111781939111575,0.5670756769902778,0.2705298264821371,0.4371942040896175
E,global,9,vo_18,0.3694833760911768,0.5080896980232663,0.23791513674789008,0.4017427967052267
E,global,9,thetao_0,0.0007781343084214388,0.0007781343084214388,0.0007781343084214388,0.0
E,global,9,thetao_1,0.0008888857138126788,0.0008187490936387519,0.0006547519699623338,0.0003981308725243905
E,global,9,thetao_2,0.0010775434484733553,0.0010309200181221271,0.000624372623860836,0.0008597182147581169
E,global,9,thetao_3,0.001530291721920925,0.0015002268900379842,0.0007137138422371613,0.001603090942771447
E,global,9,thetao_4,0.0018788046412866076,0.0022120476850882326,0.0009999145310362707,0.002091023284292808
E,global,9,thetao_5,0.0024307260755449533,0.003059662532795108,0.001523399699686302,0.0024435891972083338
E,global,9,thetao_6,0.0027040787807882135,0.003979147134367565,0.0018149956536357,0.003053234589069781
E,global,9,thetao_7,0.003161691726571081,0.004658997712675671,0.0023570963360293948,0.0031064966872259223
E,global,9,thetao_8,0.004456472997036246,0.005813566963141314,0.003419826218783103,0.0034303875578887235
E,global,9,thetao_9,0.005600653391218547,0.006840632494651911,0.004353546499829702,0.003734192801545365
E,global,9,thetao_10,0.0049438092744711675,0.006147438824891743,0.0038525120242301264,0.003386224121457399
E,global,9,thetao_11,0.0035139214096948355,0.0055492375789191395,0.0024102827313008035,0.004242593563641563
E,global,9,thetao_12,0.0019006871787661857,0.003125133204527877,0.0005903713866089932,0.0038450776077242517
E,global,9,thetao_13,0.0014293461054977444,0.0009514148872712572,0.0003517991498658302,0.001677162678338437
E,global,9,thetao_14,0.001360356910013114,0.0008308755026923286,0.0004175258976774234,0.0013561806102951217
E,global,9,thetao_15,0.001484959537981812,0.0008382479121645141,0.0004099688379239818,0.001503269783117705
E,global,9,thetao_16,0.002121276231576698,0.0009616238518966118,0.0002615826164438117,0.0025597348564652483
E,global,9,thetao_17,0.0014244847592305055,0.0004247518358023066,8.164852441022775e-05,0.0016859395363640907
E,global,9,thetao_18,0.0007162007433832671,0.0002290036129786379,4.6893986182847664e-05,0.0008514163841615724
E,global,9,so_0,0.004599007519168987,0.005838853690415772,0.0012146954123645722,0.008008470420132984
E,global,9,so_1,0.003697699455619611,0.004568814551645909,0.001118282509104565,0.00602994900140347
E,global,9,so_2,0.002681332398111923,0.003434997289488563,0.0009264240489397763,0.004263481560323124
E,global,9,so_3,0.002123683400574432,0.0028066972994969953,0.0007764908656797777,0.0033773989816469076
E,global,9,so_4,0.0019299478653460893,0.0029017667643575357,0.0007362449388819361,0.003359224746060191
E,global,9,so_5,0.0017848473778370806,0.002938311812797129,0.000720999505831813,0.003281160184850145
E,global,9,so_6,0.00209270238363645,0.004277581127943716,0.0010069381602042628,0.004356407207634414
E,global,9,so_7,0.0025350102834930327,0.0049348929426585786,0.0014850069954520978,0.004499889199970046
E,global,9,so_8,0.0024930425670298966,0.0040963328904425255,0.0015443253725992913,0.0035007247099220155
E,global,9,so_9,0.001991638925509772,0.0027285303398402352,0.0010913953607234014,0.002537378493338974
E,global,9,so_10,0.0011695560686421967,0.0014955913048294008,0.00043108972345685796,0.0018029679083312402
E,global,9,so_11,0.001062053114627347,0.001663025873101721,0.00034142319319388747,0.0020422325963436656
E,global,9,so_12,0.0009317051394692049,0.0011160119573087103,0.00023176851655906915,0.001584180056898281
E,global,9,so_13,0.0005760275484815316,0.0002754387099441668,0.00011779326436079269,0.0006158797292631459
E,global,9,so_14,0.0006006963032467122,8.697921440776702e-05,2.4110910200044714e-05,0.000639453697291137
E,global,9,so_15,0.0005987365547840418,0.0001128334524856664,2.3874427246152088e-05,0.0006638211545045253
E,global,9,so_16,0.0008256830518472602,0.0002012555915192052,2.9274245620895687e-05,0.0009683901544030041
E,global,9,so_17,0.0011252244402927282,0.0003557315882944474,6.39891265628382e-05,0.0013529777625632107
E,global,9,so_18,0.0005450033488086039,0.00018508757115929682,4.756346941282362e-05,0.0006349639916519701
E,global,9,zos,0.0032416057603603062,0.0032416057603603062,0.0032416057603603062,0.0
E,tropics,9,uo_0,0.36346906062328455,0.44784268255185605,0.34682286643620697,0.11766600894807566
E,tropics,9,uo_1,0.43826993908544987,0.5379361678855589,0.42145627797252005,0.13329354741356592
E,tropics,9,uo_2,0.48801696240299886,0.5933930666157694,0.473468129381989,0.13447376874962239
E,tropics,9,uo_3,0.4778692237656526,0.602080035992343,0.46684590072342846,0.14625744777496416
E,tropics,9,uo_4,0.39382817949911564,0.5172613476864015,0.37552799630646755,0.16003353532516595
E,tropics,9,uo_5,0.28349827290183366,0.4052439145367555,0.25809025922507955,0.17256166989153082
E,tropics,9,uo_6,0.1782651660267753,0.26373683111836216,0.1380008708949041,0.16600025603265475
E,tropics,9,uo_7,0.1702166378046527,0.25333441206903173,0.11103526510373511,0.20148052034353972
E,tropics,9,uo_8,0.16722228182385668,0.2588239069839921,0.10027497965428565,0.22549622754255932
E,tropics,9,uo_9,0.16889835931737016,0.2748771926971397,0.09703007509762591,0.2497154030233923
E,tropics,9,uo_10,0.16852790952631924,0.2943352751358591,0.0917674493082244,0.2793282825838436
E,tropics,9,uo_11,0.17659710197135656,0.314700534096872,0.08492156887671563,0.32145450181431245
E,tropics,9,uo_12,0.18418093635277316,0.3368315806593558,0.07813922026091152,0.36473407408203745
E,tropics,9,uo_13,0.18869560851593212,0.33519763115680584,0.07175770921237541,0.38037782004385284
E,tropics,9,uo_14,0.18312349403747405,0.2933409901881459,0.06644914310538408,0.34356619553132495
E,tropics,9,uo_15,0.18591969257051297,0.29565699819964597,0.07055914608968629,0.34045839821449436
E,tropics,9,uo_16,0.17482059817723555,0.2674963773802074,0.06752665803739519,0.3072636592568774
E,tropics,9,uo_17,0.14758356163899106,0.21620897738018424,0.05100180944333775,0.26178892468563236
E,tropics,9,uo_18,0.11592814288657122,0.17015515094754674,0.039776050598558155,0.20653119036043535
E,tropics,9,vo_0,0.5011011244672718,0.5900988347000546,0.4626696437898309,0.16586067655471842
E,tropics,9,vo_1,0.5270093483756287,0.6272133709204318,0.49442097574773464,0.16538076825214157
E,tropics,9,vo_2,0.5568770760237569,0.6465980976518959,0.5311152700221901,0.14124463393230632
E,tropics,9,vo_3,0.5656929410467245,0.6688076889876164,0.5436902491733282,0.14712013341862748
E,tropics,9,vo_4,0.5128954474372094,0.6268480272606166,0.4870866440763378,0.1655701862441169
E,tropics,9,vo_5,0.37610203930825903,0.49260771635806927,0.33403797944386804,0.20063379723014255
E,tropics,9,vo_6,0.23085572638294916,0.32037550542089677,0.17493233980253492,0.20136654963999084
E,tropics,9,vo_7,0.18211016119128529,0.25902949860601715,0.12325802934591218,0.1946235988477264
E,tropics,9,vo_8,0.1668103984510056,0.24960079126887855,0.1071854318031157,0.2020403271672702
E,tropics,9,vo_9,0.1665901415275805,0.25222165536398844,0.09946198155633128,0.2198878320479634
E,tropics,9,vo_10,0.16909929357393824,0.2624302407105764,0.09130045496905694,0.24892862366907526
E,tropics,9,vo_11,0.1803608246222891,0.2800428984743176,0.08429178475129484,0.29182015073419826
E,tropics,9,vo_12,0.18206562809269838,0.305617707696828,0.079757489188753,0.32816835395013444
E,tropics,9,vo_13,0.1893647203240732,0.3128284128627392,0.07735334156137524,0.3474864505156122
E,tropics,9,vo_14,0.19845820075333723,0.3107153540006792,0.08539083886026133,0.3383918759798763
E,tropics,9,vo_15,0.2286338621016705,0.3572635405292415,0.11235351676140169,0.3611903666245817
E,tropics,9,vo_16,0.2278276627713984,0.3420304928464119,0.1177434100571907,0.3343713340735195
E,tropics,9,vo_17,0.18637255202941222,0.2630027374534896,0.08425692890328591,0.2808614331062394
E,tropics,9,vo_18,0.15353975219256952,0.2337714287668768,0.06552831509216417,0.2562545521391763
E,tropics,9,thetao_0,0.00039044618218516314,0.00039044618218516314,0.00039044618218516314,0.0
E,tropics,9,thetao_1,0.0005750596362184922,0.00047802167704724007,0.00032320763634146205,0.0004066660355851807
E,tropics,9,thetao_2,0.0008859242420794086,0.0008670795394926135,0.00035077745783979996,0.0010514488664803783
E,tropics,9,thetao_3,0.0015821898440745745,0.001586605514860665,0.0006015466342708379,0.0019657021197913723
E,tropics,9,thetao_4,0.0021982700446375996,0.002761494928049018,0.0011680651770086226,0.002623634586919739
E,tropics,9,thetao_5,0.0029472619121085216,0.0038838007327432586,0.0019150585602884266,0.003000945504284417
E,tropics,9,thetao_6,0.00240786153719657,0.003792158233923744,0.0013136801149959518,0.0035726595552393586
E,tropics,9,thetao_7,0.0017103501583797614,0.0027405607368270256,0.0007151634975646933,0.0030205838824387153
E,tropics,9,thetao_8,0.0018202309329721214,0.0019076901553857209,0.0004077944187259283,0.0029123322661928457
E,tropics,9,thetao_9,0.0020556436284830926,0.0015036705434510504,0.0002829493537916793,0.0029934154696423902
E,tropics,9,thetao_10,0.0015253053138484108,0.0012726131520901967,0.000203928671044655,0.0023900611335505744
E,tropics,9,thetao_11,0.001340918411086831,0.0009530890348480282,0.0001375349326708326,0.002018937575301588
E,tropics,9,thetao_12,0.0014017593313121436,0.0006597394522307724,7.77913785372441e-05,0.001905916018806624
E,tropics,9,thetao_13,0.0014155860472884444,0.00039844691572296957,1.9906448594272232e-05,0.0017742200535863187
E,tropics,9,thetao_14,0.0011485151845416187,0.00016880041867908506,5.52699831889537e-06,0.001306261606232235
E,tropics,9,thetao_15,0.001180919141254642,9.837360869483985e-05,-2.13852097644606e-06,0.001283569783536774
E,tropics,9,thetao_16,0.0018331247012629505,0.0001464900362241844,-3.3865057893574824e-05,0.002047344836444039
E,tropics,9,thetao_17,0.0013956739637774954,0.00017209747021857915,3.725186351485635e-05,0.001493267730264125
E,tropics,9,thetao_18,0.0007168215263230407,0.00010890824466854372,1.1821505527544592e-05,0.0008020867561836812
E,tropics,9,so_0,0.004667011743430237,0.006499016666878956,0.0012095690232689033,0.008746890464063847
E,tropics,9,so_1,0.0035832806330437614,0.00454621485697877,0.0011109535298968732,0.005907588426701048
E,tropics,9,so_2,0.002758621635630426,0.003826269941084614,0.0009861020118496712,0.004612687523617889
E,tropics,9,so_3,0.0021258840817167906,0.003382201727498511,0.0007297891377932346,0.004048507545387956
E,tropics,9,so_4,0.0018841655209961565,0.0036502123570464782,0.0006215626981245787,0.004291252491788732
E,tropics,9,so_5,0.001537748824127696,0.0032382390457158443,0.0003967235886992774,0.003982540737423632
E,tropics,9,so_6,0.0015495952496286296,0.004214468374472074,0.00045842135200427494,0.004847220935379014
E,tropics,9,so_7,0.001503213789699731,0.003969325213646046,0.0004625967680241424,0.004547345513158074
E,tropics,9,so_8,0.001286709283694926,0.002293219467662651,0.00023895016769382333,0.0031020284578618077
E,tropics,9,so_9,0.0011480648230497886,0.0012347794171996566,0.00015298166001248505,0.002076880913462979
E,tropics,9,so_10,0.000762770847285712,0.00048355226383798504,2.454803326211943e-05,0.0011972270522624105
E,tropics,9,so_11,0.0007801803923682358,0.0002286173168080624,9.490334105038014e-06,0.0009898170270260913
E,tropics,9,so_12,0.0006731354797287196,0.00010894918552660996,1.667162422073916e-05,0.0007487414193085649
E,tropics,9,so_13,0.00046476222441832753,4.1086345468882965e-05,-2.8715676598946488e-06,0.0005115917072433866
E,tropics,9,so_14,0.0005874694924745145,1.9465605469627513e-05,5.552689843726613e-07,0.0006058245522177054
E,tropics,9,so_15,0.0005637087401783452,1.6178827683339624e-05,2.130018687023609e-06,0.0005756275266211368
E,tropics,9,so_16,0.000837732185821303,5.033917249870637e-05,-3.4009413432078526e-06,0.0008948732348572877
E,tropics,9,so_17,0.0012212117600038349,0.00020892455065011454,7.40643618249151e-05,0.0012820075804631068
E,tropics,9,so_18,0.0005714204917882917,0.00012531641410955352,3.1313798601074427e-05,0.0006341093156317419
E,tropics,9,zos,0.0009003529893093263,0.0009003529893093263,0.0009003529893093263,0.0
E,extratropics,9,uo_0,0.16486120540084262,0.18680082336820739,0.15313874666738994,0.045384534719315445
E,extratropics,9,uo_1,0.19569828263436906,0.22312709192434949,0.18532683196091895,0.04817171157761054
E,extratropics,9,uo_2,0.230497660359951,0.26246359477741554,0.2192576536626527,0.05444595187601418
E,extratropics,9,uo_3,0.25025860920096893,0.2848877702096496,0.23833682576213222,0.058472721037840604
E,extratropics,9,uo_4,0.23321214589205658,0.26636684843988134,0.22239779974475055,0.05478339518109958
E,extratropics,9,uo_5,0.23844168824378892,0.27225879858238533,0.22686612666255299,0.0569682362479995
E,extratropics,9,uo_6,0.3037295242150625,0.34885121595979945,0.28890689244173995,0.07476695732335853
E,extratropics,9,uo_7,0.4466895647723266,0.5145033838773015,0.4226950500348602,0.11580285467583724
E,extratropics,9,uo_8,0.5010804567072127,0.582135381120624,0.4718555699695241,0.13950468787942272
E,extratropics,9,uo_9,0.4869148192381618,0.5715002839011376,0.4565556768817131,0.14530375208517518
E,extratropics,9,uo_10,0.45956740746594443,0.547546257575353,0.4277470587479948,0.15161954272877087
E,extratropics,9,uo_11,0.4375540891078988,0.5301824645562606,0.40284340489994397,0.16204974762719088
E,extratropics,9,uo_12,0.40901127608135496,0.5108506504935448,0.3702581690417396,0.17934558021299768
E,extratropics,9,uo_13,0.3941909752108834,0.49682288820093334,0.33859249347388143,0.21382887134648335
E,extratropics,9,uo_14,0.41564859103674845,0.5408639952991948,0.3391716332748683,0.27816932430171004
E,extratropics,9,uo_15,0.4589610156988857,0.611780305101414,0.3474862452107247,0.37576883790468935
E,extratropics,9,uo_16,0.4919340327532605,0.7039016449090207,0.35047236747211885,0.49489094091184216
E,extratropics,9,uo_17,0.45812545009333683,0.6641883838056314,0.3060932886419874,0.5101272614315303
E,extratropics,9,uo_18,0.3886605176058683,0.5707012405901245,0.25720082998576793,0.4449600929563696
E,extratropics,9,vo_0,0.4242187443405691,0.44753032802331333,0.41448353848072017,0.04278200115970891
E,extratropics,9,vo_1,0.45482438561892274,0.4815461301442349,0.44810930315894315,0.04015190790247436
E,extratropics,9,vo_2,0.5100585706908294,0.5380969399755652,0.5033139974781962,0.04152751066769013
E,extratropics,9,vo_3,0.5659235971744615,0.5947565821686177,0.5585766085470566,0.04352695551334006
E,extratropics,9,vo_4,0.5940173683744489,0.6240181453300245,0.5865762354147556,0.0448830458100396
E,extratropics,9,vo_5,0.6454784659424214,0.6777440357689907,0.6363271047370603,0.050568303450791524
E,extratropics,9,vo_6,0.7169810136159261,0.7542454227052554,0.7055463532004694,0.060133726082064895
E,extratropics,9,vo_7,0.7629830126810556,0.8073560523264337,0.7494260325576321,0.07148700613867154
E,extratropics,9,vo_8,0.7902536777534871,0.8345684523534294,0.7715338908060633,0.08175436828774636
E,extratropics,9,vo_9,0.7857999380188759,0.8382713006000326,0.7670130940398785,0.09004504790510795
E,extratropics,9,vo_10,0.7574534518550141,0.8269889077754936,0.7406880223389829,0.10306632744543481
E,extratropics,9,vo_11,0.7370044601084007,0.8145285983278294,0.7136906433587124,0.1241517686332115
E,extratropics,9,vo_12,0.6934198399986884,0.7847515404826464,0.659837857641355,0.1584956760358329
E,extratropics,9,vo_13,0.6554423691046359,0.7575121973500107,0.5960438022709856,0.22086695664458805
E,extratropics,9,vo_14,0.642815447214878,0.769137831649395,0.5505601008131047,0.31083307061532534
E,extratropics,9,vo_15,0.6295112931367123,0.7941100723815687,0.49759905115522524,0.42842324544685056
E,extratropics,9,vo_16,0.6024454792942664,0.8082701124326148,0.4391096911647103,0.5324962096984941
E,extratropics,9,vo_17,0.5522142633645222,0.7578415930873217,0.38739165693822536,0.5352725461877959
E,extratropics,9,vo_18,0.5085741248395709,0.6847799408315409,0.3489506499032782,0.4954527733903943
E,extratropics,9,thetao_0,0.0010018364621580324,0.0010018364621580324,0.0010018364621580324,0.0
E,extratropics,9,thetao_1,0.0010699683317039728,0.0010153541783567029,0.0008460582607905522,0.00039320599259526443
E,extratropics,9,thetao_2,0.0011884561302422576,0.0011257538883570545,0.0007827344533959122,0.0007487411165111369
E,extratropics,9,thetao_3,0.0015001734424702298,0.0014500984054228122,0.0007788083419636494,0.0013926551663175678
E,extratropics,9,thetao_4,0.0016932962262400926,0.001892992317667137,0.0009022721493936549,0.0017817442451199198
E,extratropics,9,thetao_5,0.0021309442441872876,0.002581357520845051,0.0012960926726027723,0.0021201164033640215
E,extratropics,9,thetao_6,0.0028772600855904097,0.004088469080137785,0.002108085968748036,0.0027495572446948956
E,extratropics,9,thetao_7,0.004020303828792289,0.005793942947580357,0.0033284620043228974,0.0031573228077078712
E,extratropics,9,thetao_8,0.006032722795175182,0.008148950929142008,0.005220766517926347,0.0037401406884644975
E,extratropics,9,thetao_9,0.007749182811815932,0.010075212851392502,0.0068206192097730114,0.004183157295402554
E,extratropics,9,thetao_10,0.007038339864312098,0.0091342633552473,0.006088013125752861,0.003996576862221565
E,extratropics,9,thetao_11,0.004856584941723733,0.008389123489685131,0.0038145767792946467,0.00561655480696848
E,extratropics,9,thetao_12,0.0022110678349631,0.004658843136646531,0.000909245009722207,0.005051420912184198
E,extratropics,9,thetao_13,0.001437933814495501,0.0012965247909905333,0.0005589349470524626,0.0016165887019738104
E,extratropics,9,thetao_14,0.0014927837341515856,0.001244752472642847,0.0006750750148461926,0.0013873861888611708
E,extratropics,9,thetao_15,0.001674832732680094,0.0013002991415278027,0.0006673297241584145,0.0016404724153078567
E,extratropics,9,thetao_16,0.002305431917046357,0.001482570708512959,0.00045040135584639934,0.002887199940912501
E,extratropics,9,thetao_17,0.001442559824249886,0.0005832593358883804,0.00010950161018314763,0.0018068159274248917
E,extratropics,9,thetao_18,0.0007158009637608147,0.00030635784963978403,6.948440691624942e-05,0.0008831900054109143
E,extratropics,9,so_0,0.004559768443795467,0.005457930045785628,0.0012176535639093456,0.0075823913347164195
E,extratropics,9,so_1,0.0037637213221515973,0.004581855403052436,0.001122511558192359,0.006100553628809826
E,extratropics,9,so_2,0.0026365961300942936,0.003208521826456141,0.0008918814128264786,0.004061355130897478
E,extratropics,9,so_3,0.0021224062621706366,0.0024727122514800292,0.0008035934885324102,0.002987931524826722
E,extratropics,9,so_4,0.0019565332678588804,0.0024671561503312503,0.000802839304217034,0.0028180108273947483
E,extratropics,9,so_5,0.0019282564071637363,0.0027642433385769226,0.0009091997970685816,0.002874100133964811
E,extratropics,9,so_6,0.00241022585947631,0.0043144799307967075,0.00132762424581957,0.004069457348022196
E,extratropics,9,so_7,0.003145419973691907,0.00550612189214338,0.0020898637453545675,0.0044718143304414825
E,extratropics,9,so_8,0.003214327783107457,0.005174442123847478,0.0023248293601691424,0.003739111236004968
E,extratropics,9,so_9,0.0025029052589841264,0.0036338502353038455,0.0016601411225932716,0.002816473251453253
E,extratropics,9,so_10,0.0014187948827659995,0.002115671521739451,0.0006801793939725619,0.002174107614208502
E,extratropics,9,so_11,0.0012362177972917003,0.002549323735457629,0.0005465191333305392,0.002692503252565259
E,extratropics,9,so_12,0.0010925601177726582,0.0017425010023130615,0.0003655792853084741,0.0021039025477049026
E,extratropics,9,so_13,0.0006454687611425691,0.0004216991206207736,0.00019310075275816326,0.0006809663803627094
E,extratropics,9,so_14,0.0006089647332291034,0.0001291833821486569,3.883603323739601e-05,0.0006604760484252539
E,extratropics,9,so_15,0.0006206114453056621,0.00017319422925474368,3.745380185724994e-05,0.0007188980681633559
E,extratropics,9,so_16,0.000817982465818976,0.00029770531656333446,5.015675090206317e-05,0.0010153742817540965
E,extratropics,9,so_17,0.001065005049711526,0.00044783376330142903,5.7668242508879484e-05,0.0013975023299060538
E,extratropics,9,so_18,0.0005279879595477586,0.00022358658330778433,5.8029993962201956e-05,0.0006355145496946544
E,extratropics,9,zos,0.004592545339931743,0.004592545339931743,0.004592545339931743,0.0
