reference,candidate,region,lead_days,variable,origins,years,bootstrap_draws,reference_rmse,candidate_rmse,candidate_minus_reference_rmse,difference_ci_low,difference_ci_high,rmse_reduction_percent,reduction_ci_low,reduction_ci_high
C,A,extratropics,0,so,99,9,4000,0.06772532688875063,0.07540341632707503,0.007678089438324404,0.007058195825002375,0.008241209325914866,-11.337102072518391,-12.39559748020274,-10.235430518640374
C,A,extratropics,0,sst,99,9,4000,0.0,0.0,0.0,0.0,0.0,,,
C,A,extratropics,0,thetao,99,9,4000,0.06806104730422091,0.07479105361989985,0.006730006315678938,0.006182855939182263,0.007255063287918807,-9.888190943634756,-10.975676536768571,-8.825476512111441
C,A,extratropics,0,ts,99,9,4000,0.0678933946063073,0.07509785914181884,0.007204464535511532,0.006641585467586683,0.007709565798856763,-10.611436616607527,-11.651167010850939,-9.546518324650743
C,A,extratropics,0,uo,99,9,4000,0.412122416012588,0.4400514897708152,0.02792907375822723,0.02668620494360857,0.02911623130238734,-6.7768878064070615,-7.071110688939694,-6.478413664939651
C,A,extratropics,0,vo,99,9,4000,0.4130786934727809,0.4343791738793463,0.021300480406565403,0.020129501684933743,0.022355517724023593,-5.156518780354125,-5.39927259915319,-4.888350527400899
C,A,extratropics,0,zos,99,9,4000,0.0,0.0,0.0,0.0,0.0,,,
C,A,extratropics,5,so,99,9,4000,0.06899376301608053,0.07605709966460161,0.0070633366485210874,0.006440535563752767,0.0076250550303915065,-10.23764517218002,-11.248758045888634,-9.164072754897552
C,A,extratropics,5,sst,99,9,4000,0.025250236865870843,0.026126969779210717,0.0008767329133398741,0.0008061607458119553,0.0009576159935016242,-3.4721769858915508,-3.8124835768963985,-3.190537416583615
C,A,extratropics,5,thetao,99,9,4000,0.06875419711683904,0.07493905675728554,0.006184859640446502,0.0056585616613022555,0.006691340522731663,-8.995610304249668,-10.01474897306072,-8.006792015505692
C,A,extratropics,5,ts,99,9,4000,0.06887408422730658,0.07550014780469905,0.006626063577392469,0.006071540956726462,0.007125586318341263,-9.620546903424998,-10.597234726797886,-8.622109665001902
C,A,extratropics,5,uo,99,9,4000,0.4174647254143018,0.43727405598931995,0.019809330575018158,0.01894892209000547,0.020707456181427962,-4.7451507562366935,-4.983242223589178,-4.530694210818728
C,A,extratropics,5,vo,99,9,4000,0.4348878808150537,0.4491181472873734,0.01423026647231973,0.013612539813777318,0.014944898632442406,-3.272169011849635,-3.43839970599259,-3.1338246554379956
C,A,extratropics,5,zos,99,9,4000,0.036702967732816255,0.03705900397061174,0.00035603623779548177,4.4150390112032524e-05,0.0006570085500173791,-0.9700475459839986,-1.8109341168663289,-0.11776749410841915
C,A,extratropics,10,so,99,9,4000,0.06963699089812699,0.07635179421271956,0.0067148033145925795,0.00610122402828174,0.0072558545452319195,-9.642581087996426,-10.603190560146325,-8.621296334278837
C,A,extratropics,10,sst,99,9,4000,0.03130968204629786,0.03210122321325466,0.0007915411669568023,0.0007293884436550037,0.0008366626482902463,-2.528103497781764,-2.673535220166102,-2.3369594413203836
C,A,extratropics,10,thetao,99,9,4000,0.06968366390044053,0.07552036628632261,0.0058367023858820755,0.005328766212142992,0.006329825583042251,-8.37599813095531,-9.32356417779811,-7.451939100019748
C,A,extratropics,10,ts,99,9,4000,0.0696603313081964,0.07593721815921951,0.0062768868510231085,0.005741894146505786,0.006761496047614007,-9.010704849008588,-9.915186397914992,-8.073029575759254
C,A,extratropics,10,uo,99,9,4000,0.4317330681938456,0.4460472077612542,0.014314139567408624,0.01385849532357375,0.014711014786694098,-3.3155068772683594,-3.4273350642428433,-3.183383240510809
C,A,extratropics,10,vo,99,9,4000,0.4743887442396548,0.48382393594313317,0.00943519170347834,0.008790112655327718,0.0100701908398522,-1.988915592548679,-2.1380934003651477,-1.842054502095907
C,A,extratropics,10,zos,99,9,4000,0.040877691430266615,0.04139370925681613,0.0005160178265495169,0.00028548694825515067,0.0007278414016899802,-1.2623458138035781,-1.767307351412001,-0.7046581258440366
C,A,extratropics,15,so,99,9,4000,0.0706493965236733,0.07701347747313712,0.006364080949463821,0.005751813705518305,0.0069000839203349346,-9.007976377167415,-9.93086756863865,-8.016185686161611
C,A,extratropics,15,sst,99,9,4000,0.036875120905261786,0.03747593218528821,0.0006008112800264254,0.0005345086682906382,0.0006603791069866131,-1.629313383324238,-1.7970201412367215,-1.4446187110416113
C,A,extratropics,15,thetao,99,9,4000,0.07097977739847569,0.07645286323961598,0.005473085841140285,0.004979673700885964,0.005949835253694899,-7.7107678295675,-8.601014501113946,-6.85091334297021
C,A,extratropics,15,ts,99,9,4000,0.07081477963213748,0.07673368233716148,0.005918902705024001,0.005394454037834153,0.006396622821487314,-8.358287261177688,-9.20513007221344,-7.464304642289852
C,A,extratropics,15,uo,99,9,4000,0.4492056797367466,0.45964990343896606,0.01044422370221948,0.009950640957293587,0.011071936286499329,-2.325042663828336,-2.4879705090014848,-2.194084840514712
C,A,extratropics,15,vo,99,9,4000,0.510375455228845,0.517962950780269,0.007587495551424017,0.006968333101526747,0.008301534880664188,-1.486649773943749,-1.635702281387342,-1.3575895032457472
C,A,extratropics,15,zos,99,9,4000,0.04564184925947785,0.04627578446842787,0.0006339352089500261,0.0004252856091022194,0.0008301959686757434,-1.388934101565531,-1.8451578056839228,-0.9236801167139038
C,A,extratropics,20,so,99,9,4000,0.07156215452632378,0.07759493864548289,0.0060327841191591125,0.00543893924662181,0.006555665239004314,-8.430132042684635,-9.3049981665374,-7.488223684095086
C,A,extratropics,20,sst,99,9,4000,0.0409024138266816,0.04142320875886158,0.000520794932179984,0.000469252478835641,0.0005604456230022037,-1.2732620974077014,-1.3704908055282692,-1.147393348181692
C,A,extratropics,20,thetao,99,9,4000,0.07228465646039862,0.07743384734744216,0.005149190887043534,0.004678102178705081,0.00560888996250679,-7.123490847417302,-7.941384181918786,-6.324640794377005
C,A,extratropics,20,ts,99,9,4000,0.07192431271846568,0.07751443484417347,0.005590122125707794,0.00508162867415065,0.0060521580037468615,-7.772228769970013,-8.573739230927755,-6.936994198739675
C,A,extratropics,20,uo,99,9,4000,0.4676329773800835,0.47591277324714476,0.008279795867061235,0.007900646941129763,0.008786064038285567,-1.7705757009372602,-1.892230126790725,-1.682063589728377
C,A,extratropics,20,vo,99,9,4000,0.5424733721751589,0.548964033562227,0.0064906613870681085,0.006030650149289421,0.007028497114348223,-1.1964940068933672,-1.303841936866864,-1.1053879301764353
C,A,extratropics,20,zos,99,9,4000,0.048678802171033785,0.04924181194721163,0.0005630097761778474,0.00041319403258338605,0.0007266601443465125,-1.1565809984389164,-1.4905812339741185,-0.8495034922697862
C,A,extratropics,25,so,99,9,4000,0.0726176695834928,0.07833037670474641,0.005712707121253602,0.00513007815749093,0.006235055268700849,-7.866827941490695,-8.713667304833812,-6.969549738852036
C,A,extratropics,25,sst,99,9,4000,0.044375093543577875,0.044844852186596444,0.0004697586430185696,0.00037883659202301494,0.0005418206930836404,-1.0586087949476575,-1.2231709696437258,-0.8530974516423416
C,A,extratropics,25,thetao,99,9,4000,0.07373249559062146,0.07857543555582595,0.00484293996520449,0.004393442650341329,0.005284928063042954,-6.568257220118423,-7.319837720020823,-5.826941747247624
C,A,extratropics,25,ts,99,9,4000,0.07317720560993823,0.07845300181476564,0.005275796204827404,0.004778986236335062,0.005728114823927245,-7.209616930372231,-7.959214219212534,-6.418144984147621
C,A,extratropics,25,uo,99,9,4000,0.4842571415655907,0.4912909956916869,0.007033854126096195,0.006560784079699515,0.0074891311552599,-1.4525039534483586,-1.5523814087769072,-1.3535075167858632
C,A,extratropics,25,vo,99,9,4000,0.5703829016110209,0.5763724604787929,0.005989558867771971,0.005306053386750262,0.006780586266846317,-1.0500943928814621,-1.1959678620930343,-0.9224318969305189
C,A,extratropics,25,zos,99,9,4000,0.051535397168742635,0.05217412566724252,0.0006387284984998853,0.0004974030525875724,0.0008054809421389885,-1.2393976443190846,-1.5759116218435445,-0.9574218882839006
C,A,extratropics,30,so,99,9,4000,0.07366571967942037,0.07908823080581893,0.005422511126398563,0.004864355244571586,0.0059262332741406715,-7.360969457702082,-8.154078881690307,-6.520785100206663
C,A,extratropics,30,sst,99,9,4000,0.04756443107509908,0.048096074351428764,0.0005316432763296866,0.00045215562949525723,0.0006110578675881157,-1.1177328611169157,-1.2804671890806842,-0.9549143569178042
C,A,extratropics,30,thetao,99,9,4000,0.07517982032093887,0.0797473370805035,0.004567516759564627,0.004134255879054838,0.004996166266867955,-6.075455807244712,-6.786828643932107,-5.382869600209468
C,A,extratropics,30,ts,99,9,4000,0.0744266203699173,0.07941846769935171,0.004991847329434404,0.004521636296733219,0.005424894227859533,-6.707072421969151,-7.409656778087751,-5.970854230965481
C,A,extratropics,30,uo,99,9,4000,0.5007529195688278,0.507023923629463,0.006271004060635188,0.0054952655365339,0.007048281383983098,-1.252315027146489,-1.4130389207969047,-1.0974249808175003
C,A,extratropics,30,vo,99,9,4000,0.5966147362720662,0.6020708143813813,0.005456078109315143,0.004738645445128964,0.006221958598289515,-0.914506092056544,-1.0527850752734684,-0.7876420974780852
C,A,extratropics,30,zos,99,9,4000,0.054337212559352414,0.05510849166566363,0.0007712791063112165,0.0006330076970871556,0.0009054769912446517,-1.419430754694595,-1.6795340925071893,-1.1573140194404823
C,A,global,0,so,99,9,4000,0.06700578910324466,0.07464276200942091,0.007636972906176251,0.007090865576063309,0.0081762613147041,-11.397482230093514,-12.43067359447877,-10.387762174837883
C,A,global,0,sst,99,9,4000,0.0,0.0,0.0,0.0,0.0,,,
C,A,global,0,thetao,99,9,4000,0.06299906257867757,0.07027942115396922,0.007280358575291648,0.006769754194381042,0.007803146156628485,-11.556296676953615,-12.727626067017185,-10.475206971389927
C,A,global,0,ts,99,9,4000,0.06503329016411759,0.07249392718749632,0.007460637023378736,0.0069440713361275655,0.007985607698114662,-11.472027640845361,-12.573185943609026,-10.438837175887656
C,A,global,0,uo,99,9,4000,0.44016664560264807,0.46987187704521316,0.029705231442565094,0.028251347230163974,0.031110298135710736,-6.748632986921255,-7.050606645639136,-6.420980714181315
C,A,global,0,vo,99,9,4000,0.4407884348592112,0.4653622028489942,0.024573767989783002,0.023467360847966412,0.025619702411781155,-5.574957518482071,-5.80577575556416,-5.326648299385716
C,A,global,0,zos,99,9,4000,0.0,0.0,0.0,0.0,0.0,,,
C,A,global,5,so,99,9,4000,0.06800732510067674,0.0750259996818969,0.007018674581220158,0.006470446810131202,0.007549999749455612,-10.320468524280058,-11.309675425204496,-9.35605587790497
C,A,global,5,sst,99,9,4000,0.02349819001443789,0.02444743019542402,0.0009492401809861294,0.0009032640055521154,0.0009949595159317929,-4.039631054148818,-4.246703714529149,-3.8404501995276275
C,A,global,5,thetao,99,9,4000,0.06364381856897423,0.07027229793002347,0.006628479361049239,0.006140496961329469,0.007135814167099527,-10.414961751337405,-11.518075077965479,-9.40452126512915
C,A,global,5,ts,99,9,4000,0.06586171843107969,0.07268801993669236,0.00682630150561267,0.006317277526910206,0.007340768552878021,-10.364596716005803,-11.407019288923605,-9.381164339514243
C,A,global,5,uo,99,9,4000,0.44365634263974896,0.4663875092111972,0.022731166571448247,0.021674077826414062,0.0236642893985982,-5.123597791073631,-5.3317143911752085,-4.891067534881605
C,A,global,5,vo,99,9,4000,0.45256849753173606,0.469759198815099,0.01719070128336292,0.016387479618843,0.018041376062045082,-3.7984750103286613,-3.9883674273616068,-3.6216352711168076
C,A,global,5,zos,99,9,4000,0.030926686855312812,0.031258825095475194,0.0003321382401623822,9.624713934343003e-05,0.0005503233074380608,-1.0739535137282985,-1.806502995511812,-0.30426384794404815
C,A,global,10,so,99,9,4000,0.06856661300246852,0.07520716064089651,0.006640547638427988,0.00610591599087537,0.007146460214042138,-9.684812108465835,-10.605585497568196,-8.766906314440025
C,A,global,10,sst,99,9,4000,0.02922712354871739,0.0301399371825913,0.0009128136338739067,0.0008418492666879379,0.0009690284743239068,-3.123173008634872,-3.312269306413216,-2.8850671195032174
C,A,global,10,thetao,99,9,4000,0.06449107219872514,0.07073238805954585,0.006241315860820704,0.005771102870873655,0.006729155090399223,-9.677798256460179,-10.700037571850306,-8.737775765681645
C,A,global,10,ts,99,9,4000,0.06656004361466215,0.07300406746295647,0.006444023848294317,0.005952035246123252,0.006936880084157528,-9.681519870390831,-10.649289478367406,-8.752640446985335
C,A,global,10,uo,99,9,4000,0.45591470609728196,0.47406554137821916,0.018150835280937194,0.017253269275675123,0.019028680726557987,-3.9811910074829315,-4.167971604773049,-3.7922424712960057
C,A,global,10,vo,99,9,4000,0.48016540735158386,0.49349530296223126,0.013329895610647402,0.0127420664043013,0.013892300368931578,-2.776104943538149,-2.8962240827518086,-2.651022279949392
C,A,global,10,zos,99,9,4000,0.03477214513266844,0.03523355192005974,0.00046140678739129554,0.00029762975843292144,0.0006174881180367273,-1.326943694819116,-1.7741116957906646,-0.8654994829929075
C,A,global,15,so,99,9,4000,0.06946002540450669,0.07573967693380271,0.006279651529296021,0.005758269882346025,0.006775379502524754,-9.040669784852383,-9.928858669327965,-8.158050578707087
C,A,global,15,sst,99,9,4000,0.03433544242799463,0.03507124602090946,0.0007358035929148354,0.0006676233077524515,0.0007908667034015304,-2.1429856174356887,-2.3079003159112883,-1.943938543532621
C,A,global,15,thetao,99,9,4000,0.06570168247781555,0.07152524297555633,0.0058235604977407845,0.005366084788981276,0.0062912165997926,-8.863639830999958,-9.813121854550767,-7.9803813765368385
C,A,global,15,ts,99,9,4000,0.0676069752673879,0.07366260599771494,0.006055630730327041,0.00557368491284231,0.006534412006895999,-8.957109390527851,-9.859840842590893,-8.080360580946444
C,A,global,15,uo,99,9,4000,0.4692948799365305,0.48427210419856687,0.014977224262036348,0.014210180676679842,0.015725265388005557,-3.191431422405877,-3.3485247484959966,-3.033587508556345
C,A,global,15,vo,99,9,4000,0.5058654535212018,0.5171844071717517,0.011318953650549912,0.010792754961109883,0.01176624772357194,-2.2375423290445173,-2.3277344234130344,-2.1307181877279007
C,A,global,15,zos,99,9,4000,0.039051929883683265,0.039630094145765966,0.0005781642620827018,0.00041318642643402466,0.000726929216698103,-1.480501127101208,-1.8845445421567066,-1.051799149160661
C,A,global,20,so,99,9,4000,0.07027749191690522,0.07620904471768684,0.005931552800781628,0.00542971098893981,0.006414443492696001,-8.440188514119118,-9.275211131391945,-7.615481911123536
C,A,global,20,sst,99,9,4000,0.03807245290034428,0.038760572704046384,0.0006881198037021058,0.0006206250523730264,0.0007525590981922695,-1.8073955085144533,-1.9746673126936252,-1.634317071695405
C,A,global,20,thetao,99,9,4000,0.06692934867367407,0.07239372399485107,0.005464375321176995,0.0050301031420658645,0.0059147148199603095,-8.164393393127911,-9.039836964616955,-7.350052411025095
C,A,global,20,ts,99,9,4000,0.06862384273710162,0.07432586955638351,0.005702026819281891,0.00524616559659356,0.00616677609670812,-8.309104520897193,-9.16079524696196,-7.4876123693457055
C,A,global,20,uo,99,9,4000,0.4832454030338671,0.4961495171017789,0.01290411406791181,0.012167318442054263,0.013656599564344344,-2.6703024978403045,-2.8216353998082186,-2.5217937212405244
C,A,global,20,vo,99,9,4000,0.5309635380556391,0.5411617645340009,0.010198226478361772,0.009972136422275523,0.01042868787924022,-1.920701846252415,-1.9709786284969477,-1.8724021148968306
C,A,global,20,zos,99,9,4000,0.04193936939197733,0.04246829023142026,0.0005289208394429271,0.0004194457118438806,0.0006329593065153865,-1.2611559189159127,-1.511395589512045,-0.9904557905310292
C,A,global,25,so,99,9,4000,0.071230290758878,0.07683447620992045,0.005604185451042451,0.005110475653092166,0.006081161632135976,-7.867699810482609,-8.672750892523048,-7.079455295059553
C,A,global,25,sst,99,9,4000,0.041231000230846034,0.041868649452030116,0.000637649221184082,0.0005641155681052274,0.000701085480682597,-1.5465286255826438,-1.6946811057542464,-1.3700912320710699
C,A,global,25,thetao,99,9,4000,0.06830290742377602,0.0734241521546352,0.005121244730859176,0.004703161450312084,0.005548336406114926,-7.497842952841105,-8.306299625988553,-6.7461003110987035
C,A,global,25,ts,99,9,4000,0.06978195140627415,0.07514866217731313,0.005366710771038979,0.004920980322512816,0.00582080211225874,-7.6906860053163495,-8.48511885335083,-6.921051757648874
C,A,global,25,uo,99,9,4000,0.49637220840969,0.507962725098482,0.011590516688791963,0.010663204319369806,0.012556210266038797,-2.3350454542824695,-2.5223925032479926,-2.1495440059175617
C,A,global,25,vo,99,9,4000,0.5528022944068925,0.5623000782310156,0.00949778382412303,0.009082898959459264,0.00993809141352212,-1.718115847242152,-1.8054665578394673,-1.6357728733489856
C,A,global,25,zos,99,9,4000,0.044445770708375264,0.045044501821400164,0.0005987311130249001,0.0005016922725270979,0.0007031856222422117,-1.3471048054344514,-1.599188403578504,-1.1200496329692442
C,A,global,30,so,99,9,4000,0.07222842980859699,0.07752659236167193,0.005298162553074942,0.00481210310507879,0.0057794624116162124,-7.335286904498539,-8.115672136477908,-6.575343200657093
C,A,global,30,sst,99,9,4000,0.044094636557736516,0.04480579296196591,0.0007111564042293905,0.0006430110932099189,0.0007745561554331487,-1.6127957042989083,-1.7498918383383548,-1.4644550025827432
C,A,global,30,thetao,99,9,4000,0.0696864141020577,0.07450502990082075,0.004818615798763054,0.004425540245168259,0.005224155549227044,-6.914713378286419,-7.651619906516642,-6.223249842871781
C,A,global,30,ts,99,9,4000,0.07096880435451514,0.07603082270939539,0.005062018354880252,0.004631351139671213,0.005503813830701193,-7.132737265226585,-7.879936200881403,-6.409053989903447
C,A,global,30,uo,99,9,4000,0.5091625527078498,0.519818311968844,0.010655759260994158,0.009497568713717305,0.011762223922459994,-2.0928010523013185,-2.3049961566967783,-1.8689637883118149
C,A,global,30,vo,99,9,4000,0.5740474114446769,0.5828102653036236,0.008762853858946706,0.008290571193099167,0.009193562493649197,-1.5265035055020304,-1.608540003300546,-1.435437223822244
C,A,global,30,zos,99,9,4000,0.04698238861579393,0.04765989111447478,0.00067750249868085,0.000570976611107685,0.0007722183613512583,-1.44203502342386,-1.6561768229092124,-1.204626921242926
C,A,tropics,0,so,99,9,4000,0.06602846839125588,0.07359616996816407,0.007567701576908184,0.006995015741785504,0.008240909572468624,-11.461270814378555,-12.684377488660788,-10.3936018438002
C,A,tropics,0,sst,99,9,4000,0.0,0.0,0.0,0.0,0.0,,,
C,A,tropics,0,thetao,99,9,4000,0.053910770513458196,0.06239020701292981,0.008479436499471617,0.00791128560317601,0.009208738730882113,-15.728650172704949,-17.24168690174488,-14.496860107000236
C,A,tropics,0,ts,99,9,4000,0.06027491109678151,0.06822365486068277,0.007948743763901263,0.00738287253621845,0.008628240893948964,-13.18748318207923,-14.519097267166385,-12.061992539153872
C,A,tropics,0,uo,99,9,4000,0.4844723554598387,0.5171064577755443,0.032634102315705626,0.03051395682912095,0.03482134087752253,-6.736009175328661,-7.155510607261902,-6.303277153881421
C,A,tropics,0,vo,99,9,4000,0.4852802715543244,0.5148378047752842,0.029557533220959775,0.02821568321732426,0.03104386122120916,-6.090816988353698,-6.4057424561408,-5.812992323846113
C,A,tropics,0,zos,99,9,4000,0.0,0.0,0.0,0.0,0.0,,,
C,A,tropics,5,so,99,9,4000,0.0665682630007238,0.07351083990665858,0.0069425769059347775,0.006381491850856228,0.0076059820988585184,-10.429259519448909,-11.604836966440638,-9.412727051427066
C,A,tropics,5,sst,99,9,4000,0.020103372648226224,0.02122423730289972,0.0011208646546734952,0.0010296815215340288,0.0012181334971771579,-5.575505534751124,-6.111397422510005,-5.095880201226866
C,A,tropics,5,thetao,99,9,4000,0.05445513042512676,0.06206290216434473,0.007607771739217971,0.007030178597526124,0.008335281275381343,-13.970716220537383,-15.445023984020716,-12.773280489178775
C,A,tropics,5,ts,99,9,4000,0.06081403977927752,0.06802810966373904,0.007214069884461521,0.006654978566290052,0.007885878818362937,-11.862507260896905,-13.137054365264218,-10.792001193588018
C,A,tropics,5,uo,99,9,4000,0.48562336400445355,0.5127070056803185,0.02708364167586491,0.025261724915737506,0.028934181301422057,-5.577087859309948,-5.94518142410043,-5.215315634958777
C,A,tropics,5,vo,99,9,4000,0.4827895042315587,0.504478215904259,0.02168871167270031,0.020344394906004065,0.02336233232776742,-4.492374312739367,-4.853226327859292,-4.208463735396132
C,A,tropics,5,zos,99,9,4000,0.01671662642134549,0.017040576540934865,0.00032395011958937306,0.00016456859501638366,0.00048356167186727956,-1.9378917218352276,-2.9361930931583453,-0.9736388349304614
C,A,tropics,10,so,99,9,4000,0.06698263804796209,0.07349468811603056,0.006512050068068473,0.005961211637928564,0.007162187684617195,-9.721997009740946,-10.841929581177729,-8.73660930313772
C,A,tropics,10,sst,99,9,4000,0.025213807587305584,0.02639805249014257,0.0011842449028369867,0.0010211003819891502,0.0013525991235633474,-4.696811057736561,-5.414895045494233,-4.017634205228799
C,A,tropics,10,thetao,99,9,4000,0.05514223956785588,0.062281320222869335,0.007139080655013452,0.0065798890456623405,0.00783804264342364,-12.946664319334333,-14.328451248419483,-11.814884920928549
C,A,tropics,10,ts,99,9,4000,0.061348758685172707,0.06811913104986073,0.0067703723646880196,0.006229797969223482,0.00741455418601016,-11.035875068690416,-12.229108277359755,-10.012805961925935
C,A,tropics,10,uo,99,9,4000,0.49558163914615333,0.5193256161241178,0.02374397697796443,0.02160584157764375,0.02596499906848935,-4.791133307293904,-5.252515995640545,-4.3691742712575605
C,A,tropics,10,vo,99,9,4000,0.4924341003553911,0.5118863902050889,0.019452289849697768,0.018269711346623353,0.020771552171669948,-3.950232089056982,-4.216253651387313,-3.7119552935545723
C,A,tropics,10,zos,99,9,4000,0.020214656841615063,0.020575198701806043,0.0003605418601909799,0.00021193249645591893,0.0005172294745747465,-1.7835665626969588,-2.624403024461614,-1.0248873189043983
C,A,tropics,15,so,99,9,4000,0.06766742463849126,0.07379971512048948,0.006132290481998218,0.005598072380476076,0.006767423213228456,-9.062396736331513,-10.14351030104106,-8.129619477694577
C,A,tropics,15,sst,99,9,4000,0.02941931970093318,0.030457436206076608,0.0010381165051434292,0.0008700310612350379,0.0011970186502154962,-3.528689703557286,-4.105244326302573,-2.9294004888242857
C,A,tropics,15,thetao,99,9,4000,0.05618854608870842,0.06279646591477214,0.006607919826063721,0.006058555463463663,0.007297555466298434,-11.760261273946071,-13.074490754320886,-10.67328598179615
C,A,tropics,15,ts,99,9,4000,0.06219338014921205,0.06851931874752744,0.0063259385983153865,0.005787479457881862,0.00695741062670616,-10.171401816621684,-11.311879167313124,-9.199282113975903
C,A,tropics,15,uo,99,9,4000,0.503441119862314,0.5250574229430899,0.02161630308077589,0.01975632856372505,0.023534680343593614,-4.2937102727500065,-4.675789113876606,-3.9295009789740165
C,A,tropics,15,vo,99,9,4000,0.5016099497765772,0.5190795256806396,0.017469575904062395,0.016316859386965015,0.0185378141912599,-3.482701232669627,-3.702852220004853,-3.244499163119644
C,A,tropics,15,zos,99,9,4000,0.023617611552377238,0.024106772965056728,0.0004891614126794896,0.0003909072870566398,0.0006081343085644862,-2.071172233460894,-2.6014582934372505,-1.6339253851937101
C,A,tropics,20,so,99,9,4000,0.06831618661158821,0.07407027100142737,0.005754084389839154,0.005229221570562086,0.006354650798635812,-8.422724796619585,-9.438571993656378,-7.543184427967125
C,A,tropics,20,sst,99,9,4000,0.03259112295610653,0.03365077234551153,0.001059649389405004,0.0008746509392191584,0.0012292321654371516,-3.2513435969424354,-3.781949518425822,-2.6816361116592957
C,A,tropics,20,thetao,99,9,4000,0.05727297589204612,0.06344469106180647,0.006171715169760353,0.005628850071854932,0.006852560570331962,-10.775963835707469,-12.041833183965451,-9.747346328491766
C,A,tropics,20,ts,99,9,4000,0.06303687460796355,0.06896243133095345,0.0059255567229899025,0.005420053868257738,0.006530116151326345,-9.40014358237442,-10.469138434392722,-8.498094057743284
C,A,tropics,20,uo,99,9,4000,0.5110615686408164,0.5308447307749313,0.019783162134114907,0.017874353247449834,0.02177705641194221,-3.870993897414121,-4.268571997384609,-3.496869919008751
C,A,tropics,20,vo,99,9,4000,0.5149950698732985,0.531519265297566,0.01652419542426753,0.015805213502001973,0.017130613565231274,-3.2086123520236542,-3.339516869775867,-3.0535755562769644
C,A,tropics,20,zos,99,9,4000,0.026467108152416045,0.02696258940774572,0.0004954812553296765,0.0003104722135144542,0.0006735490798135754,-1.8720641955908057,-2.5506141264736586,-1.1586243630597288
C,A,tropics,25,so,99,9,4000,0.06908798516455228,0.07450094077495863,0.0054129556104063475,0.004903778253181496,0.006016409893832124,-7.834872586765829,-8.83563688197762,-6.982463198640409
C,A,tropics,25,sst,99,9,4000,0.0351217535696148,0.0361347806526248,0.0010130270830100013,0.0008469032246580362,0.0011746121043761536,-2.8843294541147646,-3.3274653624249586,-2.4094850290026817
C,A,tropics,25,thetao,99,9,4000,0.058510620373669324,0.06425961184843548,0.005748991474766159,0.005220241658071078,0.0064075930342787565,-9.825552075932675,-11.00799833533651,-8.857038761286868
C,A,tropics,25,ts,99,9,4000,0.0640181317698706,0.06956898695275608,0.005550855182885478,0.005049736020263717,0.006146229603398442,-8.67075472123966,-9.705193810658313,-7.791408539840682
C,A,tropics,25,uo,99,9,4000,0.5191448647556762,0.5376387169462931,0.018493852190616833,0.01652634986631919,0.020516563314925972,-3.5623683187775645,-3.9609241458863687,-3.1806192640445663
C,A,tropics,25,vo,99,9,4000,0.5263967091455369,0.5420581076558204,0.015661398510283475,0.014786421294405671,0.016483752918408597,-2.975208286485209,-3.1525980073959707,-2.7882323208846698
C,A,tropics,25,zos,99,9,4000,0.028215836397570207,0.028771006118602505,0.0005551697210322976,0.0003730842276109144,0.0007498783643432604,-1.9675820103638886,-2.644424543551321,-1.3181539007651768
C,A,tropics,30,so,99,9,4000,0.06999827637686239,0.07507644438668731,0.0050781680098249266,0.0045544709706086105,0.005700732290013919,-7.254704362268405,-8.260057923102282,-6.403479350075711
C,A,tropics,30,sst,99,9,4000,0.037325052079924044,0.03844230174708095,0.0011172496671569068,0.0009768615223201826,0.0012901619669972424,-2.993297008037765,-3.43596375717815,-2.6205283843645693
C,A,tropics,30,thetao,99,9,4000,0.05978118059527559,0.06516681493932051,0.005385634344044925,0.004880840710299971,0.006004946748876967,-9.00891265514845,-10.082305481528428,-8.100803544175607
C,A,tropics,30,ts,99,9,4000,0.065090507176917,0.07029646602455555,0.005205958847638553,0.004706919143018553,0.005790634271454591,-7.998030854927407,-8.989068655903694,-7.145329515891644
C,A,tropics,30,uo,99,9,4000,0.5263855158361851,0.5438111960185896,0.017425680182404535,0.015239126656365246,0.01964577735507449,-3.3104406671834674,-3.7430226549039407,-2.8851784868615016
C,A,tropics,30,vo,99,9,4000,0.538888682910385,0.5535998001932524,0.014711117282867336,0.013455335126468501,0.015747454436428016,-2.729899095935129,-2.945890961588803,-2.4759912961688375
C,A,tropics,30,zos,99,9,4000,0.03026373068983169,0.03073833335327101,0.0004746026634393184,0.00025557803587535516,0.0007128394732391248,-1.5682225972185826,-2.36620246080569,-0.8385437369439437
C,B,extratropics,0,so,99,9,4000,0.06772532688875063,0.07170651819729762,0.0039811913085469885,0.003532913121500344,0.004361245958511849,-5.878437936647707,-6.553158001916322,-5.1343037059255625
C,B,extratropics,0,sst,99,9,4000,0.0,0.0,0.0,0.0,0.0,,,
C,B,extratropics,0,thetao,99,9,4000,0.06806104730422091,0.07143651429200366,0.003375466987782752,0.0028352772783169318,0.0038931499316342756,-4.959469654786552,-5.888401361230284,-4.0934040950868855
C,B,extratropics,0,ts,99,9,4000,0.0678933946063073,0.07157164356842383,0.0036782489621165204,0.0031942859287127506,0.004118446848298707,-5.417683094865922,-6.215329155871847,-4.633025822251404
C,B,extratropics,0,uo,99,9,4000,0.412122416012588,0.38613989312327984,-0.025982522889308135,-0.027316453581892157,-0.024613992135759995,6.3045643429680664,5.998628102036928,6.598656272537947
C,B,extratropics,0,vo,99,9,4000,0.4130786934727809,0.39853353607928943,-0.014545157393491492,-0.015889790985510587,-0.013156915258626504,3.5211589518717057,3.183572735635724,3.8477481649333245
C,B,extratropics,0,zos,99,9,4000,0.0,0.0,0.0,0.0,0.0,,,
C,B,extratropics,5,so,99,9,4000,0.06899376301608053,0.07249774963669509,0.0035039866206145603,0.0030783160684827032,0.0038690967062670356,-5.078700548334902,-5.702117180881822,-4.390826358138192
C,B,extratropics,5,sst,99,9,4000,0.025250236865870843,0.026559088955210454,0.0013088520893396113,0.0011668719123520675,0.0014608326144284801,-5.18352400530826,-5.815899925307419,-4.6086292102884805
C,B,extratropics,5,thetao,99,9,4000,0.06875419711683904,0.07155571028778583,0.00280151317094679,0.0022838708318413154,0.0032956379872350916,-4.07467949365472,-4.927197447965581,-3.25834182120158
C,B,extratropics,5,ts,99,9,4000,0.06887408422730658,0.07202827006521274,0.003154185837906165,0.0026915504529591836,0.003575470459931076,-4.579641055547601,-5.318420117202035,-3.8514645300346104
C,B,extratropics,5,uo,99,9,4000,0.4174647254143018,0.39695245806816676,-0.020512267346135038,-0.021283909200040474,-0.019676912082890283,4.913533071753107,4.741163142507373,5.068319443492179
C,B,extratropics,5,vo,99,9,4000,0.4348878808150537,0.4289823099914036,-0.005905570823650119,-0.0071242489666236905,-0.0047035897804597404,1.357952494004222,1.0850316912529994,1.635748353955318
C,B,extratropics,5,zos,99,9,4000,0.036702967732816255,0.036102934648400004,-0.0006000330844162516,-0.0008848036165158989,-0.00029087424920586064,1.6348353320752351,0.7979353126329294,2.3650381498893935
C,B,extratropics,10,so,99,9,4000,0.06963699089812699,0.07305290216165437,0.003415911263527388,0.0030133855308547564,0.0037658117383080865,-4.905311414912483,-5.488590684818887,-4.276481099964174
C,B,extratropics,10,sst,99,9,4000,0.03130968204629786,0.03241605472960883,0.0011063726833109716,0.000988084573982917,0.0012437265697377979,-3.5336439433494515,-3.9681524874476706,-3.1599978488160514
C,B,extratropics,10,thetao,99,9,4000,0.06968366390044053,0.07227151022250373,0.0025878463220632003,0.0020809971160975363,0.0030648803552136396,-3.713705877694018,-4.522466637056277,-2.9321727876300194
C,B,extratropics,10,ts,99,9,4000,0.0696603313081964,0.07266325654717691,0.0030029252389805056,0.002560118126151204,0.0034106689817655356,-4.310811020543004,-4.99461190403604,-3.628641240727337
C,B,extratropics,10,uo,99,9,4000,0.4317330681938456,0.41461550671059705,-0.017117561483248556,-0.017747470627522945,-0.016429049793326732,3.9648483621743003,3.8159839239075692,4.0992149836487854
C,B,extratropics,10,vo,99,9,4000,0.4743887442396548,0.46860200147118564,-0.0057867427684691886,-0.006881622267042019,-0.004823781150964186,1.219831380642078,1.0236392722263854,1.444907932671459
C,B,extratropics,10,zos,99,9,4000,0.040877691430266615,0.04048079808032611,-0.0003968933499405025,-0.0006732428962128787,-0.00012952001524800936,0.9709289738574545,0.3116545009260833,1.6573960418661289
C,B,extratropics,15,so,99,9,4000,0.0706493965236733,0.07385398834068618,0.0032045918170128807,0.002811784920578727,0.0035527767573818895,-4.535908266306388,-5.098279438125207,-3.932900177988922
C,B,extratropics,15,sst,99,9,4000,0.036875120905261786,0.037598140160286814,0.0007230192550250272,0.0006279456444037284,0.0008226370428496566,-1.9607237543236344,-2.2337753460950283,-1.7008482306678014
C,B,extratropics,15,thetao,99,9,4000,0.07097977739847569,0.07326015547874537,0.0022803780802696794,0.0017892978195076618,0.002736424320294546,-3.2127151758560624,-3.9510334326929164,-2.4785938961433582
C,B,extratropics,15,ts,99,9,4000,0.07081477963213748,0.07355767116554246,0.002742891533404984,0.0023196296584743594,0.0031376519481191465,-3.8733320186174813,-4.5118322149308625,-3.2398722554537582
C,B,extratropics,15,uo,99,9,4000,0.4492056797367466,0.4348085475901305,-0.014397132146616087,-0.015168623036827535,-0.01356262521635808,3.2050200600877154,3.0271018028379313,3.3744966443640823
C,B,extratropics,15,vo,99,9,4000,0.510375455228845,0.505480536446556,-0.004894918782288982,-0.0057289142545985435,-0.004035616499133995,0.9590819331415923,0.7950420858806193,1.116667834651473
C,B,extratropics,15,zos,99,9,4000,0.04564184925947785,0.0452871242427207,-0.00035472501675714446,-0.0005805321525018097,-0.00015599061783814344,0.7771924725058832,0.3376933232482891,1.2780561845959235
C,B,extratropics,20,so,99,9,4000,0.07156215452632378,0.07459880795968013,0.003036653433356351,0.002649952434903918,0.003403090174562848,-4.243378994744118,-4.812197735425744,-3.6599965491451467
C,B,extratropics,20,sst,99,9,4000,0.0409024138266816,0.04151811509507656,0.0006157012683949623,0.0005047812787946588,0.0007352516521481345,-1.505293235269467,-1.797421177806944,-1.2348115148158512
C,B,extratropics,20,thetao,99,9,4000,0.07228465646039862,0.07433478760388422,0.002050131143485595,0.0015741449251120147,0.0024893498540800372,-2.836191307914371,-3.525706011136079,-2.14081314402841
C,B,extratropics,20,ts,99,9,4000,0.07192431271846568,0.07446691479146897,0.002542602073003289,0.0021273761455636846,0.002935854328970787,-3.5351079167844635,-4.161374947705209,-2.9169263760279223
C,B,extratropics,20,uo,99,9,4000,0.4676329773800835,0.4558633062342092,-0.01176967114587435,-0.012701650479142916,-0.010756051498854257,2.5168608107610346,2.3038005580032728,2.720369158406151
C,B,extratropics,20,vo,99,9,4000,0.5424733721751589,0.5377013764515554,-0.004771995723603539,-0.005398632157894295,-0.004134873186668105,0.8796737256373088,0.7662010461958327,0.9904741805937383
C,B,extratropics,20,zos,99,9,4000,0.048678802171033785,0.04825072704335961,-0.00042807512767417677,-0.0006931096704809543,-0.0001887367896343087,0.8793871430322509,0.38738629299601224,1.4160385365035981
C,B,extratropics,25,so,99,9,4000,0.0726176695834928,0.07548648760073472,0.0028688180172419114,0.00250039360453472,0.003212909588372048,-3.9505784662277943,-4.458607541675244,-3.409717814168822
C,B,extratropics,25,sst,99,9,4000,0.044375093543577875,0.04482671855111737,0.00045162500753949397,0.00038014024446403615,0.0005159350521530786,-1.0177443504338468,-1.1629289646216368,-0.8555001430811073
C,B,extratropics,25,thetao,99,9,4000,0.07373249559062146,0.07554212915318993,0.001809633562568469,0.0013556408020601446,0.0022391567041184293,-2.4543229522786536,-3.0967986376615206,-1.81420951427989
C,B,extratropics,25,ts,99,9,4000,0.07317720560993823,0.07551431350178951,0.0023371078918512783,0.001936896092446659,0.0027095502402071704,-3.193764878518235,-3.766968264800933,-2.6199183859639525
C,B,extratropics,25,uo,99,9,4000,0.4842571415655907,0.47425902945822196,-0.009998112107368728,-0.010849238445735987,-0.009089647108108492,2.06462873733676,1.8751580584309242,2.2414463977331915
C,B,extratropics,25,vo,99,9,4000,0.5703829016110209,0.5653526121004355,-0.005030289510585373,-0.005817685734677983,-0.004173509626758215,0.8819144992561201,0.7357301461419045,1.0172785573874303
C,B,extratropics,25,zos,99,9,4000,0.051535397168742635,0.05125476310009377,-0.0002806340686488662,-0.00037228467432568726,-0.0001917342922031998,0.5445462421294289,0.3717188895144779,0.7228300421612
C,B,extratropics,30,so,99,9,4000,0.07366571967942037,0.07637478388681893,0.002709064207398554,0.002360101997609658,0.0030458594979945377,-3.677509999478601,-4.156464858813034,-3.1758487876124617
C,B,extratropics,30,sst,99,9,4000,0.04756443107509908,0.04802496655708862,0.0004605354819895435,0.0003827248610054084,0.0005340493072073171,-0.9682350268468642,-1.1251098072065722,-0.8022468554069838
C,B,extratropics,30,thetao,99,9,4000,0.07517982032093887,0.07678610109900727,0.001606280778068403,0.001162281156522589,0.0020138663853452735,-2.136585018707504,-2.7356851055059916,-1.5308135058267904
C,B,extratropics,30,ts,99,9,4000,0.0744266203699173,0.07658071864296276,0.0021540982730454544,0.0017750908640117278,0.0025139827939633353,-2.894257810362877,-3.4280593161755197,-2.357171357902112
C,B,extratropics,30,uo,99,9,4000,0.5007529195688278,0.49190207003943,-0.008850849529397853,-0.009644894962730109,-0.008094250503958015,1.767508322671163,1.6137183080633724,1.9246403270837076
C,B,extratropics,30,vo,99,9,4000,0.5966147362720662,0.591594783581406,-0.005019952690660134,-0.006081234773494074,-0.003962988756039001,0.8414060842726112,0.6647225754870033,1.0173267372372226
C,B,extratropics,30,zos,99,9,4000,0.054337212559352414,0.054258538520156725,-7.867403919568916e-05,-0.0002624898807358191,0.00013059997691488665,0.1447885077096145,-0.24027818584867552,0.4804919082866101
C,B,global,0,so,99,9,4000,0.06700578910324466,0.07141578902060636,0.004409999917361698,0.0040250764683757035,0.004747250363639904,-6.581520755716541,-7.204027895521895,-5.909345291230247
C,B,global,0,sst,99,9,4000,0.0,0.0,0.0,0.0,0.0,,,
C,B,global,0,thetao,99,9,4000,0.06299906257867757,0.06731628039925093,0.0043172178205733575,0.0038744976239574,0.004778762810322065,-6.852828667381705,-7.7917682452083845,-6.035857948567753
C,B,global,0,ts,99,9,4000,0.06503329016411759,0.06939631304408878,0.004363022879971187,0.003967499744808908,0.004745370436402853,-6.708906882860588,-7.444607140909659,-5.993921088367617
C,B,global,0,uo,99,9,4000,0.44016664560264807,0.42369641524169627,-0.0164702303609518,-0.017533114564474282,-0.015284110780243528,3.7418169971515702,3.4903672825741703,3.9609611384819785
C,B,global,0,vo,99,9,4000,0.4407884348592112,0.42708284724230455,-0.013705587616906656,-0.014678060558019745,-0.012625207818866885,3.109334667839969,2.8678728940784395,3.3266633495941007
C,B,global,0,zos,99,9,4000,0.0,0.0,0.0,0.0,0.0,,,
C,B,global,5,so,99,9,4000,0.06800732510067674,0.07194148039462668,0.0039341552939499425,0.0035759333577905987,0.004243076093088929,-5.784899329779392,-6.335303112817606,-5.17585293429485
C,B,global,5,sst,99,9,4000,0.02349819001443789,0.024742304885481247,0.0012441148710433565,0.0011326362284123017,0.0013602963857881065,-5.294513621172281,-5.815947617616235,-4.8131677771757
C,B,global,5,thetao,99,9,4000,0.06364381856897423,0.06734616639877761,0.0037023478298033735,0.0032734323650186687,0.0041535228526338,-5.817293671326373,-6.699600506754857,-5.046334113513973
C,B,global,5,ts,99,9,4000,0.06586171843107969,0.06968171471046868,0.0038199962793889902,0.003438327438403829,0.0041887557012277865,-5.800025220092597,-6.482542632656598,-5.135859325152321
C,B,global,5,uo,99,9,4000,0.44365634263974896,0.4318884504757184,-0.011767892164030569,-0.01251205554317445,-0.010968553993938637,2.6524791900892852,2.4882946836868682,2.801586530020613
C,B,global,5,vo,99,9,4000,0.45256849753173606,0.4474787132595579,-0.005089784272178155,-0.006029670238070399,-0.004062057427175185,1.124643959961269,0.8986259244353202,1.3294027933001678
C,B,global,5,zos,99,9,4000,0.030926686855312812,0.030478108158975246,-0.00044857869633756556,-0.0006714964700886433,-0.00021877170384028825,1.4504582997725946,0.7122781729145152,2.12648288757292
C,B,global,10,so,99,9,4000,0.06856661300246852,0.07234591363555146,0.0037793006330829326,0.0034269794065318435,0.00407300425851642,-5.511867172069396,-6.02945045903704,-4.935538379951542
C,B,global,10,sst,99,9,4000,0.02922712354871739,0.030297533784276597,0.001070410235559205,0.000984650674677247,0.0011694865506407018,-3.662386528646877,-4.003331052196726,-3.3692617610684166
C,B,global,10,thetao,99,9,4000,0.06449107219872514,0.06795949442388712,0.003468422225161971,0.0030445933651632546,0.003904802683271508,-5.378143217210352,-6.202452118794795,-4.646659847748583
C,B,global,10,ts,99,9,4000,0.06656004361466215,0.07018697921307418,0.003626935598412026,0.0032537744021270015,0.003979332780888234,-5.449118422171639,-6.0768181921522855,-4.813057627758677
C,B,global,10,uo,99,9,4000,0.45591470609728196,0.4456739708150301,-0.01024073528225189,-0.010710017315522357,-0.009740906482058411,2.2461954276304374,2.138126328943345,2.348788666260977
C,B,global,10,vo,99,9,4000,0.48016540735158386,0.47562458824025705,-0.00454081911132681,-0.0052497867270138165,-0.0037911600345831727,0.9456781021299099,0.7912004424007608,1.092730861945653
C,B,global,10,zos,99,9,4000,0.03477214513266844,0.03451435823934544,-0.0002577868933230018,-0.0004853911808216432,-3.994349494481279e-05,0.7413603398336521,0.11517813727132972,1.4094693141860413
C,B,global,15,so,99,9,4000,0.06946002540450669,0.0730205903262825,0.0035605649217758106,0.0032202867737619596,0.0038540540618680567,-5.126063373919809,-5.624290691513244,-4.5730273838300395
C,B,global,15,sst,99,9,4000,0.03433544242799463,0.035090791283598065,0.0007553488556034382,0.0006900779576480482,0.0008283125630222229,-2.1999100701483254,-2.409996827445166,-2.0134889575784998
C,B,global,15,thetao,99,9,4000,0.06570168247781555,0.06885716890257304,0.003155486424757492,0.0027539423487696387,0.0035739472063539518,-4.8027482794264165,-5.564498097054716,-4.131475061710082
C,B,global,15,ts,99,9,4000,0.0676069752673879,0.07096941707833114,0.003362441810943237,0.003010075365059176,0.003702052546643159,-4.973513158434706,-5.568785800384252,-4.38751990575774
C,B,global,15,uo,99,9,4000,0.4692948799365305,0.4605208366982543,-0.008774043238276241,-0.009139970118103927,-0.008411665292765406,1.8696226218071876,1.787213560246059,1.9517222335397706
C,B,global,15,vo,99,9,4000,0.5058654535212018,0.5018484161420464,-0.004017037379155375,-0.004652773516857664,-0.003377513077035252,0.7940920557420572,0.668074289402329,0.9169359852747624
C,B,global,15,zos,99,9,4000,0.039051929883683265,0.03888378974706716,-0.0001681401366161045,-0.00034500346073940147,-1.5331843957085138e-05,0.4305552558270809,0.039043666184132506,0.8879292912684663
C,B,global,20,so,99,9,4000,0.07027749191690522,0.07364039364293956,0.0033629017260343452,0.003022421154572004,0.003661052145229476,-4.785176070327868,-5.278874266356592,-4.2498940532635645
C,B,global,20,sst,99,9,4000,0.03807245290034428,0.038731880152312124,0.0006594272519678465,0.0005861198638402454,0.0007407221580780041,-1.7320324847309276,-1.9395389167023311,-1.54375682534703
C,B,global,20,thetao,99,9,4000,0.06692934867367407,0.06983658253280778,0.002907233859133704,0.0025208277769970316,0.003313814210229516,-4.34373547142739,-5.049646453285714,-3.7181093442087074
C,B,global,20,ts,99,9,4000,0.06862384273710162,0.07176369498482069,0.003139852247719066,0.002792406422221929,0.00347580642459347,-4.575453840071098,-5.146440154804916,-4.018034983479074
C,B,global,20,uo,99,9,4000,0.4832454030338671,0.4761638975340025,-0.007081505499864582,-0.00747504291274975,-0.006699769999778617,1.465405662507313,1.3811954142514327,1.5515366113358187
C,B,global,20,vo,99,9,4000,0.5309635380556391,0.5271139607665981,-0.0038495772890410063,-0.004323543746517877,-0.0034223104468114884,0.7250172588381454,0.6462108547257979,0.8123110887138235
C,B,global,20,zos,99,9,4000,0.04193936939197733,0.04175300544473566,-0.00018636394724166894,-0.0003868120128131352,-1.6518453151244034e-05,0.4443651631951262,0.03955164673053949,0.9126581942651896
C,B,global,25,so,99,9,4000,0.071230290758878,0.07441345070036526,0.003183159941487254,0.0028597084033793537,0.00345756060203585,-4.468829071978075,-4.914110017870215,-3.972439804311657
C,B,global,25,sst,99,9,4000,0.041231000230846034,0.04172361382705361,0.0004926135962075792,0.00043964628591593066,0.0005538513739492175,-1.1947650880393734,-1.3355982939394726,-1.071433230470519
C,B,global,25,thetao,99,9,4000,0.06830290742377602,0.0709725197647947,0.0026696123410186734,0.002301083917653154,0.0030589399214588876,-3.90849005073155,-4.554657287289061,-3.3242814085796173
C,B,global,25,ts,99,9,4000,0.06978195140627415,0.07271334199065488,0.0029313905843807303,0.0025978576205313757,0.003245760433836586,-4.200786199448658,-4.723491360433927,-3.6822134619555915
C,B,global,25,uo,99,9,4000,0.49637220840969,0.49049905674944777,-0.005873151660242215,-0.006329666384874177,-0.0054241453060803425,1.1832152487060044,1.0888684972163272,1.2733240398262362
C,B,global,25,vo,99,9,4000,0.5528022944068925,0.5490498945976423,-0.0037523998092502397,-0.004346966963951648,-0.0031656307775948522,0.6787959903958529,0.5743565931223306,0.7862012762388176
C,B,global,25,zos,99,9,4000,0.044445770708375264,0.044410506867470015,-3.5263840905248867e-05,-0.00010219267276784966,3.634441233041352e-05,0.07934127441872052,-0.08161225798701874,0.23068380023777532
C,B,global,30,so,99,9,4000,0.07222842980859699,0.07523487229357048,0.00300644248497349,0.0027008878048182454,0.0032676694421179915,-4.162408753645153,-4.574938352464091,-3.6978535566740276
C,B,global,30,sst,99,9,4000,0.044094636557736516,0.04461040367280638,0.0005157671150698637,0.00046556826507010635,0.0005685465224293809,-1.1696822002252638,-1.288947449430076,-1.0534814923175335
C,B,global,30,thetao,99,9,4000,0.0696864141020577,0.07215570613640394,0.002469292034346246,0.002106346104070922,0.0028431629142435877,-3.5434339191709574,-4.15115817928762,-2.9907320456342013
C,B,global,30,ts,99,9,4000,0.07096880435451514,0.07371136933022249,0.002742564975707351,0.0024200236068348197,0.0030431003369659065,-3.8644655220725355,-4.352834767342336,-3.3761684146619637
C,B,global,30,uo,99,9,4000,0.5091625527078498,0.5040308750181973,-0.005131677689652503,-0.005595296753435772,-0.004725860679359509,1.007866282066694,0.9255537740606588,1.1003734019927396
C,B,global,30,vo,99,9,4000,0.5740474114446769,0.5704203863211952,-0.0036270251234816753,-0.004264402932476386,-0.002988573747368076,0.6318337216004055,0.5217150235555975,0.743057894754326
C,B,global,30,zos,99,9,4000,0.04698238861579393,0.04712699400785035,0.0001446053920564211,7.667099605833221e-06,0.00029937443664768804,-0.3077863776551615,-0.6359217581438688,-0.016374494659953078
C,B,tropics,0,so,99,9,4000,0.06602846839125588,0.07115654531760883,0.005128076926352948,0.004756377114703864,0.0054746052071245775,-7.766463544127977,-8.380147552039828,-7.089695384141012
C,B,tropics,0,sst,99,9,4000,0.0,0.0,0.0,0.0,0.0,,,
C,B,tropics,0,thetao,99,9,4000,0.053910770513458196,0.060169692917709384,0.006258922404251188,0.005892658836600872,0.006634693604772653,-11.609781022678423,-12.474563930630259,-10.799459767461416
C,B,tropics,0,ts,99,9,4000,0.06027491109678151,0.06589251052793617,0.0056175994311546615,0.005311961339509215,0.005944580551020574,-9.319963030944445,-9.989153475928765,-8.675247344440404
C,B,tropics,0,uo,99,9,4000,0.4844723554598387,0.48089798988604854,-0.0035743655737901503,-0.004966773536081588,-0.0021599869982595566,0.7377852489431569,0.4470642707475256,1.0237978423290346
C,B,tropics,0,vo,99,9,4000,0.4852802715543244,0.47286565520331847,-0.012414616351005936,-0.013762230571921663,-0.011126573168561651,2.558236359216215,2.302405219513386,2.8191375694351057
C,B,tropics,0,zos,99,9,4000,0.0,0.0,0.0,0.0,0.0,,,
C,B,tropics,5,so,99,9,4000,0.0665682630007238,0.07122696965496711,0.004658706654243311,0.004332515288663713,0.004948297501115391,-6.9983899898254265,-7.522541817618919,-6.401343593623429
C,B,tropics,5,sst,99,9,4000,0.020103372648226224,0.021228631732426326,0.0011252590842001017,0.0010509525255125397,0.001211225773962416,-5.597364700392138,-6.065469847990344,-5.194941133290509
C,B,tropics,5,thetao,99,9,4000,0.05445513042512676,0.060009532916429374,0.005554402491302617,0.005177378341584584,0.005946291858319027,-10.199961781268074,-11.071944900066143,-9.397118429628824
C,B,tropics,5,ts,99,9,4000,0.06081403977927752,0.06585751759320121,0.005043477813923697,0.004750773421999939,0.005348312996744433,-8.293278710358386,-8.91456522625063,-7.6893589008157255
C,B,tropics,5,uo,99,9,4000,0.48562336400445355,0.48593070992057497,0.0003073459161214154,-0.0008470246435284837,0.001397339307544109,-0.06328894754714653,-0.29035037483179105,0.17320972852394134
C,B,tropics,5,vo,99,9,4000,0.4827895042315587,0.47906320347463643,-0.003726300756922263,-0.004658011629102178,-0.002788734366972746,0.7718272092209877,0.5794032108749796,0.9636234275851479
C,B,tropics,5,zos,99,9,4000,0.01671662642134549,0.016729438105037863,1.281168369237154e-05,-0.00021455594733071911,0.00024155240320667898,-0.07664036612082814,-1.4706904245848054,1.2594957275496794
C,B,tropics,10,so,99,9,4000,0.06698263804796209,0.07137403581045683,0.004391397762494739,0.00405217355906306,0.004689793237798909,-6.556023904806985,-7.071997558305162,-5.959602552452397
C,B,tropics,10,sst,99,9,4000,0.025213807587305584,0.02622378430823169,0.0010099767209261062,0.0009381226116789676,0.0010909502644231295,-4.00564935473926,-4.345279584469598,-3.706318943788068
C,B,tropics,10,thetao,99,9,4000,0.05514223956785588,0.0604216119681195,0.005279372400263618,0.004907400882816593,0.005657734479139405,-9.574098625006023,-10.387106874685413,-8.812983856800727
C,B,tropics,10,ts,99,9,4000,0.061348758685172707,0.06612497327295627,0.004776214587783566,0.004476967055479084,0.005080348525474374,-7.7853483756598285,-8.380044217347297,-7.196275216947523
C,B,tropics,10,uo,99,9,4000,0.49558163914615333,0.4950531808677332,-0.0005284582784201297,-0.0016439988663308534,0.0004953022790274476,0.10663395022677546,-0.1002698674359363,0.3306983726663895
C,B,tropics,10,vo,99,9,4000,0.4924341003553911,0.48999723289657127,-0.0024368674588198247,-0.0038981027688617482,-0.0013520123314148629,0.49486163875758216,0.2743788017379883,0.7907587374094075
C,B,tropics,10,zos,99,9,4000,0.020214656841615063,0.020390642050048154,0.00017598520843309026,-7.21819148829005e-05,0.00042167216534541894,-0.8705822206726666,-2.114625317329777,0.35707882529271695
C,B,tropics,15,so,99,9,4000,0.06766742463849126,0.07182825039841403,0.0041608257599227705,0.0038110109147523035,0.00447469215214728,-6.148934708468223,-6.688521988595085,-5.550179620514955
C,B,tropics,15,sst,99,9,4000,0.02941931970093318,0.030257282846090694,0.0008379631451575151,0.000777763044700886,0.0009032791248952888,-2.848343040138124,-3.084472410083048,-2.6269000860597087
C,B,tropics,15,thetao,99,9,4000,0.05618854608870842,0.06114038253057988,0.004951836441871457,0.00457833635626618,0.005343373708359016,-8.81289299433674,-9.605260650888363,-8.072118733126224
C,B,tropics,15,ts,99,9,4000,0.06219338014921205,0.06669874036023056,0.004505360211018508,0.004200588557515172,0.00481870750970792,-7.244115370815063,-7.836481542427635,-6.657369333666247
C,B,tropics,15,uo,99,9,4000,0.503441119862314,0.5028499062069175,-0.0005912136553964942,-0.0013970777145567714,0.00017521203813279933,0.11743451857054721,-0.0349782739757273,0.2762706038725052
C,B,tropics,15,vo,99,9,4000,0.5016099497765772,0.4991756714011711,-0.0024342783754061625,-0.0038405862734716494,-0.0013616243906809738,0.48529308010943906,0.27255516729512136,0.7633178761044024
C,B,tropics,15,zos,99,9,4000,0.023617611552377238,0.024039064306355523,0.0004214527539782853,0.0003410732952109744,0.0004918486248244162,-1.7844850781952415,-2.086747860516102,-1.4466326598387567
C,B,tropics,20,so,99,9,4000,0.06831618661158821,0.07222915087723907,0.003912964265650853,0.0035539616932181205,0.004236899047621584,-5.727726414089851,-6.266258998496639,-5.126735752916145
C,B,tropics,20,sst,99,9,4000,0.03259112295610653,0.033356493900794565,0.0007653709446880375,0.0006483376364050622,0.0008767304850780993,-2.3484031087815938,-2.696141315775331,-1.9949082162387397
C,B,tropics,20,thetao,99,9,4000,0.05727297589204612,0.06193658793832546,0.004663612046279339,0.00430136847225632,0.005044500951889214,-8.142779336400796,-8.889338224616946,-7.436613288474584
C,B,tropics,20,ts,99,9,4000,0.06303687460796355,0.06727997904982164,0.004243104441858089,0.00393894932448396,0.0045561281740548075,-6.731146599901461,-7.2968580969200385,-6.1650629226362
C,B,tropics,20,uo,99,9,4000,0.5110615686408164,0.5110193133874672,-4.225525334922153e-05,-0.0009133109966345365,0.0007184449769420953,0.008268133614819373,-0.1404878407939659,0.17838833329247786
C,B,tropics,20,vo,99,9,4000,0.5149950698732985,0.5128357868031055,-0.0021592830701929744,-0.003322899516272254,-0.0010199982411670276,0.41928227987195754,0.19913922262233721,0.6413269685928564
C,B,tropics,20,zos,99,9,4000,0.026467108152416045,0.027014617686820196,0.000547509534404151,0.00043357660515609095,0.0006742139506006682,-2.068641316048625,-2.5982651129828342,-1.6131252187263951
C,B,tropics,25,so,99,9,4000,0.06908798516455228,0.07280096725870519,0.0037129820941529112,0.003346207435142818,0.004044305611561672,-5.374280470489068,-5.909395687541156,-4.7793883137180195
C,B,tropics,25,sst,99,9,4000,0.0351217535696148,0.035712817052894454,0.0005910634832796552,0.0004563200526572395,0.0007364482682654302,-1.682898554903045,-2.087566589183531,-1.3069629552424764
C,B,tropics,25,thetao,99,9,4000,0.058510620373669324,0.06293783699046551,0.004427216616796188,0.004065717258739998,0.0048088920096967585,-7.5665179902767,-8.277846259832243,-6.884554785638312
C,B,tropics,25,ts,99,9,4000,0.0640181317698706,0.06804833634572365,0.004030204575853041,0.0037204168932862894,0.004343337597884077,-6.295411103748916,-6.854066895630981,-5.733040892617106
C,B,tropics,25,uo,99,9,4000,0.5191448647556762,0.5196242488181053,0.00047938406242908904,-7.382710849243576e-05,0.0010676942153375502,-0.09234109686411252,-0.20562584048906912,0.014324648866789618
C,B,tropics,25,vo,99,9,4000,0.5263967091455369,0.524990664180953,-0.0014060449645839634,-0.002341029983370982,-0.0005195794683320709,0.26710747619723696,0.09921818053130974,0.44095697001533873
C,B,tropics,25,zos,99,9,4000,0.028215836397570207,0.028940665102387565,0.0007248287048173575,0.0005542168611937308,0.0008475250284540355,-2.5688719434160623,-2.9825528334826084,-1.9856186740321384
C,B,tropics,30,so,99,9,4000,0.06999827637686239,0.07350540764869662,0.0035071312718342323,0.0031394403890891848,0.003832633328870216,-5.010310901017423,-5.524807661273441,-4.424832802028935
C,B,tropics,30,sst,99,9,4000,0.037325052079924044,0.03797244843470721,0.0006473963547831627,0.0005318844747334882,0.0007959991606205959,-1.7344821204720473,-2.1299230822982684,-1.4318730136530355
C,B,tropics,30,thetao,99,9,4000,0.05978118059527559,0.06400925178864698,0.004228071193371395,0.003866979750530031,0.004604527954614078,-7.072578947538433,-7.770120445234005,-6.402591276900986
C,B,tropics,30,ts,99,9,4000,0.065090507176917,0.06892107539839848,0.0038305682214814785,0.0035204475410745735,0.004141271076242646,-5.884987516028928,-6.426101587736384,-5.339351565818119
C,B,tropics,30,uo,99,9,4000,0.5263855158361851,0.5271080213924211,0.0007225055562359861,2.0077210284549794e-05,0.0012763846783048816,-0.13725787174980741,-0.24331499897168754,-0.003806523883845511
C,B,tropics,30,vo,99,9,4000,0.538888682910385,0.5378397230699772,-0.0010489598404078704,-0.002069451677152864,-0.0002579360359380303,0.19465241592061533,0.047558988838174214,0.3830076800727711
C,B,tropics,30,zos,99,9,4000,0.03026373068983169,0.031110983604908233,0.000847252915076542,0.0006426878778935559,0.0010354739823757477,-2.7995653403075416,-3.435912441373764,-2.1214343527356894
C,D,extratropics,0,so,99,9,4000,0.06772532688875063,0.06499396383622844,-0.0027313630525221955,-0.003056316065808384,-0.002411568854161522,4.033000914132002,3.5089646210599574,4.5541359126113425
C,D,extratropics,0,sst,99,9,4000,0.0,0.0,0.0,0.0,0.0,,,
C,D,extratropics,0,thetao,99,9,4000,0.06806104730422091,0.06688609647299677,-0.0011749508312241391,-0.0015520823041892326,-0.0007524277888595408,1.726319058788961,1.1090270996361762,2.2939932011291173
C,D,extratropics,0,ts,99,9,4000,0.0678933946063073,0.06594681658935479,-0.0019465780169525132,-0.002263496868101104,-0.001622428684558665,2.867109574120008,2.3592319609152366,3.357257809641552
C,D,extratropics,0,uo,99,9,4000,0.412122416012588,0.36129700273732784,-0.050825413275260134,-0.05261706383747439,-0.04916933089268653,12.332601018651633,11.985620805227365,12.704784607961965
C,D,extratropics,0,vo,99,9,4000,0.4130786934727809,0.373811852212306,-0.039266841260474916,-0.04035791204733882,-0.03816315551055675,9.505898483980346,9.25295151118673,9.762066966956668
C,D,extratropics,0,zos,99,9,4000,0.0,0.0,0.0,0.0,0.0,,,
C,D,extratropics,5,so,99,9,4000,0.06899376301608053,0.06622511646898624,-0.002768646547094286,-0.003086571554307943,-0.00245342992513687,4.012893957456698,3.5052496214096527,4.508367849100586
C,D,extratropics,5,sst,99,9,4000,0.025250236865870843,0.02622105906802732,0.0009708222021564787,0.0008358080356321533,0.0011177118319055492,-3.8448043371374307,-4.447341781008182,-3.3073048435964787
C,D,extratropics,5,thetao,99,9,4000,0.06875419711683904,0.06734721240533166,-0.0014069847115073808,-0.0017713744134191674,-0.0009918674394310974,2.0463982862259145,1.441464275834583,2.6007689479049483
C,D,extratropics,5,ts,99,9,4000,0.06887408422730658,0.06678852098264956,-0.0020855632446570155,-0.0023984163988790943,-0.0017540654474542377,3.0280812704151394,2.5231842090663874,3.5062620199826227
C,D,extratropics,5,uo,99,9,4000,0.4174647254143018,0.3812855455706871,-0.036179179843614684,-0.037650975419261545,-0.034836829754200556,8.666404043529575,8.40235534548441,8.945847186266624
C,D,extratropics,5,vo,99,9,4000,0.4348878808150537,0.41401651966057346,-0.02087136115448024,-0.022005478375370705,-0.019806327606885443,4.7992510426742125,4.577108164184909,5.033628641130453
C,D,extratropics,5,zos,99,9,4000,0.036702967732816255,0.03606310195381301,-0.0006398657790032472,-0.0009917810843573498,-0.00030006295574842385,1.7433625086157312,0.8289086157606825,2.6468792304979196
C,D,extratropics,10,so,99,9,4000,0.06963699089812699,0.06708262307721159,-0.002554367820915393,-0.002860540622224149,-0.0022447118399948744,3.668119182019536,3.180064142532017,4.134005784048593
C,D,extratropics,10,sst,99,9,4000,0.03130968204629786,0.03216472256073117,0.0008550405144333098,0.0007373983365109694,0.0009556494308107117,-2.730914076894675,-3.04601798836568,-2.3713907754319474
C,D,extratropics,10,thetao,99,9,4000,0.06968366390044053,0.06826531105176069,-0.0014183528486798463,-0.0017796520595045149,-0.0010111849103171219,2.035416580141791,1.4514386121115732,2.5741108714965466
C,D,extratropics,10,ts,99,9,4000,0.0696603313081964,0.06767655063577367,-0.001983780672422733,-0.0022909116052062498,-0.0016554574597169025,2.8477910385552807,2.3519852489497572,3.311779531879927
C,D,extratropics,10,uo,99,9,4000,0.4317330681938456,0.4047783217162645,-0.026954746477581115,-0.028003903387058215,-0.026004471919190725,6.243382419221732,6.072091963438812,6.439644611814828
C,D,extratropics,10,vo,99,9,4000,0.4743887442396548,0.4592781026527172,-0.015110641586937645,-0.016236065209644233,-0.01397094796034139,3.185286702187007,2.9673063785434546,3.400130629493484
C,D,extratropics,10,zos,99,9,4000,0.040877691430266615,0.040303447036973944,-0.0005742443932926708,-0.0007619516729057311,-0.0003744829154321583,1.4047867509158984,0.9100080554813463,1.8788387024834552
C,D,extratropics,15,so,99,9,4000,0.0706493965236733,0.06820068057984839,-0.002448715943824911,-0.002737691076439161,-0.0021471758258052504,3.466011125805435,3.0001824570228357,3.912712862915705
C,D,extratropics,15,sst,99,9,4000,0.036875120905261786,0.0374173786258738,0.0005422577206120119,0.0004845481425902288,0.0005991591147825876,-1.4705245902926212,-1.628253058713889,-1.312109152938089
C,D,extratropics,15,thetao,99,9,4000,0.07097977739847569,0.06947991221561364,-0.001499865182862048,-0.0018506479753182905,-0.0011052135487443742,2.11308803413387,1.5531446456487958,2.623969883511581
C,D,extratropics,15,ts,99,9,4000,0.07081477963213748,0.06884326776469822,-0.0019715118674392546,-0.002270790082688497,-0.0016500274192167014,2.7840401081253074,2.308422428993154,3.233263876171659
C,D,extratropics,15,uo,99,9,4000,0.4492056797367466,0.4280254584107849,-0.0211802213259617,-0.021925649626491246,-0.020415278256039955,4.715038629603752,4.572979488397983,4.862198803204408
C,D,extratropics,15,vo,99,9,4000,0.510375455228845,0.4983062610687921,-0.012069194160052865,-0.01310091855566027,-0.011061020195975223,2.364767748214147,2.179437728358114,2.557062962710211
C,D,extratropics,15,zos,99,9,4000,0.04564184925947785,0.04523742037005033,-0.0004044288894275161,-0.0005898739694103312,-0.00022710520588274178,0.8860922508382663,0.49851173254858544,1.2962097625300473
C,D,extratropics,20,so,99,9,4000,0.07156215452632378,0.0691953364667891,-0.0023668180595346755,-0.0026601099048409443,-0.0020651252044087266,3.307359979867641,2.8451501167550606,3.7498109077088686
C,D,extratropics,20,sst,99,9,4000,0.0409024138266816,0.04120639910898649,0.0003039852823048944,0.00022250584705476393,0.0003902350612647619,-0.7431964372395905,-0.9534356433849102,-0.5415449340606113
C,D,extratropics,20,thetao,99,9,4000,0.07228465646039862,0.0707282632838764,-0.0015563931765222305,-0.001891342690401577,-0.0011783750260590975,2.1531445990545794,1.6264516768425867,2.6253900425969325
C,D,extratropics,20,ts,99,9,4000,0.07192431271846568,0.06996599822737284,-0.0019583144910928357,-0.0022568815437381687,-0.001632666725294006,2.722743418846829,2.257757033908263,3.1624110369020215
C,D,extratropics,20,uo,99,9,4000,0.4676329773800835,0.4506489088691734,-0.01698406851091011,-0.017721351046669775,-0.01614399505903609,3.6319227540502874,3.463332838247366,3.786161499088626
C,D,extratropics,20,vo,99,9,4000,0.5424733721751589,0.5323483871551659,-0.010124985019993038,-0.01094313442612182,-0.009364158306477197,1.8664482976177843,1.7328730438294981,2.0104694716556635
C,D,extratropics,20,zos,99,9,4000,0.048678802171033785,0.048171875675730114,-0.0005069264953036709,-0.0007112009896834018,-0.00029826252565074357,1.041370109154649,0.61125606192411,1.449052193274459
C,D,extratropics,25,so,99,9,4000,0.0726176695834928,0.07033204239508155,-0.0022856271884112572,-0.002578982478434895,-0.0019636088672957937,3.1474807736474375,2.669430751540992,3.586308813019499
C,D,extratropics,25,sst,99,9,4000,0.044375093543577875,0.04455978908369466,0.00018469554011678324,8.292061770145964e-05,0.00028632387432779246,-0.41621442428150246,-0.6452240436307084,-0.18745181774679792
C,D,extratropics,25,thetao,99,9,4000,0.07373249559062146,0.0721239942610952,-0.0016085013295262657,-0.001924224208168129,-0.0012523261199386914,2.1815365350672633,1.6854718662443424,2.6236118883169857
C,D,extratropics,25,ts,99,9,4000,0.07317720560993823,0.07123365333758347,-0.001943552272354765,-0.0022310555919212213,-0.0016301161386103541,2.6559531156663985,2.200210660797615,3.069900122056412
C,D,extratropics,25,uo,99,9,4000,0.4842571415655907,0.47010498939991735,-0.014152152165673337,-0.014850236103869482,-0.013370726673935874,2.9224457320174535,2.7590735156983057,3.0587445685951953
C,D,extratropics,25,vo,99,9,4000,0.5703829016110209,0.5611442591973715,-0.009238642413649356,-0.010433169508021894,-0.008075193127295011,1.6197263956467145,1.4136580421033527,1.828029650936186
C,D,extratropics,25,zos,99,9,4000,0.051535397168742635,0.05107774034917574,-0.00045765681956689425,-0.0005790917472449015,-0.0003404528714401755,0.8880436451637053,0.661869549282483,1.125393239222939
C,D,extratropics,30,so,99,9,4000,0.07366571967942037,0.07143490515017219,-0.0022308145292481846,-0.002510677132647396,-0.001906576496584332,3.028293945890004,2.550449068982962,3.448638966681132
C,D,extratropics,30,sst,99,9,4000,0.04756443107509908,0.04766814463987662,0.00010371356477754251,2.8204789271371255e-05,0.0001862194976011006,-0.21804857628549001,-0.39023414336550616,-0.0592851715880044
C,D,extratropics,30,thetao,99,9,4000,0.07517982032093887,0.07352913449051131,-0.001650685830427559,-0.0019542970263412224,-0.0013070841151459878,2.1956501403978645,1.721733133752402,2.606935453217587
C,D,extratropics,30,ts,99,9,4000,0.0744266203699173,0.07248958301969254,-0.0019370373502247684,-0.002214325229375577,-0.0016234014948402666,2.6026136086755636,2.1601673781520705,2.999028201569936
C,D,extratropics,30,uo,99,9,4000,0.5007529195688278,0.4883400960260313,-0.012412823542796547,-0.012935702479741285,-0.011892621682195518,2.4788319863386032,2.3657883056717766,2.581923835559599
C,D,extratropics,30,vo,99,9,4000,0.5966147362720662,0.5880224754648159,-0.008592260807250285,-0.010103032578348495,-0.0071691105801634375,1.4401690546463564,1.2051629514855602,1.6933832371902238
C,D,extratropics,30,zos,99,9,4000,0.054337212559352414,0.05410255017144248,-0.00023466238790993688,-0.00036915022716477815,-0.00010838695221638806,0.4318631318336652,0.1986045492241051,0.6791251701155939
C,D,global,0,so,99,9,4000,0.06700578910324466,0.06442799428134449,-0.0025777948219001673,-0.0027964123453654314,-0.0023882726204189353,3.847122549259463,3.532518596108758,4.190662100251824
C,D,global,0,sst,99,9,4000,0.0,0.0,0.0,0.0,0.0,,,
C,D,global,0,thetao,99,9,4000,0.06299906257867757,0.06164497541688465,-0.0013540871617929232,-0.0016907598680514072,-0.00101131295708641,2.1493766833464267,1.6161921689794319,2.685098131154463
C,D,global,0,ts,99,9,4000,0.06503329016411759,0.06305184153244561,-0.0019814486316719754,-0.002234212887643216,-0.0017308781327958953,3.0468220609346397,2.659339729528569,3.43886372597595
C,D,global,0,uo,99,9,4000,0.44016664560264807,0.39360827924486463,-0.04655836635778343,-0.04815563771706877,-0.044950043464452805,10.577440799504167,10.266641329043487,10.882712087843615
C,D,global,0,vo,99,9,4000,0.4407884348592112,0.39829576471297323,-0.042492670146237976,-0.043459636645361864,-0.041613998621336246,9.640150871882614,9.46002498626412,9.832091000191078
C,D,global,0,zos,99,9,4000,0.0,0.0,0.0,0.0,0.0,,,
C,D,global,5,so,99,9,4000,0.06800732510067674,0.06546870103695229,-0.0025386240637244456,-0.002765094066897497,-0.0023288061897707227,3.732868569622927,3.4018041321376415,4.082257096713263
C,D,global,5,sst,99,9,4000,0.02349819001443789,0.024521685400170794,0.0010234953857329032,0.0009253979377618039,0.0011197310898652013,-4.3556349876481715,-4.77363563458438,-3.950526535642688
C,D,global,5,thetao,99,9,4000,0.06364381856897423,0.062101667585917605,-0.0015421509830566282,-0.0018772311971455798,-0.0011936045057434463,2.423096253071799,1.8890453674364192,2.949533114230664
C,D,global,5,ts,99,9,4000,0.06586171843107969,0.06380739742544604,-0.002054321005633644,-0.002311792925505835,-0.001792707793466035,3.119142735067515,2.7161996643922706,3.5164453580845834
C,D,global,5,uo,99,9,4000,0.44365634263974896,0.41006937684475375,-0.033586965794995205,-0.03507155411858448,-0.032190173581588405,7.570491519438949,7.304872290778149,7.8373897158410815
C,D,global,5,vo,99,9,4000,0.45256849753173606,0.4281042214999286,-0.024464276031807453,-0.02540524637478145,-0.023578120580400746,5.405651556666713,5.2275160157656595,5.593858553298753
C,D,global,5,zos,99,9,4000,0.030926686855312812,0.030439958002453762,-0.0004867288528590495,-0.0007599763177098984,-0.00023502166490860457,1.5738150521462546,0.7705857482297308,2.4053588924349527
C,D,global,10,so,99,9,4000,0.06856661300246852,0.06621787073478302,-0.0023487422676854997,-0.002569135140526475,-0.0021446752961397455,3.4254897024021624,3.1079807321350077,3.7600109106045307
C,D,global,10,sst,99,9,4000,0.02922712354871739,0.030112425279284663,0.0008853017305672714,0.0007835871697233032,0.0009649538201790714,-3.0290415992925146,-3.2960939680632673,-2.6891608052807596
C,D,global,10,thetao,99,9,4000,0.06449107219872514,0.0629650307322486,-0.0015260414664765437,-0.0018502164546458475,-0.001187097436067545,2.366283292320126,1.8538863158704777,2.868530505982091
C,D,global,10,ts,99,9,4000,0.06656004361466215,0.06461192420815776,-0.0019481194065043977,-0.002199175851708166,-0.001691118215708959,2.9268601712202913,2.5393670136810274,3.306291255027337
C,D,global,10,uo,99,9,4000,0.45591470609728196,0.4292433582946423,-0.02667134780263969,-0.027589144014178557,-0.025728323867179284,5.850074026115893,5.672530383698585,6.013968572378791
C,D,global,10,vo,99,9,4000,0.48016540735158386,0.46113888599673103,-0.019026521354852832,-0.01984856509286469,-0.01821977928310183,3.9624931458090984,3.8077529997867603,4.12453674779554
C,D,global,10,zos,99,9,4000,0.03477214513266844,0.03438071571902389,-0.0003914294136445548,-0.0005792469708482894,-0.00021191533500611957,1.125698205132608,0.6106510575497127,1.6757705438212291
C,D,global,15,so,99,9,4000,0.06946002540450669,0.06724840388887521,-0.002211621515631479,-0.002429443432903226,-0.002011772201998609,3.184020597101578,2.8809965241377826,3.512612398640255
C,D,global,15,sst,99,9,4000,0.03433544242799463,0.03498585001304716,0.0006504075850525329,0.000604610240520366,0.0006928507204865704,-1.8942746592431892,-2.0114628660962426,-1.7658732007559583
C,D,global,15,thetao,99,9,4000,0.06570168247781555,0.06413617311980763,-0.0015655093580079216,-0.0018805898072933459,-0.0012341417348891409,2.3827538336427256,1.8896907468394526,2.861860322892608
C,D,global,15,ts,99,9,4000,0.0676069752673879,0.06571071650825004,-0.0018962587591378616,-0.002143275539303953,-0.0016436653621185507,2.8048270931188557,2.429061122550174,3.171636743726706
C,D,global,15,uo,99,9,4000,0.4692948799365305,0.44704809047392824,-0.02224678946260228,-0.02280754712974059,-0.021673744940561186,4.740471378168676,4.640304716776503,4.837712858914685
C,D,global,15,vo,99,9,4000,0.5058654535212018,0.48999349353774446,-0.015871959983457362,-0.016643385049193722,-0.015206037764191955,3.1375852754871203,3.0091882757784365,3.2864615746972543
C,D,global,15,zos,99,9,4000,0.039051929883683265,0.03890551664080862,-0.00014641324287464202,-0.00028634138709788257,-5.340161751861064e-06,0.37491935305306034,0.013761754691856917,0.7312590585454067
C,D,global,20,so,99,9,4000,0.07027749191690522,0.06815665303009971,-0.002120838886805504,-0.0023476185238537157,-0.0019051611047088512,3.0178067386257057,2.700358219098717,3.358623330249376
C,D,global,20,sst,99,9,4000,0.03807245290034428,0.03849509432559797,0.00042264142525369475,0.0003588486784364688,0.00048654690066330666,-1.110097703344648,-1.2763141912599498,-0.9454052925745305
C,D,global,20,thetao,99,9,4000,0.06692934867367407,0.06534557548035054,-0.0015837731933235344,-0.001884937406855202,-0.0012704691135498598,2.3663358821038316,1.9078790456804027,2.813639492608695
C,D,global,20,ts,99,9,4000,0.06862384273710162,0.0667659104151347,-0.001857932321966918,-0.0021056123362433077,-0.0016077465527082207,2.707415160478066,2.339925509605792,3.071789994878758
C,D,global,20,uo,99,9,4000,0.4832454030338671,0.46433445528668166,-0.018910947747185436,-0.019500462067902093,-0.0182610036797331,3.9133218088491795,3.794255979304903,4.022089938592196
C,D,global,20,vo,99,9,4000,0.5309635380556391,0.517111191499494,-0.01385234655614509,-0.014471639480787366,-0.013306680409756248,2.6089073096943083,2.5093606471730796,2.7212137654016684
C,D,global,20,zos,99,9,4000,0.04193936939197733,0.041819322112945714,-0.00012004727903161538,-0.00029762134466996496,4.821545420931368e-05,0.28624006696338355,-0.11542210522371973,0.7005000226109757
C,D,global,25,so,99,9,4000,0.071230290758878,0.06920595397729858,-0.0020243367815794278,-0.002251098693553399,-0.0018063860369639468,2.8419605760588884,2.5191561149692063,3.180013573616073
C,D,global,25,sst,99,9,4000,0.041231000230846034,0.041537135920564634,0.0003061356897186007,0.00024535116652747225,0.0003720364439689256,-0.7424891174228065,-0.8989758196743581,-0.5962590536142035
C,D,global,25,thetao,99,9,4000,0.06830290742377602,0.06669383241716553,-0.0016090750066104914,-0.0019001291012269417,-0.0013069504794990527,2.355792845869953,1.9257158370313965,2.780897384664783
C,D,global,25,ts,99,9,4000,0.06978195140627415,0.06796150141218527,-0.0018204499940888824,-0.002059155624348433,-0.0015715061389081002,2.608769112073306,2.248542982387732,2.957317996948048
C,D,global,25,uo,99,9,4000,0.49637220840969,0.47971732686326635,-0.01665488154642364,-0.017355699472088874,-0.015960066669458654,3.3553211207741906,3.2265080364839673,3.4874218913099115
C,D,global,25,vo,99,9,4000,0.5528022944068925,0.5403838791585835,-0.012418415248309,-0.013241069555758203,-0.011684463406122586,2.246447848345645,2.110703138928172,2.3964950542118717
C,D,global,25,zos,99,9,4000,0.044445770708375264,0.044450319466995535,4.548758620270821e-06,-9.366908878621783e-05,0.00012173382226244523,-0.010234401491460154,-0.2745588774996586,0.20953994937521356
C,D,global,30,so,99,9,4000,0.07222842980859699,0.0702655195040007,-0.001962910304596291,-0.00218059959235226,-0.0017457997823557986,2.7176422217649487,2.402153808466769,3.0420277874011905
C,D,global,30,sst,99,9,4000,0.044094636557736516,0.04433889479378237,0.00024425823604585367,0.00019362340273288963,0.0003002405140192786,-0.5539409214225577,-0.677817353653101,-0.44176091885850055
C,D,global,30,thetao,99,9,4000,0.0696864141020577,0.06806949367049825,-0.0016169204315594488,-0.001900344948401305,-0.0013229963912870873,2.3202807209902088,1.9053204323223796,2.7212119659590077
C,D,global,30,ts,99,9,4000,0.07096880435451514,0.06917622134709692,-0.0017925830074182192,-0.0020236258128635545,-0.0015485792799994251,2.5258746060643933,2.179361129144434,2.861969858508775
C,D,global,30,uo,99,9,4000,0.5091625527078498,0.49418496910146276,-0.014977583606387068,-0.015490674268387357,-0.014398963227997854,2.941611382599263,2.8436146918108087,3.0257401539789597
C,D,global,30,vo,99,9,4000,0.5740474114446769,0.5627010416960195,-0.011346369748657326,-0.012371269655169687,-0.010436088677299935,1.9765562081540455,1.815007320724951,2.15494297550969
C,D,global,30,zos,99,9,4000,0.04698238861579393,0.04725458735470433,0.0002721987389103994,0.0001759032479943322,0.00035798266161420533,-0.5793633464155068,-0.7628699650773442,-0.37290874849274463
C,D,tropics,0,so,99,9,4000,0.06602846839125588,0.06371282115897661,-0.0023156472322792693,-0.0025401403440140436,-0.0020625613665477133,3.5070436869105492,3.1525059431095537,3.8317288619668313
C,D,tropics,0,sst,99,9,4000,0.0,0.0,0.0,0.0,0.0,,,
C,D,tropics,0,thetao,99,9,4000,0.053910770513458196,0.052176525618264386,-0.0017342448951938108,-0.0020921662017662672,-0.0014057828128420055,3.2168801867910157,2.6507929795077505,3.841809336792003
C,D,tropics,0,ts,99,9,4000,0.06027491109678151,0.05823106304039593,-0.0020438480563855776,-0.0022785079880955367,-0.001796384411136486,3.3908769323671595,3.011121825389969,3.7378051939110004
C,D,tropics,0,uo,99,9,4000,0.4844723554598387,0.4432242033234649,-0.041248152136373784,-0.04300723215524327,-0.03933704580995721,8.514036285356873,8.14188924328911,8.864195817298015
C,D,tropics,0,vo,99,9,4000,0.4852802715543244,0.4379299591049212,-0.04735031244940319,-0.04875901879114014,-0.046348435232855326,9.757312469708046,9.587398551930386,9.975234549940545
C,D,tropics,0,zos,99,9,4000,0.0,0.0,0.0,0.0,0.0,,,
C,D,tropics,5,so,99,9,4000,0.0665682630007238,0.06442372195160674,-0.0021445410491170575,-0.002344212041006088,-0.0019245173722699546,3.221566783399077,2.923833621269714,3.505335935655994
C,D,tropics,5,sst,99,9,4000,0.020103372648226224,0.021257239624625075,0.0011538669763988506,0.0010094118131460472,0.0013433767659671544,-5.739668644607554,-6.683907262107367,-5.010020934413046
C,D,tropics,5,thetao,99,9,4000,0.05445513042512676,0.05262579343797199,-0.0018293369871547685,-0.002209231842205192,-0.0014837221054608205,3.3593473615310177,2.771842398579183,4.0109565750252685
C,D,tropics,5,ts,99,9,4000,0.06081403977927752,0.05882129752510574,-0.0019927422541717796,-0.0022347784709481717,-0.0017415115629252661,3.276779936679708,2.904989153886944,3.634716259635435
C,D,tropics,5,uo,99,9,4000,0.48562336400445355,0.4554730737952646,-0.030150290209188968,-0.032164149201949536,-0.02819792613813149,6.20857488415909,5.8563085246842705,6.573343712682568
C,D,tropics,5,vo,99,9,4000,0.4827895042315587,0.4529979795449869,-0.029791524686571813,-0.03065188234988036,-0.02902524007266748,6.170706783278169,6.023293145766932,6.336062990996606
C,D,tropics,5,zos,99,9,4000,0.01671662642134549,0.016688444442038205,-2.8181979307286692e-05,-0.00027700830722321435,0.00020977427621495914,0.16858652336275703,-1.2753982551826641,1.6392951483197227
C,D,tropics,10,so,99,9,4000,0.06698263804796209,0.0649882382323766,-0.001994399815585496,-0.0021674431762207834,-0.0018058414374754934,2.977487709811355,2.736767301180512,3.212708385557267
C,D,tropics,10,sst,99,9,4000,0.025213807587305584,0.026177363559825133,0.0009635559725195489,0.0008523090878974853,0.001102789631861391,-3.821540912387511,-4.3927225343867,-3.3743945030775095
C,D,tropics,10,thetao,99,9,4000,0.05514223956785588,0.05338887193506122,-0.0017533676327946626,-0.002118570910819675,-0.0014206146898454728,3.1797178470363674,2.6091560095927,3.79881939646807
C,D,tropics,10,ts,99,9,4000,0.061348758685172707,0.059472021804569994,-0.0018767368806027127,-0.002105912508742032,-0.001641457982106448,3.0591277163955044,2.713025500411213,3.395216326085351
C,D,tropics,10,uo,99,9,4000,0.49558163914615333,0.46932360616586966,-0.026258032980283674,-0.02762015869300786,-0.024785509485100044,5.298427323805644,5.033870982509749,5.521320786239188
C,D,tropics,10,vo,99,9,4000,0.4924341003553911,0.4672943390947479,-0.025139761260643212,-0.02569022366993387,-0.02452341774711191,5.105203161702199,4.967325938835197,5.2310835308564565
C,D,tropics,10,zos,99,9,4000,0.020214656841615063,0.020382443580636584,0.0001677867390215207,-0.0001616856097570951,0.000496272982048573,-0.8300251660770419,-2.4862285885856386,0.7987724314194622
C,D,tropics,15,so,99,9,4000,0.06766742463849126,0.06586432672627589,-0.0018030979122153762,-0.001977290817183522,-0.00162506380024581,2.6646468693737213,2.435906524143711,2.89172992650611
C,D,tropics,15,sst,99,9,4000,0.02941931970093318,0.030313438427475917,0.0008941187265427385,0.000772158532347849,0.0010214921077698292,-3.03922298554844,-3.482358465322634,-2.603919226433464
C,D,tropics,15,thetao,99,9,4000,0.05618854608870842,0.054486569472409964,-0.0017019766162984576,-0.0020675009090907965,-0.0013703456849279338,3.0290454812826773,2.4750334418742153,3.6425678241579162
C,D,tropics,15,ts,99,9,4000,0.06219338014921205,0.06044375810609962,-0.0017496220431124296,-0.001980293875435026,-0.0015172180803157175,2.813196579627608,2.475515239624082,3.151901964565032
C,D,tropics,15,uo,99,9,4000,0.503441119862314,0.4797319786941077,-0.02370914116820627,-0.024934124153456094,-0.02248522789830805,4.709416897588836,4.487040311426155,4.922415788223832
C,D,tropics,15,vo,99,9,4000,0.5016099497765772,0.4794725410953683,-0.022137408681208948,-0.02294874071743152,-0.02130547296873992,4.413271445486522,4.262143452425606,4.57475694408643
C,D,tropics,15,zos,99,9,4000,0.023617611552377238,0.02429595771926701,0.0006783461668897726,0.0005354841592974677,0.0008086839550897621,-2.8722047755988855,-3.368530967379514,-2.312175086825757
C,D,tropics,20,so,99,9,4000,0.06831618661158821,0.06662058729540049,-0.0016955993161877209,-0.0018846722016680746,-0.0015012129404865793,2.4819876522500506,2.2299649081420285,2.7425649432012373
C,D,tropics,20,sst,99,9,4000,0.03259112295610653,0.03327713645129438,0.0006860134951878552,0.0005140774061122525,0.000847288176842506,-2.1049090456679576,-2.60921368491849,-1.5773570924371585
C,D,tropics,20,thetao,99,9,4000,0.05727297589204612,0.05563457210032513,-0.001638403791720991,-0.001991875237689262,-0.0013152195420614997,2.8606926149764234,2.325659784430471,3.4417415545527796
C,D,tropics,20,ts,99,9,4000,0.06303687460796355,0.06137388803216868,-0.0016629865757948684,-0.0018982176428689863,-0.00142731069304163,2.638117111828986,2.2945878034438287,2.978609725430146
C,D,tropics,20,uo,99,9,4000,0.5110615686408164,0.4893942307095562,-0.021667337931260244,-0.0231575157421482,-0.020128542095786763,4.239672724537902,3.9657521743168354,4.4994112733414955
C,D,tropics,20,vo,99,9,4000,0.5149950698732985,0.49477469250569933,-0.02022037736759913,-0.020914054842995886,-0.019496204613351182,3.926324454440666,3.8013820628858945,4.057364505403906
C,D,tropics,20,zos,99,9,4000,0.026467108152416045,0.02753385873571863,0.001066750583302585,0.0008566168212342476,0.0012795995381787207,-4.0304765339661985,-4.905078849940025,-3.199899434703559
C,D,tropics,25,so,99,9,4000,0.06908798516455228,0.06751575412852373,-0.0015722310360285485,-0.001768980944783621,-0.0013743760226461964,2.275693859480543,2.0207939227443448,2.5446480568292142
C,D,tropics,25,sst,99,9,4000,0.0351217535696148,0.035697642035441304,0.0005758884658265059,0.0004567641933456157,0.0006915454770477017,-1.639691664839682,-1.9594274277588026,-1.304896911172476
C,D,tropics,25,thetao,99,9,4000,0.058510620373669324,0.05690463794961062,-0.0016059824240587037,-0.001961593194162184,-0.0012856226203794817,2.744770801954133,2.226308189928146,3.320152193080657
C,D,tropics,25,ts,99,9,4000,0.0640181317698706,0.06243602676227692,-0.001582105007593683,-0.001813544607953395,-0.0013442916708900458,2.4713389220431536,2.1295537261368502,2.806187941385058
C,D,tropics,25,uo,99,9,4000,0.5191448647556762,0.49881189512252155,-0.020332969633154674,-0.02199795307608586,-0.018613455212402135,3.9166273257318918,3.603263710467141,4.217612317941891
C,D,tropics,25,vo,99,9,4000,0.5263967091455369,0.5084120126099583,-0.01798469653557866,-0.018850074994384146,-0.017011175461332205,3.416567053538755,3.2381455732535454,3.581515676052312
C,D,tropics,25,zos,99,9,4000,0.028215836397570207,0.029641619566471065,0.0014257831689008585,0.0011803843464225365,0.001682376724567043,-5.053130975141462,-5.992088962579746,-4.137701676489795
C,D,tropics,30,so,99,9,4000,0.06999827637686239,0.06849937531280778,-0.0014989010640546058,-0.0016863271294894923,-0.001303296569888261,2.1413399609794714,1.8875438790439547,2.392651428055056
C,D,tropics,30,sst,99,9,4000,0.037325052079924044,0.03788242342255368,0.000557371342629634,0.0004526363545881913,0.0006906714604740022,-1.493290194039476,-1.8367579298269168,-1.221958927807612
C,D,tropics,30,thetao,99,9,4000,0.05978118059527559,0.05824050663512232,-0.0015406739601532687,-0.0018924392570996377,-0.0012287514481304968,2.5771889159964645,2.0884691263984703,3.1289684806981977
C,D,tropics,30,ts,99,9,4000,0.065090507176917,0.063577201225599,-0.001513305951318003,-0.0017385433476714556,-0.001279451955525477,2.3249257333405215,1.9912202493854447,2.6450496393671257
C,D,tropics,30,uo,99,9,4000,0.5263855158361851,0.5075562217781908,-0.018829294057994272,-0.020339567864003594,-0.017256301753601808,3.577091977556257,3.302485232383693,3.838955989914495
C,D,tropics,30,vo,99,9,4000,0.538888682910385,0.5226021543995709,-0.016286528510814136,-0.01745085850849825,-0.01498801023703839,3.0222435592551666,2.781956781245509,3.2404785503817406
C,D,tropics,30,zos,99,9,4000,0.03026373068983169,0.03209517097269148,0.0018314402828597913,0.0014395051882396025,0.0021693611735830887,-6.0516011777594025,-7.235951676666433,-4.722898107695854
C,E,extratropics,0,so,99,9,4000,0.06772532688875063,0.09358458241857472,0.025859255529824085,0.02480862624801949,0.02691218119976439,-38.18254812162358,-40.701960649289745,-35.84892206445664
C,E,extratropics,0,sst,99,9,4000,0.0,0.0,0.0,0.0,0.0,,,
C,E,extratropics,0,thetao,99,9,4000,0.06806104730422091,0.08847451220406825,0.02041346489984734,0.0189701148700253,0.02201182463650861,-29.99287508551367,-33.49576366533525,-26.973598172866453
C,E,extratropics,0,ts,99,9,4000,0.0678933946063073,0.09106539786386154,0.02317200325755424,0.02194979838180718,0.02448001351923485,-34.12998185157994,-37.16918703252332,-31.458963117462755
C,E,extratropics,0,uo,99,9,4000,0.412122416012588,0.5344444856091981,0.12232206959661013,0.120583401604343,0.12423111053185149,-29.681003712468268,-30.05927977245848,-29.317263812110312
C,E,extratropics,0,vo,99,9,4000,0.4130786934727809,0.6131087600317741,0.20003006655899314,0.19800876926587932,0.20197873832632296,-48.42420335876601,-48.81906453888921,-48.01943547627822
C,E,extratropics,0,zos,99,9,4000,0.0,0.0,0.0,0.0,0.0,,,
C,E,extratropics,5,so,99,9,4000,0.06899376301608053,0.09289103631799085,0.023897273301910327,0.022852079861412786,0.024949819966353846,-34.636860285966044,-37.00836207521456,-32.454305287123724
C,E,extratropics,5,sst,99,9,4000,0.025250236865870843,0.032796015155412805,0.007545778289541963,0.007353286322239372,0.007737752375947052,-29.883990117103075,-30.83247239150852,-29.036330021831635
C,E,extratropics,5,thetao,99,9,4000,0.06875419711683904,0.08779086334457807,0.01903666622773903,0.017620168563491363,0.02061330084668249,-27.688006006947653,-31.015834372729213,-24.804970548748024
C,E,extratropics,5,ts,99,9,4000,0.06887408422730658,0.0903769337691224,0.02150284954181582,0.020294410773213017,0.022798670566168976,-31.220523340607365,-34.086468369978455,-28.698749078085864
C,E,extratropics,5,uo,99,9,4000,0.4174647254143018,0.5181636456922597,0.1006989202779579,0.09914768942787772,0.1023992059725063,-24.12153989250754,-24.480614678194172,-23.763820756278353
C,E,extratropics,5,vo,99,9,4000,0.4348878808150537,0.5933106850159733,0.1584228042009196,0.15641331914350987,0.16042129543260913,-36.42842470201937,-36.79792034690625,-36.08943347136421
C,E,extratropics,5,zos,99,9,4000,0.036702967732816255,0.04073876673100206,0.004035798998185805,0.0035190611433009453,0.004658576192000134,-10.995838340825447,-12.921224927779097,-9.411317545422763
C,E,extratropics,10,so,99,9,4000,0.06963699089812699,0.0924079528721862,0.022770961974059215,0.021720759161127232,0.023813670283154342,-32.699520298588425,-34.98516433671712,-30.60981124096643
C,E,extratropics,10,sst,99,9,4000,0.03130968204629786,0.037797218902319574,0.006487536856021714,0.006248531685012773,0.006743186621956095,-20.72054531383789,-21.59056814570605,-19.901998074682826
C,E,extratropics,10,thetao,99,9,4000,0.06968366390044053,0.08794704523754922,0.018263381337108683,0.016874145926758496,0.019807266886412836,-26.20898545633623,-29.359316303283716,-23.47485312063228
C,E,extratropics,10,ts,99,9,4000,0.0696603313081964,0.09020507890369511,0.020544747595498708,0.01935501897546235,0.02181883830817742,-29.49275033534238,-32.20207583351018,-27.109623039675867
C,E,extratropics,10,uo,99,9,4000,0.4317330681938456,0.5161562508469345,0.0844231826530889,0.08283129840980202,0.08625005565626159,-19.554486063871156,-19.959753810374515,-19.151619416257656
C,E,extratropics,10,vo,99,9,4000,0.4743887442396548,0.5967551057940248,0.12236636155436997,0.12083593788240017,0.12388844529142903,-25.794533078666838,-26.058384915533352,-25.570782531032993
C,E,extratropics,10,zos,99,9,4000,0.040877691430266615,0.04486752477759809,0.003989833347331474,0.00363099669620154,0.004331274602607312,-9.76041749847283,-10.528431710702128,-8.959336309011531
C,E,extratropics,15,so,99,9,4000,0.0706493965236733,0.09224928063099883,0.021599884107325523,0.020560794343097568,0.02262511741973348,-30.5733455204926,-32.75415306353102,-28.56905329560352
C,E,extratropics,15,sst,99,9,4000,0.036875120905261786,0.04165559092253174,0.004780470017269951,0.0045644709094630155,0.004984034297585872,-12.963943981503846,-13.554893494892054,-12.360042438195409
C,E,extratropics,15,thetao,99,9,4000,0.07097977739847569,0.08833345978183514,0.01735368238335945,0.01600708422189206,0.018840518774066384,-24.448769803738667,-27.371187207512758,-21.896526016262367
C,E,extratropics,15,ts,99,9,4000,0.07081477963213748,0.09031259572719037,0.019497816095052897,0.018331773377132703,0.020756775295007662,-27.533540591862995,-30.085584743895563,-25.29010411555867
C,E,extratropics,15,uo,99,9,4000,0.4492056797367466,0.5205924062734177,0.07138672653667116,0.06948091592516908,0.07334884335287856,-15.8917684608322,-16.359436916562185,-15.406641964246404
C,E,extratropics,15,vo,99,9,4000,0.510375455228845,0.6070861227169476,0.09671066748810264,0.09527711622931308,0.09821172897965255,-18.948926030296455,-19.267145230393886,-18.677994548594334
C,E,extratropics,15,zos,99,9,4000,0.04564184925947785,0.050231132005579666,0.004589282746101819,0.004267919767021262,0.004950692900890653,-10.054988613654437,-11.044628627211887,-9.196044622925431
C,E,extratropics,20,so,99,9,4000,0.07156215452632378,0.09215000200272373,0.020587847476399954,0.01955489411861221,0.021616637759810205,-28.769183394033803,-30.875368100022847,-26.858623650694017
C,E,extratropics,20,sst,99,9,4000,0.0409024138266816,0.044939869459527826,0.004037455632846229,0.0038673161543024675,0.004222097357504934,-9.870947103401772,-10.354241569358559,-9.448562381069218
C,E,extratropics,20,thetao,99,9,4000,0.07228465646039862,0.08881670844536572,0.0165320519849671,0.015226373796859044,0.017973674627446465,-22.870762336712815,-25.60176254582861,-20.480798511935063
C,E,extratropics,20,ts,99,9,4000,0.07192431271846568,0.09049870321770113,0.018574390499235455,0.017438599839299962,0.019806549162156267,-25.824912046002368,-28.234057641458232,-23.703926070951596
C,E,extratropics,20,uo,99,9,4000,0.4676329773800835,0.5292469587494397,0.0616139813693562,0.06022524676854265,0.06280421805396737,-13.175713508176612,-13.413400533768598,-12.90168453019946
C,E,extratropics,20,vo,99,9,4000,0.5424733721751589,0.6214385407341464,0.0789651685589875,0.07790030124243175,0.08022637758571517,-14.556505924403318,-14.830523993711926,-14.354882183680303
C,E,extratropics,20,zos,99,9,4000,0.048678802171033785,0.05338991246496837,0.0047111102939345825,0.004532765289271712,0.004902527127665881,-9.677950327089025,-10.162906765172396,-9.216154238256063
C,E,extratropics,25,so,99,9,4000,0.0726176695834928,0.0922419445222661,0.019624274938773292,0.018610936264781348,0.02061825598028673,-27.024104534517047,-28.99447152876013,-25.216311089602762
C,E,extratropics,25,sst,99,9,4000,0.044375093543577875,0.04787658127256142,0.0035014877289835447,0.0033699744782311938,0.0036294653022470123,-7.890659938654476,-8.199961413656164,-7.57864739664123
C,E,extratropics,25,thetao,99,9,4000,0.07373249559062146,0.08948243698110527,0.0157499413904838,0.014493333112071493,0.017145663117399096,-21.36092270351302,-23.893724793723205,-19.13499044841071
C,E,extratropics,25,ts,99,9,4000,0.07317720560993823,0.09087266601494168,0.017695460405003444,0.01658462178065638,0.018884552788578233,-24.18165637442735,-26.439047025797855,-22.219871225595217
C,E,extratropics,25,uo,99,9,4000,0.4842571415655907,0.5383953417393895,0.054138200173798834,0.053077344329452214,0.05522906994856708,-11.179638982457018,-11.365555316094355,-10.979844268294341
C,E,extratropics,25,vo,99,9,4000,0.5703829016110209,0.6365183180988172,0.0661354164877963,0.0648363639200356,0.06758089848991078,-11.594915678748396,-11.912691055251539,-11.313896271162752
C,E,extratropics,25,zos,99,9,4000,0.051535397168742635,0.0561952119887728,0.004659814820030167,0.004433543993662455,0.004862336510617828,-9.041969357046975,-9.482008565181454,-8.506522778046707
C,E,extratropics,30,so,99,9,4000,0.07366571967942037,0.09239761951648921,0.01873189983706884,0.017713119415960554,0.019725688690027,-25.42824521173026,-27.315260389064346,-23.686771019677668
C,E,extratropics,30,sst,99,9,4000,0.04756443107509908,0.050702291933904686,0.0031378608588056092,0.0030569146667287746,0.0032267770739676307,-6.597074300859962,-6.766350042143723,-6.4511667842669
C,E,extratropics,30,thetao,99,9,4000,0.07517982032093887,0.09021341801325373,0.015033597692314868,0.013813568045337916,0.016374770603130556,-19.996852384239805,-22.354177512017404,-17.918758547638486
C,E,extratropics,30,ts,99,9,4000,0.0744266203699173,0.09131204981257393,0.016885429442656627,0.015792226041480464,0.018052182523312085,-22.6873521311759,-24.818172759852263,-20.821681423953944
C,E,extratropics,30,uo,99,9,4000,0.5007529195688278,0.5487236572156565,0.04797073764682869,0.04692003194016372,0.04887196452829723,-9.579722009036672,-9.75491992849736,-9.362873468193383
C,E,extratropics,30,vo,99,9,4000,0.5966147362720662,0.6527057070595466,0.056090970787480376,0.053887431584943274,0.058349376312575155,-9.40153961632988,-9.84787084663642,-8.987325213795184
C,E,extratropics,30,zos,99,9,4000,0.054337212559352414,0.05912393312012523,0.004786720560772818,0.004578831259321065,0.005026310346139009,-8.809286187701094,-9.20700273416327,-8.402075711582375
C,E,global,0,so,99,9,4000,0.06700578910324466,0.092392633470244,0.02538684436699934,0.024385635066305707,0.02641967291042064,-37.88753883322302,-40.313643081690344,-35.63069189721508
C,E,global,0,sst,99,9,4000,0.0,0.0,0.0,0.0,0.0,,,
C,E,global,0,thetao,99,9,4000,0.06299906257867757,0.09076352034549826,0.027764457766820683,0.026575996294085934,0.02905950168893518,-44.071223650584514,-47.529755625328214,-41.01399519550094
C,E,global,0,ts,99,9,4000,0.06503329016411759,0.09158169944119436,0.026548409277076773,0.025470568669029216,0.027703919948592868,-40.82279892356573,-43.7219673505613,-38.22984710473921
C,E,global,0,uo,99,9,4000,0.44016664560264807,0.5411096690787858,0.1009430234761377,0.09948473753582258,0.102472354526989,-22.932910633865266,-23.37660891183118,-22.495325152482547
C,E,global,0,vo,99,9,4000,0.4407884348592112,0.5942779488768593,0.15348951401764804,0.15215580971941128,0.15476740277643267,-34.82158375291151,-35.13826351619952,-34.4896668082893
C,E,global,0,zos,99,9,4000,0.0,0.0,0.0,0.0,0.0,,,
C,E,global,5,so,99,9,4000,0.06800732510067674,0.09136922788121069,0.023361902780533947,0.02238013647646508,0.024377350384463682,-34.35203891044007,-36.618521434075404,-32.244626461961296
C,E,global,5,sst,99,9,4000,0.02349819001443789,0.030685870835280626,0.007187680820842736,0.007019257417710819,0.007339332891078997,-30.588231759239505,-31.3244170028119,-29.84351531540589
C,E,global,5,thetao,99,9,4000,0.06364381856897423,0.08973007716005867,0.026086258591084432,0.024911735930161015,0.02737528613937181,-40.98789038375086,-44.265155347227626,-38.0717992288534
C,E,global,5,ts,99,9,4000,0.06586171843107969,0.09055336148028596,0.024691643049206277,0.023630692642199025,0.025832813963941808,-37.49012876887594,-40.230008328334016,-35.02656848767451
C,E,global,5,uo,99,9,4000,0.44365634263974896,0.5264282160104724,0.08277187337072345,0.08150001563507615,0.08411605583984857,-18.65675420714872,-19.076231856865228,-18.226862419418172
C,E,global,5,vo,99,9,4000,0.45256849753173606,0.5763832413364953,0.12381474380475926,0.1220194083571611,0.1256418920051719,-27.35823294816866,-27.80554795198987,-26.859710912078526
C,E,global,5,zos,99,9,4000,0.030926686855312812,0.034314088279152374,0.0033874014238395624,0.0029917374468387777,0.0038561072261043532,-10.953004567502344,-12.65510822361167,-9.499617489275337
C,E,global,10,so,99,9,4000,0.06856661300246852,0.09067663044190623,0.022110017439437704,0.02113304644592069,0.023114265444076347,-32.24603997668909,-34.40598581542948,-30.233246836287297
C,E,global,10,sst,99,9,4000,0.02922712354871739,0.03535117456340697,0.006124051014689581,0.005888523881368753,0.006378685234681926,-20.953314151772993,-21.848097973902984,-20.10063726235054
C,E,global,10,thetao,99,9,4000,0.06449107219872514,0.08965102244047239,0.025159950241747248,0.024010008819155333,0.02641501286187722,-39.01307480858507,-42.09685917097163,-36.268340638282865
C,E,global,10,ts,99,9,4000,0.06656004361466215,0.09016528470791885,0.023605241093256693,0.02256431512782839,0.024725009962019533,-35.464581769079274,-38.05707293862943,-33.112734204903084
C,E,global,10,uo,99,9,4000,0.45591470609728196,0.5258115008989243,0.06989679480164229,0.06836377312940209,0.07162470156051956,-15.331112128400592,-15.78095549754074,-14.868175202919398
C,E,global,10,vo,99,9,4000,0.48016540735158386,0.578436008676392,0.09827060132480814,0.09687776927825459,0.0997654679569155,-20.465989390371277,-20.791800924060407,-20.10607105913808
C,E,global,10,zos,99,9,4000,0.03477214513266844,0.03811375150517109,0.0033416063725026438,0.0030736177411347615,0.003602112311419499,-9.61000927539326,-10.327897605172934,-8.889416099611406
C,E,global,15,so,99,9,4000,0.06946002540450669,0.09036502293830517,0.020904997533798486,0.019944471019454017,0.021897630965261122,-30.096443835222274,-32.1785667312561,-28.14556920598943
C,E,global,15,sst,99,9,4000,0.03433544242799463,0.03889195010042737,0.004556507672432743,0.004367428212673345,0.004744539317898283,-13.270566360076064,-13.794336418877966,-12.747337139734542
C,E,global,15,thetao,99,9,4000,0.06570168247781555,0.0897635580474115,0.02406187556959595,0.022942993669499298,0.025277519005670098,-36.622921456723034,-39.53381137413707,-34.05561299259249
C,E,global,15,ts,99,9,4000,0.0676069752673879,0.0900647925772647,0.022457817309876796,0.021437059611130092,0.023552215009773572,-33.21819563891943,-35.66470900772242,-31.005632480895102
C,E,global,15,uo,99,9,4000,0.4692948799365305,0.5293600195370243,0.060065139600493755,0.05871720403866271,0.06165944069337753,-12.799018733939139,-13.183516512079272,-12.454080718822969
C,E,global,15,vo,99,9,4000,0.5058654535212018,0.5858038632905178,0.07993840976931599,0.07872519822405942,0.08120563962083435,-15.80230656449948,-16.072464937876994,-15.52419534661117
C,E,global,15,zos,99,9,4000,0.039051929883683265,0.0429290024110031,0.003877072527319836,0.0036422611341510773,0.004124718149991457,-9.927992134749175,-10.741375884797234,-9.168545830072748
C,E,global,20,so,99,9,4000,0.07027749191690522,0.0901108353133026,0.01983334339639739,0.018887557294737334,0.020806251551846823,-28.22147298575761,-30.18436855973655,-26.399538697908774
C,E,global,20,sst,99,9,4000,0.03807245290034428,0.041964273026976764,0.0038918201266324864,0.0037195225989973845,0.004057347520401747,-10.222141811612296,-10.638500057108043,-9.79848079607067
C,E,global,20,thetao,99,9,4000,0.06692934867367407,0.09002118510359404,0.023091836429919965,0.022004380306132644,0.024277527736072516,-34.501809576107355,-37.19288386383571,-32.10782640151826
C,E,global,20,ts,99,9,4000,0.06862384273710162,0.09006602136298875,0.021442178625887126,0.020434759365402445,0.022510364968730313,-31.245960253249372,-33.52655808936861,-29.147944141914866
C,E,global,20,uo,99,9,4000,0.4832454030338671,0.5360150788699288,0.052769675836061736,0.051468973454172076,0.054170090884346093,-10.919850557246491,-11.215409079670007,-10.635174965934837
C,E,global,20,vo,99,9,4000,0.5309635380556391,0.5975726078510176,0.0666090697953785,0.06562336223444398,0.06768773299762051,-12.544942358810074,-12.73760699906011,-12.329943735871902
C,E,global,20,zos,99,9,4000,0.04193936939197733,0.04591205517323204,0.00397268578125471,0.003848594670913235,0.004090750038251059,-9.4724499649121,-9.88213672663157,-9.06911788965991
C,E,global,25,so,99,9,4000,0.071230290758878,0.0901040946484383,0.018873803889560295,0.01795307918855449,0.01980550643435116,-26.49687890991501,-28.332399297833952,-24.79566668945938
C,E,global,25,sst,99,9,4000,0.041231000230846034,0.04463333025020441,0.003402330019358378,0.0032842799966477662,0.0035249766701012444,-8.251873591009806,-8.517059375520892,-7.9932542771152715
C,E,global,25,thetao,99,9,4000,0.06830290742377602,0.09046024398231947,0.022157336558543447,0.021102442968256127,0.023301250319405064,-32.4398146349339,-34.94261286123149,-30.21622624869394
C,E,global,25,ts,99,9,4000,0.06978195140627415,0.09028234493453158,0.02050039352825743,0.01952252098354124,0.0215262372894406,-29.377787687396516,-31.498096419071704,-27.419213987142452
C,E,global,25,uo,99,9,4000,0.49637220840969,0.5437427361361844,0.047370527726494416,0.04595929017639623,0.04878310979403583,-9.543348101269245,-9.820336270120926,-9.258946474820004
C,E,global,25,vo,99,9,4000,0.5528022944068925,0.6099683456832453,0.05716605127635277,0.055997820536521234,0.05828249290445595,-10.341138568841647,-10.54156625075713,-10.098212732321473
C,E,global,25,zos,99,9,4000,0.044445770708375264,0.04838380340260481,0.003938032694229543,0.0037508163642480594,0.004114024884727556,-8.860309162076184,-9.283179532886166,-8.352812265758454
C,E,global,30,so,99,9,4000,0.07222842980859699,0.09017550273301292,0.017947072924415927,0.017031302414300196,0.018866764061558433,-24.847657594073546,-26.615233558435303,-23.234870168711304
C,E,global,30,sst,99,9,4000,0.044094636557736516,0.047209428227776344,0.003114791670039828,0.0030107237801753456,0.0032330532457937725,-7.06387876893233,-7.288680781729627,-6.867234124460463
C,E,global,30,thetao,99,9,4000,0.0696864141020577,0.09099350499543572,0.021307090893378025,0.020294100956258523,0.02240337066019237,-30.57567413667346,-32.893079618716115,-28.502268264653374
C,E,global,30,ts,99,9,4000,0.07096880435451514,0.09058542720688026,0.019616622852365123,0.0186612369338818,0.020622667087197226,-27.641191127263355,-29.649799447807396,-25.793826463613645
C,E,global,30,uo,99,9,4000,0.5091625527078498,0.5520748316090224,0.04291227890117255,0.041657972921055095,0.04428664704422949,-8.428011579593718,-8.714119028869234,-8.159450914797086
C,E,global,30,vo,99,9,4000,0.5740474114446769,0.6236913446549837,0.0496439332103068,0.04805075030683191,0.05118628525368533,-8.648054537058236,-8.93616752618758,-8.331218614569295
C,E,global,30,zos,99,9,4000,0.04698238861579393,0.051010875735495946,0.004028487119702016,0.003838083127595973,0.00425265006481138,-8.574462130151828,-8.999784090288577,-8.167098458671806
C,E,tropics,0,so,99,9,4000,0.06602846839125588,0.09055763367619604,0.02452916528494016,0.02350681144890239,0.025618067332509518,-37.14937796162563,-39.68357518698238,-34.882458909270156
C,E,tropics,0,sst,99,9,4000,0.0,0.0,0.0,0.0,0.0,,,
C,E,tropics,0,thetao,99,9,4000,0.053910770513458196,0.09444999846622501,0.040539227952766814,0.039840353502848196,0.041218918086880454,-75.19689955580706,-77.84632477949106,-72.75325558475716
C,E,tropics,0,ts,99,9,4000,0.06027491109678151,0.09252428661519642,0.03224937551841491,0.0313991931340537,0.03312835679534009,-53.50381266698696,-56.12864958754179,-51.119496920540094
C,E,tropics,0,uo,99,9,4000,0.4844723554598387,0.5540446974224863,0.06957234196264761,0.06498023270484656,0.07265818653070871,-14.360435880105648,-15.128382748901918,-13.326006081798303
C,E,tropics,0,vo,99,9,4000,0.4852802715543244,0.5638243973343009,0.07854412577997649,0.07524039617670446,0.08199902936779149,-16.185311949402802,-16.940604871877376,-15.430149522404946
C,E,tropics,0,zos,99,9,4000,0.0,0.0,0.0,0.0,0.0,,,
C,E,tropics,5,so,99,9,4000,0.0665682630007238,0.08894402405037032,0.022375761049646517,0.021388951488920734,0.023422527702796424,-33.61325658956014,-35.96354169506442,-31.54277502501162
C,E,tropics,5,sst,99,9,4000,0.020103372648226224,0.02663587338858283,0.006532500740356606,0.0062359726677045325,0.006815103657682947,-32.49455131068759,-33.99330463775904,-31.067679327764957
C,E,tropics,5,thetao,99,9,4000,0.05445513042512676,0.09286321981085312,0.03840808938572636,0.037700517176062355,0.03909611891875399,-70.53162683823828,-73.06162028530531,-68.1728189103345
C,E,tropics,5,ts,99,9,4000,0.06081403977927752,0.09092474087923394,0.030110701099956422,0.02926445952306571,0.030976457886577536,-49.51274608501948,-51.96380158417321,-47.274354825376015
C,E,tropics,5,uo,99,9,4000,0.48562336400445355,0.5419847010745373,0.05636133707008378,0.052126407959614894,0.05968496078170586,-11.605977234152775,-12.438353821875515,-10.635366471886508
C,E,tropics,5,vo,99,9,4000,0.4827895042315587,0.5496523421519202,0.06686283792036146,0.06246585297209381,0.07093321652100257,-13.84927330323491,-14.738376829543768,-12.854527884147716
C,E,tropics,5,zos,99,9,4000,0.01671662642134549,0.018487669785615977,0.0017710433642704852,0.001596301553741381,0.0019232285924837681,-10.594502261586914,-11.71757951135765,-9.442877614918514
C,E,tropics,10,so,99,9,4000,0.06698263804796209,0.08788055232438208,0.020897914276419988,0.019921680635660254,0.02192885305421239,-31.199001540453363,-33.419218572444606,-29.219912192645488
C,E,tropics,10,sst,99,9,4000,0.025213807587305584,0.030653223708365998,0.005439416121060414,0.00510245738162256,0.005789977045490418,-21.57316423640434,-22.992875300768397,-20.211128985547376
C,E,tropics,10,thetao,99,9,4000,0.05514223956785588,0.09240979466695376,0.03726755509909788,0.03658627036960521,0.03793682874395169,-67.58440605815055,-69.97478091673347,-65.38463340793128
C,E,tropics,10,ts,99,9,4000,0.061348758685172707,0.09017361484166808,0.028824856156495375,0.027998218493440096,0.029683209491151278,-46.98523128139838,-49.301094472975954,-44.87802469502905
C,E,tropics,10,uo,99,9,4000,0.49558163914615333,0.5439608519017408,0.048379212755587486,0.0442917915851598,0.05206093272171997,-9.762107579074343,-10.625806004400745,-8.876813269158243
C,E,tropics,10,vo,99,9,4000,0.4924341003553911,0.5495954007172869,0.05716130036189576,0.05311090870389366,0.06085064593008189,-11.607908615719808,-12.39917548491181,-10.708003828556587
C,E,tropics,10,zos,99,9,4000,0.020214656841615063,0.021940609063274743,0.0017259522216596795,0.0013748156411983806,0.0020601365046877007,-8.53812278478323,-10.432722524400232,-6.663520713050244
C,E,tropics,15,so,99,9,4000,0.06766742463849126,0.08729279612093056,0.0196253714824393,0.01866916885614672,0.020634425721587687,-29.002687167845597,-31.093032932156756,-27.10571126449534
C,E,tropics,15,sst,99,9,4000,0.02941931970093318,0.03356781400868292,0.004148494307749738,0.0038647461771975657,0.004418826171388377,-14.101258458461729,-15.065796669612988,-13.146806101672464
C,E,tropics,15,thetao,99,9,4000,0.05618854608870842,0.09208426819368727,0.03589572210497885,0.03522296076434945,0.0365726595533102,-63.88441168829675,-66.11409218945361,-61.828497028134606
C,E,tropics,15,ts,99,9,4000,0.06219338014921205,0.08972052358122214,0.027527143432010084,0.026716140646412728,0.02835807428695279,-44.260568192254524,-46.41118221385749,-42.24907515563375
C,E,tropics,15,uo,99,9,4000,0.503441119862314,0.5464591506051244,0.04301803074281041,0.038986203981100254,0.04659471216378878,-8.544798794857167,-9.346152437747344,-7.717290107429895
C,E,tropics,15,vo,99,9,4000,0.5016099497765772,0.5519715247840374,0.05036157500746019,0.04725225361667356,0.05322183555691716,-10.03998725102877,-10.673337298812008,-9.36739868917586
C,E,tropics,15,zos,99,9,4000,0.023617611552377238,0.02576739086483407,0.002149779312456832,0.0019342436108796173,0.002365180110925562,-9.102441657528427,-10.161351242936096,-8.08077680795006
C,E,tropics,20,so,99,9,4000,0.06831618661158821,0.08676007407927329,0.018443887467685077,0.01753644209391563,0.019395854943967797,-26.99782933223107,-28.94967552273435,-25.20237637632056
C,E,tropics,20,sst,99,9,4000,0.03259112295610653,0.03623322807951351,0.0036421051234069857,0.0033755342092944636,0.0038858466386989046,-11.175144619325161,-11.882401507673315,-10.433273337186435
C,E,tropics,20,thetao,99,9,4000,0.05727297589204612,0.09197965079035593,0.03470667489830981,0.03404471749295174,0.03536152712317089,-60.59869311440782,-62.697559991541745,-58.66542102142728
C,E,tropics,20,ts,99,9,4000,0.06303687460796355,0.08940795997492848,0.026371085366964933,0.025585530950996194,0.027178325742765186,-41.83437952939602,-43.8733149906949,-39.94525917169309
C,E,tropics,20,uo,99,9,4000,0.5110615686408164,0.5502416985241688,0.0391801298833524,0.03550827135899273,0.04257380364047743,-7.666420699085852,-8.395312750919489,-6.912552450692752
C,E,tropics,20,vo,99,9,4000,0.5149950698732985,0.5593660190864644,0.04437094921316598,0.04170612003242994,0.04705083690350951,-8.615800773409799,-9.166588747930348,-8.076472846251315
C,E,tropics,20,zos,99,9,4000,0.026467108152416045,0.028653256259404205,0.0021861481069881603,0.00198980023115252,0.0024243367826205634,-8.259867660640507,-9.11263524503279,-7.5599894168062445
C,E,tropics,25,so,99,9,4000,0.06908798516455228,0.08657410730185765,0.017486122137305368,0.016607598253550532,0.01840338321116844,-25.309932104196253,-27.162865049294453,-23.598174968088365
C,E,tropics,25,sst,99,9,4000,0.0351217535696148,0.038368748708827165,0.0032469951392123664,0.0029541921088029237,0.0035482433626817036,-9.244968742168581,-10.020065334745428,-8.493505779959044
C,E,tropics,25,thetao,99,9,4000,0.058510620373669324,0.09205297669071001,0.03354235631704069,0.03289367603217648,0.03418797292752684,-57.32695381253428,-59.28054194408094,-55.49882647543027
C,E,tropics,25,ts,99,9,4000,0.0640181317698706,0.08935554423966642,0.025337412469795817,0.024565144142566896,0.026121752499282665,-39.57849404427727,-41.504149868383465,-37.764652587715766
C,E,tropics,25,uo,99,9,4000,0.5191448647556762,0.5559782335922715,0.03683336883659527,0.03317783346154694,0.040269527880832046,-7.095007836383016,-7.812392690450059,-6.382446672442714
C,E,tropics,25,vo,99,9,4000,0.5263967091455369,0.5671432283632911,0.040746519217754185,0.037837127645974966,0.04377512284969996,-7.740648546966633,-8.36313262852348,-7.1558557057274355
C,E,tropics,25,zos,99,9,4000,0.028215836397570207,0.030417813212492095,0.0022019768149218882,0.002054170539072852,0.002365484239459033,-7.804045869473186,-8.27445973655529,-7.321712731723627
C,E,tropics,30,so,99,9,4000,0.06999827637686239,0.08649427334594352,0.016495996969081134,0.01565087738100063,0.017395783693435595,-23.56629023301753,-25.324001755334873,-21.976918831352872
C,E,tropics,30,sst,99,9,4000,0.037325052079924044,0.04044797687184025,0.0031229247919162054,0.002823478365538889,0.003435234928048267,-8.366833046151134,-9.134194870090628,-7.648173724593533
C,E,tropics,30,thetao,99,9,4000,0.05978118059527559,0.09226614556371748,0.032484964968441894,0.0318521718633764,0.03310622615241065,-54.33978493728364,-56.17321253766117,-52.61049683623797
C,E,tropics,30,ts,99,9,4000,0.065090507176917,0.08942678832102802,0.024336281144111016,0.023587949514622356,0.025098055971331502,-37.38837228286551,-39.20315215028285,-35.69573672070424
C,E,tropics,30,uo,99,9,4000,0.5263855158361851,0.5613129701537802,0.03492745431759514,0.031139955808788235,0.03881934335141327,-6.635337270272612,-7.447340851129812,-5.895076107899814
C,E,tropics,30,vo,99,9,4000,0.538888682910385,0.5765736298752648,0.037684946964879784,0.034351521697149154,0.040882718794424386,-6.993085614890648,-7.638108680666912,-6.333678007942172
C,E,tropics,30,zos,99,9,4000,0.03026373068983169,0.032458784327155266,0.0021950536373235748,0.0018881548515703298,0.002522733930101053,-7.253083434492402,-8.296083237166378,-6.267193520919771
C,F,extratropics,0,so,99,9,4000,0.06772532688875063,0.08811224993926033,0.020386923050509695,0.019547564375104107,0.021183366905637137,-30.102361977518967,-31.845008871077326,-28.405084935379275
C,F,extratropics,0,sst,99,9,4000,0.0,0.0,0.0,0.0,0.0,,,
C,F,extratropics,0,thetao,99,9,4000,0.06806104730422091,0.08621759570693303,0.018156548402712122,0.01699914517703639,0.019448453662202683,-26.676857206671457,-29.49591304779252,-24.2483943744514
C,F,extratropics,0,ts,99,9,4000,0.0678933946063073,0.0871700705484481,0.01927667594214079,0.018314399585299273,0.020282998469086877,-28.392564628591987,-30.653273783751587,-26.387857188664512
C,F,extratropics,0,uo,99,9,4000,0.412122416012588,0.4965452206335356,0.08442280462094764,0.08244278757739675,0.08658145822769464,-20.484885398315477,-20.96177245451851,-20.03158335722685
C,F,extratropics,0,vo,99,9,4000,0.4130786934727809,0.5437196050346488,0.13064091156186786,0.12912883497145355,0.13212252291703105,-31.626155893822737,-31.928600354436217,-31.345177200587965
C,F,extratropics,0,zos,99,9,4000,0.0,0.0,0.0,0.0,0.0,,,
C,F,extratropics,5,so,99,9,4000,0.06899376301608053,0.0877425586323734,0.018748795616292876,0.017896326323705216,0.019552419451266026,-27.174623903211437,-28.7925221842799,-25.572889841171584
C,F,extratropics,5,sst,99,9,4000,0.025250236865870843,0.03323354767142315,0.007983310805552306,0.0077631847568178656,0.008292478716756365,-31.616775905745452,-32.952880344430525,-30.593881529038637
C,F,extratropics,5,thetao,99,9,4000,0.06875419711683904,0.08570103580832736,0.016946838691488317,0.0158308518208548,0.018191747051117164,-24.64844242554285,-27.276991201247178,-22.387196385294327
C,F,extratropics,5,ts,99,9,4000,0.06887408422730658,0.08672780446308927,0.01785372023578269,0.016910490215434462,0.01883728501388187,-25.922261524174584,-28.026735987586157,-24.060398133889933
C,F,extratropics,5,uo,99,9,4000,0.4174647254143018,0.48582192205589597,0.06835719664159418,0.066833920554147,0.069865121931088,-16.374364702012812,-16.71279896166806,-16.028976791677195
C,F,extratropics,5,vo,99,9,4000,0.4348878808150537,0.5489025310082443,0.11401465019319057,0.11264250565160425,0.11530979244115082,-26.217021725118617,-26.513659231688596,-25.886086617584276
C,F,extratropics,5,zos,99,9,4000,0.036702967732816255,0.03950354256331443,0.0028005748304981773,0.0023480244506399,0.0032822452809705607,-7.6303770607469845,-9.086225623870375,-6.277216125575193
C,F,extratropics,10,so,99,9,4000,0.06963699089812699,0.0876965941948854,0.018059603296758417,0.017200491206022746,0.01886701925451411,-25.933922565922018,-27.474172478745412,-24.391153156176042
C,F,extratropics,10,sst,99,9,4000,0.03130968204629786,0.03817380644927087,0.006864124402973008,0.006653791010313788,0.007129871747463401,-21.923328358374828,-22.848865107098987,-21.20098504885434
C,F,extratropics,10,thetao,99,9,4000,0.06968366390044053,0.08596264040501302,0.01627897650457248,0.01519532495559297,0.017489822006000154,-23.361252255379128,-25.828370451288738,-21.237728217658724
C,F,extratropics,10,ts,99,9,4000,0.0696603313081964,0.08683394549018252,0.01717361418198611,0.016248698422099445,0.018141752713365815,-24.653362766831144,-26.64325730483972,-22.898326729542834
C,F,extratropics,10,uo,99,9,4000,0.4317330681938456,0.4904513476892126,0.05871827949536701,0.05753772819993612,0.060043718540395814,-13.600598105911788,-13.886565862060978,-13.27198739665159
C,F,extratropics,10,vo,99,9,4000,0.4743887442396548,0.5656310033160445,0.09124225907638972,0.09016890375892242,0.09217477193144014,-19.233647548411348,-19.488668831854394,-18.95224985523665
C,F,extratropics,10,zos,99,9,4000,0.040877691430266615,0.04401996827805887,0.0031422768477922525,0.0029291937131635244,0.0033966609465727006,-7.687021301466279,-8.217153508690586,-7.253658116109187
C,F,extratropics,15,so,99,9,4000,0.0706493965236733,0.08783891386347664,0.01718951733980334,0.016354050875067742,0.01798534466639994,-24.330734847881462,-25.796125747173186,-22.866000775322608
C,F,extratropics,15,sst,99,9,4000,0.036875120905261786,0.04213654492845945,0.005261424023197667,0.005095240985840391,0.00546343783290962,-14.26822175502862,-14.803315344068587,-13.823902204852976
C,F,extratropics,15,thetao,99,9,4000,0.07097977739847569,0.08648496217676066,0.01550518477828497,0.014449178819623546,0.016679852962093452,-21.844510290924003,-24.141712265647104,-19.88617355390093
C,F,extratropics,15,ts,99,9,4000,0.07081477963213748,0.0871645669737164,0.016349787341578922,0.01544419352204283,0.017292846956495064,-23.08810028995556,-24.949444353838544,-21.44806442116285
C,F,extratropics,15,uo,99,9,4000,0.4492056797367466,0.4994836181407698,0.050277938404023226,0.04860073126324677,0.0520342019171896,-11.192631943898878,-11.63180496459375,-10.779208481684881
C,F,extratropics,15,vo,99,9,4000,0.510375455228845,0.5834862663009622,0.07311081107211725,0.07169432464226741,0.07446465117449083,-14.324907344796856,-14.658086298663845,-13.988657970436842
C,F,extratropics,15,zos,99,9,4000,0.04564184925947785,0.04942293170094729,0.0037810824414694424,0.0035422650327409607,0.004051249219632162,-8.2842446193923,-9.066085918582132,-7.646877984445399
C,F,extratropics,20,so,99,9,4000,0.07156215452632378,0.08802011467541998,0.0164579601490962,0.015621643855707778,0.017272196924834237,-22.998133941093446,-24.40343704132772,-21.577533749326726
C,F,extratropics,20,sst,99,9,4000,0.0409024138266816,0.04547000279869786,0.0045675889720162635,0.004422210493699674,0.004740036671520342,-11.167040144307382,-11.585875091840837,-10.817574725273625
C,F,extratropics,20,thetao,99,9,4000,0.07228465646039862,0.0870831600730708,0.014798503612672181,0.01377555159739915,0.015927788754315213,-20.472537793383005,-22.612821397022064,-18.640840797226055
C,F,extratropics,20,ts,99,9,4000,0.07192431271846568,0.08755289074549782,0.015628578027032144,0.014742559212619716,0.016565537399338203,-21.729200372351553,-23.50104639887752,-20.167896377542903
C,F,extratropics,20,uo,99,9,4000,0.4676329773800835,0.5120641073691866,0.04443112998910309,0.04343076502546217,0.04549430656831613,-9.50128244548294,-9.747809361076511,-9.273279751054025
C,F,extratropics,20,vo,99,9,4000,0.5424733721751589,0.6029092319926184,0.06043585981745947,0.05907758427153835,0.06175585670986117,-11.140797487465504,-11.427442314946287,-10.846736364309969
C,F,extratropics,20,zos,99,9,4000,0.048678802171033785,0.052683374541695104,0.004004572370661319,0.003801457494599408,0.004212177864053258,-8.226522001488835,-8.688808415163406,-7.744194625309296
C,F,extratropics,25,so,99,9,4000,0.0726176695834928,0.08837881043811716,0.01576114085462435,0.014942494731795316,0.016556703122190326,-21.704277960204777,-23.023352151205426,-20.381130311433523
C,F,extratropics,25,sst,99,9,4000,0.044375093543577875,0.04835084770065635,0.003975754157078473,0.0038027286637043085,0.004170168012308687,-8.95942710109252,-9.41611108522327,-8.564924735261021
C,F,extratropics,25,thetao,99,9,4000,0.07373249559062146,0.0878657368041949,0.014133241213573441,0.013153049701782823,0.015210648490146963,-19.168266448004424,-21.15295500562602,-17.479963594662685
C,F,extratropics,25,ts,99,9,4000,0.07317720560993823,0.08812264702844749,0.014945441418509259,0.014087510607541187,0.015846259670131826,-20.42362959057773,-22.036437226388784,-18.973748865398484
C,F,extratropics,25,uo,99,9,4000,0.4842571415655907,0.5239554944944956,0.039698352928904945,0.038327954266311436,0.040841825311944614,-8.19778368173596,-8.443430071798376,-7.903740024883069
C,F,extratropics,25,vo,99,9,4000,0.5703829016110209,0.6217986844602603,0.05141578284923942,0.04979279288027237,0.052907541895112924,-9.014257388154135,-9.336129387108302,-8.675497008484701
C,F,extratropics,25,zos,99,9,4000,0.051535397168742635,0.05573613798556446,0.004200740816821827,0.004112080721499095,0.004307828868469813,-8.151175789074294,-8.494149148398623,-7.856222432805319
C,F,extratropics,30,so,99,9,4000,0.07366571967942037,0.08878277948925527,0.015117059809834896,0.014319362894075689,0.01590507212169942,-20.521159469589854,-21.79327362144976,-19.240846196913452
C,F,extratropics,30,sst,99,9,4000,0.04756443107509908,0.05116175430704792,0.0035973232319488416,0.0034819854828348003,0.0037664028643673007,-7.563053211482873,-7.904590474176781,-7.31878428849326
C,F,extratropics,30,thetao,99,9,4000,0.07517982032093887,0.08869517465047007,0.013515354329531201,0.012560690005802799,0.014561403966063924,-17.97736982056466,-19.82865510785477,-16.401442721770028
C,F,extratropics,30,ts,99,9,4000,0.0744266203699173,0.08873898788051146,0.014312367510594157,0.013473492181880748,0.015191226089068,-19.230172537001433,-20.777388659319296,-17.86347903630383
C,F,extratropics,30,uo,99,9,4000,0.5007529195688278,0.5366018646329436,0.035848945064115734,0.03448106872531051,0.03692407678151243,-7.159008697339875,-7.375720770681733,-6.877141515110301
C,F,extratropics,30,vo,99,9,4000,0.5966147362720662,0.6406439202586978,0.04402918398663158,0.04185067783960371,0.04597002176353972,-7.379835144828473,-7.756760523784305,-6.98427526428739
C,F,extratropics,30,zos,99,9,4000,0.054337212559352414,0.05889205325517937,0.004554840695826956,0.004331088271892464,0.0047669704051278,-8.382543898165018,-8.795910794608348,-7.936727165446683
C,F,global,0,so,99,9,4000,0.06700578910324466,0.0872906196844903,0.02028483058124564,0.01954490975356725,0.021021763448051217,-30.27325079328611,-31.97571610386097,-28.681602715834526
C,F,global,0,sst,99,9,4000,0.0,0.0,0.0,0.0,0.0,,,
C,F,global,0,thetao,99,9,4000,0.06299906257867757,0.08718631196717018,0.024187249388492607,0.023287784328803584,0.025177663156794886,-38.393030623726986,-41.088125614153036,-35.99803952958211
C,F,global,0,ts,99,9,4000,0.06503329016411759,0.08723848141542542,0.022205191251307835,0.02141246909091815,0.023020933050488114,-34.14434545026241,-36.25536877711873,-32.26292918829426
C,F,global,0,uo,99,9,4000,0.44016664560264807,0.5070876338824991,0.06692098827985105,0.065309777492466,0.0688404830693006,-15.203557322756044,-15.705707838882804,-14.750448404749465
C,F,global,0,vo,99,9,4000,0.4407884348592112,0.5389931401832206,0.09820470532400943,0.09683694903591672,0.09939996284426485,-22.27932893824136,-22.57031341430415,-21.905831010097945
C,F,global,0,zos,99,9,4000,0.0,0.0,0.0,0.0,0.0,,,
C,F,global,5,so,99,9,4000,0.06800732510067674,0.08656063666023686,0.018553311559560123,0.017822438316078337,0.0192766588086805,-27.28134290253903,-28.848447400630466,-25.79335948764584
C,F,global,5,sst,99,9,4000,0.02349819001443789,0.030598891782426065,0.007100701767988174,0.006932280017658756,0.007292148775171696,-30.218079620708327,-31.114907932193876,-29.487949011867794
C,F,global,5,thetao,99,9,4000,0.06364381856897423,0.08637097268807353,0.0227271541190993,0.02185786124846836,0.023695025955052285,-35.709915951175454,-38.24849826063024,-33.47719593658393
C,F,global,5,ts,99,9,4000,0.06586171843107969,0.08646585667796707,0.02060413824688738,0.019832130240680056,0.02141243149420806,-31.283936614026196,-33.23360540898658,-29.54707973279725
C,F,global,5,uo,99,9,4000,0.44365634263974896,0.4982351629971718,0.05457882035742284,0.05306859802528209,0.056176033831690474,-12.302048931089239,-12.750105217380773,-11.859169062800552
C,F,global,5,vo,99,9,4000,0.45256849753173606,0.5397816511705512,0.08721315363881516,0.08564715166923849,0.0886154909133182,-19.27070799546744,-19.631807891366535,-18.82306303695191
C,F,global,5,zos,99,9,4000,0.030926686855312812,0.033351404821632236,0.0024247179663194236,0.0020812158421656328,0.002787199136181872,-7.8402124924121575,-9.1296254915907,-6.603610615904542
C,F,global,10,so,99,9,4000,0.06856661300246852,0.08626481550368444,0.017698202501215912,0.016981634754438223,0.018408338067492844,-25.811691326475096,-27.303956399753996,-24.396788257945097
C,F,global,10,sst,99,9,4000,0.02922712354871739,0.035219326891354034,0.005992203342636643,0.005794470400304234,0.006211331898516638,-20.502200063063025,-21.30320283021441,-19.78547098317837
C,F,global,10,thetao,99,9,4000,0.06449107219872514,0.08636891269709761,0.021877840498372464,0.021035019215115483,0.022812975496701113,-33.92382814005215,-36.30358505771267,-31.85252136426107
C,F,global,10,ts,99,9,4000,0.06656004361466215,0.08631687979289909,0.01975683617823694,0.019003027257245363,0.02054095409429385,-29.682727211862602,-31.525591577393318,-28.06039682778552
C,F,global,10,uo,99,9,4000,0.45591470609728196,0.5029232905114989,0.0470085844142169,0.04553589261750011,0.04845506042732182,-10.310828711058573,-10.69621072670509,-9.902623181649755
C,F,global,10,vo,99,9,4000,0.48016540735158386,0.5515684350348825,0.07140302768329865,0.06999483639869772,0.07260756276108517,-14.870506410932748,-15.171213673812225,-14.516134774658497
C,F,global,10,zos,99,9,4000,0.03477214513266844,0.03749876665964895,0.0027266215269805064,0.00255789198851491,0.0029211482782306977,-7.841395797059536,-8.341449320322598,-7.418725921975465
C,F,global,15,so,99,9,4000,0.06946002540450669,0.0862289389482677,0.01676891354376102,0.016070701015496083,0.01745821701201425,-24.14181890390299,-25.531526309989523,-22.803078107956622
C,F,global,15,sst,99,9,4000,0.03433544242799463,0.03893796458437562,0.004602522156380996,0.004437369213368756,0.004785523334755669,-13.404580896352257,-13.894492263653744,-12.968590855437728
C,F,global,15,thetao,99,9,4000,0.06570168247781555,0.08662441781268031,0.02092273533486476,0.020107774571849365,0.021815175665082138,-31.84505258587467,-34.05733751406995,-29.950889493170433
C,F,global,15,ts,99,9,4000,0.0676069752673879,0.08642690458858827,0.01881992932120037,0.018094604737323168,0.01958153934825305,-27.83725976020508,-29.555266240639828,-26.322047979787317
C,F,global,15,uo,99,9,4000,0.4692948799365305,0.5097262746179548,0.040431394681424315,0.03906237508286025,0.04186148662203669,-8.615349625568559,-8.9649542352746,-8.261281777836606
C,F,global,15,vo,99,9,4000,0.5058654535212018,0.564283565178865,0.058418111657663196,0.05709547495149804,0.05952767559856604,-11.548152033515912,-11.810268590409427,-11.243454344959089
C,F,global,15,zos,99,9,4000,0.039051929883683265,0.04239046927698783,0.003338539393304564,0.003161345383446941,0.0035457622040101686,-8.548974156330935,-9.26053717952695,-7.956293500198652
C,F,global,20,so,99,9,4000,0.07027749191690522,0.0862552472406579,0.015977755323752688,0.015284944862301775,0.016660105813013977,-22.735238392748116,-24.041951082414105,-21.46542221864797
C,F,global,20,sst,99,9,4000,0.03807245290034428,0.042074272127952346,0.004001819227608068,0.003855449921472526,0.004151959436501794,-10.511062258276205,-10.86864191479537,-10.159890747860034
C,F,global,20,thetao,99,9,4000,0.06692934867367407,0.0869900984834176,0.020060749809743525,0.019276574248838996,0.02092095789862917,-29.973024102704592,-32.01371635982827,-28.218844098728844
C,F,global,20,ts,99,9,4000,0.06862384273710162,0.08662345210940775,0.01799960937230613,0.017291579265490475,0.018742544502120675,-26.22938129720125,-27.8262658448303,-24.797381640256834
C,F,global,20,uo,99,9,4000,0.4832454030338671,0.5193654242862874,0.03612002125242031,0.03489636191778932,0.037425074106258546,-7.474467636040583,-7.781016761893046,-7.183449141179503
C,F,global,20,vo,99,9,4000,0.5309635380556391,0.5795551638377624,0.04859162578212328,0.047354651920929886,0.049692572448031866,-9.151593715844086,-9.377245107891616,-8.893823665568778
C,F,global,20,zos,99,9,4000,0.04193936939197733,0.04547675366841014,0.0035373842764328117,0.0034051386252616682,0.0036793811862419713,-8.434519468739277,-8.84166364714911,-8.034720563872298
C,F,global,25,so,99,9,4000,0.071230290758878,0.08648292176334985,0.015252631004471842,0.014586113395127623,0.015906612491590713,-21.413124728219344,-22.61844350707839,-20.249327608245295
C,F,global,25,sst,99,9,4000,0.041231000230846034,0.044731561361141634,0.0035005611302956,0.0033657458161947713,0.003626148838446251,-8.490119353633174,-8.778357471681426,-8.189968621889664
C,F,global,25,thetao,99,9,4000,0.06830290742377602,0.08755142474088592,0.0192485173171099,0.01849740906810424,0.02006847841131114,-28.181109769874247,-30.04889839827703,-26.57922243780048
C,F,global,25,ts,99,9,4000,0.06978195140627415,0.08701881328449812,0.017236861878223972,0.016557280699843316,0.017945733332771358,-24.701031614708025,-26.166959404973138,-23.390650200984798
C,F,global,25,uo,99,9,4000,0.49637220840969,0.5288886058052802,0.0325163973955902,0.03115501138925253,0.033817646621486196,-6.550809421778148,-6.843014126465123,-6.256419641622905
C,F,global,25,vo,99,9,4000,0.5528022944068925,0.5948263215294581,0.04202402712256559,0.040529922194388265,0.04327772795694838,-7.601999403358772,-7.852779357983797,-7.297557976684789
C,F,global,25,zos,99,9,4000,0.044445770708375264,0.04818152870235235,0.0037357579939770874,0.003673940098658221,0.003806490059967888,-8.405204667253363,-8.690345420039613,-8.167966483592599
C,F,global,30,so,99,9,4000,0.07222842980859699,0.08679426984941228,0.014565840040815292,0.01392254745599938,0.015208640343589933,-20.16635288821078,-21.31654663559135,-19.054036738240512
C,F,global,30,sst,99,9,4000,0.044094636557736516,0.04730228559555087,0.0032076490378143557,0.0031071945498301647,0.0033212996090146614,-7.27446530512692,-7.494947790894616,-7.079086348812551
C,F,global,30,thetao,99,9,4000,0.0696864141020577,0.0881886804829863,0.018502266380928598,0.01777194099562981,0.019287109008306814,-26.5507511318225,-28.27354417365454,-25.08116154302235
C,F,global,30,ts,99,9,4000,0.07096880435451514,0.08749425307991049,0.016525448725395353,0.01586835230086447,0.017217283372954043,-23.285510973025115,-24.669126530259533,-22.058255689874397
C,F,global,30,uo,99,9,4000,0.5091625527078498,0.538946251886148,0.02978369917829815,0.02853848596690678,0.03106797889481572,-5.849546283382634,-6.136256414587703,-5.569070383116303
C,F,global,30,vo,99,9,4000,0.5740474114446769,0.6104294290992172,0.0363820176545403,0.03475985437584019,0.03784065622505151,-6.337807109517213,-6.616885086827595,-6.022688965099403
C,F,global,30,zos,99,9,4000,0.04698238861579393,0.05097599382344212,0.003993605207648188,0.003819232086898716,0.0041560622057721245,-8.500217475757864,-8.856493790877057,-8.09929756311633
C,F,tropics,0,so,99,9,4000,0.06602846839125588,0.08617322023379796,0.02014475184254208,0.01945938776082942,0.02092114018447176,-30.50919146446511,-32.36933100852076,-28.8938012137688
C,F,tropics,0,sst,99,9,4000,0.0,0.0,0.0,0.0,0.0,,,
C,F,tropics,0,thetao,99,9,4000,0.053910770513458196,0.08886778113105012,0.034957010617591926,0.03448923489008989,0.035407560788354754,-64.84235021064171,-66.8749293456523,-63.04077023035266
C,F,tropics,0,ts,99,9,4000,0.06027491109678151,0.08753087000772602,0.027255958910944518,0.02671606755694561,0.027838660657443216,-45.219409560273746,-47.13854295434029,-43.54264686275327
C,F,tropics,0,uo,99,9,4000,0.4844723554598387,0.5259279326210807,0.04145557716124204,0.03812635428207228,0.04439603750385518,-8.556850910903746,-9.247852173347566,-7.804124351929668
C,F,tropics,0,vo,99,9,4000,0.4852802715543244,0.5333189723422495,0.04803870078792505,0.04453241465910868,0.050928105932033264,-9.899166235227309,-10.521321388274242,-9.124232140460604
C,F,tropics,0,zos,99,9,4000,0.0,0.0,0.0,0.0,0.0,,,
C,F,tropics,5,so,99,9,4000,0.0665682630007238,0.08480511815021853,0.018236855149494732,0.017592094930196537,0.018981891423478843,-27.39572031389259,-29.11041578280039,-25.94553439795578
C,F,tropics,5,sst,99,9,4000,0.020103372648226224,0.02539356369321867,0.005290191044992447,0.005001831192221428,0.005577138271192036,-26.3149429578883,-27.72021811641043,-24.98035555308712
C,F,tropics,5,thetao,99,9,4000,0.05445513042512676,0.08756421298323966,0.0331090825581129,0.03265063732582796,0.033558413509883006,-60.80066708064602,-62.73812366202698,-59.10487020397913
C,F,tropics,5,ts,99,9,4000,0.06081403977927752,0.08619570598309022,0.0253816662038127,0.024868649342434358,0.0259472222519168,-41.73652382892929,-43.52523831202956,-40.20137301096597
C,F,tropics,5,uo,99,9,4000,0.48562336400445355,0.5200985664666848,0.03447520246223129,0.030725532758033677,0.037945656252371444,-7.099164706151817,-7.906558993499032,-6.25375277939716
C,F,tropics,5,vo,99,9,4000,0.4827895042315587,0.526846683147949,0.04405717891639033,0.04079338315872795,0.0469437095980957,-9.125546129366423,-9.747350089425655,-8.387203944432768
C,F,tropics,5,zos,99,9,4000,0.01671662642134549,0.01831767368980355,0.0016010472684580591,0.0014196222533678013,0.0017923811526389091,-9.57757401585333,-10.757038439809147,-8.437878892266898
C,F,tropics,10,so,99,9,4000,0.06698263804796209,0.08407041407233763,0.017087776024375542,0.016470827350460824,0.017807681048632604,-25.510754013808846,-27.120761253260184,-24.17630560626896
C,F,tropics,10,sst,99,9,4000,0.025213807587305584,0.029404218382282393,0.004190410794976809,0.003906032288526788,0.004500512375641991,-16.619508102721305,-17.893698118577607,-15.498381371967762
C,F,tropics,10,thetao,99,9,4000,0.05514223956785588,0.08712908038362868,0.0319868408157728,0.03153657853705953,0.03243488351983287,-58.00787393919873,-59.80150298846496,-56.45147688758033
C,F,tropics,10,ts,99,9,4000,0.061348758685172707,0.08561340774315411,0.024264649057981404,0.023766904933920138,0.02481016357276905,-39.551980476902294,-41.231482034313096,-38.11963151992975
C,F,tropics,10,uo,99,9,4000,0.49558163914615333,0.5253459282820618,0.029764289135908506,0.026380648002371037,0.032880357606408006,-6.005930564173023,-6.704461503456022,-5.284186646163927
C,F,tropics,10,vo,99,9,4000,0.4924341003553911,0.5303454802603645,0.03791137990497345,0.03538176797218055,0.04021554030973746,-7.6987722575696305,-8.192861449215076,-7.155836264151812
C,F,tropics,10,zos,99,9,4000,0.020214656841615063,0.0220196542279676,0.001804997386352536,0.001538327864195721,0.002061993252038254,-8.929151756049913,-10.399049903859565,-7.4531842910578225
C,F,tropics,15,so,99,9,4000,0.06766742463849126,0.08371557773558248,0.01604815309709122,0.01546219753665394,0.0167317426463286,-23.716216751010432,-25.200054965249166,-22.470002216501126
C,F,tropics,15,sst,99,9,4000,0.02941931970093318,0.03266104017883404,0.0032417204779008613,0.002971255530251942,0.0035438545064129107,-11.0190191712626,-12.066219199842772,-10.110900324731848
C,F,tropics,15,thetao,99,9,4000,0.05618854608870842,0.08694235852468404,0.030753812435975622,0.03030922913451974,0.031194204983330722,-54.73324116168201,-56.41988792815317,-53.29259607072633
C,F,tropics,15,ts,99,9,4000,0.06219338014921205,0.08534421966787518,0.023150839518663133,0.02267370457141675,0.023677686222503068,-37.223960915326515,-38.79458864167702,-35.90364875524795
C,F,tropics,15,uo,99,9,4000,0.503441119862314,0.529043729886831,0.025602610024517025,0.02241252446948916,0.028408671023350648,-5.085522221847727,-5.69850732021241,-4.431079330514712
C,F,tropics,15,vo,99,9,4000,0.5016099497765772,0.5342485133135438,0.03263856353696659,0.030821206700408825,0.03430500358492676,-6.506761588661503,-6.866131800259502,-6.109772209753619
C,F,tropics,15,zos,99,9,4000,0.023617611552377238,0.02603771837807583,0.002420106825698591,0.0023296913892996507,0.002533340083691743,-10.247043060774686,-10.939114516066372,-9.680196584143085
C,F,tropics,20,so,99,9,4000,0.06831618661158821,0.08346358992092531,0.015147403309337101,0.014583684638015293,0.01580159336662334,-22.17249536403092,-23.561837226202798,-21.016510865787687
C,F,tropics,20,sst,99,9,4000,0.03259112295610653,0.03542665021157432,0.00283552725546779,0.002566223768142841,0.0031013813766561835,-8.700305476698844,-9.50579593199173,-7.920984751277396
C,F,tropics,20,thetao,99,9,4000,0.05727297589204612,0.08692127543813405,0.029648299546087928,0.02922339784999367,0.03006855649157319,-51.766647505748665,-53.32013240833101,-50.44338564702988
C,F,tropics,20,ts,99,9,4000,0.06303687460796355,0.08520997290892757,0.02217309830096402,0.021708481456521992,0.022689971771847808,-35.174805919332265,-36.639510875697326,-33.955209210818786
C,F,tropics,20,uo,99,9,4000,0.5110615686408164,0.5343773470184378,0.023315778377621332,0.020018449302293805,0.026410233697676498,-4.5622249467183185,-5.211945407525435,-3.8965252714142142
C,F,tropics,20,vo,99,9,4000,0.5149950698732985,0.5423061807829196,0.027311110909621128,0.02562404103211053,0.02885212027704854,-5.303179099625233,-5.613336983622736,-4.964193993439083
C,F,tropics,20,zos,99,9,4000,0.026467108152416045,0.02902011551542325,0.0025530073630072037,0.002328728043929907,0.0027600752498603536,-9.645962635227123,-10.505325389491293,-8.725717502850602
C,F,tropics,25,so,99,9,4000,0.06908798516455228,0.08345534642507234,0.014367361260520059,0.01382556047184616,0.014991848331542764,-20.795745057986824,-22.096934321647314,-19.700228199781847
C,F,tropics,25,sst,99,9,4000,0.0351217535696148,0.037643864591886934,0.002522111022272136,0.0022637948459376875,0.002809050859099857,-7.181050961117474,-7.936634762865968,-6.49617251426016
C,F,tropics,25,thetao,99,9,4000,0.058510620373669324,0.08711262347320443,0.02860200309953511,0.028182045924285373,0.02901352933219119,-48.88343845420317,-50.31071623421388,-47.636780870629124
C,F,tropics,25,ts,99,9,4000,0.0640181317698706,0.08530358730825194,0.021285455538381334,0.020838322731492845,0.021775415613669247,-33.24910451135516,-34.626294506215174,-32.11278005267024
C,F,tropics,25,uo,99,9,4000,0.5191448647556762,0.540411739403235,0.02126687464755872,0.017784015449708177,0.02450513650653741,-4.096520276198334,-4.750663068658276,-3.411240191080342
C,F,tropics,25,vo,99,9,4000,0.5263967091455369,0.5512347803218487,0.02483807117631176,0.02276489249013136,0.02665734026071983,-4.718508065263105,-5.09023941071465,-4.3110876509629605
C,F,tropics,25,zos,99,9,4000,0.028215836397570207,0.030998580998873714,0.002782744601303507,0.002593327820432299,0.0029654275897933982,-9.86235021387898,-10.364988523627126,-9.305666599448019
C,F,tropics,30,so,99,9,4000,0.06999827637686239,0.08359942067292378,0.013601144296061393,0.013086859647030038,0.014189838254190165,-19.430684582623805,-20.660425666636858,-18.411106597715722
C,F,tropics,30,sst,99,9,4000,0.037325052079924044,0.0397355353755262,0.002410483295602159,0.002134621442769692,0.0026916603724996264,-6.458084212288839,-7.157771956701592,-5.7962065850656455
C,F,tropics,30,thetao,99,9,4000,0.05978118059527559,0.0874267388053268,0.027645558210051206,0.027226953017643357,0.028050975864864484,-46.24458388872299,-47.57682541055541,-45.06398474938528
C,F,tropics,30,ts,99,9,4000,0.065090507176917,0.08553448952026109,0.02044398234334409,0.020013562760515056,0.020913975694222427,-31.40854669910165,-32.69021955684126,-30.32505087734789
C,F,tropics,30,uo,99,9,4000,0.5263855158361851,0.5465056661940921,0.02012015035790704,0.016659222167932478,0.02353012769905614,-3.8223221864198464,-4.524412030176868,-3.1389379333001046
C,F,tropics,30,vo,99,9,4000,0.538888682910385,0.5610458535717873,0.022157170661402215,0.019735771558886363,0.024252951238773152,-4.111641488133988,-4.538029064042435,-3.635260056444399
C,F,tropics,30,zos,99,9,4000,0.03026373068983169,0.03303446517207974,0.0027707344822480474,0.0026039271579684524,0.002926492032262533,-9.155297179468324,-9.651507071169192,-8.62564230096547
