run,phase,region,mode,lead_days,variable,rmse
A-1729,observation,global,inferred_mean,0,so,0.1315658061319362
A-1729,observation,global,inferred_mean,0,thetao,0.5441049510413883
A-1729,observation,global,inferred_mean,0,uo,0.08502772885197377
A-1729,observation,global,inferred_mean,0,vo,0.0752526844863521
A-1729,observation,global,inferred_mean,5,so,0.10685683862938215
A-1729,observation,global,inferred_mean,5,thetao,0.38482995616904975
A-1729,observation,global,inferred_mean,5,uo,0.0454823690228596
A-1729,observation,global,inferred_mean,5,vo,0.03836190602957603
A-1729,observation,global,inferred_mean,15,so,0.10318452243122432
A-1729,observation,global,inferred_mean,15,thetao,0.36941317662606776
A-1729,observation,global,inferred_mean,15,uo,0.04022199178413983
A-1729,observation,global,inferred_mean,15,vo,0.03461396144007866
A-1729,observation,global,inferred_mean,30,so,0.10354739057683235
A-1729,observation,global,inferred_mean,30,thetao,0.38347344847678483
A-1729,observation,global,inferred_mean,30,uo,0.04077212902103854
A-1729,observation,global,inferred_mean,30,vo,0.03589364624864781
A-1729,observation,global,inferred_member_1,0,so,0.1315658061319362
A-1729,observation,global,inferred_member_1,0,thetao,0.5441049510413883
A-1729,observation,global,inferred_member_1,0,uo,0.08502772885197377
A-1729,observation,global,inferred_member_1,0,vo,0.0752526844863521
A-1729,observation,global,inferred_member_1,5,so,0.10685683862938215
A-1729,observation,global,inferred_member_1,5,thetao,0.38482995616904975
A-1729,observation,global,inferred_member_1,5,uo,0.0454823690228596
A-1729,observation,global,inferred_member_1,5,vo,0.03836190602957603
A-1729,observation,global,inferred_member_1,15,so,0.10318452243122432
A-1729,observation,global,inferred_member_1,15,thetao,0.36941317662606776
A-1729,observation,global,inferred_member_1,15,uo,0.04022199178413983
A-1729,observation,global,inferred_member_1,15,vo,0.03461396144007866
A-1729,observation,global,inferred_member_1,30,so,0.10354739057683235
A-1729,observation,global,inferred_member_1,30,thetao,0.38347344847678483
A-1729,observation,global,inferred_member_1,30,uo,0.04077212902103854
A-1729,observation,global,inferred_member_1,30,vo,0.03589364624864781
A-1729,observation,global,inferred_persistence,0,so,0.1315658061319362
A-1729,observation,global,inferred_persistence,0,thetao,0.5441049510413883
A-1729,observation,global,inferred_persistence,0,uo,0.08502772885197377
A-1729,observation,global,inferred_persistence,0,vo,0.0752526844863521
A-1729,observation,global,inferred_persistence,5,so,0.13342074182090077
A-1729,observation,global,inferred_persistence,5,thetao,0.5553399196603684
A-1729,observation,global,inferred_persistence,5,uo,0.0856454848623258
A-1729,observation,global,inferred_persistence,5,vo,0.07602182963752822
A-1729,observation,global,inferred_persistence,15,so,0.14079796935808125
A-1729,observation,global,inferred_persistence,15,thetao,0.6014718353357912
A-1729,observation,global,inferred_persistence,15,uo,0.08771025114122447
A-1729,observation,global,inferred_persistence,15,vo,0.0787924954766362
A-1729,observation,global,inferred_persistence,30,so,0.15533964124662022
A-1729,observation,global,inferred_persistence,30,thetao,0.7002843953500871
A-1729,observation,global,inferred_persistence,30,uo,0.09048318174400474
A-1729,observation,global,inferred_persistence,30,vo,0.08183566702312187
A-1729,observation,global,true_interior,0,so,0.0
A-1729,observation,global,true_interior,0,thetao,0.0
A-1729,observation,global,true_interior,0,uo,0.0
A-1729,observation,global,true_interior,0,vo,0.0
A-1729,observation,global,true_interior,5,so,0.05301713986191456
A-1729,observation,global,true_interior,5,thetao,0.23906064043708547
A-1729,observation,global,true_interior,5,uo,0.02812341661058396
A-1729,observation,global,true_interior,5,vo,0.028254943843471596
A-1729,observation,global,true_interior,15,so,0.07141267796771616
A-1729,observation,global,true_interior,15,thetao,0.2910352309529709
A-1729,observation,global,true_interior,15,uo,0.033013180499796825
A-1729,observation,global,true_interior,15,vo,0.03151358949897472
A-1729,observation,global,true_interior,30,so,0.08510784060632459
A-1729,observation,global,true_interior,30,thetao,0.33565923210871385
A-1729,observation,global,true_interior,30,uo,0.03715051096822318
A-1729,observation,global,true_interior,30,vo,0.03419329468928755
A-1729,observation,global,true_persistence,0,so,0.0
A-1729,observation,global,true_persistence,0,thetao,0.0
A-1729,observation,global,true_persistence,0,uo,0.0
A-1729,observation,global,true_persistence,0,vo,0.0
A-1729,observation,global,true_persistence,5,so,0.037436368503681844
A-1729,observation,global,true_persistence,5,thetao,0.13734665383601113
A-1729,observation,global,true_persistence,5,uo,0.024479998930324758
A-1729,observation,global,true_persistence,5,vo,0.0267087513668908
A-1729,observation,global,true_persistence,15,so,0.07586758151258415
A-1729,observation,global,true_persistence,15,thetao,0.3129430887420244
A-1729,observation,global,true_persistence,15,uo,0.042082302803889214
A-1729,observation,global,true_persistence,15,vo,0.04429990071411047
A-1729,observation,global,true_persistence,30,so,0.11306638636635512
A-1729,observation,global,true_persistence,30,thetao,0.513666734725917
A-1729,observation,global,true_persistence,30,uo,0.05452152392790769
A-1729,observation,global,true_persistence,30,vo,0.05172145177506147
A-1729,observation,outside_scored_latitudes,inferred_mean,0,so,0.17850118426660128
A-1729,observation,outside_scored_latitudes,inferred_mean,0,thetao,0.5463830916839613
A-1729,observation,outside_scored_latitudes,inferred_mean,0,uo,0.08973375122037791
A-1729,observation,outside_scored_latitudes,inferred_mean,0,vo,0.0833660167903494
A-1729,observation,outside_scored_latitudes,inferred_mean,5,so,0.145184919084071
A-1729,observation,outside_scored_latitudes,inferred_mean,5,thetao,0.30612007724854834
A-1729,observation,outside_scored_latitudes,inferred_mean,5,uo,0.03467568637029092
A-1729,observation,outside_scored_latitudes,inferred_mean,5,vo,0.03362048093911736
A-1729,observation,outside_scored_latitudes,inferred_mean,15,so,0.1418830165213442
A-1729,observation,outside_scored_latitudes,inferred_mean,15,thetao,0.2935793093651832
A-1729,observation,outside_scored_latitudes,inferred_mean,15,uo,0.02745917070992844
A-1729,observation,outside_scored_latitudes,inferred_mean,15,vo,0.027454512974438204
A-1729,observation,outside_scored_latitudes,inferred_mean,30,so,0.14426852884502692
A-1729,observation,outside_scored_latitudes,inferred_mean,30,thetao,0.3070147166340247
A-1729,observation,outside_scored_latitudes,inferred_mean,30,uo,0.027468526342916903
A-1729,observation,outside_scored_latitudes,inferred_mean,30,vo,0.027793925840336936
A-1729,observation,outside_scored_latitudes,inferred_member_1,0,so,0.17850118426660128
A-1729,observation,outside_scored_latitudes,inferred_member_1,0,thetao,0.5463830916839613
A-1729,observation,outside_scored_latitudes,inferred_member_1,0,uo,0.08973375122037791
A-1729,observation,outside_scored_latitudes,inferred_member_1,0,vo,0.0833660167903494
A-1729,observation,outside_scored_latitudes,inferred_member_1,5,so,0.145184919084071
A-1729,observation,outside_scored_latitudes,inferred_member_1,5,thetao,0.30612007724854834
A-1729,observation,outside_scored_latitudes,inferred_member_1,5,uo,0.03467568637029092
A-1729,observation,outside_scored_latitudes,inferred_member_1,5,vo,0.03362048093911736
A-1729,observation,outside_scored_latitudes,inferred_member_1,15,so,0.1418830165213442
A-1729,observation,outside_scored_latitudes,inferred_member_1,15,thetao,0.2935793093651832
A-1729,observation,outside_scored_latitudes,inferred_member_1,15,uo,0.02745917070992844
A-1729,observation,outside_scored_latitudes,inferred_member_1,15,vo,0.027454512974438204
A-1729,observation,outside_scored_latitudes,inferred_member_1,30,so,0.14426852884502692
A-1729,observation,outside_scored_latitudes,inferred_member_1,30,thetao,0.3070147166340247
A-1729,observation,outside_scored_latitudes,inferred_member_1,30,uo,0.027468526342916903
A-1729,observation,outside_scored_latitudes,inferred_member_1,30,vo,0.027793925840336936
A-1729,observation,outside_scored_latitudes,inferred_persistence,0,so,0.17850118426660128
A-1729,observation,outside_scored_latitudes,inferred_persistence,0,thetao,0.5463830916839613
A-1729,observation,outside_scored_latitudes,inferred_persistence,0,uo,0.08973375122037791
A-1729,observation,outside_scored_latitudes,inferred_persistence,0,vo,0.0833660167903494
A-1729,observation,outside_scored_latitudes,inferred_persistence,5,so,0.18382112061923583
A-1729,observation,outside_scored_latitudes,inferred_persistence,5,thetao,0.55444194130219
A-1729,observation,outside_scored_latitudes,inferred_persistence,5,uo,0.0900231872940498
A-1729,observation,outside_scored_latitudes,inferred_persistence,5,vo,0.08356132137686542
A-1729,observation,outside_scored_latitudes,inferred_persistence,15,so,0.2017815491026475
A-1729,observation,outside_scored_latitudes,inferred_persistence,15,thetao,0.5873552440436335
A-1729,observation,outside_scored_latitudes,inferred_persistence,15,uo,0.09012943156770492
A-1729,observation,outside_scored_latitudes,inferred_persistence,15,vo,0.084286526292154
A-1729,observation,outside_scored_latitudes,inferred_persistence,30,so,0.23998814034914517
A-1729,observation,outside_scored_latitudes,inferred_persistence,30,thetao,0.6642370904926516
A-1729,observation,outside_scored_latitudes,inferred_persistence,30,uo,0.09051228296327915
A-1729,observation,outside_scored_latitudes,inferred_persistence,30,vo,0.08506617288683913
A-1729,observation,outside_scored_latitudes,true_interior,0,so,0.0
A-1729,observation,outside_scored_latitudes,true_interior,0,thetao,0.0
A-1729,observation,outside_scored_latitudes,true_interior,0,uo,0.0
A-1729,observation,outside_scored_latitudes,true_interior,0,vo,0.0
A-1729,observation,outside_scored_latitudes,true_interior,5,so,0.07147271850053816
A-1729,observation,outside_scored_latitudes,true_interior,5,thetao,0.21681760110902207
A-1729,observation,outside_scored_latitudes,true_interior,5,uo,0.024614077743028043
A-1729,observation,outside_scored_latitudes,true_interior,5,vo,0.026157107582600998
A-1729,observation,outside_scored_latitudes,true_interior,15,so,0.09982176263634099
A-1729,observation,outside_scored_latitudes,true_interior,15,thetao,0.2564790889634845
A-1729,observation,outside_scored_latitudes,true_interior,15,uo,0.025118097338295738
A-1729,observation,outside_scored_latitudes,true_interior,15,vo,0.026089470825589964
A-1729,observation,outside_scored_latitudes,true_interior,30,so,0.1229715724960016
A-1729,observation,outside_scored_latitudes,true_interior,30,thetao,0.28879486672982835
A-1729,observation,outside_scored_latitudes,true_interior,30,uo,0.02654853272117492
A-1729,observation,outside_scored_latitudes,true_interior,30,vo,0.027451418408136502
A-1729,observation,outside_scored_latitudes,true_persistence,0,so,0.0
A-1729,observation,outside_scored_latitudes,true_persistence,0,thetao,0.0
A-1729,observation,outside_scored_latitudes,true_persistence,0,uo,0.0
A-1729,observation,outside_scored_latitudes,true_persistence,0,vo,0.0
A-1729,observation,outside_scored_latitudes,true_persistence,5,so,0.05793741036635542
A-1729,observation,outside_scored_latitudes,true_persistence,5,thetao,0.09410767622616473
A-1729,observation,outside_scored_latitudes,true_persistence,5,uo,0.015059381882765151
A-1729,observation,outside_scored_latitudes,true_persistence,5,vo,0.01575721492493568
A-1729,observation,outside_scored_latitudes,true_persistence,15,so,0.12238566106856483
A-1729,observation,outside_scored_latitudes,true_persistence,15,thetao,0.2307550428071578
A-1729,observation,outside_scored_latitudes,true_persistence,15,uo,0.02063613550295689
A-1729,observation,outside_scored_latitudes,true_persistence,15,vo,0.024698038304634188
A-1729,observation,outside_scored_latitudes,true_persistence,30,so,0.19725583556682152
A-1729,observation,outside_scored_latitudes,true_persistence,30,thetao,0.4068322744575727
A-1729,observation,outside_scored_latitudes,true_persistence,30,uo,0.02444876221484579
A-1729,observation,outside_scored_latitudes,true_persistence,30,vo,0.03030104661545465
A-1729,observation,scored_latitudes,inferred_mean,0,so,0.12460404387449098
A-1729,observation,scored_latitudes,inferred_mean,0,thetao,0.5438730301976145
A-1729,observation,scored_latitudes,inferred_mean,0,uo,0.0845930260366321
A-1729,observation,scored_latitudes,inferred_mean,0,vo,0.07435928509285858
A-1729,observation,scored_latitudes,inferred_mean,5,so,0.10108537393262841
A-1729,observation,scored_latitudes,inferred_mean,5,thetao,0.39289930416371405
A-1729,observation,scored_latitudes,inferred_mean,5,uo,0.046620521958021126
A-1729,observation,scored_latitudes,inferred_mean,5,vo,0.038896369179795116
A-1729,observation,scored_latitudes,inferred_mean,15,so,0.09729914010250851
A-1729,observation,scored_latitudes,inferred_mean,15,thetao,0.37714441789105857
A-1729,observation,scored_latitudes,inferred_mean,15,uo,0.04149179010365856
A-1729,observation,scored_latitudes,inferred_mean,15,vo,0.03539315353249971
A-1729,observation,scored_latitudes,inferred_mean,30,so,0.09730268335587072
A-1729,observation,scored_latitudes,inferred_mean,30,thetao,0.3912758402329403
A-1729,observation,scored_latitudes,inferred_mean,30,uo,0.04209142859798006
A-1729,observation,scored_latitudes,inferred_mean,30,vo,0.03676621065354303
A-1729,observation,scored_latitudes,inferred_member_1,0,so,0.12460404387449098
A-1729,observation,scored_latitudes,inferred_member_1,0,thetao,0.5438730301976145
A-1729,observation,scored_latitudes,inferred_member_1,0,uo,0.0845930260366321
A-1729,observation,scored_latitudes,inferred_member_1,0,vo,0.07435928509285858
A-1729,observation,scored_latitudes,inferred_member_1,5,so,0.10108537393262841
A-1729,observation,scored_latitudes,inferred_member_1,5,thetao,0.39289930416371405
A-1729,observation,scored_latitudes,inferred_member_1,5,uo,0.046620521958021126
A-1729,observation,scored_latitudes,inferred_member_1,5,vo,0.038896369179795116
A-1729,observation,scored_latitudes,inferred_member_1,15,so,0.09729914010250851
A-1729,observation,scored_latitudes,inferred_member_1,15,thetao,0.37714441789105857
A-1729,observation,scored_latitudes,inferred_member_1,15,uo,0.04149179010365856
A-1729,observation,scored_latitudes,inferred_member_1,15,vo,0.03539315353249971
A-1729,observation,scored_latitudes,inferred_member_1,30,so,0.09730268335587072
A-1729,observation,scored_latitudes,inferred_member_1,30,thetao,0.3912758402329403
A-1729,observation,scored_latitudes,inferred_member_1,30,uo,0.04209142859798006
A-1729,observation,scored_latitudes,inferred_member_1,30,vo,0.03676621065354303
A-1729,observation,scored_latitudes,inferred_persistence,0,so,0.12460404387449098
A-1729,observation,scored_latitudes,inferred_persistence,0,thetao,0.5438730301976145
A-1729,observation,scored_latitudes,inferred_persistence,0,uo,0.0845930260366321
A-1729,observation,scored_latitudes,inferred_persistence,0,vo,0.07435928509285858
A-1729,observation,scored_latitudes,inferred_persistence,5,so,0.12585495008669514
A-1729,observation,scored_latitudes,inferred_persistence,5,thetao,0.5554741848489128
A-1729,observation,scored_latitudes,inferred_persistence,5,uo,0.0852509477359097
A-1729,observation,scored_latitudes,inferred_persistence,5,vo,0.07520398923134622
A-1729,observation,scored_latitudes,inferred_persistence,15,so,0.1313520066916454
A-1729,observation,scored_latitudes,inferred_persistence,15,thetao,0.603113363985006
A-1729,observation,scored_latitudes,inferred_persistence,15,uo,0.08755446412673187
A-1729,observation,scored_latitudes,inferred_persistence,15,vo,0.07823464246675516
A-1729,observation,scored_latitudes,inferred_persistence,30,so,0.14142661042110496
A-1729,observation,scored_latitudes,inferred_persistence,30,thetao,0.7043883653325725
A-1729,observation,scored_latitudes,inferred_persistence,30,uo,0.09061336858375002
A-1729,observation,scored_latitudes,inferred_persistence,30,vo,0.08155718985465513
A-1729,observation,scored_latitudes,true_interior,0,so,0.0
A-1729,observation,scored_latitudes,true_interior,0,thetao,0.0
A-1729,observation,scored_latitudes,true_interior,0,uo,0.0
A-1729,observation,scored_latitudes,true_interior,0,vo,0.0
A-1729,observation,scored_latitudes,true_interior,5,so,0.050264584168817954
A-1729,observation,scored_latitudes,true_interior,5,thetao,0.2416063384918776
A-1729,observation,scored_latitudes,true_interior,5,uo,0.028521826320637263
A-1729,observation,scored_latitudes,true_interior,5,vo,0.028519529068053873
A-1729,observation,scored_latitudes,true_interior,15,so,0.06706211853516948
A-1729,observation,scored_latitudes,true_interior,15,thetao,0.29482551617406466
A-1729,observation,scored_latitudes,true_interior,15,uo,0.033850393990064835
A-1729,observation,scored_latitudes,true_interior,15,vo,0.03212596910607304
A-1729,observation,scored_latitudes,true_interior,30,so,0.07916693441312345
A-1729,observation,scored_latitudes,true_interior,30,thetao,0.3406538289140832
A-1729,observation,scored_latitudes,true_interior,30,uo,0.03823712776255631
A-1729,observation,scored_latitudes,true_interior,30,vo,0.03493843377665131
A-1729,observation,scored_latitudes,true_persistence,0,so,0.0
A-1729,observation,scored_latitudes,true_persistence,0,thetao,0.0
A-1729,observation,scored_latitudes,true_persistence,0,uo,0.0
A-1729,observation,scored_latitudes,true_persistence,0,vo,0.0
A-1729,observation,scored_latitudes,true_persistence,5,so,0.034055945216515414
A-1729,observation,scored_latitudes,true_persistence,5,thetao,0.14155558620582429
A-1729,observation,scored_latitudes,true_persistence,5,uo,0.02538731651991107
A-1729,observation,scored_latitudes,true_persistence,5,vo,0.027735616682084102
A-1729,observation,scored_latitudes,true_persistence,15,so,0.06791917107945597
A-1729,observation,scored_latitudes,true_persistence,15,thetao,0.32114768559274504
A-1729,observation,scored_latitudes,true_persistence,15,uo,0.043956430202904226
A-1729,observation,scored_latitudes,true_persistence,15,vo,0.0460741614930859
A-1729,observation,scored_latitudes,true_persistence,30,so,0.09770623430455698
A-1729,observation,scored_latitudes,true_persistence,30,thetao,0.5247081375756537
A-1729,observation,scored_latitudes,true_persistence,30,uo,0.05706774208217729
A-1729,observation,scored_latitudes,true_persistence,30,vo,0.053693001440045095
A-1729,om4,global,inferred_mean,0,so,0.08510669001800138
A-1729,om4,global,inferred_mean,0,thetao,0.2955500677263351
A-1729,om4,global,inferred_mean,0,uo,0.028516300413643968
A-1729,om4,global,inferred_mean,0,vo,0.025598262130923068
A-1729,om4,global,inferred_mean,5,so,0.08635921941133577
A-1729,om4,global,inferred_mean,5,thetao,0.30985567231179906
A-1729,om4,global,inferred_mean,5,uo,0.03174381770881054
A-1729,om4,global,inferred_mean,5,vo,0.029721637171077002
A-1729,om4,global,inferred_mean,15,so,0.09139427157296458
A-1729,om4,global,inferred_mean,15,thetao,0.3348328549682882
A-1729,om4,global,inferred_mean,15,uo,0.03445158714816907
A-1729,om4,global,inferred_mean,15,vo,0.03205784798480705
A-1729,om4,global,inferred_mean,30,so,0.09672235503298106
A-1729,om4,global,inferred_mean,30,thetao,0.3626253607241086
A-1729,om4,global,inferred_mean,30,uo,0.03727821007335832
A-1729,om4,global,inferred_mean,30,vo,0.03414310331379555
A-1729,om4,global,inferred_member_1,0,so,0.08510669001800138
A-1729,om4,global,inferred_member_1,0,thetao,0.2955500677263351
A-1729,om4,global,inferred_member_1,0,uo,0.028516300413643968
A-1729,om4,global,inferred_member_1,0,vo,0.025598262130923068
A-1729,om4,global,inferred_member_1,5,so,0.08635921941133577
A-1729,om4,global,inferred_member_1,5,thetao,0.30985567231179906
A-1729,om4,global,inferred_member_1,5,uo,0.03174381770881054
A-1729,om4,global,inferred_member_1,5,vo,0.029721637171077002
A-1729,om4,global,inferred_member_1,15,so,0.09139427157296458
A-1729,om4,global,inferred_member_1,15,thetao,0.3348328549682882
A-1729,om4,global,inferred_member_1,15,uo,0.03445158714816907
A-1729,om4,global,inferred_member_1,15,vo,0.03205784798480705
A-1729,om4,global,inferred_member_1,30,so,0.09672235503298106
A-1729,om4,global,inferred_member_1,30,thetao,0.3626253607241086
A-1729,om4,global,inferred_member_1,30,uo,0.03727821007335832
A-1729,om4,global,inferred_member_1,30,vo,0.03414310331379555
A-1729,om4,global,inferred_persistence,0,so,0.08510669001800138
A-1729,om4,global,inferred_persistence,0,thetao,0.2955500677263351
A-1729,om4,global,inferred_persistence,0,uo,0.028516300413643968
A-1729,om4,global,inferred_persistence,0,vo,0.025598262130923068
A-1729,om4,global,inferred_persistence,5,so,0.08964112971536935
A-1729,om4,global,inferred_persistence,5,thetao,0.32505789369503113
A-1729,om4,global,inferred_persistence,5,uo,0.03434867496183196
A-1729,om4,global,inferred_persistence,5,vo,0.03225549148480181
A-1729,om4,global,inferred_persistence,15,so,0.10411874317783575
A-1729,om4,global,inferred_persistence,15,thetao,0.4150187914267118
A-1729,om4,global,inferred_persistence,15,uo,0.04438064498345433
A-1729,om4,global,inferred_persistence,15,vo,0.04289502269428485
A-1729,om4,global,inferred_persistence,30,so,0.1285573208574099
A-1729,om4,global,inferred_persistence,30,thetao,0.5699948319303197
A-1729,om4,global,inferred_persistence,30,uo,0.05374748259271551
A-1729,om4,global,inferred_persistence,30,vo,0.049050045925161295
A-1729,om4,global,true_interior,0,so,0.0
A-1729,om4,global,true_interior,0,thetao,0.0
A-1729,om4,global,true_interior,0,uo,0.0
A-1729,om4,global,true_interior,0,vo,0.0
A-1729,om4,global,true_interior,5,so,0.05301713986191456
A-1729,om4,global,true_interior,5,thetao,0.23906064043708547
A-1729,om4,global,true_interior,5,uo,0.02812341661058396
A-1729,om4,global,true_interior,5,vo,0.028254943843471596
A-1729,om4,global,true_interior,15,so,0.07141267796771616
A-1729,om4,global,true_interior,15,thetao,0.2910352309529709
A-1729,om4,global,true_interior,15,uo,0.033013180499796825
A-1729,om4,global,true_interior,15,vo,0.03151358949897472
A-1729,om4,global,true_interior,30,so,0.08510784060632459
A-1729,om4,global,true_interior,30,thetao,0.33565923210871385
A-1729,om4,global,true_interior,30,uo,0.03715051096822318
A-1729,om4,global,true_interior,30,vo,0.03419329468928755
A-1729,om4,global,true_persistence,0,so,0.0
A-1729,om4,global,true_persistence,0,thetao,0.0
A-1729,om4,global,true_persistence,0,uo,0.0
A-1729,om4,global,true_persistence,0,vo,0.0
A-1729,om4,global,true_persistence,5,so,0.037436368503681844
A-1729,om4,global,true_persistence,5,thetao,0.13734665383601113
A-1729,om4,global,true_persistence,5,uo,0.024479998930324758
A-1729,om4,global,true_persistence,5,vo,0.0267087513668908
A-1729,om4,global,true_persistence,15,so,0.07586758151258415
A-1729,om4,global,true_persistence,15,thetao,0.3129430887420244
A-1729,om4,global,true_persistence,15,uo,0.042082302803889214
A-1729,om4,global,true_persistence,15,vo,0.04429990071411047
A-1729,om4,global,true_persistence,30,so,0.11306638636635512
A-1729,om4,global,true_persistence,30,thetao,0.513666734725917
A-1729,om4,global,true_persistence,30,uo,0.05452152392790769
A-1729,om4,global,true_persistence,30,vo,0.05172145177506147
A-1729,om4,outside_scored_latitudes,inferred_mean,0,so,0.1161286296789683
A-1729,om4,outside_scored_latitudes,inferred_mean,0,thetao,0.25288928328431276
A-1729,om4,outside_scored_latitudes,inferred_mean,0,uo,0.02126531664477882
A-1729,om4,outside_scored_latitudes,inferred_mean,0,vo,0.02059717207916659
A-1729,om4,outside_scored_latitudes,inferred_mean,5,so,0.11656343906375383
A-1729,om4,outside_scored_latitudes,inferred_mean,5,thetao,0.25823780660349166
A-1729,om4,outside_scored_latitudes,inferred_mean,5,uo,0.026047266902802926
A-1729,om4,outside_scored_latitudes,inferred_mean,5,vo,0.025959467882543042
A-1729,om4,outside_scored_latitudes,inferred_mean,15,so,0.124729871404301
A-1729,om4,outside_scored_latitudes,inferred_mean,15,thetao,0.27697353040611283
A-1729,om4,outside_scored_latitudes,inferred_mean,15,uo,0.02592308265335896
A-1729,om4,outside_scored_latitudes,inferred_mean,15,vo,0.02621668453042846
A-1729,om4,outside_scored_latitudes,inferred_mean,30,so,0.1351467672337028
A-1729,om4,outside_scored_latitudes,inferred_mean,30,thetao,0.2999237301011227
A-1729,om4,outside_scored_latitudes,inferred_mean,30,uo,0.026669703311979525
A-1729,om4,outside_scored_latitudes,inferred_mean,30,vo,0.027381969778782423
A-1729,om4,outside_scored_latitudes,inferred_member_1,0,so,0.1161286296789683
A-1729,om4,outside_scored_latitudes,inferred_member_1,0,thetao,0.25288928328431276
A-1729,om4,outside_scored_latitudes,inferred_member_1,0,uo,0.02126531664477882
A-1729,om4,outside_scored_latitudes,inferred_member_1,0,vo,0.02059717207916659
A-1729,om4,outside_scored_latitudes,inferred_member_1,5,so,0.11656343906375383
A-1729,om4,outside_scored_latitudes,inferred_member_1,5,thetao,0.25823780660349166
A-1729,om4,outside_scored_latitudes,inferred_member_1,5,uo,0.026047266902802926
A-1729,om4,outside_scored_latitudes,inferred_member_1,5,vo,0.025959467882543042
A-1729,om4,outside_scored_latitudes,inferred_member_1,15,so,0.124729871404301
A-1729,om4,outside_scored_latitudes,inferred_member_1,15,thetao,0.27697353040611283
A-1729,om4,outside_scored_latitudes,inferred_member_1,15,uo,0.02592308265335896
A-1729,om4,outside_scored_latitudes,inferred_member_1,15,vo,0.02621668453042846
A-1729,om4,outside_scored_latitudes,inferred_member_1,30,so,0.1351467672337028
A-1729,om4,outside_scored_latitudes,inferred_member_1,30,thetao,0.2999237301011227
A-1729,om4,outside_scored_latitudes,inferred_member_1,30,uo,0.026669703311979525
A-1729,om4,outside_scored_latitudes,inferred_member_1,30,vo,0.027381969778782423
A-1729,om4,outside_scored_latitudes,inferred_persistence,0,so,0.1161286296789683
A-1729,om4,outside_scored_latitudes,inferred_persistence,0,thetao,0.25288928328431276
A-1729,om4,outside_scored_latitudes,inferred_persistence,0,uo,0.02126531664477882
A-1729,om4,outside_scored_latitudes,inferred_persistence,0,vo,0.02059717207916659
A-1729,om4,outside_scored_latitudes,inferred_persistence,5,so,0.12664733329511405
A-1729,om4,outside_scored_latitudes,inferred_persistence,5,thetao,0.270124725681931
A-1729,om4,outside_scored_latitudes,inferred_persistence,5,uo,0.023217620777024873
A-1729,om4,outside_scored_latitudes,inferred_persistence,5,vo,0.02277804794729827
A-1729,om4,outside_scored_latitudes,inferred_persistence,15,so,0.1579353707795792
A-1729,om4,outside_scored_latitudes,inferred_persistence,15,thetao,0.3347005060033701
A-1729,om4,outside_scored_latitudes,inferred_persistence,15,uo,0.02497219620516371
A-1729,om4,outside_scored_latitudes,inferred_persistence,15,vo,0.027050288707756713
A-1729,om4,outside_scored_latitudes,inferred_persistence,30,so,0.2160582090468992
A-1729,om4,outside_scored_latitudes,inferred_persistence,30,thetao,0.46419935641864907
A-1729,om4,outside_scored_latitudes,inferred_persistence,30,uo,0.027078778146931354
A-1729,om4,outside_scored_latitudes,inferred_persistence,30,vo,0.030807932921905486
A-1729,om4,outside_scored_latitudes,true_interior,0,so,0.0
A-1729,om4,outside_scored_latitudes,true_interior,0,thetao,0.0
A-1729,om4,outside_scored_latitudes,true_interior,0,uo,0.0
A-1729,om4,outside_scored_latitudes,true_interior,0,vo,0.0
A-1729,om4,outside_scored_latitudes,true_interior,5,so,0.07147271850053816
A-1729,om4,outside_scored_latitudes,true_interior,5,thetao,0.21681760110902207
A-1729,om4,outside_scored_latitudes,true_interior,5,uo,0.024614077743028043
A-1729,om4,outside_scored_latitudes,true_interior,5,vo,0.026157107582600998
A-1729,om4,outside_scored_latitudes,true_interior,15,so,0.09982176263634099
A-1729,om4,outside_scored_latitudes,true_interior,15,thetao,0.2564790889634845
A-1729,om4,outside_scored_latitudes,true_interior,15,uo,0.025118097338295738
A-1729,om4,outside_scored_latitudes,true_interior,15,vo,0.026089470825589964
A-1729,om4,outside_scored_latitudes,true_interior,30,so,0.1229715724960016
A-1729,om4,outside_scored_latitudes,true_interior,30,thetao,0.28879486672982835
A-1729,om4,outside_scored_latitudes,true_interior,30,uo,0.02654853272117492
A-1729,om4,outside_scored_latitudes,true_interior,30,vo,0.027451418408136502
A-1729,om4,outside_scored_latitudes,true_persistence,0,so,0.0
A-1729,om4,outside_scored_latitudes,true_persistence,0,thetao,0.0
A-1729,om4,outside_scored_latitudes,true_persistence,0,uo,0.0
A-1729,om4,outside_scored_latitudes,true_persistence,0,vo,0.0
A-1729,om4,outside_scored_latitudes,true_persistence,5,so,0.05793741036635542
A-1729,om4,outside_scored_latitudes,true_persistence,5,thetao,0.09410767622616473
A-1729,om4,outside_scored_latitudes,true_persistence,5,uo,0.015059381882765151
A-1729,om4,outside_scored_latitudes,true_persistence,5,vo,0.01575721492493568
A-1729,om4,outside_scored_latitudes,true_persistence,15,so,0.12238566106856483
A-1729,om4,outside_scored_latitudes,true_persistence,15,thetao,0.2307550428071578
A-1729,om4,outside_scored_latitudes,true_persistence,15,uo,0.02063613550295689
A-1729,om4,outside_scored_latitudes,true_persistence,15,vo,0.024698038304634188
A-1729,om4,outside_scored_latitudes,true_persistence,30,so,0.19725583556682152
A-1729,om4,outside_scored_latitudes,true_persistence,30,thetao,0.4068322744575727
A-1729,om4,outside_scored_latitudes,true_persistence,30,uo,0.02444876221484579
A-1729,om4,outside_scored_latitudes,true_persistence,30,vo,0.03030104661545465
A-1729,om4,scored_latitudes,inferred_mean,0,so,0.08040321563246242
A-1729,om4,scored_latitudes,inferred_mean,0,thetao,0.30000081735348405
A-1729,om4,scored_latitudes,inferred_mean,0,uo,0.029243420690741893
A-1729,om4,scored_latitudes,inferred_mean,0,vo,0.026127125783942388
A-1729,om4,scored_latitudes,inferred_mean,5,so,0.08181033049694095
A-1729,om4,scored_latitudes,inferred_mean,5,thetao,0.3152434145333468
A-1729,om4,scored_latitudes,inferred_mean,5,uo,0.0323710744137439
A-1729,om4,scored_latitudes,inferred_mean,5,vo,0.030166967151177723
A-1729,om4,scored_latitudes,inferred_mean,15,so,0.08634101243615216
A-1729,om4,scored_latitudes,inferred_mean,15,thetao,0.34083514474614174
A-1729,om4,scored_latitudes,inferred_mean,15,uo,0.03534807920970185
A-1729,om4,scored_latitudes,inferred_mean,15,vo,0.03271122995687269
A-1729,om4,scored_latitudes,inferred_mean,30,so,0.09081248038155976
A-1729,om4,scored_latitudes,inferred_mean,30,thetao,0.3691027134147667
A-1729,om4,scored_latitudes,inferred_mean,30,uo,0.03836442555626619
A-1729,om4,scored_latitudes,inferred_mean,30,vo,0.03489054577665475
A-1729,om4,scored_latitudes,inferred_member_1,0,so,0.08040321563246242
A-1729,om4,scored_latitudes,inferred_member_1,0,thetao,0.30000081735348405
A-1729,om4,scored_latitudes,inferred_member_1,0,uo,0.029243420690741893
A-1729,om4,scored_latitudes,inferred_member_1,0,vo,0.026127125783942388
A-1729,om4,scored_latitudes,inferred_member_1,5,so,0.08181033049694095
A-1729,om4,scored_latitudes,inferred_member_1,5,thetao,0.3152434145333468
A-1729,om4,scored_latitudes,inferred_member_1,5,uo,0.0323710744137439
A-1729,om4,scored_latitudes,inferred_member_1,5,vo,0.030166967151177723
A-1729,om4,scored_latitudes,inferred_member_1,15,so,0.08634101243615216
A-1729,om4,scored_latitudes,inferred_member_1,15,thetao,0.34083514474614174
A-1729,om4,scored_latitudes,inferred_member_1,15,uo,0.03534807920970185
A-1729,om4,scored_latitudes,inferred_member_1,15,vo,0.03271122995687269
A-1729,om4,scored_latitudes,inferred_member_1,30,so,0.09081248038155976
A-1729,om4,scored_latitudes,inferred_member_1,30,thetao,0.3691027134147667
A-1729,om4,scored_latitudes,inferred_member_1,30,uo,0.03836442555626619
A-1729,om4,scored_latitudes,inferred_member_1,30,vo,0.03489054577665475
A-1729,om4,scored_latitudes,inferred_persistence,0,so,0.08040321563246242
A-1729,om4,scored_latitudes,inferred_persistence,0,thetao,0.30000081735348405
A-1729,om4,scored_latitudes,inferred_persistence,0,uo,0.029243420690741893
A-1729,om4,scored_latitudes,inferred_persistence,0,vo,0.026127125783942388
A-1729,om4,scored_latitudes,inferred_persistence,5,so,0.08389924855063768
A-1729,om4,scored_latitudes,inferred_persistence,5,thetao,0.33075903957604164
A-1729,om4,scored_latitudes,inferred_persistence,5,uo,0.03543637751613888
A-1729,om4,scored_latitudes,inferred_persistence,5,vo,0.03320803268036026
A-1729,om4,scored_latitudes,inferred_persistence,15,so,0.09532646215590322
A-1729,om4,scored_latitudes,inferred_persistence,15,thetao,0.42330251371885336
A-1729,om4,scored_latitudes,inferred_persistence,15,uo,0.04615425365277513
A-1729,om4,scored_latitudes,inferred_persistence,15,vo,0.04440799750914698
A-1729,om4,scored_latitudes,inferred_persistence,30,so,0.1130715972976751
A-1729,om4,scored_latitudes,inferred_persistence,30,thetao,0.5810529268626435
A-1729,om4,scored_latitudes,inferred_persistence,30,uo,0.05609686936060617
A-1729,om4,scored_latitudes,inferred_persistence,30,vo,0.05078435740110644
A-1729,om4,scored_latitudes,true_interior,0,so,0.0
A-1729,om4,scored_latitudes,true_interior,0,thetao,0.0
A-1729,om4,scored_latitudes,true_interior,0,uo,0.0
A-1729,om4,scored_latitudes,true_interior,0,vo,0.0
A-1729,om4,scored_latitudes,true_interior,5,so,0.050264584168817954
A-1729,om4,scored_latitudes,true_interior,5,thetao,0.2416063384918776
A-1729,om4,scored_latitudes,true_interior,5,uo,0.028521826320637263
A-1729,om4,scored_latitudes,true_interior,5,vo,0.028519529068053873
A-1729,om4,scored_latitudes,true_interior,15,so,0.06706211853516948
A-1729,om4,scored_latitudes,true_interior,15,thetao,0.29482551617406466
A-1729,om4,scored_latitudes,true_interior,15,uo,0.033850393990064835
A-1729,om4,scored_latitudes,true_interior,15,vo,0.03212596910607304
A-1729,om4,scored_latitudes,true_interior,30,so,0.07916693441312345
A-1729,om4,scored_latitudes,true_interior,30,thetao,0.3406538289140832
A-1729,om4,scored_latitudes,true_interior,30,uo,0.03823712776255631
A-1729,om4,scored_latitudes,true_interior,30,vo,0.03493843377665131
A-1729,om4,scored_latitudes,true_persistence,0,so,0.0
A-1729,om4,scored_latitudes,true_persistence,0,thetao,0.0
A-1729,om4,scored_latitudes,true_persistence,0,uo,0.0
A-1729,om4,scored_latitudes,true_persistence,0,vo,0.0
A-1729,om4,scored_latitudes,true_persistence,5,so,0.034055945216515414
A-1729,om4,scored_latitudes,true_persistence,5,thetao,0.14155558620582429
A-1729,om4,scored_latitudes,true_persistence,5,uo,0.02538731651991107
A-1729,om4,scored_latitudes,true_persistence,5,vo,0.027735616682084102
A-1729,om4,scored_latitudes,true_persistence,15,so,0.06791917107945597
A-1729,om4,scored_latitudes,true_persistence,15,thetao,0.32114768559274504
A-1729,om4,scored_latitudes,true_persistence,15,uo,0.043956430202904226
A-1729,om4,scored_latitudes,true_persistence,15,vo,0.0460741614930859
A-1729,om4,scored_latitudes,true_persistence,30,so,0.09770623430455698
A-1729,om4,scored_latitudes,true_persistence,30,thetao,0.5247081375756537
A-1729,om4,scored_latitudes,true_persistence,30,uo,0.05706774208217729
A-1729,om4,scored_latitudes,true_persistence,30,vo,0.053693001440045095
A-1730,observation,global,inferred_mean,0,so,0.139667032589161
A-1730,observation,global,inferred_mean,0,thetao,0.5570653822388982
A-1730,observation,global,inferred_mean,0,uo,0.08329253972274202
A-1730,observation,global,inferred_mean,0,vo,0.07074930159329447
A-1730,observation,global,inferred_mean,5,so,0.10545749501559112
A-1730,observation,global,inferred_mean,5,thetao,0.410177526036527
A-1730,observation,global,inferred_mean,5,uo,0.04505849563639122
A-1730,observation,global,inferred_mean,5,vo,0.037931142669974056
A-1730,observation,global,inferred_mean,15,so,0.10266470472962878
A-1730,observation,global,inferred_mean,15,thetao,0.3783661747176154
A-1730,observation,global,inferred_mean,15,uo,0.040131933330422954
A-1730,observation,global,inferred_mean,15,vo,0.034529053166660564
A-1730,observation,global,inferred_mean,30,so,0.10361425602427865
A-1730,observation,global,inferred_mean,30,thetao,0.3852534847716352
A-1730,observation,global,inferred_mean,30,uo,0.04058632157770176
A-1730,observation,global,inferred_mean,30,vo,0.035707905520126766
A-1730,observation,global,inferred_member_1,0,so,0.139667032589161
A-1730,observation,global,inferred_member_1,0,thetao,0.5570653822388982
A-1730,observation,global,inferred_member_1,0,uo,0.08329253972274202
A-1730,observation,global,inferred_member_1,0,vo,0.07074930159329447
A-1730,observation,global,inferred_member_1,5,so,0.10545749501559112
A-1730,observation,global,inferred_member_1,5,thetao,0.410177526036527
A-1730,observation,global,inferred_member_1,5,uo,0.04505849563639122
A-1730,observation,global,inferred_member_1,5,vo,0.037931142669974056
A-1730,observation,global,inferred_member_1,15,so,0.10266470472962878
A-1730,observation,global,inferred_member_1,15,thetao,0.3783661747176154
A-1730,observation,global,inferred_member_1,15,uo,0.040131933330422954
A-1730,observation,global,inferred_member_1,15,vo,0.034529053166660564
A-1730,observation,global,inferred_member_1,30,so,0.10361425602427865
A-1730,observation,global,inferred_member_1,30,thetao,0.3852534847716352
A-1730,observation,global,inferred_member_1,30,uo,0.04058632157770176
A-1730,observation,global,inferred_member_1,30,vo,0.035707905520126766
A-1730,observation,global,inferred_persistence,0,so,0.139667032589161
A-1730,observation,global,inferred_persistence,0,thetao,0.5570653822388982
A-1730,observation,global,inferred_persistence,0,uo,0.08329253972274202
A-1730,observation,global,inferred_persistence,0,vo,0.07074930159329447
A-1730,observation,global,inferred_persistence,5,so,0.1416045703687425
A-1730,observation,global,inferred_persistence,5,thetao,0.5646218859102392
A-1730,observation,global,inferred_persistence,5,uo,0.08411485226688305
A-1730,observation,global,inferred_persistence,5,vo,0.07173070220279724
A-1730,observation,global,inferred_persistence,15,so,0.1486459436898374
A-1730,observation,global,inferred_persistence,15,thetao,0.6036402042068065
A-1730,observation,global,inferred_persistence,15,uo,0.08654825529589767
A-1730,observation,global,inferred_persistence,15,vo,0.07493423005725033
A-1730,observation,global,inferred_persistence,30,so,0.16284503830866953
A-1730,observation,global,inferred_persistence,30,thetao,0.6930872028089449
A-1730,observation,global,inferred_persistence,30,uo,0.08985492556015941
A-1730,observation,global,inferred_persistence,30,vo,0.07814063479747924
A-1730,observation,global,true_interior,0,so,0.0
A-1730,observation,global,true_interior,0,thetao,0.0
A-1730,observation,global,true_interior,0,uo,0.0
A-1730,observation,global,true_interior,0,vo,0.0
A-1730,observation,global,true_interior,5,so,0.05301713986191456
A-1730,observation,global,true_interior,5,thetao,0.23906064043708547
A-1730,observation,global,true_interior,5,uo,0.02812341661058396
A-1730,observation,global,true_interior,5,vo,0.028254943843471596
A-1730,observation,global,true_interior,15,so,0.07141267796771616
A-1730,observation,global,true_interior,15,thetao,0.2910352309529709
A-1730,observation,global,true_interior,15,uo,0.033013180499796825
A-1730,observation,global,true_interior,15,vo,0.03151358949897472
A-1730,observation,global,true_interior,30,so,0.08510784060632459
A-1730,observation,global,true_interior,30,thetao,0.33565923210871385
A-1730,observation,global,true_interior,30,uo,0.03715051096822318
A-1730,observation,global,true_interior,30,vo,0.03419329468928755
A-1730,observation,global,true_persistence,0,so,0.0
A-1730,observation,global,true_persistence,0,thetao,0.0
A-1730,observation,global,true_persistence,0,uo,0.0
A-1730,observation,global,true_persistence,0,vo,0.0
A-1730,observation,global,true_persistence,5,so,0.037436368503681844
A-1730,observation,global,true_persistence,5,thetao,0.13734665383601113
A-1730,observation,global,true_persistence,5,uo,0.024479998930324758
A-1730,observation,global,true_persistence,5,vo,0.0267087513668908
A-1730,observation,global,true_persistence,15,so,0.07586758151258415
A-1730,observation,global,true_persistence,15,thetao,0.3129430887420244
A-1730,observation,global,true_persistence,15,uo,0.042082302803889214
A-1730,observation,global,true_persistence,15,vo,0.04429990071411047
A-1730,observation,global,true_persistence,30,so,0.11306638636635512
A-1730,observation,global,true_persistence,30,thetao,0.513666734725917
A-1730,observation,global,true_persistence,30,uo,0.05452152392790769
A-1730,observation,global,true_persistence,30,vo,0.05172145177506147
A-1730,observation,outside_scored_latitudes,inferred_mean,0,so,0.20133951096915575
A-1730,observation,outside_scored_latitudes,inferred_mean,0,thetao,0.5581859324390085
A-1730,observation,outside_scored_latitudes,inferred_mean,0,uo,0.08642017754714768
A-1730,observation,outside_scored_latitudes,inferred_mean,0,vo,0.07442270777419631
A-1730,observation,outside_scored_latitudes,inferred_mean,5,so,0.14950706809169279
A-1730,observation,outside_scored_latitudes,inferred_mean,5,thetao,0.3395119094602238
A-1730,observation,outside_scored_latitudes,inferred_mean,5,uo,0.035015891877778496
A-1730,observation,outside_scored_latitudes,inferred_mean,5,vo,0.03336786965617914
A-1730,observation,outside_scored_latitudes,inferred_mean,15,so,0.1437708461630868
A-1730,observation,outside_scored_latitudes,inferred_mean,15,thetao,0.3051261714304358
A-1730,observation,outside_scored_latitudes,inferred_mean,15,uo,0.027834157846720862
A-1730,observation,outside_scored_latitudes,inferred_mean,15,vo,0.027573624562160084
A-1730,observation,outside_scored_latitudes,inferred_mean,30,so,0.14521000670556183
A-1730,observation,outside_scored_latitudes,inferred_mean,30,thetao,0.3126906565820791
A-1730,observation,outside_scored_latitudes,inferred_mean,30,uo,0.02752217145026981
A-1730,observation,outside_scored_latitudes,inferred_mean,30,vo,0.027952449164760865
A-1730,observation,outside_scored_latitudes,inferred_member_1,0,so,0.20133951096915575
A-1730,observation,outside_scored_latitudes,inferred_member_1,0,thetao,0.5581859324390085
A-1730,observation,outside_scored_latitudes,inferred_member_1,0,uo,0.08642017754714768
A-1730,observation,outside_scored_latitudes,inferred_member_1,0,vo,0.07442270777419631
A-1730,observation,outside_scored_latitudes,inferred_member_1,5,so,0.14950706809169279
A-1730,observation,outside_scored_latitudes,inferred_member_1,5,thetao,0.3395119094602238
A-1730,observation,outside_scored_latitudes,inferred_member_1,5,uo,0.035015891877778496
A-1730,observation,outside_scored_latitudes,inferred_member_1,5,vo,0.03336786965617914
A-1730,observation,outside_scored_latitudes,inferred_member_1,15,so,0.1437708461630868
A-1730,observation,outside_scored_latitudes,inferred_member_1,15,thetao,0.3051261714304358
A-1730,observation,outside_scored_latitudes,inferred_member_1,15,uo,0.027834157846720862
A-1730,observation,outside_scored_latitudes,inferred_member_1,15,vo,0.027573624562160084
A-1730,observation,outside_scored_latitudes,inferred_member_1,30,so,0.14521000670556183
A-1730,observation,outside_scored_latitudes,inferred_member_1,30,thetao,0.3126906565820791
A-1730,observation,outside_scored_latitudes,inferred_member_1,30,uo,0.02752217145026981
A-1730,observation,outside_scored_latitudes,inferred_member_1,30,vo,0.027952449164760865
A-1730,observation,outside_scored_latitudes,inferred_persistence,0,so,0.20133951096915575
A-1730,observation,outside_scored_latitudes,inferred_persistence,0,thetao,0.5581859324390085
A-1730,observation,outside_scored_latitudes,inferred_persistence,0,uo,0.08642017754714768
A-1730,observation,outside_scored_latitudes,inferred_persistence,0,vo,0.07442270777419631
A-1730,observation,outside_scored_latitudes,inferred_persistence,5,so,0.20744522168097593
A-1730,observation,outside_scored_latitudes,inferred_persistence,5,thetao,0.5634937843992543
A-1730,observation,outside_scored_latitudes,inferred_persistence,5,uo,0.0866784138439297
A-1730,observation,outside_scored_latitudes,inferred_persistence,5,vo,0.07488505726755838
A-1730,observation,outside_scored_latitudes,inferred_persistence,15,so,0.22512033419863817
A-1730,observation,outside_scored_latitudes,inferred_persistence,15,thetao,0.5895584985366523
A-1730,observation,outside_scored_latitudes,inferred_persistence,15,uo,0.08709500475911759
A-1730,observation,outside_scored_latitudes,inferred_persistence,15,vo,0.07569800343080084
A-1730,observation,outside_scored_latitudes,inferred_persistence,30,so,0.2622103344909514
A-1730,observation,outside_scored_latitudes,inferred_persistence,30,thetao,0.6568920267304698
A-1730,observation,outside_scored_latitudes,inferred_persistence,30,uo,0.08738262989340145
A-1730,observation,outside_scored_latitudes,inferred_persistence,30,vo,0.07644993333570042
A-1730,observation,outside_scored_latitudes,true_interior,0,so,0.0
A-1730,observation,outside_scored_latitudes,true_interior,0,thetao,0.0
A-1730,observation,outside_scored_latitudes,true_interior,0,uo,0.0
A-1730,observation,outside_scored_latitudes,true_interior,0,vo,0.0
A-1730,observation,outside_scored_latitudes,true_interior,5,so,0.07147271850053816
A-1730,observation,outside_scored_latitudes,true_interior,5,thetao,0.21681760110902207
A-1730,observation,outside_scored_latitudes,true_interior,5,uo,0.024614077743028043
A-1730,observation,outside_scored_latitudes,true_interior,5,vo,0.026157107582600998
A-1730,observation,outside_scored_latitudes,true_interior,15,so,0.09982176263634099
A-1730,observation,outside_scored_latitudes,true_interior,15,thetao,0.2564790889634845
A-1730,observation,outside_scored_latitudes,true_interior,15,uo,0.025118097338295738
A-1730,observation,outside_scored_latitudes,true_interior,15,vo,0.026089470825589964
A-1730,observation,outside_scored_latitudes,true_interior,30,so,0.1229715724960016
A-1730,observation,outside_scored_latitudes,true_interior,30,thetao,0.28879486672982835
A-1730,observation,outside_scored_latitudes,true_interior,30,uo,0.02654853272117492
A-1730,observation,outside_scored_latitudes,true_interior,30,vo,0.027451418408136502
A-1730,observation,outside_scored_latitudes,true_persistence,0,so,0.0
A-1730,observation,outside_scored_latitudes,true_persistence,0,thetao,0.0
A-1730,observation,outside_scored_latitudes,true_persistence,0,uo,0.0
A-1730,observation,outside_scored_latitudes,true_persistence,0,vo,0.0
A-1730,observation,outside_scored_latitudes,true_persistence,5,so,0.05793741036635542
A-1730,observation,outside_scored_latitudes,true_persistence,5,thetao,0.09410767622616473
A-1730,observation,outside_scored_latitudes,true_persistence,5,uo,0.015059381882765151
A-1730,observation,outside_scored_latitudes,true_persistence,5,vo,0.01575721492493568
A-1730,observation,outside_scored_latitudes,true_persistence,15,so,0.12238566106856483
A-1730,observation,outside_scored_latitudes,true_persistence,15,thetao,0.2307550428071578
A-1730,observation,outside_scored_latitudes,true_persistence,15,uo,0.02063613550295689
A-1730,observation,outside_scored_latitudes,true_persistence,15,vo,0.024698038304634188
A-1730,observation,outside_scored_latitudes,true_persistence,30,so,0.19725583556682152
A-1730,observation,outside_scored_latitudes,true_persistence,30,thetao,0.4068322744575727
A-1730,observation,outside_scored_latitudes,true_persistence,30,uo,0.02444876221484579
A-1730,observation,outside_scored_latitudes,true_persistence,30,vo,0.03030104661545465
A-1730,observation,scored_latitudes,inferred_mean,0,so,0.1301020664321176
A-1730,observation,scored_latitudes,inferred_mean,0,thetao,0.5565531151584404
A-1730,observation,scored_latitudes,inferred_mean,0,uo,0.08285071870732648
A-1730,observation,scored_latitudes,inferred_mean,0,vo,0.07021134634363947
A-1730,observation,scored_latitudes,inferred_mean,5,so,0.09863301887941878
A-1730,observation,scored_latitudes,inferred_mean,5,thetao,0.417538566080761
A-1730,observation,scored_latitudes,inferred_mean,5,uo,0.0461204128270449
A-1730,observation,scored_latitudes,inferred_mean,5,vo,0.03844323551174045
A-1730,observation,scored_latitudes,inferred_mean,15,so,0.09633839594674264
A-1730,observation,scored_latitudes,inferred_mean,15,thetao,0.38590333100705565
A-1730,observation,scored_latitudes,inferred_mean,15,uo,0.04137047830327503
A-1730,observation,scored_latitudes,inferred_mean,15,vo,0.03528763378876169
A-1730,observation,scored_latitudes,inferred_mean,30,so,0.09720891179314575
A-1730,observation,scored_latitudes,inferred_mean,30,thetao,0.3926923278886709
A-1730,observation,scored_latitudes,inferred_mean,30,uo,0.04188853352621978
A-1730,observation,scored_latitudes,inferred_mean,30,vo,0.0365499991383458
A-1730,observation,scored_latitudes,inferred_member_1,0,so,0.1301020664321176
A-1730,observation,scored_latitudes,inferred_member_1,0,thetao,0.5565531151584404
A-1730,observation,scored_latitudes,inferred_member_1,0,uo,0.08285071870732648
A-1730,observation,scored_latitudes,inferred_member_1,0,vo,0.07021134634363947
A-1730,observation,scored_latitudes,inferred_member_1,5,so,0.09863301887941878
A-1730,observation,scored_latitudes,inferred_member_1,5,thetao,0.417538566080761
A-1730,observation,scored_latitudes,inferred_member_1,5,uo,0.0461204128270449
A-1730,observation,scored_latitudes,inferred_member_1,5,vo,0.03844323551174045
A-1730,observation,scored_latitudes,inferred_member_1,15,so,0.09633839594674264
A-1730,observation,scored_latitudes,inferred_member_1,15,thetao,0.38590333100705565
A-1730,observation,scored_latitudes,inferred_member_1,15,uo,0.04137047830327503
A-1730,observation,scored_latitudes,inferred_member_1,15,vo,0.03528763378876169
A-1730,observation,scored_latitudes,inferred_member_1,30,so,0.09720891179314575
A-1730,observation,scored_latitudes,inferred_member_1,30,thetao,0.3926923278886709
A-1730,observation,scored_latitudes,inferred_member_1,30,uo,0.04188853352621978
A-1730,observation,scored_latitudes,inferred_member_1,30,vo,0.0365499991383458
A-1730,observation,scored_latitudes,inferred_persistence,0,so,0.1301020664321176
A-1730,observation,scored_latitudes,inferred_persistence,0,thetao,0.5565531151584404
A-1730,observation,scored_latitudes,inferred_persistence,0,uo,0.08285071870732648
A-1730,observation,scored_latitudes,inferred_persistence,0,vo,0.07021134634363947
A-1730,observation,scored_latitudes,inferred_persistence,5,so,0.13126395229622492
A-1730,observation,scored_latitudes,inferred_persistence,5,thetao,0.5643676161949281
A-1730,observation,scored_latitudes,inferred_persistence,5,uo,0.08374379470545511
A-1730,observation,scored_latitudes,inferred_persistence,5,vo,0.07125767850838166
A-1730,observation,scored_latitudes,inferred_persistence,15,so,0.13630400208631344
A-1730,observation,scored_latitudes,inferred_persistence,15,thetao,0.6048900371998651
A-1730,observation,scored_latitudes,inferred_persistence,15,uo,0.08642399110632942
A-1730,observation,scored_latitudes,inferred_persistence,15,vo,0.0747532911474531
A-1730,observation,scored_latitudes,inferred_persistence,30,so,0.14598199860315092
A-1730,observation,scored_latitudes,inferred_persistence,30,thetao,0.6968695063038794
A-1730,observation,scored_latitudes,inferred_persistence,30,uo,0.09008960748872212
A-1730,observation,scored_latitudes,inferred_persistence,30,vo,0.0782518079251078
A-1730,observation,scored_latitudes,true_interior,0,so,0.0
A-1730,observation,scored_latitudes,true_interior,0,thetao,0.0
A-1730,observation,scored_latitudes,true_interior,0,uo,0.0
A-1730,observation,scored_latitudes,true_interior,0,vo,0.0
A-1730,observation,scored_latitudes,true_interior,5,so,0.050264584168817954
A-1730,observation,scored_latitudes,true_interior,5,thetao,0.2416063384918776
A-1730,observation,scored_latitudes,true_interior,5,uo,0.028521826320637263
A-1730,observation,scored_latitudes,true_interior,5,vo,0.028519529068053873
A-1730,observation,scored_latitudes,true_interior,15,so,0.06706211853516948
A-1730,observation,scored_latitudes,true_interior,15,thetao,0.29482551617406466
A-1730,observation,scored_latitudes,true_interior,15,uo,0.033850393990064835
A-1730,observation,scored_latitudes,true_interior,15,vo,0.03212596910607304
A-1730,observation,scored_latitudes,true_interior,30,so,0.07916693441312345
A-1730,observation,scored_latitudes,true_interior,30,thetao,0.3406538289140832
A-1730,observation,scored_latitudes,true_interior,30,uo,0.03823712776255631
A-1730,observation,scored_latitudes,true_interior,30,vo,0.03493843377665131
A-1730,observation,scored_latitudes,true_persistence,0,so,0.0
A-1730,observation,scored_latitudes,true_persistence,0,thetao,0.0
A-1730,observation,scored_latitudes,true_persistence,0,uo,0.0
A-1730,observation,scored_latitudes,true_persistence,0,vo,0.0
A-1730,observation,scored_latitudes,true_persistence,5,so,0.034055945216515414
A-1730,observation,scored_latitudes,true_persistence,5,thetao,0.14155558620582429
A-1730,observation,scored_latitudes,true_persistence,5,uo,0.02538731651991107
A-1730,observation,scored_latitudes,true_persistence,5,vo,0.027735616682084102
A-1730,observation,scored_latitudes,true_persistence,15,so,0.06791917107945597
A-1730,observation,scored_latitudes,true_persistence,15,thetao,0.32114768559274504
A-1730,observation,scored_latitudes,true_persistence,15,uo,0.043956430202904226
A-1730,observation,scored_latitudes,true_persistence,15,vo,0.0460741614930859
A-1730,observation,scored_latitudes,true_persistence,30,so,0.09770623430455698
A-1730,observation,scored_latitudes,true_persistence,30,thetao,0.5247081375756537
A-1730,observation,scored_latitudes,true_persistence,30,uo,0.05706774208217729
A-1730,observation,scored_latitudes,true_persistence,30,vo,0.053693001440045095
A-1730,om4,global,inferred_mean,0,so,0.088265201631862
A-1730,om4,global,inferred_mean,0,thetao,0.30279802402003236
A-1730,om4,global,inferred_mean,0,uo,0.029253266931120642
A-1730,om4,global,inferred_mean,0,vo,0.025883877451736734
A-1730,om4,global,inferred_mean,5,so,0.08754746706285108
A-1730,om4,global,inferred_mean,5,thetao,0.3122156887831368
A-1730,om4,global,inferred_mean,5,uo,0.03205767460322757
A-1730,om4,global,inferred_mean,5,vo,0.02980633810514471
A-1730,om4,global,inferred_mean,15,so,0.09194385483834244
A-1730,om4,global,inferred_mean,15,thetao,0.3356611422614817
A-1730,om4,global,inferred_mean,15,uo,0.03464825621313232
A-1730,om4,global,inferred_mean,15,vo,0.03217749515056229
A-1730,om4,global,inferred_mean,30,so,0.09694069615893225
A-1730,om4,global,inferred_mean,30,thetao,0.3620058235036814
A-1730,om4,global,inferred_mean,30,uo,0.037432424479349045
A-1730,om4,global,inferred_mean,30,vo,0.03418848288162884
A-1730,om4,global,inferred_member_1,0,so,0.088265201631862
A-1730,om4,global,inferred_member_1,0,thetao,0.30279802402003236
A-1730,om4,global,inferred_member_1,0,uo,0.029253266931120642
A-1730,om4,global,inferred_member_1,0,vo,0.025883877451736734
A-1730,om4,global,inferred_member_1,5,so,0.08754746706285108
A-1730,om4,global,inferred_member_1,5,thetao,0.3122156887831368
A-1730,om4,global,inferred_member_1,5,uo,0.03205767460322757
A-1730,om4,global,inferred_member_1,5,vo,0.02980633810514471
A-1730,om4,global,inferred_member_1,15,so,0.09194385483834244
A-1730,om4,global,inferred_member_1,15,thetao,0.3356611422614817
A-1730,om4,global,inferred_member_1,15,uo,0.03464825621313232
A-1730,om4,global,inferred_member_1,15,vo,0.03217749515056229
A-1730,om4,global,inferred_member_1,30,so,0.09694069615893225
A-1730,om4,global,inferred_member_1,30,thetao,0.3620058235036814
A-1730,om4,global,inferred_member_1,30,uo,0.037432424479349045
A-1730,om4,global,inferred_member_1,30,vo,0.03418848288162884
A-1730,om4,global,inferred_persistence,0,so,0.088265201631862
A-1730,om4,global,inferred_persistence,0,thetao,0.30279802402003236
A-1730,om4,global,inferred_persistence,0,uo,0.029253266931120642
A-1730,om4,global,inferred_persistence,0,vo,0.025883877451736734
A-1730,om4,global,inferred_persistence,5,so,0.0923206336562533
A-1730,om4,global,inferred_persistence,5,thetao,0.3320050292937288
A-1730,om4,global,inferred_persistence,5,uo,0.03486268720615523
A-1730,om4,global,inferred_persistence,5,vo,0.032425244561085684
A-1730,om4,global,inferred_persistence,15,so,0.10568914104393541
A-1730,om4,global,inferred_persistence,15,thetao,0.42042984843065595
A-1730,om4,global,inferred_persistence,15,uo,0.04459347281175232
A-1730,om4,global,inferred_persistence,15,vo,0.042848121353012185
A-1730,om4,global,inferred_persistence,30,so,0.1289189939779064
A-1730,om4,global,inferred_persistence,30,thetao,0.5726570122031536
A-1730,om4,global,inferred_persistence,30,uo,0.05381484523690032
A-1730,om4,global,inferred_persistence,30,vo,0.0489530196624488
A-1730,om4,global,true_interior,0,so,0.0
A-1730,om4,global,true_interior,0,thetao,0.0
A-1730,om4,global,true_interior,0,uo,0.0
A-1730,om4,global,true_interior,0,vo,0.0
A-1730,om4,global,true_interior,5,so,0.05301713986191456
A-1730,om4,global,true_interior,5,thetao,0.23906064043708547
A-1730,om4,global,true_interior,5,uo,0.02812341661058396
A-1730,om4,global,true_interior,5,vo,0.028254943843471596
A-1730,om4,global,true_interior,15,so,0.07141267796771616
A-1730,om4,global,true_interior,15,thetao,0.2910352309529709
A-1730,om4,global,true_interior,15,uo,0.033013180499796825
A-1730,om4,global,true_interior,15,vo,0.03151358949897472
A-1730,om4,global,true_interior,30,so,0.08510784060632459
A-1730,om4,global,true_interior,30,thetao,0.33565923210871385
A-1730,om4,global,true_interior,30,uo,0.03715051096822318
A-1730,om4,global,true_interior,30,vo,0.03419329468928755
A-1730,om4,global,true_persistence,0,so,0.0
A-1730,om4,global,true_persistence,0,thetao,0.0
A-1730,om4,global,true_persistence,0,uo,0.0
A-1730,om4,global,true_persistence,0,vo,0.0
A-1730,om4,global,true_persistence,5,so,0.037436368503681844
A-1730,om4,global,true_persistence,5,thetao,0.13734665383601113
A-1730,om4,global,true_persistence,5,uo,0.024479998930324758
A-1730,om4,global,true_persistence,5,vo,0.0267087513668908
A-1730,om4,global,true_persistence,15,so,0.07586758151258415
A-1730,om4,global,true_persistence,15,thetao,0.3129430887420244
A-1730,om4,global,true_persistence,15,uo,0.042082302803889214
A-1730,om4,global,true_persistence,15,vo,0.04429990071411047
A-1730,om4,global,true_persistence,30,so,0.11306638636635512
A-1730,om4,global,true_persistence,30,thetao,0.513666734725917
A-1730,om4,global,true_persistence,30,uo,0.05452152392790769
A-1730,om4,global,true_persistence,30,vo,0.05172145177506147
A-1730,om4,outside_scored_latitudes,inferred_mean,0,so,0.12541918748414108
A-1730,om4,outside_scored_latitudes,inferred_mean,0,thetao,0.271516861940266
A-1730,om4,outside_scored_latitudes,inferred_mean,0,uo,0.02178628027610682
A-1730,om4,outside_scored_latitudes,inferred_mean,0,vo,0.021145086920482857
A-1730,om4,outside_scored_latitudes,inferred_mean,5,so,0.11970960381173758
A-1730,om4,outside_scored_latitudes,inferred_mean,5,thetao,0.2602570436420519
A-1730,om4,outside_scored_latitudes,inferred_mean,5,uo,0.02600930006352464
A-1730,om4,outside_scored_latitudes,inferred_mean,5,vo,0.02587090607526798
A-1730,om4,outside_scored_latitudes,inferred_mean,15,so,0.12554509174644524
A-1730,om4,outside_scored_latitudes,inferred_mean,15,thetao,0.2773353720028605
A-1730,om4,outside_scored_latitudes,inferred_mean,15,uo,0.025862088340990977
A-1730,om4,outside_scored_latitudes,inferred_mean,15,vo,0.02626012675928062
A-1730,om4,outside_scored_latitudes,inferred_mean,30,so,0.1351161875900436
A-1730,om4,outside_scored_latitudes,inferred_mean,30,thetao,0.29914538942485414
A-1730,om4,outside_scored_latitudes,inferred_mean,30,uo,0.026696307867779823
A-1730,om4,outside_scored_latitudes,inferred_mean,30,vo,0.027440707106499596
A-1730,om4,outside_scored_latitudes,inferred_member_1,0,so,0.12541918748414108
A-1730,om4,outside_scored_latitudes,inferred_member_1,0,thetao,0.271516861940266
A-1730,om4,outside_scored_latitudes,inferred_member_1,0,uo,0.02178628027610682
A-1730,om4,outside_scored_latitudes,inferred_member_1,0,vo,0.021145086920482857
A-1730,om4,outside_scored_latitudes,inferred_member_1,5,so,0.11970960381173758
A-1730,om4,outside_scored_latitudes,inferred_member_1,5,thetao,0.2602570436420519
A-1730,om4,outside_scored_latitudes,inferred_member_1,5,uo,0.02600930006352464
A-1730,om4,outside_scored_latitudes,inferred_member_1,5,vo,0.02587090607526798
A-1730,om4,outside_scored_latitudes,inferred_member_1,15,so,0.12554509174644524
A-1730,om4,outside_scored_latitudes,inferred_member_1,15,thetao,0.2773353720028605
A-1730,om4,outside_scored_latitudes,inferred_member_1,15,uo,0.025862088340990977
A-1730,om4,outside_scored_latitudes,inferred_member_1,15,vo,0.02626012675928062
A-1730,om4,outside_scored_latitudes,inferred_member_1,30,so,0.1351161875900436
A-1730,om4,outside_scored_latitudes,inferred_member_1,30,thetao,0.29914538942485414
A-1730,om4,outside_scored_latitudes,inferred_member_1,30,uo,0.026696307867779823
A-1730,om4,outside_scored_latitudes,inferred_member_1,30,vo,0.027440707106499596
A-1730,om4,outside_scored_latitudes,inferred_persistence,0,so,0.12541918748414108
A-1730,om4,outside_scored_latitudes,inferred_persistence,0,thetao,0.271516861940266
A-1730,om4,outside_scored_latitudes,inferred_persistence,0,uo,0.02178628027610682
A-1730,om4,outside_scored_latitudes,inferred_persistence,0,vo,0.021145086920482857
A-1730,om4,outside_scored_latitudes,inferred_persistence,5,so,0.13408428295023328
A-1730,om4,outside_scored_latitudes,inferred_persistence,5,thetao,0.2865554940189817
A-1730,om4,outside_scored_latitudes,inferred_persistence,5,uo,0.023610726174400055
A-1730,om4,outside_scored_latitudes,inferred_persistence,5,vo,0.02315885140943524
A-1730,om4,outside_scored_latitudes,inferred_persistence,15,so,0.16144358485253202
A-1730,om4,outside_scored_latitudes,inferred_persistence,15,thetao,0.34589969848935687
A-1730,om4,outside_scored_latitudes,inferred_persistence,15,uo,0.02562209826566543
A-1730,om4,outside_scored_latitudes,inferred_persistence,15,vo,0.02719462786391765
A-1730,om4,outside_scored_latitudes,inferred_persistence,30,so,0.21542034778740532
A-1730,om4,outside_scored_latitudes,inferred_persistence,30,thetao,0.4691003576510763
A-1730,om4,outside_scored_latitudes,inferred_persistence,30,uo,0.027411120428733247
A-1730,om4,outside_scored_latitudes,inferred_persistence,30,vo,0.030809822588886086
A-1730,om4,outside_scored_latitudes,true_interior,0,so,0.0
A-1730,om4,outside_scored_latitudes,true_interior,0,thetao,0.0
A-1730,om4,outside_scored_latitudes,true_interior,0,uo,0.0
A-1730,om4,outside_scored_latitudes,true_interior,0,vo,0.0
A-1730,om4,outside_scored_latitudes,true_interior,5,so,0.07147271850053816
A-1730,om4,outside_scored_latitudes,true_interior,5,thetao,0.21681760110902207
A-1730,om4,outside_scored_latitudes,true_interior,5,uo,0.024614077743028043
A-1730,om4,outside_scored_latitudes,true_interior,5,vo,0.026157107582600998
A-1730,om4,outside_scored_latitudes,true_interior,15,so,0.09982176263634099
A-1730,om4,outside_scored_latitudes,true_interior,15,thetao,0.2564790889634845
A-1730,om4,outside_scored_latitudes,true_interior,15,uo,0.025118097338295738
A-1730,om4,outside_scored_latitudes,true_interior,15,vo,0.026089470825589964
A-1730,om4,outside_scored_latitudes,true_interior,30,so,0.1229715724960016
A-1730,om4,outside_scored_latitudes,true_interior,30,thetao,0.28879486672982835
A-1730,om4,outside_scored_latitudes,true_interior,30,uo,0.02654853272117492
A-1730,om4,outside_scored_latitudes,true_interior,30,vo,0.027451418408136502
A-1730,om4,outside_scored_latitudes,true_persistence,0,so,0.0
A-1730,om4,outside_scored_latitudes,true_persistence,0,thetao,0.0
A-1730,om4,outside_scored_latitudes,true_persistence,0,uo,0.0
A-1730,om4,outside_scored_latitudes,true_persistence,0,vo,0.0
A-1730,om4,outside_scored_latitudes,true_persistence,5,so,0.05793741036635542
A-1730,om4,outside_scored_latitudes,true_persistence,5,thetao,0.09410767622616473
A-1730,om4,outside_scored_latitudes,true_persistence,5,uo,0.015059381882765151
A-1730,om4,outside_scored_latitudes,true_persistence,5,vo,0.01575721492493568
A-1730,om4,outside_scored_latitudes,true_persistence,15,so,0.12238566106856483
A-1730,om4,outside_scored_latitudes,true_persistence,15,thetao,0.2307550428071578
A-1730,om4,outside_scored_latitudes,true_persistence,15,uo,0.02063613550295689
A-1730,om4,outside_scored_latitudes,true_persistence,15,vo,0.024698038304634188
A-1730,om4,outside_scored_latitudes,true_persistence,30,so,0.19725583556682152
A-1730,om4,outside_scored_latitudes,true_persistence,30,thetao,0.4068322744575727
A-1730,om4,outside_scored_latitudes,true_persistence,30,uo,0.02444876221484579
A-1730,om4,outside_scored_latitudes,true_persistence,30,vo,0.03030104661545465
A-1730,om4,scored_latitudes,inferred_mean,0,so,0.08248546239845832
A-1730,om4,scored_latitudes,inferred_mean,0,thetao,0.30616969533679916
A-1730,om4,scored_latitudes,inferred_mean,0,uo,0.030000993604404308
A-1730,om4,scored_latitudes,inferred_mean,0,vo,0.0263883199982431
A-1730,om4,scored_latitudes,inferred_mean,5,so,0.08267073557750226
A-1730,om4,scored_latitudes,inferred_mean,5,thetao,0.31766643134007755
A-1730,om4,scored_latitudes,inferred_mean,5,uo,0.032719593326427154
A-1730,om4,scored_latitudes,inferred_mean,5,vo,0.03026998589029012
A-1730,om4,scored_latitudes,inferred_mean,15,so,0.08685286062317972
A-1730,om4,scored_latitudes,inferred_mean,15,thetao,0.34172361850754823
A-1730,om4,scored_latitudes,inferred_mean,15,uo,0.03556723654451689
A-1730,om4,scored_latitudes,inferred_mean,15,vo,0.03283818385780052
A-1730,om4,scored_latitudes,inferred_mean,30,so,0.09108134956147795
A-1730,om4,scored_latitudes,inferred_mean,30,thetao,0.36850159789378883
A-1730,om4,scored_latitudes,inferred_mean,30,uo,0.03853035275760035
A-1730,om4,scored_latitudes,inferred_mean,30,vo,0.034935088034775325
A-1730,om4,scored_latitudes,inferred_member_1,0,so,0.08248546239845832
A-1730,om4,scored_latitudes,inferred_member_1,0,thetao,0.30616969533679916
A-1730,om4,scored_latitudes,inferred_member_1,0,uo,0.030000993604404308
A-1730,om4,scored_latitudes,inferred_member_1,0,vo,0.0263883199982431
A-1730,om4,scored_latitudes,inferred_member_1,5,so,0.08267073557750226
A-1730,om4,scored_latitudes,inferred_member_1,5,thetao,0.31766643134007755
A-1730,om4,scored_latitudes,inferred_member_1,5,uo,0.032719593326427154
A-1730,om4,scored_latitudes,inferred_member_1,5,vo,0.03026998589029012
A-1730,om4,scored_latitudes,inferred_member_1,15,so,0.08685286062317972
A-1730,om4,scored_latitudes,inferred_member_1,15,thetao,0.34172361850754823
A-1730,om4,scored_latitudes,inferred_member_1,15,uo,0.03556723654451689
A-1730,om4,scored_latitudes,inferred_member_1,15,vo,0.03283818385780052
A-1730,om4,scored_latitudes,inferred_member_1,30,so,0.09108134956147795
A-1730,om4,scored_latitudes,inferred_member_1,30,thetao,0.36850159789378883
A-1730,om4,scored_latitudes,inferred_member_1,30,uo,0.03853035275760035
A-1730,om4,scored_latitudes,inferred_member_1,30,vo,0.034935088034775325
A-1730,om4,scored_latitudes,inferred_persistence,0,so,0.08248546239845832
A-1730,om4,scored_latitudes,inferred_persistence,0,thetao,0.30616969533679916
A-1730,om4,scored_latitudes,inferred_persistence,0,uo,0.030000993604404308
A-1730,om4,scored_latitudes,inferred_persistence,0,vo,0.0263883199982431
A-1730,om4,scored_latitudes,inferred_persistence,5,so,0.0857246226736693
A-1730,om4,scored_latitudes,inferred_persistence,5,thetao,0.3368560090673781
A-1730,om4,scored_latitudes,inferred_persistence,5,uo,0.035961189759295985
A-1730,om4,scored_latitudes,inferred_persistence,5,vo,0.03336132266100288
A-1730,om4,scored_latitudes,inferred_persistence,15,so,0.0965435872480893
A-1730,om4,scored_latitudes,inferred_persistence,15,thetao,0.42824607844197154
A-1730,om4,scored_latitudes,inferred_persistence,15,uo,0.04633879787111956
A-1730,om4,scored_latitudes,inferred_persistence,15,vo,0.044346136692591166
A-1730,om4,scored_latitudes,inferred_persistence,30,so,0.11369291892241822
A-1730,om4,scored_latitudes,inferred_persistence,30,thetao,0.5835626012051783
A-1730,om4,scored_latitudes,inferred_persistence,30,uo,0.05614753991040391
A-1730,om4,scored_latitudes,inferred_persistence,30,vo,0.05067796388237911
A-1730,om4,scored_latitudes,true_interior,0,so,0.0
A-1730,om4,scored_latitudes,true_interior,0,thetao,0.0
A-1730,om4,scored_latitudes,true_interior,0,uo,0.0
A-1730,om4,scored_latitudes,true_interior,0,vo,0.0
A-1730,om4,scored_latitudes,true_interior,5,so,0.050264584168817954
A-1730,om4,scored_latitudes,true_interior,5,thetao,0.2416063384918776
A-1730,om4,scored_latitudes,true_interior,5,uo,0.028521826320637263
A-1730,om4,scored_latitudes,true_interior,5,vo,0.028519529068053873
A-1730,om4,scored_latitudes,true_interior,15,so,0.06706211853516948
A-1730,om4,scored_latitudes,true_interior,15,thetao,0.29482551617406466
A-1730,om4,scored_latitudes,true_interior,15,uo,0.033850393990064835
A-1730,om4,scored_latitudes,true_interior,15,vo,0.03212596910607304
A-1730,om4,scored_latitudes,true_interior,30,so,0.07916693441312345
A-1730,om4,scored_latitudes,true_interior,30,thetao,0.3406538289140832
A-1730,om4,scored_latitudes,true_interior,30,uo,0.03823712776255631
A-1730,om4,scored_latitudes,true_interior,30,vo,0.03493843377665131
A-1730,om4,scored_latitudes,true_persistence,0,so,0.0
A-1730,om4,scored_latitudes,true_persistence,0,thetao,0.0
A-1730,om4,scored_latitudes,true_persistence,0,uo,0.0
A-1730,om4,scored_latitudes,true_persistence,0,vo,0.0
A-1730,om4,scored_latitudes,true_persistence,5,so,0.034055945216515414
A-1730,om4,scored_latitudes,true_persistence,5,thetao,0.14155558620582429
A-1730,om4,scored_latitudes,true_persistence,5,uo,0.02538731651991107
A-1730,om4,scored_latitudes,true_persistence,5,vo,0.027735616682084102
A-1730,om4,scored_latitudes,true_persistence,15,so,0.06791917107945597
A-1730,om4,scored_latitudes,true_persistence,15,thetao,0.32114768559274504
A-1730,om4,scored_latitudes,true_persistence,15,uo,0.043956430202904226
A-1730,om4,scored_latitudes,true_persistence,15,vo,0.0460741614930859
A-1730,om4,scored_latitudes,true_persistence,30,so,0.09770623430455698
A-1730,om4,scored_latitudes,true_persistence,30,thetao,0.5247081375756537
A-1730,om4,scored_latitudes,true_persistence,30,uo,0.05706774208217729
A-1730,om4,scored_latitudes,true_persistence,30,vo,0.053693001440045095
B-1729,observation,global,inferred_mean,0,so,0.3895611075681251
B-1729,observation,global,inferred_mean,0,thetao,2.290857597889743
B-1729,observation,global,inferred_mean,0,uo,0.28834522788413924
B-1729,observation,global,inferred_mean,0,vo,0.26654810631837444
B-1729,observation,global,inferred_mean,5,so,0.23015051618013085
B-1729,observation,global,inferred_mean,5,thetao,0.9484653539951061
B-1729,observation,global,inferred_mean,5,uo,0.11222969366615797
B-1729,observation,global,inferred_mean,5,vo,0.10162223104435317
B-1729,observation,global,inferred_mean,15,so,0.1841273418222214
B-1729,observation,global,inferred_mean,15,thetao,0.6774727615999635
B-1729,observation,global,inferred_mean,15,uo,0.06995097975116062
B-1729,observation,global,inferred_mean,15,vo,0.05818915169043161
B-1729,observation,global,inferred_mean,30,so,0.1600777872884396
B-1729,observation,global,inferred_mean,30,thetao,0.5956326127413583
B-1729,observation,global,inferred_mean,30,uo,0.061759578452385035
B-1729,observation,global,inferred_mean,30,vo,0.05142652092668118
B-1729,observation,global,inferred_member_1,0,so,0.8261783658909
B-1729,observation,global,inferred_member_1,0,thetao,5.255677355550391
B-1729,observation,global,inferred_member_1,0,uo,0.6374805961435535
B-1729,observation,global,inferred_member_1,0,vo,0.6032738359640238
B-1729,observation,global,inferred_member_1,5,so,0.3543961631492237
B-1729,observation,global,inferred_member_1,5,thetao,1.6474823558277463
B-1729,observation,global,inferred_member_1,5,uo,0.22918070917867184
B-1729,observation,global,inferred_member_1,5,vo,0.22390594392145682
B-1729,observation,global,inferred_member_1,15,so,0.2538889786135796
B-1729,observation,global,inferred_member_1,15,thetao,1.1061053229382176
B-1729,observation,global,inferred_member_1,15,uo,0.11110926621121542
B-1729,observation,global,inferred_member_1,15,vo,0.10585136875112722
B-1729,observation,global,inferred_member_1,30,so,0.2131432660160008
B-1729,observation,global,inferred_member_1,30,thetao,0.9486490857728654
B-1729,observation,global,inferred_member_1,30,uo,0.09848111017793823
B-1729,observation,global,inferred_member_1,30,vo,0.09592740464666333
B-1729,observation,global,inferred_persistence,0,so,0.3895611075681251
B-1729,observation,global,inferred_persistence,0,thetao,2.290857597889743
B-1729,observation,global,inferred_persistence,0,uo,0.28834522788413924
B-1729,observation,global,inferred_persistence,0,vo,0.26654810631837444
B-1729,observation,global,inferred_persistence,5,so,0.3898161463173136
B-1729,observation,global,inferred_persistence,5,thetao,2.2901856202912505
B-1729,observation,global,inferred_persistence,5,uo,0.2883158887731569
B-1729,observation,global,inferred_persistence,5,vo,0.26663721197537993
B-1729,observation,global,inferred_persistence,15,so,0.3913330480669414
B-1729,observation,global,inferred_persistence,15,thetao,2.2944494531563273
B-1729,observation,global,inferred_persistence,15,uo,0.2884063658455997
B-1729,observation,global,inferred_persistence,15,vo,0.2665950800129208
B-1729,observation,global,inferred_persistence,30,so,0.39481661570590065
B-1729,observation,global,inferred_persistence,30,thetao,2.3101188980640663
B-1729,observation,global,inferred_persistence,30,uo,0.2884266520590202
B-1729,observation,global,inferred_persistence,30,vo,0.2665984868350915
B-1729,observation,global,true_interior,0,so,0.0
B-1729,observation,global,true_interior,0,thetao,0.0
B-1729,observation,global,true_interior,0,uo,0.0
B-1729,observation,global,true_interior,0,vo,0.0
B-1729,observation,global,true_interior,5,so,0.05301713986191456
B-1729,observation,global,true_interior,5,thetao,0.23906064043708547
B-1729,observation,global,true_interior,5,uo,0.02812341661058396
B-1729,observation,global,true_interior,5,vo,0.028254943843471596
B-1729,observation,global,true_interior,15,so,0.07141267796771616
B-1729,observation,global,true_interior,15,thetao,0.2910352309529709
B-1729,observation,global,true_interior,15,uo,0.033013180499796825
B-1729,observation,global,true_interior,15,vo,0.03151358949897472
B-1729,observation,global,true_interior,30,so,0.08510784060632459
B-1729,observation,global,true_interior,30,thetao,0.33565923210871385
B-1729,observation,global,true_interior,30,uo,0.03715051096822318
B-1729,observation,global,true_interior,30,vo,0.03419329468928755
B-1729,observation,global,true_persistence,0,so,0.0
B-1729,observation,global,true_persistence,0,thetao,0.0
B-1729,observation,global,true_persistence,0,uo,0.0
B-1729,observation,global,true_persistence,0,vo,0.0
B-1729,observation,global,true_persistence,5,so,0.037436368503681844
B-1729,observation,global,true_persistence,5,thetao,0.13734665383601113
B-1729,observation,global,true_persistence,5,uo,0.024479998930324758
B-1729,observation,global,true_persistence,5,vo,0.0267087513668908
B-1729,observation,global,true_persistence,15,so,0.07586758151258415
B-1729,observation,global,true_persistence,15,thetao,0.3129430887420244
B-1729,observation,global,true_persistence,15,uo,0.042082302803889214
B-1729,observation,global,true_persistence,15,vo,0.04429990071411047
B-1729,observation,global,true_persistence,30,so,0.11306638636635512
B-1729,observation,global,true_persistence,30,thetao,0.513666734725917
B-1729,observation,global,true_persistence,30,uo,0.05452152392790769
B-1729,observation,global,true_persistence,30,vo,0.05172145177506147
B-1729,observation,outside_scored_latitudes,inferred_mean,0,so,0.4405995270087254
B-1729,observation,outside_scored_latitudes,inferred_mean,0,thetao,2.352522236443479
B-1729,observation,outside_scored_latitudes,inferred_mean,0,uo,0.2772518692064016
B-1729,observation,outside_scored_latitudes,inferred_mean,0,vo,0.25023470841645534
B-1729,observation,outside_scored_latitudes,inferred_mean,5,so,0.28186264225407476
B-1729,observation,outside_scored_latitudes,inferred_mean,5,thetao,0.6970037500745796
B-1729,observation,outside_scored_latitudes,inferred_mean,5,uo,0.0960625128973189
B-1729,observation,outside_scored_latitudes,inferred_mean,5,vo,0.09692155462193634
B-1729,observation,outside_scored_latitudes,inferred_mean,15,so,0.23479998333556687
B-1729,observation,outside_scored_latitudes,inferred_mean,15,thetao,0.44530466323130774
B-1729,observation,outside_scored_latitudes,inferred_mean,15,uo,0.04299588746493483
B-1729,observation,outside_scored_latitudes,inferred_mean,15,vo,0.044261347641266505
B-1729,observation,outside_scored_latitudes,inferred_mean,30,so,0.2118785375360408
B-1729,observation,outside_scored_latitudes,inferred_mean,30,thetao,0.402193806880678
B-1729,observation,outside_scored_latitudes,inferred_mean,30,uo,0.034795187774092615
B-1729,observation,outside_scored_latitudes,inferred_mean,30,vo,0.03825873932787691
B-1729,observation,outside_scored_latitudes,inferred_member_1,0,so,0.850419050734375
B-1729,observation,outside_scored_latitudes,inferred_member_1,0,thetao,5.298130112132479
B-1729,observation,outside_scored_latitudes,inferred_member_1,0,uo,0.5953609286788847
B-1729,observation,outside_scored_latitudes,inferred_member_1,0,vo,0.5581534978152921
B-1729,observation,outside_scored_latitudes,inferred_member_1,5,so,0.3673689256737991
B-1729,observation,outside_scored_latitudes,inferred_member_1,5,thetao,1.3058557914680342
B-1729,observation,outside_scored_latitudes,inferred_member_1,5,uo,0.20583625388868482
B-1729,observation,outside_scored_latitudes,inferred_member_1,5,vo,0.20876234689267464
B-1729,observation,outside_scored_latitudes,inferred_member_1,15,so,0.27465460801560204
B-1729,observation,outside_scored_latitudes,inferred_member_1,15,thetao,0.6858166070296328
B-1729,observation,outside_scored_latitudes,inferred_member_1,15,uo,0.07834492993629628
B-1729,observation,outside_scored_latitudes,inferred_member_1,15,vo,0.08690467939056261
B-1729,observation,outside_scored_latitudes,inferred_member_1,30,so,0.2399732779723677
B-1729,observation,outside_scored_latitudes,inferred_member_1,30,thetao,0.5287349841859259
B-1729,observation,outside_scored_latitudes,inferred_member_1,30,uo,0.05758100449653892
B-1729,observation,outside_scored_latitudes,inferred_member_1,30,vo,0.07321087531886053
B-1729,observation,outside_scored_latitudes,inferred_persistence,0,so,0.4405995270087254
B-1729,observation,outside_scored_latitudes,inferred_persistence,0,thetao,2.352522236443479
B-1729,observation,outside_scored_latitudes,inferred_persistence,0,uo,0.2772518692064016
B-1729,observation,outside_scored_latitudes,inferred_persistence,0,vo,0.25023470841645534
B-1729,observation,outside_scored_latitudes,inferred_persistence,5,so,0.4421789788654912
B-1729,observation,outside_scored_latitudes,inferred_persistence,5,thetao,2.3528121787733967
B-1729,observation,outside_scored_latitudes,inferred_persistence,5,uo,0.2771817437995667
B-1729,observation,outside_scored_latitudes,inferred_persistence,5,vo,0.2502654687544168
B-1729,observation,outside_scored_latitudes,inferred_persistence,15,so,0.44822732704888185
B-1729,observation,outside_scored_latitudes,inferred_persistence,15,thetao,2.357138706908305
B-1729,observation,outside_scored_latitudes,inferred_persistence,15,uo,0.2775805633682796
B-1729,observation,outside_scored_latitudes,inferred_persistence,15,vo,0.25036565511427855
B-1729,observation,outside_scored_latitudes,inferred_persistence,30,so,0.4631546795337479
B-1729,observation,outside_scored_latitudes,inferred_persistence,30,thetao,2.370123580514082
B-1729,observation,outside_scored_latitudes,inferred_persistence,30,uo,0.27711597601847326
B-1729,observation,outside_scored_latitudes,inferred_persistence,30,vo,0.2502648035642398
B-1729,observation,outside_scored_latitudes,true_interior,0,so,0.0
B-1729,observation,outside_scored_latitudes,true_interior,0,thetao,0.0
B-1729,observation,outside_scored_latitudes,true_interior,0,uo,0.0
B-1729,observation,outside_scored_latitudes,true_interior,0,vo,0.0
B-1729,observation,outside_scored_latitudes,true_interior,5,so,0.07147271850053816
B-1729,observation,outside_scored_latitudes,true_interior,5,thetao,0.21681760110902207
B-1729,observation,outside_scored_latitudes,true_interior,5,uo,0.024614077743028043
B-1729,observation,outside_scored_latitudes,true_interior,5,vo,0.026157107582600998
B-1729,observation,outside_scored_latitudes,true_interior,15,so,0.09982176263634099
B-1729,observation,outside_scored_latitudes,true_interior,15,thetao,0.2564790889634845
B-1729,observation,outside_scored_latitudes,true_interior,15,uo,0.025118097338295738
B-1729,observation,outside_scored_latitudes,true_interior,15,vo,0.026089470825589964
B-1729,observation,outside_scored_latitudes,true_interior,30,so,0.1229715724960016
B-1729,observation,outside_scored_latitudes,true_interior,30,thetao,0.28879486672982835
B-1729,observation,outside_scored_latitudes,true_interior,30,uo,0.02654853272117492
B-1729,observation,outside_scored_latitudes,true_interior,30,vo,0.027451418408136502
B-1729,observation,outside_scored_latitudes,true_persistence,0,so,0.0
B-1729,observation,outside_scored_latitudes,true_persistence,0,thetao,0.0
B-1729,observation,outside_scored_latitudes,true_persistence,0,uo,0.0
B-1729,observation,outside_scored_latitudes,true_persistence,0,vo,0.0
B-1729,observation,outside_scored_latitudes,true_persistence,5,so,0.05793741036635542
B-1729,observation,outside_scored_latitudes,true_persistence,5,thetao,0.09410767622616473
B-1729,observation,outside_scored_latitudes,true_persistence,5,uo,0.015059381882765151
B-1729,observation,outside_scored_latitudes,true_persistence,5,vo,0.01575721492493568
B-1729,observation,outside_scored_latitudes,true_persistence,15,so,0.12238566106856483
B-1729,observation,outside_scored_latitudes,true_persistence,15,thetao,0.2307550428071578
B-1729,observation,outside_scored_latitudes,true_persistence,15,uo,0.02063613550295689
B-1729,observation,outside_scored_latitudes,true_persistence,15,vo,0.024698038304634188
B-1729,observation,outside_scored_latitudes,true_persistence,30,so,0.19725583556682152
B-1729,observation,outside_scored_latitudes,true_persistence,30,thetao,0.4068322744575727
B-1729,observation,outside_scored_latitudes,true_persistence,30,uo,0.02444876221484579
B-1729,observation,outside_scored_latitudes,true_persistence,30,vo,0.03030104661545465
B-1729,observation,scored_latitudes,inferred_mean,0,so,0.3827611400693939
B-1729,observation,scored_latitudes,inferred_mean,0,thetao,2.282805961169961
B-1729,observation,scored_latitudes,inferred_mean,0,uo,0.2895608889745786
B-1729,observation,scored_latitudes,inferred_mean,0,vo,0.2682612772165601
B-1729,observation,scored_latitudes,inferred_mean,5,so,0.22287104968906543
B-1729,observation,scored_latitudes,inferred_mean,5,thetao,0.9732113450952284
B-1729,observation,scored_latitudes,inferred_mean,5,uo,0.11391022852332311
B-1729,observation,scored_latitudes,inferred_mean,5,vo,0.10241498625712318
B-1729,observation,scored_latitudes,inferred_mean,15,so,0.17679275286789542
B-1729,observation,scored_latitudes,inferred_mean,15,thetao,0.6992643855591851
B-1729,observation,scored_latitudes,inferred_mean,15,uo,0.0724938424907087
B-1729,observation,scored_latitudes,inferred_mean,15,vo,0.05961341565299285
B-1729,observation,scored_latitudes,inferred_mean,30,so,0.15238640716203133
B-1729,observation,scored_latitudes,inferred_mean,30,thetao,0.6139472988909298
B-1729,observation,scored_latitudes,inferred_mean,30,uo,0.06422656798958555
B-1729,observation,scored_latitudes,inferred_mean,30,vo,0.0527961851738424
B-1729,observation,scored_latitudes,inferred_member_1,0,so,0.8230744716718015
B-1729,observation,scored_latitudes,inferred_member_1,0,thetao,5.250249827003272
B-1729,observation,scored_latitudes,inferred_member_1,0,uo,0.6419819335870326
B-1729,observation,scored_latitudes,inferred_member_1,0,vo,0.6078299225473723
B-1729,observation,scored_latitudes,inferred_member_1,5,so,0.35260112735114546
B-1729,observation,scored_latitudes,inferred_member_1,5,thetao,1.6822339945294833
B-1729,observation,scored_latitudes,inferred_member_1,5,uo,0.2317247829954555
B-1729,observation,scored_latitudes,inferred_member_1,5,vo,0.22576237878824207
B-1729,observation,scored_latitudes,inferred_member_1,15,so,0.2510514598624013
B-1729,observation,scored_latitudes,inferred_member_1,15,thetao,1.144386231878523
B-1729,observation,scored_latitudes,inferred_member_1,15,uo,0.11434133159488394
B-1729,observation,scored_latitudes,inferred_member_1,15,vo,0.107863260325702
B-1729,observation,scored_latitudes,inferred_member_1,30,so,0.2094334025863281
B-1729,observation,scored_latitudes,inferred_member_1,30,thetao,0.9852813651796906
B-1729,observation,scored_latitudes,inferred_member_1,30,uo,0.10227310864328024
B-1729,observation,scored_latitudes,inferred_member_1,30,vo,0.09832953153388356
B-1729,observation,scored_latitudes,inferred_persistence,0,so,0.3827611400693939
B-1729,observation,scored_latitudes,inferred_persistence,0,thetao,2.282805961169961
B-1729,observation,scored_latitudes,inferred_persistence,0,uo,0.2895608889745786
B-1729,observation,scored_latitudes,inferred_persistence,0,vo,0.2682612772165601
B-1729,observation,scored_latitudes,inferred_persistence,5,so,0.38282636089270017
B-1729,observation,scored_latitudes,inferred_persistence,5,thetao,2.2820112162041046
B-1729,observation,scored_latitudes,inferred_persistence,5,uo,0.2895369834396599
B-1729,observation,scored_latitudes,inferred_persistence,5,vo,0.26835643744041465
B-1729,observation,scored_latitudes,inferred_persistence,15,so,0.3836904616428754
B-1729,observation,scored_latitudes,inferred_persistence,15,thetao,2.28626783265627
B-1729,observation,scored_latitudes,inferred_persistence,15,uo,0.28959121062396864
B-1729,observation,scored_latitudes,inferred_persistence,15,vo,0.2682983370905244
B-1729,observation,scored_latitudes,inferred_persistence,30,so,0.38549768875822316
B-1729,observation,scored_latitudes,inferred_persistence,30,thetao,2.302275463869946
B-1729,observation,scored_latitudes,inferred_persistence,30,uo,0.2896662166951668
B-1729,observation,scored_latitudes,inferred_persistence,30,vo,0.26831415812545456
B-1729,observation,scored_latitudes,true_interior,0,so,0.0
B-1729,observation,scored_latitudes,true_interior,0,thetao,0.0
B-1729,observation,scored_latitudes,true_interior,0,uo,0.0
B-1729,observation,scored_latitudes,true_interior,0,vo,0.0
B-1729,observation,scored_latitudes,true_interior,5,so,0.050264584168817954
B-1729,observation,scored_latitudes,true_interior,5,thetao,0.2416063384918776
B-1729,observation,scored_latitudes,true_interior,5,uo,0.028521826320637263
B-1729,observation,scored_latitudes,true_interior,5,vo,0.028519529068053873
B-1729,observation,scored_latitudes,true_interior,15,so,0.06706211853516948
B-1729,observation,scored_latitudes,true_interior,15,thetao,0.29482551617406466
B-1729,observation,scored_latitudes,true_interior,15,uo,0.033850393990064835
B-1729,observation,scored_latitudes,true_interior,15,vo,0.03212596910607304
B-1729,observation,scored_latitudes,true_interior,30,so,0.07916693441312345
B-1729,observation,scored_latitudes,true_interior,30,thetao,0.3406538289140832
B-1729,observation,scored_latitudes,true_interior,30,uo,0.03823712776255631
B-1729,observation,scored_latitudes,true_interior,30,vo,0.03493843377665131
B-1729,observation,scored_latitudes,true_persistence,0,so,0.0
B-1729,observation,scored_latitudes,true_persistence,0,thetao,0.0
B-1729,observation,scored_latitudes,true_persistence,0,uo,0.0
B-1729,observation,scored_latitudes,true_persistence,0,vo,0.0
B-1729,observation,scored_latitudes,true_persistence,5,so,0.034055945216515414
B-1729,observation,scored_latitudes,true_persistence,5,thetao,0.14155558620582429
B-1729,observation,scored_latitudes,true_persistence,5,uo,0.02538731651991107
B-1729,observation,scored_latitudes,true_persistence,5,vo,0.027735616682084102
B-1729,observation,scored_latitudes,true_persistence,15,so,0.06791917107945597
B-1729,observation,scored_latitudes,true_persistence,15,thetao,0.32114768559274504
B-1729,observation,scored_latitudes,true_persistence,15,uo,0.043956430202904226
B-1729,observation,scored_latitudes,true_persistence,15,vo,0.0460741614930859
B-1729,observation,scored_latitudes,true_persistence,30,so,0.09770623430455698
B-1729,observation,scored_latitudes,true_persistence,30,thetao,0.5247081375756537
B-1729,observation,scored_latitudes,true_persistence,30,uo,0.05706774208217729
B-1729,observation,scored_latitudes,true_persistence,30,vo,0.053693001440045095
B-1729,om4,global,inferred_mean,0,so,0.32836692277272167
B-1729,om4,global,inferred_mean,0,thetao,1.8829852075292342
B-1729,om4,global,inferred_mean,0,uo,0.2237426331005747
B-1729,om4,global,inferred_mean,0,vo,0.2082647441407517
B-1729,om4,global,inferred_mean,5,so,0.21046544978483275
B-1729,om4,global,inferred_mean,5,thetao,0.7832569448981185
B-1729,om4,global,inferred_mean,5,uo,0.10128893531816406
B-1729,om4,global,inferred_mean,5,vo,0.09247909345460471
B-1729,om4,global,inferred_mean,15,so,0.1626130430381737
B-1729,om4,global,inferred_mean,15,thetao,0.5825699264950294
B-1729,om4,global,inferred_mean,15,uo,0.06719937844556019
B-1729,om4,global,inferred_mean,15,vo,0.05604151516496028
B-1729,om4,global,inferred_mean,30,so,0.14262270460204918
B-1729,om4,global,inferred_mean,30,thetao,0.5186291249653036
B-1729,om4,global,inferred_mean,30,uo,0.059103503587012274
B-1729,om4,global,inferred_mean,30,vo,0.04934366016752735
B-1729,om4,global,inferred_member_1,0,so,0.7913209085057064
B-1729,om4,global,inferred_member_1,0,thetao,5.068579563088445
B-1729,om4,global,inferred_member_1,0,uo,0.5954115466976212
B-1729,om4,global,inferred_member_1,0,vo,0.5641296914700257
B-1729,om4,global,inferred_member_1,5,so,0.34387445181659776
B-1729,om4,global,inferred_member_1,5,thetao,1.5554373025764394
B-1729,om4,global,inferred_member_1,5,uo,0.2214305109325666
B-1729,om4,global,inferred_member_1,5,vo,0.21819404936415984
B-1729,om4,global,inferred_member_1,15,so,0.23806692744077326
B-1729,om4,global,inferred_member_1,15,thetao,1.003995214926963
B-1729,om4,global,inferred_member_1,15,uo,0.10817398145142419
B-1729,om4,global,inferred_member_1,15,vo,0.10360075542353298
B-1729,om4,global,inferred_member_1,30,so,0.1964349189597177
B-1729,om4,global,inferred_member_1,30,thetao,0.8253718706807379
B-1729,om4,global,inferred_member_1,30,uo,0.09157706277570524
B-1729,om4,global,inferred_member_1,30,vo,0.08900190240145212
B-1729,om4,global,inferred_persistence,0,so,0.32836692277272167
B-1729,om4,global,inferred_persistence,0,thetao,1.8829852075292342
B-1729,om4,global,inferred_persistence,0,uo,0.2237426331005747
B-1729,om4,global,inferred_persistence,0,vo,0.2082647441407517
B-1729,om4,global,inferred_persistence,5,so,0.32903500190351126
B-1729,om4,global,inferred_persistence,5,thetao,1.8851304330537684
B-1729,om4,global,inferred_persistence,5,uo,0.22372878578714692
B-1729,om4,global,inferred_persistence,5,vo,0.2083059360868676
B-1729,om4,global,inferred_persistence,15,so,0.3312847330994265
B-1729,om4,global,inferred_persistence,15,thetao,1.8950753391694635
B-1729,om4,global,inferred_persistence,15,uo,0.2237352521116665
B-1729,om4,global,inferred_persistence,15,vo,0.20836605917018558
B-1729,om4,global,inferred_persistence,30,so,0.33653003037259865
B-1729,om4,global,inferred_persistence,30,thetao,1.9213578119185497
B-1729,om4,global,inferred_persistence,30,uo,0.22382365852086236
B-1729,om4,global,inferred_persistence,30,vo,0.20840646626494894
B-1729,om4,global,true_interior,0,so,0.0
B-1729,om4,global,true_interior,0,thetao,0.0
B-1729,om4,global,true_interior,0,uo,0.0
B-1729,om4,global,true_interior,0,vo,0.0
B-1729,om4,global,true_interior,5,so,0.05301713986191456
B-1729,om4,global,true_interior,5,thetao,0.23906064043708547
B-1729,om4,global,true_interior,5,uo,0.02812341661058396
B-1729,om4,global,true_interior,5,vo,0.028254943843471596
B-1729,om4,global,true_interior,15,so,0.07141267796771616
B-1729,om4,global,true_interior,15,thetao,0.2910352309529709
B-1729,om4,global,true_interior,15,uo,0.033013180499796825
B-1729,om4,global,true_interior,15,vo,0.03151358949897472
B-1729,om4,global,true_interior,30,so,0.08510784060632459
B-1729,om4,global,true_interior,30,thetao,0.33565923210871385
B-1729,om4,global,true_interior,30,uo,0.03715051096822318
B-1729,om4,global,true_interior,30,vo,0.03419329468928755
B-1729,om4,global,true_persistence,0,so,0.0
B-1729,om4,global,true_persistence,0,thetao,0.0
B-1729,om4,global,true_persistence,0,uo,0.0
B-1729,om4,global,true_persistence,0,vo,0.0
B-1729,om4,global,true_persistence,5,so,0.037436368503681844
B-1729,om4,global,true_persistence,5,thetao,0.13734665383601113
B-1729,om4,global,true_persistence,5,uo,0.024479998930324758
B-1729,om4,global,true_persistence,5,vo,0.0267087513668908
B-1729,om4,global,true_persistence,15,so,0.07586758151258415
B-1729,om4,global,true_persistence,15,thetao,0.3129430887420244
B-1729,om4,global,true_persistence,15,uo,0.042082302803889214
B-1729,om4,global,true_persistence,15,vo,0.04429990071411047
B-1729,om4,global,true_persistence,30,so,0.11306638636635512
B-1729,om4,global,true_persistence,30,thetao,0.513666734725917
B-1729,om4,global,true_persistence,30,uo,0.05452152392790769
B-1729,om4,global,true_persistence,30,vo,0.05172145177506147
B-1729,om4,outside_scored_latitudes,inferred_mean,0,so,0.38696591189080787
B-1729,om4,outside_scored_latitudes,inferred_mean,0,thetao,1.8438070013548886
B-1729,om4,outside_scored_latitudes,inferred_mean,0,uo,0.1992067654357313
B-1729,om4,outside_scored_latitudes,inferred_mean,0,vo,0.18911346327880926
B-1729,om4,outside_scored_latitudes,inferred_mean,5,so,0.2584251376413688
B-1729,om4,outside_scored_latitudes,inferred_mean,5,thetao,0.5688267993392965
B-1729,om4,outside_scored_latitudes,inferred_mean,5,uo,0.07802747568630025
B-1729,om4,outside_scored_latitudes,inferred_mean,5,vo,0.08023583505529834
B-1729,om4,outside_scored_latitudes,inferred_mean,15,so,0.20833287537355227
B-1729,om4,outside_scored_latitudes,inferred_mean,15,thetao,0.38253683005386835
B-1729,om4,outside_scored_latitudes,inferred_mean,15,uo,0.0395970709097271
B-1729,om4,outside_scored_latitudes,inferred_mean,15,vo,0.041140679910154423
B-1729,om4,outside_scored_latitudes,inferred_mean,30,so,0.1892714322310698
B-1729,om4,outside_scored_latitudes,inferred_mean,30,thetao,0.3462133872278329
B-1729,om4,outside_scored_latitudes,inferred_mean,30,uo,0.032314471391282594
B-1729,om4,outside_scored_latitudes,inferred_mean,30,vo,0.03589056252517682
B-1729,om4,outside_scored_latitudes,inferred_member_1,0,so,0.8165840240327124
B-1729,om4,outside_scored_latitudes,inferred_member_1,0,thetao,5.060332927126167
B-1729,om4,outside_scored_latitudes,inferred_member_1,0,uo,0.5442217064519554
B-1729,om4,outside_scored_latitudes,inferred_member_1,0,vo,0.5153516562216522
B-1729,om4,outside_scored_latitudes,inferred_member_1,5,so,0.34973004275423497
B-1729,om4,outside_scored_latitudes,inferred_member_1,5,thetao,1.2351049717255793
B-1729,om4,outside_scored_latitudes,inferred_member_1,5,uo,0.19542111402998472
B-1729,om4,outside_scored_latitudes,inferred_member_1,5,vo,0.19877279654574884
B-1729,om4,outside_scored_latitudes,inferred_member_1,15,so,0.2522722538358457
B-1729,om4,outside_scored_latitudes,inferred_member_1,15,thetao,0.6325830708174632
B-1729,om4,outside_scored_latitudes,inferred_member_1,15,uo,0.07429443584585739
B-1729,om4,outside_scored_latitudes,inferred_member_1,15,vo,0.08252481354799024
B-1729,om4,outside_scored_latitudes,inferred_member_1,30,so,0.21873920688777035
B-1729,om4,outside_scored_latitudes,inferred_member_1,30,thetao,0.4605331998831236
B-1729,om4,outside_scored_latitudes,inferred_member_1,30,uo,0.051217662831717636
B-1729,om4,outside_scored_latitudes,inferred_member_1,30,vo,0.06507409964762771
B-1729,om4,outside_scored_latitudes,inferred_persistence,0,so,0.38696591189080787
B-1729,om4,outside_scored_latitudes,inferred_persistence,0,thetao,1.8438070013548886
B-1729,om4,outside_scored_latitudes,inferred_persistence,0,uo,0.1992067654357313
B-1729,om4,outside_scored_latitudes,inferred_persistence,0,vo,0.18911346327880926
B-1729,om4,outside_scored_latitudes,inferred_persistence,5,so,0.3900324934468325
B-1729,om4,outside_scored_latitudes,inferred_persistence,5,thetao,1.8452427225839931
B-1729,om4,outside_scored_latitudes,inferred_persistence,5,uo,0.19924536080469563
B-1729,om4,outside_scored_latitudes,inferred_persistence,5,vo,0.18917342568040976
B-1729,om4,outside_scored_latitudes,inferred_persistence,15,so,0.3987295842138981
B-1729,om4,outside_scored_latitudes,inferred_persistence,15,thetao,1.8525440850122108
B-1729,om4,outside_scored_latitudes,inferred_persistence,15,uo,0.19921966049116185
B-1729,om4,outside_scored_latitudes,inferred_persistence,15,vo,0.18923559946151364
B-1729,om4,outside_scored_latitudes,inferred_persistence,30,so,0.41891697232381164
B-1729,om4,outside_scored_latitudes,inferred_persistence,30,thetao,1.8731274122210564
B-1729,om4,outside_scored_latitudes,inferred_persistence,30,uo,0.19909096217569705
B-1729,om4,outside_scored_latitudes,inferred_persistence,30,vo,0.1892193430778154
B-1729,om4,outside_scored_latitudes,true_interior,0,so,0.0
B-1729,om4,outside_scored_latitudes,true_interior,0,thetao,0.0
B-1729,om4,outside_scored_latitudes,true_interior,0,uo,0.0
B-1729,om4,outside_scored_latitudes,true_interior,0,vo,0.0
B-1729,om4,outside_scored_latitudes,true_interior,5,so,0.07147271850053816
B-1729,om4,outside_scored_latitudes,true_interior,5,thetao,0.21681760110902207
B-1729,om4,outside_scored_latitudes,true_interior,5,uo,0.024614077743028043
B-1729,om4,outside_scored_latitudes,true_interior,5,vo,0.026157107582600998
B-1729,om4,outside_scored_latitudes,true_interior,15,so,0.09982176263634099
B-1729,om4,outside_scored_latitudes,true_interior,15,thetao,0.2564790889634845
B-1729,om4,outside_scored_latitudes,true_interior,15,uo,0.025118097338295738
B-1729,om4,outside_scored_latitudes,true_interior,15,vo,0.026089470825589964
B-1729,om4,outside_scored_latitudes,true_interior,30,so,0.1229715724960016
B-1729,om4,outside_scored_latitudes,true_interior,30,thetao,0.28879486672982835
B-1729,om4,outside_scored_latitudes,true_interior,30,uo,0.02654853272117492
B-1729,om4,outside_scored_latitudes,true_interior,30,vo,0.027451418408136502
B-1729,om4,outside_scored_latitudes,true_persistence,0,so,0.0
B-1729,om4,outside_scored_latitudes,true_persistence,0,thetao,0.0
B-1729,om4,outside_scored_latitudes,true_persistence,0,uo,0.0
B-1729,om4,outside_scored_latitudes,true_persistence,0,vo,0.0
B-1729,om4,outside_scored_latitudes,true_persistence,5,so,0.05793741036635542
B-1729,om4,outside_scored_latitudes,true_persistence,5,thetao,0.09410767622616473
B-1729,om4,outside_scored_latitudes,true_persistence,5,uo,0.015059381882765151
B-1729,om4,outside_scored_latitudes,true_persistence,5,vo,0.01575721492493568
B-1729,om4,outside_scored_latitudes,true_persistence,15,so,0.12238566106856483
B-1729,om4,outside_scored_latitudes,true_persistence,15,thetao,0.2307550428071578
B-1729,om4,outside_scored_latitudes,true_persistence,15,uo,0.02063613550295689
B-1729,om4,outside_scored_latitudes,true_persistence,15,vo,0.024698038304634188
B-1729,om4,outside_scored_latitudes,true_persistence,30,so,0.19725583556682152
B-1729,om4,outside_scored_latitudes,true_persistence,30,thetao,0.4068322744575727
B-1729,om4,outside_scored_latitudes,true_persistence,30,uo,0.02444876221484579
B-1729,om4,outside_scored_latitudes,true_persistence,30,vo,0.03030104661545465
B-1729,om4,scored_latitudes,inferred_mean,0,so,0.3203885849611241
B-1729,om4,scored_latitudes,inferred_mean,0,thetao,1.8874282308327863
B-1729,om4,scored_latitudes,inferred_mean,0,uo,0.22636751220419646
B-1729,om4,scored_latitudes,inferred_mean,0,vo,0.21026895010384689
B-1729,om4,scored_latitudes,inferred_mean,5,so,0.20366337055135889
B-1729,om4,scored_latitudes,inferred_mean,5,thetao,0.8040960173463332
B-1729,om4,scored_latitudes,inferred_mean,5,uo,0.1036486294050474
B-1729,om4,scored_latitudes,inferred_mean,5,vo,0.09378705305018058
B-1729,om4,scored_latitudes,inferred_mean,15,so,0.1559595882305029
B-1729,om4,scored_latitudes,inferred_mean,15,thetao,0.6012043200421012
B-1729,om4,scored_latitudes,inferred_mean,15,uo,0.06974915328730874
B-1729,om4,scored_latitudes,inferred_mean,15,vo,0.05754140290015701
B-1729,om4,scored_latitudes,inferred_mean,30,so,0.13567697988675223
B-1729,om4,scored_latitudes,inferred_mean,30,thetao,0.5347809085767233
B-1729,om4,scored_latitudes,inferred_mean,30,uo,0.06152078461233489
B-1729,om4,scored_latitudes,inferred_mean,30,vo,0.0507243207441665
B-1729,om4,scored_latitudes,inferred_member_1,0,so,0.7881034042001609
B-1729,om4,scored_latitudes,inferred_member_1,0,thetao,5.069416516906057
B-1729,om4,scored_latitudes,inferred_member_1,0,uo,0.600865221576756
B-1729,om4,scored_latitudes,inferred_member_1,0,vo,0.5690820146722348
B-1729,om4,scored_latitudes,inferred_member_1,5,so,0.3429510766743907
B-1729,om4,scored_latitudes,inferred_member_1,5,thetao,1.5879376771886184
B-1729,om4,scored_latitudes,inferred_member_1,5,uo,0.224278800428699
B-1729,om4,scored_latitudes,inferred_member_1,5,vo,0.2202943394887362
B-1729,om4,scored_latitudes,inferred_member_1,15,so,0.23607898463292123
B-1729,om4,scored_latitudes,inferred_member_1,15,thetao,1.0378686495685336
B-1729,om4,scored_latitudes,inferred_member_1,15,uo,0.11146721171278003
B-1729,om4,scored_latitudes,inferred_member_1,15,vo,0.10580222284702524
B-1729,om4,scored_latitudes,inferred_member_1,30,so,0.19333122156851304
B-1729,om4,scored_latitudes,inferred_member_1,30,thetao,0.8570509094783241
B-1729,om4,scored_latitudes,inferred_member_1,30,uo,0.09524228754783962
B-1729,om4,scored_latitudes,inferred_member_1,30,vo,0.09146061507042914
B-1729,om4,scored_latitudes,inferred_persistence,0,so,0.3203885849611241
B-1729,om4,scored_latitudes,inferred_persistence,0,thetao,1.8874282308327863
B-1729,om4,scored_latitudes,inferred_persistence,0,uo,0.22636751220419646
B-1729,om4,scored_latitudes,inferred_persistence,0,vo,0.21026895010384689
B-1729,om4,scored_latitudes,inferred_persistence,5,so,0.32069848950511043
B-1729,om4,scored_latitudes,inferred_persistence,5,thetao,1.8896574818548673
B-1729,om4,scored_latitudes,inferred_persistence,5,uo,0.22634964602880076
B-1729,om4,scored_latitudes,inferred_persistence,5,vo,0.2103078990100716
B-1729,om4,scored_latitudes,inferred_persistence,15,so,0.3219707738182426
B-1729,om4,scored_latitudes,inferred_persistence,15,thetao,1.8999147046114258
B-1729,om4,scored_latitudes,inferred_persistence,15,uo,0.22635838804674052
B-1729,om4,scored_latitudes,inferred_persistence,15,vo,0.21036869224171367
B-1729,om4,scored_latitudes,inferred_persistence,30,so,0.3248951330296469
B-1729,om4,scored_latitudes,inferred_persistence,30,thetao,1.9268653993139773
B-1729,om4,scored_latitudes,inferred_persistence,30,uo,0.22646776756687212
B-1729,om4,scored_latitudes,inferred_persistence,30,vo,0.21041484647871872
B-1729,om4,scored_latitudes,true_interior,0,so,0.0
B-1729,om4,scored_latitudes,true_interior,0,thetao,0.0
B-1729,om4,scored_latitudes,true_interior,0,uo,0.0
B-1729,om4,scored_latitudes,true_interior,0,vo,0.0
B-1729,om4,scored_latitudes,true_interior,5,so,0.050264584168817954
B-1729,om4,scored_latitudes,true_interior,5,thetao,0.2416063384918776
B-1729,om4,scored_latitudes,true_interior,5,uo,0.028521826320637263
B-1729,om4,scored_latitudes,true_interior,5,vo,0.028519529068053873
B-1729,om4,scored_latitudes,true_interior,15,so,0.06706211853516948
B-1729,om4,scored_latitudes,true_interior,15,thetao,0.29482551617406466
B-1729,om4,scored_latitudes,true_interior,15,uo,0.033850393990064835
B-1729,om4,scored_latitudes,true_interior,15,vo,0.03212596910607304
B-1729,om4,scored_latitudes,true_interior,30,so,0.07916693441312345
B-1729,om4,scored_latitudes,true_interior,30,thetao,0.3406538289140832
B-1729,om4,scored_latitudes,true_interior,30,uo,0.03823712776255631
B-1729,om4,scored_latitudes,true_interior,30,vo,0.03493843377665131
B-1729,om4,scored_latitudes,true_persistence,0,so,0.0
B-1729,om4,scored_latitudes,true_persistence,0,thetao,0.0
B-1729,om4,scored_latitudes,true_persistence,0,uo,0.0
B-1729,om4,scored_latitudes,true_persistence,0,vo,0.0
B-1729,om4,scored_latitudes,true_persistence,5,so,0.034055945216515414
B-1729,om4,scored_latitudes,true_persistence,5,thetao,0.14155558620582429
B-1729,om4,scored_latitudes,true_persistence,5,uo,0.02538731651991107
B-1729,om4,scored_latitudes,true_persistence,5,vo,0.027735616682084102
B-1729,om4,scored_latitudes,true_persistence,15,so,0.06791917107945597
B-1729,om4,scored_latitudes,true_persistence,15,thetao,0.32114768559274504
B-1729,om4,scored_latitudes,true_persistence,15,uo,0.043956430202904226
B-1729,om4,scored_latitudes,true_persistence,15,vo,0.0460741614930859
B-1729,om4,scored_latitudes,true_persistence,30,so,0.09770623430455698
B-1729,om4,scored_latitudes,true_persistence,30,thetao,0.5247081375756537
B-1729,om4,scored_latitudes,true_persistence,30,uo,0.05706774208217729
B-1729,om4,scored_latitudes,true_persistence,30,vo,0.053693001440045095
B-1730,observation,global,inferred_mean,0,so,0.5772866357457238
B-1730,observation,global,inferred_mean,0,thetao,2.9675293726493686
B-1730,observation,global,inferred_mean,0,uo,0.4489494583637845
B-1730,observation,global,inferred_mean,0,vo,0.39519401639598667
B-1730,observation,global,inferred_mean,5,so,0.3085336748844551
B-1730,observation,global,inferred_mean,5,thetao,1.3427471384144611
B-1730,observation,global,inferred_mean,5,uo,0.14402527983754443
B-1730,observation,global,inferred_mean,5,vo,0.12577936700035444
B-1730,observation,global,inferred_mean,15,so,0.23344050577028125
B-1730,observation,global,inferred_mean,15,thetao,0.7749931371677794
B-1730,observation,global,inferred_mean,15,uo,0.07637370341954354
B-1730,observation,global,inferred_mean,15,vo,0.06464494070527871
B-1730,observation,global,inferred_mean,30,so,0.19820978458123797
B-1730,observation,global,inferred_mean,30,thetao,0.6885556772095416
B-1730,observation,global,inferred_mean,30,uo,0.0649680929429921
B-1730,observation,global,inferred_mean,30,vo,0.053869233752694416
B-1730,observation,global,inferred_member_1,0,so,0.958279932120679
B-1730,observation,global,inferred_member_1,0,thetao,5.6438089774661995
B-1730,observation,global,inferred_member_1,0,uo,0.7590702863642155
B-1730,observation,global,inferred_member_1,0,vo,0.6789566725918391
B-1730,observation,global,inferred_member_1,5,so,0.42197693263891434
B-1730,observation,global,inferred_member_1,5,thetao,2.0795928442603633
B-1730,observation,global,inferred_member_1,5,uo,0.25517078707712926
B-1730,observation,global,inferred_member_1,5,vo,0.23952800131639962
B-1730,observation,global,inferred_member_1,15,so,0.2999942271175946
B-1730,observation,global,inferred_member_1,15,thetao,1.2099458954867275
B-1730,observation,global,inferred_member_1,15,uo,0.11831561908490214
B-1730,observation,global,inferred_member_1,15,vo,0.1127230368365817
B-1730,observation,global,inferred_member_1,30,so,0.2644352686178204
B-1730,observation,global,inferred_member_1,30,thetao,1.1227117012647037
B-1730,observation,global,inferred_member_1,30,uo,0.10412168245953045
B-1730,observation,global,inferred_member_1,30,vo,0.09981197088765942
B-1730,observation,global,inferred_persistence,0,so,0.5772866357457238
B-1730,observation,global,inferred_persistence,0,thetao,2.9675293726493686
B-1730,observation,global,inferred_persistence,0,uo,0.4489494583637845
B-1730,observation,global,inferred_persistence,0,vo,0.39519401639598667
B-1730,observation,global,inferred_persistence,5,so,0.5774472725953195
B-1730,observation,global,inferred_persistence,5,thetao,2.967718911707682
B-1730,observation,global,inferred_persistence,5,uo,0.4489645258410384
B-1730,observation,global,inferred_persistence,5,vo,0.3952791862662771
B-1730,observation,global,inferred_persistence,15,so,0.5779721016854186
B-1730,observation,global,inferred_persistence,15,thetao,2.9719451876068494
B-1730,observation,global,inferred_persistence,15,uo,0.44897506450876995
B-1730,observation,global,inferred_persistence,15,vo,0.3952477579160332
B-1730,observation,global,inferred_persistence,30,so,0.5791794756646987
B-1730,observation,global,inferred_persistence,30,thetao,2.9841698210110628
B-1730,observation,global,inferred_persistence,30,uo,0.4490410440980665
B-1730,observation,global,inferred_persistence,30,vo,0.39523384078025003
B-1730,observation,global,true_interior,0,so,0.0
B-1730,observation,global,true_interior,0,thetao,0.0
B-1730,observation,global,true_interior,0,uo,0.0
B-1730,observation,global,true_interior,0,vo,0.0
B-1730,observation,global,true_interior,5,so,0.05301713986191456
B-1730,observation,global,true_interior,5,thetao,0.23906064043708547
B-1730,observation,global,true_interior,5,uo,0.02812341661058396
B-1730,observation,global,true_interior,5,vo,0.028254943843471596
B-1730,observation,global,true_interior,15,so,0.07141267796771616
B-1730,observation,global,true_interior,15,thetao,0.2910352309529709
B-1730,observation,global,true_interior,15,uo,0.033013180499796825
B-1730,observation,global,true_interior,15,vo,0.03151358949897472
B-1730,observation,global,true_interior,30,so,0.08510784060632459
B-1730,observation,global,true_interior,30,thetao,0.33565923210871385
B-1730,observation,global,true_interior,30,uo,0.03715051096822318
B-1730,observation,global,true_interior,30,vo,0.03419329468928755
B-1730,observation,global,true_persistence,0,so,0.0
B-1730,observation,global,true_persistence,0,thetao,0.0
B-1730,observation,global,true_persistence,0,uo,0.0
B-1730,observation,global,true_persistence,0,vo,0.0
B-1730,observation,global,true_persistence,5,so,0.037436368503681844
B-1730,observation,global,true_persistence,5,thetao,0.13734665383601113
B-1730,observation,global,true_persistence,5,uo,0.024479998930324758
B-1730,observation,global,true_persistence,5,vo,0.0267087513668908
B-1730,observation,global,true_persistence,15,so,0.07586758151258415
B-1730,observation,global,true_persistence,15,thetao,0.3129430887420244
B-1730,observation,global,true_persistence,15,uo,0.042082302803889214
B-1730,observation,global,true_persistence,15,vo,0.04429990071411047
B-1730,observation,global,true_persistence,30,so,0.11306638636635512
B-1730,observation,global,true_persistence,30,thetao,0.513666734725917
B-1730,observation,global,true_persistence,30,uo,0.05452152392790769
B-1730,observation,global,true_persistence,30,vo,0.05172145177506147
B-1730,observation,outside_scored_latitudes,inferred_mean,0,so,0.6409245199617458
B-1730,observation,outside_scored_latitudes,inferred_mean,0,thetao,2.638885424687971
B-1730,observation,outside_scored_latitudes,inferred_mean,0,uo,0.3910946332735871
B-1730,observation,outside_scored_latitudes,inferred_mean,0,vo,0.33816936605092346
B-1730,observation,outside_scored_latitudes,inferred_mean,5,so,0.38595824896867176
B-1730,observation,outside_scored_latitudes,inferred_mean,5,thetao,0.8537213085192872
B-1730,observation,outside_scored_latitudes,inferred_mean,5,uo,0.12819187496566434
B-1730,observation,outside_scored_latitudes,inferred_mean,5,vo,0.12795582656308724
B-1730,observation,outside_scored_latitudes,inferred_mean,15,so,0.2896650475961725
B-1730,observation,outside_scored_latitudes,inferred_mean,15,thetao,0.4778763771878878
B-1730,observation,outside_scored_latitudes,inferred_mean,15,uo,0.05354496557145505
B-1730,observation,outside_scored_latitudes,inferred_mean,15,vo,0.05155581331293822
B-1730,observation,outside_scored_latitudes,inferred_mean,30,so,0.24858174082962656
B-1730,observation,outside_scored_latitudes,inferred_mean,30,thetao,0.43333180882411537
B-1730,observation,outside_scored_latitudes,inferred_mean,30,uo,0.039242474812021
B-1730,observation,outside_scored_latitudes,inferred_mean,30,vo,0.041836733953319064
B-1730,observation,outside_scored_latitudes,inferred_member_1,0,so,0.9885430882690384
B-1730,observation,outside_scored_latitudes,inferred_member_1,0,thetao,5.47386221548483
B-1730,observation,outside_scored_latitudes,inferred_member_1,0,uo,0.6825788651032161
B-1730,observation,outside_scored_latitudes,inferred_member_1,0,vo,0.6057966759394984
B-1730,observation,outside_scored_latitudes,inferred_member_1,5,so,0.46227742807769673
B-1730,observation,outside_scored_latitudes,inferred_member_1,5,thetao,1.4615701504544751
B-1730,observation,outside_scored_latitudes,inferred_member_1,5,uo,0.22947559303812232
B-1730,observation,outside_scored_latitudes,inferred_member_1,5,vo,0.2266436356273404
B-1730,observation,outside_scored_latitudes,inferred_member_1,15,so,0.32834278381510124
B-1730,observation,outside_scored_latitudes,inferred_member_1,15,thetao,0.7417901150718235
B-1730,observation,outside_scored_latitudes,inferred_member_1,15,uo,0.08974046444778429
B-1730,observation,outside_scored_latitudes,inferred_member_1,15,vo,0.09450037528287612
B-1730,observation,outside_scored_latitudes,inferred_member_1,30,so,0.28327249246476915
B-1730,observation,outside_scored_latitudes,inferred_member_1,30,thetao,0.6173163330494732
B-1730,observation,outside_scored_latitudes,inferred_member_1,30,uo,0.06625129735703979
B-1730,observation,outside_scored_latitudes,inferred_member_1,30,vo,0.08080825882092037
B-1730,observation,outside_scored_latitudes,inferred_persistence,0,so,0.6409245199617458
B-1730,observation,outside_scored_latitudes,inferred_persistence,0,thetao,2.638885424687971
B-1730,observation,outside_scored_latitudes,inferred_persistence,0,uo,0.3910946332735871
B-1730,observation,outside_scored_latitudes,inferred_persistence,0,vo,0.33816936605092346
B-1730,observation,outside_scored_latitudes,inferred_persistence,5,so,0.6420319753873982
B-1730,observation,outside_scored_latitudes,inferred_persistence,5,thetao,2.6389079154932333
B-1730,observation,outside_scored_latitudes,inferred_persistence,5,uo,0.3910833492021777
B-1730,observation,outside_scored_latitudes,inferred_persistence,5,vo,0.3382153772593349
B-1730,observation,outside_scored_latitudes,inferred_persistence,15,so,0.6451898970716853
B-1730,observation,outside_scored_latitudes,inferred_persistence,15,thetao,2.642592537654558
B-1730,observation,outside_scored_latitudes,inferred_persistence,15,uo,0.3911769694858747
B-1730,observation,outside_scored_latitudes,inferred_persistence,15,vo,0.3381645302486644
B-1730,observation,outside_scored_latitudes,inferred_persistence,30,so,0.6519573090375013
B-1730,observation,outside_scored_latitudes,inferred_persistence,30,thetao,2.655107565926671
B-1730,observation,outside_scored_latitudes,inferred_persistence,30,uo,0.391052190460851
B-1730,observation,outside_scored_latitudes,inferred_persistence,30,vo,0.33811694115195307
B-1730,observation,outside_scored_latitudes,true_interior,0,so,0.0
B-1730,observation,outside_scored_latitudes,true_interior,0,thetao,0.0
B-1730,observation,outside_scored_latitudes,true_interior,0,uo,0.0
B-1730,observation,outside_scored_latitudes,true_interior,0,vo,0.0
B-1730,observation,outside_scored_latitudes,true_interior,5,so,0.07147271850053816
B-1730,observation,outside_scored_latitudes,true_interior,5,thetao,0.21681760110902207
B-1730,observation,outside_scored_latitudes,true_interior,5,uo,0.024614077743028043
B-1730,observation,outside_scored_latitudes,true_interior,5,vo,0.026157107582600998
B-1730,observation,outside_scored_latitudes,true_interior,15,so,0.09982176263634099
B-1730,observation,outside_scored_latitudes,true_interior,15,thetao,0.2564790889634845
B-1730,observation,outside_scored_latitudes,true_interior,15,uo,0.025118097338295738
B-1730,observation,outside_scored_latitudes,true_interior,15,vo,0.026089470825589964
B-1730,observation,outside_scored_latitudes,true_interior,30,so,0.1229715724960016
B-1730,observation,outside_scored_latitudes,true_interior,30,thetao,0.28879486672982835
B-1730,observation,outside_scored_latitudes,true_interior,30,uo,0.02654853272117492
B-1730,observation,outside_scored_latitudes,true_interior,30,vo,0.027451418408136502
B-1730,observation,outside_scored_latitudes,true_persistence,0,so,0.0
B-1730,observation,outside_scored_latitudes,true_persistence,0,thetao,0.0
B-1730,observation,outside_scored_latitudes,true_persistence,0,uo,0.0
B-1730,observation,outside_scored_latitudes,true_persistence,0,vo,0.0
B-1730,observation,outside_scored_latitudes,true_persistence,5,so,0.05793741036635542
B-1730,observation,outside_scored_latitudes,true_persistence,5,thetao,0.09410767622616473
B-1730,observation,outside_scored_latitudes,true_persistence,5,uo,0.015059381882765151
B-1730,observation,outside_scored_latitudes,true_persistence,5,vo,0.01575721492493568
B-1730,observation,outside_scored_latitudes,true_persistence,15,so,0.12238566106856483
B-1730,observation,outside_scored_latitudes,true_persistence,15,thetao,0.2307550428071578
B-1730,observation,outside_scored_latitudes,true_persistence,15,uo,0.02063613550295689
B-1730,observation,outside_scored_latitudes,true_persistence,15,vo,0.024698038304634188
B-1730,observation,outside_scored_latitudes,true_persistence,30,so,0.19725583556682152
B-1730,observation,outside_scored_latitudes,true_persistence,30,thetao,0.4068322744575727
B-1730,observation,outside_scored_latitudes,true_persistence,30,uo,0.02444876221484579
B-1730,observation,outside_scored_latitudes,true_persistence,30,vo,0.03030104661545465
B-1730,observation,scored_latitudes,inferred_mean,0,so,0.5688202812240243
B-1730,observation,scored_latitudes,inferred_mean,0,thetao,3.0036511096972682
B-1730,observation,scored_latitudes,inferred_mean,0,uo,0.4553424161321669
B-1730,observation,scored_latitudes,inferred_mean,0,vo,0.4013551830717277
B-1730,observation,scored_latitudes,inferred_mean,5,so,0.2974394039653439
B-1730,observation,scored_latitudes,inferred_mean,5,thetao,1.3880978944022213
B-1730,observation,scored_latitudes,inferred_mean,5,uo,0.14582260274285136
B-1730,observation,scored_latitudes,inferred_mean,5,vo,0.1258683127768596
B-1730,observation,scored_latitudes,inferred_mean,15,so,0.22543304544352874
B-1730,observation,scored_latitudes,inferred_mean,15,thetao,0.8021428183275636
B-1730,observation,scored_latitudes,inferred_mean,15,uo,0.07866172070280743
B-1730,observation,scored_latitudes,inferred_mean,15,vo,0.06598125369486822
B-1730,observation,scored_latitudes,inferred_mean,30,so,0.19098092891158494
B-1730,observation,scored_latitudes,inferred_mean,30,thetao,0.7120176031661641
B-1730,observation,scored_latitudes,inferred_mean,30,uo,0.06741940451696136
B-1730,observation,scored_latitudes,inferred_mean,30,vo,0.05515049145783274
B-1730,observation,scored_latitudes,inferred_member_1,0,so,0.9543099412667272
B-1730,observation,scored_latitudes,inferred_member_1,0,thetao,5.663245367640086
B-1730,observation,scored_latitudes,inferred_member_1,0,uo,0.7674545081090834
B-1730,observation,scored_latitudes,inferred_member_1,0,vo,0.6869228154589105
B-1730,observation,scored_latitudes,inferred_member_1,5,so,0.41652550111459763
B-1730,observation,scored_latitudes,inferred_member_1,5,thetao,2.1394741956255143
B-1730,observation,scored_latitudes,inferred_member_1,5,uo,0.25812582846350657
B-1730,observation,scored_latitudes,inferred_member_1,5,vo,0.24109984190560801
B-1730,observation,scored_latitudes,inferred_member_1,15,so,0.29613983116193343
B-1730,observation,scored_latitudes,inferred_member_1,15,thetao,1.2524195160900293
B-1730,observation,scored_latitudes,inferred_member_1,15,uo,0.12121634223665086
B-1730,observation,scored_latitudes,inferred_member_1,15,vo,0.11464674880339483
B-1730,observation,scored_latitudes,inferred_member_1,30,so,0.26188868119409997
B-1730,observation,scored_latitudes,inferred_member_1,30,thetao,1.1667282330336899
B-1730,observation,scored_latitudes,inferred_member_1,30,uo,0.10778200778288113
B-1730,observation,scored_latitudes,inferred_member_1,30,vo,0.10189343695536514
B-1730,observation,scored_latitudes,inferred_persistence,0,so,0.5688202812240243
B-1730,observation,scored_latitudes,inferred_persistence,0,thetao,3.0036511096972682
B-1730,observation,scored_latitudes,inferred_persistence,0,uo,0.4553424161321669
B-1730,observation,scored_latitudes,inferred_persistence,0,vo,0.4013551830717277
B-1730,observation,scored_latitudes,inferred_persistence,5,so,0.568848094462677
B-1730,observation,scored_latitudes,inferred_persistence,5,thetao,3.003855590281062
B-1730,observation,scored_latitudes,inferred_persistence,5,uo,0.45536097860813907
B-1730,observation,scored_latitudes,inferred_persistence,5,vo,0.40144511360239044
B-1730,observation,scored_latitudes,inferred_persistence,15,so,0.5690022366301181
B-1730,observation,scored_latitudes,inferred_persistence,15,thetao,3.008142586905856
B-1730,observation,scored_latitudes,inferred_persistence,15,uo,0.45536201134561993
B-1730,observation,scored_latitudes,inferred_persistence,15,vo,0.4014163291484356
B-1730,observation,scored_latitudes,inferred_persistence,30,so,0.5694239782584675
B-1730,observation,scored_latitudes,inferred_persistence,30,thetao,3.0203447705257576
B-1730,observation,scored_latitudes,inferred_persistence,30,uo,0.4554479766900223
B-1730,observation,scored_latitudes,inferred_persistence,30,vo,0.4014037218383397
B-1730,observation,scored_latitudes,true_interior,0,so,0.0
B-1730,observation,scored_latitudes,true_interior,0,thetao,0.0
B-1730,observation,scored_latitudes,true_interior,0,uo,0.0
B-1730,observation,scored_latitudes,true_interior,0,vo,0.0
B-1730,observation,scored_latitudes,true_interior,5,so,0.050264584168817954
B-1730,observation,scored_latitudes,true_interior,5,thetao,0.2416063384918776
B-1730,observation,scored_latitudes,true_interior,5,uo,0.028521826320637263
B-1730,observation,scored_latitudes,true_interior,5,vo,0.028519529068053873
B-1730,observation,scored_latitudes,true_interior,15,so,0.06706211853516948
B-1730,observation,scored_latitudes,true_interior,15,thetao,0.29482551617406466
B-1730,observation,scored_latitudes,true_interior,15,uo,0.033850393990064835
B-1730,observation,scored_latitudes,true_interior,15,vo,0.03212596910607304
B-1730,observation,scored_latitudes,true_interior,30,so,0.07916693441312345
B-1730,observation,scored_latitudes,true_interior,30,thetao,0.3406538289140832
B-1730,observation,scored_latitudes,true_interior,30,uo,0.03823712776255631
B-1730,observation,scored_latitudes,true_interior,30,vo,0.03493843377665131
B-1730,observation,scored_latitudes,true_persistence,0,so,0.0
B-1730,observation,scored_latitudes,true_persistence,0,thetao,0.0
B-1730,observation,scored_latitudes,true_persistence,0,uo,0.0
B-1730,observation,scored_latitudes,true_persistence,0,vo,0.0
B-1730,observation,scored_latitudes,true_persistence,5,so,0.034055945216515414
B-1730,observation,scored_latitudes,true_persistence,5,thetao,0.14155558620582429
B-1730,observation,scored_latitudes,true_persistence,5,uo,0.02538731651991107
B-1730,observation,scored_latitudes,true_persistence,5,vo,0.027735616682084102
B-1730,observation,scored_latitudes,true_persistence,15,so,0.06791917107945597
B-1730,observation,scored_latitudes,true_persistence,15,thetao,0.32114768559274504
B-1730,observation,scored_latitudes,true_persistence,15,uo,0.043956430202904226
B-1730,observation,scored_latitudes,true_persistence,15,vo,0.0460741614930859
B-1730,observation,scored_latitudes,true_persistence,30,so,0.09770623430455698
B-1730,observation,scored_latitudes,true_persistence,30,thetao,0.5247081375756537
B-1730,observation,scored_latitudes,true_persistence,30,uo,0.05706774208217729
B-1730,observation,scored_latitudes,true_persistence,30,vo,0.053693001440045095
B-1730,om4,global,inferred_mean,0,so,0.3243323982658716
B-1730,om4,global,inferred_mean,0,thetao,1.903658917074139
B-1730,om4,global,inferred_mean,0,uo,0.21030810722135865
B-1730,om4,global,inferred_mean,0,vo,0.19141637287592056
B-1730,om4,global,inferred_mean,5,so,0.20731116327159263
B-1730,om4,global,inferred_mean,5,thetao,0.7730337440575197
B-1730,om4,global,inferred_mean,5,uo,0.09986472940739508
B-1730,om4,global,inferred_mean,5,vo,0.08954188333129447
B-1730,om4,global,inferred_mean,15,so,0.16228552105090577
B-1730,om4,global,inferred_mean,15,thetao,0.5826066177066952
B-1730,om4,global,inferred_mean,15,uo,0.06641801088315155
B-1730,om4,global,inferred_mean,15,vo,0.055390669847090006
B-1730,om4,global,inferred_mean,30,so,0.1434363655717787
B-1730,om4,global,inferred_mean,30,thetao,0.5188235915905504
B-1730,om4,global,inferred_mean,30,uo,0.05821245535906009
B-1730,om4,global,inferred_mean,30,vo,0.04851575426132127
B-1730,om4,global,inferred_member_1,0,so,0.7889758226391079
B-1730,om4,global,inferred_member_1,0,thetao,5.064292504483175
B-1730,om4,global,inferred_member_1,0,uo,0.5507375688391101
B-1730,om4,global,inferred_member_1,0,vo,0.5127356012268826
B-1730,om4,global,inferred_member_1,5,so,0.33878853144615834
B-1730,om4,global,inferred_member_1,5,thetao,1.5215005031158093
B-1730,om4,global,inferred_member_1,5,uo,0.21570393543033836
B-1730,om4,global,inferred_member_1,5,vo,0.21031848915747073
B-1730,om4,global,inferred_member_1,15,so,0.23541258747813765
B-1730,om4,global,inferred_member_1,15,thetao,0.9840890569163381
B-1730,om4,global,inferred_member_1,15,uo,0.10571156976081818
B-1730,om4,global,inferred_member_1,15,vo,0.10169763886658807
B-1730,om4,global,inferred_member_1,30,so,0.19523634476768165
B-1730,om4,global,inferred_member_1,30,thetao,0.8113879207007701
B-1730,om4,global,inferred_member_1,30,uo,0.08875030010008593
B-1730,om4,global,inferred_member_1,30,vo,0.0861100146072763
B-1730,om4,global,inferred_persistence,0,so,0.3243323982658716
B-1730,om4,global,inferred_persistence,0,thetao,1.903658917074139
B-1730,om4,global,inferred_persistence,0,uo,0.21030810722135865
B-1730,om4,global,inferred_persistence,0,vo,0.19141637287592056
B-1730,om4,global,inferred_persistence,5,so,0.3248342138251143
B-1730,om4,global,inferred_persistence,5,thetao,1.9050716508268974
B-1730,om4,global,inferred_persistence,5,uo,0.2102926570829409
B-1730,om4,global,inferred_persistence,5,vo,0.19147446326777817
B-1730,om4,global,inferred_persistence,15,so,0.3271139918261289
B-1730,om4,global,inferred_persistence,15,thetao,1.9130181736991014
B-1730,om4,global,inferred_persistence,15,uo,0.2103192407186709
B-1730,om4,global,inferred_persistence,15,vo,0.19160580736196006
B-1730,om4,global,inferred_persistence,30,so,0.3323057868075423
B-1730,om4,global,inferred_persistence,30,thetao,1.9351519304976665
B-1730,om4,global,inferred_persistence,30,uo,0.21043390555170383
B-1730,om4,global,inferred_persistence,30,vo,0.19170062142922903
B-1730,om4,global,true_interior,0,so,0.0
B-1730,om4,global,true_interior,0,thetao,0.0
B-1730,om4,global,true_interior,0,uo,0.0
B-1730,om4,global,true_interior,0,vo,0.0
B-1730,om4,global,true_interior,5,so,0.05301713986191456
B-1730,om4,global,true_interior,5,thetao,0.23906064043708547
B-1730,om4,global,true_interior,5,uo,0.02812341661058396
B-1730,om4,global,true_interior,5,vo,0.028254943843471596
B-1730,om4,global,true_interior,15,so,0.07141267796771616
B-1730,om4,global,true_interior,15,thetao,0.2910352309529709
B-1730,om4,global,true_interior,15,uo,0.033013180499796825
B-1730,om4,global,true_interior,15,vo,0.03151358949897472
B-1730,om4,global,true_interior,30,so,0.08510784060632459
B-1730,om4,global,true_interior,30,thetao,0.33565923210871385
B-1730,om4,global,true_interior,30,uo,0.03715051096822318
B-1730,om4,global,true_interior,30,vo,0.03419329468928755
B-1730,om4,global,true_persistence,0,so,0.0
B-1730,om4,global,true_persistence,0,thetao,0.0
B-1730,om4,global,true_persistence,0,uo,0.0
B-1730,om4,global,true_persistence,0,vo,0.0
B-1730,om4,global,true_persistence,5,so,0.037436368503681844
B-1730,om4,global,true_persistence,5,thetao,0.13734665383601113
B-1730,om4,global,true_persistence,5,uo,0.024479998930324758
B-1730,om4,global,true_persistence,5,vo,0.0267087513668908
B-1730,om4,global,true_persistence,15,so,0.07586758151258415
B-1730,om4,global,true_persistence,15,thetao,0.3129430887420244
B-1730,om4,global,true_persistence,15,uo,0.042082302803889214
B-1730,om4,global,true_persistence,15,vo,0.04429990071411047
B-1730,om4,global,true_persistence,30,so,0.11306638636635512
B-1730,om4,global,true_persistence,30,thetao,0.513666734725917
B-1730,om4,global,true_persistence,30,uo,0.05452152392790769
B-1730,om4,global,true_persistence,30,vo,0.05172145177506147
B-1730,om4,outside_scored_latitudes,inferred_mean,0,so,0.35302198990670147
B-1730,om4,outside_scored_latitudes,inferred_mean,0,thetao,1.8529151932313168
B-1730,om4,outside_scored_latitudes,inferred_mean,0,uo,0.18485682303345063
B-1730,om4,outside_scored_latitudes,inferred_mean,0,vo,0.17142234107814067
B-1730,om4,outside_scored_latitudes,inferred_mean,5,so,0.24146157852679315
B-1730,om4,outside_scored_latitudes,inferred_mean,5,thetao,0.5707726746150042
B-1730,om4,outside_scored_latitudes,inferred_mean,5,uo,0.07632684372449891
B-1730,om4,outside_scored_latitudes,inferred_mean,5,vo,0.07660388616086902
B-1730,om4,outside_scored_latitudes,inferred_mean,15,so,0.20491222317878283
B-1730,om4,outside_scored_latitudes,inferred_mean,15,thetao,0.3912557189636986
B-1730,om4,outside_scored_latitudes,inferred_mean,15,uo,0.03895670354574474
B-1730,om4,outside_scored_latitudes,inferred_mean,15,vo,0.04090793264509486
B-1730,om4,outside_scored_latitudes,inferred_mean,30,so,0.18993701754619155
B-1730,om4,outside_scored_latitudes,inferred_mean,30,thetao,0.35318293462260064
B-1730,om4,outside_scored_latitudes,inferred_mean,30,uo,0.031768866800521385
B-1730,om4,outside_scored_latitudes,inferred_mean,30,vo,0.03530588023116555
B-1730,om4,outside_scored_latitudes,inferred_member_1,0,so,0.7992606554399502
B-1730,om4,outside_scored_latitudes,inferred_member_1,0,thetao,5.04791331202693
B-1730,om4,outside_scored_latitudes,inferred_member_1,0,uo,0.5008435217971995
B-1730,om4,outside_scored_latitudes,inferred_member_1,0,vo,0.46282630903943756
B-1730,om4,outside_scored_latitudes,inferred_member_1,5,so,0.3334182022640879
B-1730,om4,outside_scored_latitudes,inferred_member_1,5,thetao,1.208826550329712
B-1730,om4,outside_scored_latitudes,inferred_member_1,5,uo,0.19092132452057828
B-1730,om4,outside_scored_latitudes,inferred_member_1,5,vo,0.19052617205587352
B-1730,om4,outside_scored_latitudes,inferred_member_1,15,so,0.2468806324132135
B-1730,om4,outside_scored_latitudes,inferred_member_1,15,thetao,0.6303491814478087
B-1730,om4,outside_scored_latitudes,inferred_member_1,15,uo,0.07320501885326622
B-1730,om4,outside_scored_latitudes,inferred_member_1,15,vo,0.08096374984825316
B-1730,om4,outside_scored_latitudes,inferred_member_1,30,so,0.2173150589419237
B-1730,om4,outside_scored_latitudes,inferred_member_1,30,thetao,0.4653241754867848
B-1730,om4,outside_scored_latitudes,inferred_member_1,30,uo,0.05079025574869756
B-1730,om4,outside_scored_latitudes,inferred_member_1,30,vo,0.06425708688987593
B-1730,om4,outside_scored_latitudes,inferred_persistence,0,so,0.35302198990670147
B-1730,om4,outside_scored_latitudes,inferred_persistence,0,thetao,1.8529151932313168
B-1730,om4,outside_scored_latitudes,inferred_persistence,0,uo,0.18485682303345063
B-1730,om4,outside_scored_latitudes,inferred_persistence,0,vo,0.17142234107814067
B-1730,om4,outside_scored_latitudes,inferred_persistence,5,so,0.35564294920561784
B-1730,om4,outside_scored_latitudes,inferred_persistence,5,thetao,1.853691558651708
B-1730,om4,outside_scored_latitudes,inferred_persistence,5,uo,0.18488648100726982
B-1730,om4,outside_scored_latitudes,inferred_persistence,5,vo,0.171512573220923
B-1730,om4,outside_scored_latitudes,inferred_persistence,15,so,0.3648603099698568
B-1730,om4,outside_scored_latitudes,inferred_persistence,15,thetao,1.8592273692488968
B-1730,om4,outside_scored_latitudes,inferred_persistence,15,uo,0.18489148899916055
B-1730,om4,outside_scored_latitudes,inferred_persistence,15,vo,0.17164746374071135
B-1730,om4,outside_scored_latitudes,inferred_persistence,30,so,0.3866672496529615
B-1730,om4,outside_scored_latitudes,inferred_persistence,30,thetao,1.8761484396249615
B-1730,om4,outside_scored_latitudes,inferred_persistence,30,uo,0.18477136210858003
B-1730,om4,outside_scored_latitudes,inferred_persistence,30,vo,0.17160702302555966
B-1730,om4,outside_scored_latitudes,true_interior,0,so,0.0
B-1730,om4,outside_scored_latitudes,true_interior,0,thetao,0.0
B-1730,om4,outside_scored_latitudes,true_interior,0,uo,0.0
B-1730,om4,outside_scored_latitudes,true_interior,0,vo,0.0
B-1730,om4,outside_scored_latitudes,true_interior,5,so,0.07147271850053816
B-1730,om4,outside_scored_latitudes,true_interior,5,thetao,0.21681760110902207
B-1730,om4,outside_scored_latitudes,true_interior,5,uo,0.024614077743028043
B-1730,om4,outside_scored_latitudes,true_interior,5,vo,0.026157107582600998
B-1730,om4,outside_scored_latitudes,true_interior,15,so,0.09982176263634099
B-1730,om4,outside_scored_latitudes,true_interior,15,thetao,0.2564790889634845
B-1730,om4,outside_scored_latitudes,true_interior,15,uo,0.025118097338295738
B-1730,om4,outside_scored_latitudes,true_interior,15,vo,0.026089470825589964
B-1730,om4,outside_scored_latitudes,true_interior,30,so,0.1229715724960016
B-1730,om4,outside_scored_latitudes,true_interior,30,thetao,0.28879486672982835
B-1730,om4,outside_scored_latitudes,true_interior,30,uo,0.02654853272117492
B-1730,om4,outside_scored_latitudes,true_interior,30,vo,0.027451418408136502
B-1730,om4,outside_scored_latitudes,true_persistence,0,so,0.0
B-1730,om4,outside_scored_latitudes,true_persistence,0,thetao,0.0
B-1730,om4,outside_scored_latitudes,true_persistence,0,uo,0.0
B-1730,om4,outside_scored_latitudes,true_persistence,0,vo,0.0
B-1730,om4,outside_scored_latitudes,true_persistence,5,so,0.05793741036635542
B-1730,om4,outside_scored_latitudes,true_persistence,5,thetao,0.09410767622616473
B-1730,om4,outside_scored_latitudes,true_persistence,5,uo,0.015059381882765151
B-1730,om4,outside_scored_latitudes,true_persistence,5,vo,0.01575721492493568
B-1730,om4,outside_scored_latitudes,true_persistence,15,so,0.12238566106856483
B-1730,om4,outside_scored_latitudes,true_persistence,15,thetao,0.2307550428071578
B-1730,om4,outside_scored_latitudes,true_persistence,15,uo,0.02063613550295689
B-1730,om4,outside_scored_latitudes,true_persistence,15,vo,0.024698038304634188
B-1730,om4,outside_scored_latitudes,true_persistence,30,so,0.19725583556682152
B-1730,om4,outside_scored_latitudes,true_persistence,30,thetao,0.4068322744575727
B-1730,om4,outside_scored_latitudes,true_persistence,30,uo,0.02444876221484579
B-1730,om4,outside_scored_latitudes,true_persistence,30,vo,0.03030104661545465
B-1730,om4,scored_latitudes,inferred_mean,0,so,0.32058657769376364
B-1730,om4,scored_latitudes,inferred_mean,0,thetao,1.9094441925649623
B-1730,om4,scored_latitudes,inferred_mean,0,uo,0.21300577347950184
B-1730,om4,scored_latitudes,inferred_mean,0,vo,0.19348929837532333
B-1730,om4,scored_latitudes,inferred_mean,5,so,0.20259318065001286
B-1730,om4,scored_latitudes,inferred_mean,5,thetao,0.7927265267808598
B-1730,om4,scored_latitudes,inferred_mean,5,uo,0.10223323916209931
B-1730,om4,scored_latitudes,inferred_mean,5,vo,0.09087927713305667
B-1730,om4,scored_latitudes,inferred_mean,15,so,0.1561339534005847
B-1730,om4,scored_latitudes,inferred_mean,15,thetao,0.6005708111515549
B-1730,om4,scored_latitudes,inferred_mean,15,uo,0.06895454169914249
B-1730,om4,scored_latitudes,inferred_mean,15,vo,0.05686101866480446
B-1730,om4,scored_latitudes,inferred_mean,30,so,0.13652093496336365
B-1730,om4,scored_latitudes,inferred_mean,30,thetao,0.5344531025229777
B-1730,om4,scored_latitudes,inferred_mean,30,uo,0.0605953438274508
B-1730,om4,scored_latitudes,inferred_mean,30,vo,0.049873274298451585
B-1730,om4,scored_latitudes,inferred_member_1,0,so,0.7876531469799143
B-1730,om4,scored_latitudes,inferred_member_1,0,thetao,5.066120329914549
B-1730,om4,scored_latitudes,inferred_member_1,0,uo,0.5560802929638876
B-1730,om4,scored_latitudes,inferred_member_1,0,vo,0.5178770434236962
B-1730,om4,scored_latitudes,inferred_member_1,5,so,0.3392460586804045
B-1730,om4,scored_latitudes,inferred_member_1,5,thetao,1.5531919786903483
B-1730,om4,scored_latitudes,inferred_member_1,5,uo,0.21849093536248443
B-1730,om4,scored_latitudes,inferred_member_1,5,vo,0.21234555029398927
B-1730,om4,scored_latitudes,inferred_member_1,15,so,0.23378418166794696
B-1730,om4,scored_latitudes,inferred_member_1,15,thetao,1.016566028552077
B-1730,om4,scored_latitudes,inferred_member_1,15,uo,0.10888973148841899
B-1730,om4,scored_latitudes,inferred_member_1,15,vo,0.1038739540875694
B-1730,om4,scored_latitudes,inferred_member_1,30,so,0.19216606165008931
B-1730,om4,scored_latitudes,inferred_member_1,30,thetao,0.8417521864928403
B-1730,om4,scored_latitudes,inferred_member_1,30,uo,0.09223205274110732
B-1730,om4,scored_latitudes,inferred_member_1,30,vo,0.08838756072564849
B-1730,om4,scored_latitudes,inferred_persistence,0,so,0.32058657769376364
B-1730,om4,scored_latitudes,inferred_persistence,0,thetao,1.9094441925649623
B-1730,om4,scored_latitudes,inferred_persistence,0,uo,0.21300577347950184
B-1730,om4,scored_latitudes,inferred_persistence,0,vo,0.19348929837532333
B-1730,om4,scored_latitudes,inferred_persistence,5,so,0.32079750429725495
B-1730,om4,scored_latitudes,inferred_persistence,5,thetao,1.9109321200507634
B-1730,om4,scored_latitudes,inferred_persistence,5,uo,0.21298637344481824
B-1730,om4,scored_latitudes,inferred_persistence,5,vo,0.1935444701595526
B-1730,om4,scored_latitudes,inferred_persistence,15,so,0.32211300442858953
B-1730,om4,scored_latitudes,inferred_persistence,15,thetao,1.9191614264960741
B-1730,om4,scored_latitudes,inferred_persistence,15,uo,0.2130153317289044
B-1730,om4,scored_latitudes,inferred_persistence,15,vo,0.1936764341685559
B-1730,om4,scored_latitudes,inferred_persistence,30,so,0.32491960454298285
B-1730,om4,scored_latitudes,inferred_persistence,30,thetao,1.9418998985082065
B-1730,om4,scored_latitudes,inferred_persistence,30,uo,0.21315335069308963
B-1730,om4,scored_latitudes,inferred_persistence,30,vo,0.193785965664521
B-1730,om4,scored_latitudes,true_interior,0,so,0.0
B-1730,om4,scored_latitudes,true_interior,0,thetao,0.0
B-1730,om4,scored_latitudes,true_interior,0,uo,0.0
B-1730,om4,scored_latitudes,true_interior,0,vo,0.0
B-1730,om4,scored_latitudes,true_interior,5,so,0.050264584168817954
B-1730,om4,scored_latitudes,true_interior,5,thetao,0.2416063384918776
B-1730,om4,scored_latitudes,true_interior,5,uo,0.028521826320637263
B-1730,om4,scored_latitudes,true_interior,5,vo,0.028519529068053873
B-1730,om4,scored_latitudes,true_interior,15,so,0.06706211853516948
B-1730,om4,scored_latitudes,true_interior,15,thetao,0.29482551617406466
B-1730,om4,scored_latitudes,true_interior,15,uo,0.033850393990064835
B-1730,om4,scored_latitudes,true_interior,15,vo,0.03212596910607304
B-1730,om4,scored_latitudes,true_interior,30,so,0.07916693441312345
B-1730,om4,scored_latitudes,true_interior,30,thetao,0.3406538289140832
B-1730,om4,scored_latitudes,true_interior,30,uo,0.03823712776255631
B-1730,om4,scored_latitudes,true_interior,30,vo,0.03493843377665131
B-1730,om4,scored_latitudes,true_persistence,0,so,0.0
B-1730,om4,scored_latitudes,true_persistence,0,thetao,0.0
B-1730,om4,scored_latitudes,true_persistence,0,uo,0.0
B-1730,om4,scored_latitudes,true_persistence,0,vo,0.0
B-1730,om4,scored_latitudes,true_persistence,5,so,0.034055945216515414
B-1730,om4,scored_latitudes,true_persistence,5,thetao,0.14155558620582429
B-1730,om4,scored_latitudes,true_persistence,5,uo,0.02538731651991107
B-1730,om4,scored_latitudes,true_persistence,5,vo,0.027735616682084102
B-1730,om4,scored_latitudes,true_persistence,15,so,0.06791917107945597
B-1730,om4,scored_latitudes,true_persistence,15,thetao,0.32114768559274504
B-1730,om4,scored_latitudes,true_persistence,15,uo,0.043956430202904226
B-1730,om4,scored_latitudes,true_persistence,15,vo,0.0460741614930859
B-1730,om4,scored_latitudes,true_persistence,30,so,0.09770623430455698
B-1730,om4,scored_latitudes,true_persistence,30,thetao,0.5247081375756537
B-1730,om4,scored_latitudes,true_persistence,30,uo,0.05706774208217729
B-1730,om4,scored_latitudes,true_persistence,30,vo,0.053693001440045095
