2026/09/22 03:27:17.143, 0, 0, 0
2026/09/22 03:27:17.153, 1, 0, 0
2026/09/22 03:27:32.158, 0, 0, 3
2026/09/22 03:27:32.159, 1, 0, 3
2026/09/22 03:27:47.159, 0, 0, 745
2026/09/22 03:27:47.159, 1, 0, 745
2026/09/22 03:28:02.161, 0, 0, 59725
2026/09/22 03:28:02.161, 1, 0, 60539
2026/09/22 03:28:17.162, 0, 0, 61353
2026/09/22 03:28:17.163, 1, 0, 61353
2026/09/22 03:28:32.164, 0, 0, 61353
2026/09/22 03:28:32.164, 1, 0, 61353
2026/09/22 03:28:47.165, 0, 0, 61353
2026/09/22 03:28:47.165, 1, 0, 61353
2026/09/22 03:29:02.167, 0, 0, 61353
2026/09/22 03:29:02.167, 1, 0, 61353
2026/09/22 03:29:17.167, 0, 0, 61353
2026/09/22 03:29:17.167, 1, 0, 61353
2026/09/22 03:29:32.168, 0, 0, 61353
2026/09/22 03:29:32.169, 1, 0, 61353
2026/09/22 03:29:47.170, 0, 0, 61353
2026/09/22 03:29:47.170, 1, 0, 61353
2026/09/22 03:30:02.172, 0, 0, 61353
2026/09/22 03:30:02.172, 1, 0, 61353
2026/09/22 03:30:17.173, 0, 0, 61353
2026/09/22 03:30:17.175, 1, 0, 61353
2026/09/22 03:30:32.176, 0, 0, 61353
2026/09/22 03:30:32.176, 1, 0, 61353
2026/09/22 03:30:47.177, 0, 0, 61353
2026/09/22 03:30:47.177, 1, 0, 61353
2026/09/22 03:31:02.179, 0, 0, 61353
2026/09/22 03:31:02.179, 1, 0, 61353
2026/09/22 03:31:17.179, 0, 0, 61353
2026/09/22 03:31:17.179, 1, 0, 61353
2026/09/22 03:31:32.180, 0, 0, 61353
2026/09/22 03:31:32.181, 1, 0, 61353
2026/09/22 03:31:47.182, 0, 0, 61353
2026/09/22 03:31:47.182, 1, 0, 61353
2026/09/22 03:32:02.183, 0, 0, 61353
2026/09/22 03:32:02.183, 1, 0, 61353
2026/09/22 03:32:17.184, 0, 15, 61353
2026/09/22 03:32:17.185, 1, 0, 61353
2026/09/22 03:32:32.186, 0, 0, 61353
2026/09/22 03:32:32.186, 1, 0, 61353
2026/09/22 03:32:47.187, 0, 0, 61353
2026/09/22 03:32:47.187, 1, 0, 61353
2026/09/22 03:33:02.188, 0, 0, 61353
2026/09/22 03:33:02.189, 1, 0, 61353
2026/09/22 03:33:17.190, 0, 0, 61353
2026/09/22 03:33:17.190, 1, 0, 61353
2026/09/22 03:33:32.191, 0, 0, 61449
2026/09/22 03:33:32.191, 1, 0, 62263
2026/09/22 03:33:47.192, 0, 4, 90183
2026/09/22 03:33:47.193, 1, 0, 90097
2026/09/22 03:34:02.193, 0, 96, 90351
2026/09/22 03:34:02.193, 1, 97, 90351
2026/09/22 03:34:17.194, 0, 98, 90351
2026/09/22 03:34:17.194, 1, 97, 90351
2026/09/22 03:34:32.195, 0, 99, 90351
2026/09/22 03:34:32.195, 1, 97, 90351
2026/09/22 03:34:47.196, 0, 97, 90351
2026/09/22 03:34:47.196, 1, 98, 90351
2026/09/22 03:35:02.197, 0, 98, 90351
2026/09/22 03:35:02.197, 1, 97, 90351
2026/09/22 03:35:17.198, 0, 97, 90351
2026/09/22 03:35:17.198, 1, 99, 90351
2026/09/22 03:35:32.199, 0, 98, 90351
2026/09/22 03:35:32.199, 1, 98, 90351
2026/09/22 03:35:47.200, 0, 98, 90351
2026/09/22 03:35:47.200, 1, 98, 90351
2026/09/22 03:36:02.200, 0, 97, 90351
2026/09/22 03:36:02.201, 1, 98, 90351
2026/09/22 03:36:17.202, 0, 98, 90351
2026/09/22 03:36:17.202, 1, 98, 90351
2026/09/22 03:36:32.203, 0, 97, 90351
2026/09/22 03:36:32.203, 1, 99, 90351
2026/09/22 03:36:47.204, 0, 99, 90351
2026/09/22 03:36:47.204, 1, 98, 90351
2026/09/22 03:37:02.205, 0, 99, 90351
2026/09/22 03:37:02.205, 1, 98, 90351
2026/09/22 03:37:17.206, 0, 97, 90351
2026/09/22 03:37:17.206, 1, 97, 90351
2026/09/22 03:37:32.207, 0, 98, 90351
2026/09/22 03:37:32.207, 1, 98, 90351
2026/09/22 03:37:47.208, 0, 97, 90351
2026/09/22 03:37:47.208, 1, 98, 90351
2026/09/22 03:38:02.209, 0, 97, 90351
2026/09/22 03:38:02.209, 1, 98, 90351
2026/09/22 03:38:17.210, 0, 97, 90351
2026/09/22 03:38:17.210, 1, 97, 90351
2026/09/22 03:38:32.211, 0, 98, 90351
2026/09/22 03:38:32.211, 1, 98, 90351
2026/09/22 03:38:47.213, 0, 97, 90351
2026/09/22 03:38:47.213, 1, 98, 90351
2026/09/22 03:39:02.213, 0, 98, 90351
2026/09/22 03:39:02.213, 1, 97, 90351
2026/09/22 03:39:17.215, 0, 87, 90351
2026/09/22 03:39:17.215, 1, 98, 90351
2026/09/22 03:39:32.215, 0, 99, 90351
2026/09/22 03:39:32.215, 1, 98, 90351
2026/09/22 03:39:47.216, 0, 96, 90351
2026/09/22 03:39:47.216, 1, 98, 90351
2026/09/22 03:40:02.217, 0, 98, 90351
2026/09/22 03:40:02.217, 1, 98, 90351
2026/09/22 03:40:17.218, 0, 97, 90351
2026/09/22 03:40:17.218, 1, 97, 90351
2026/09/22 03:40:32.219, 0, 98, 90351
2026/09/22 03:40:32.219, 1, 98, 90351
2026/09/22 03:40:47.220, 0, 97, 90351
2026/09/22 03:40:47.220, 1, 98, 90351
2026/09/22 03:41:02.221, 0, 98, 90351
2026/09/22 03:41:02.221, 1, 97, 90351
2026/09/22 03:41:17.222, 0, 97, 90351
2026/09/22 03:41:17.222, 1, 99, 90351
2026/09/22 03:41:32.223, 0, 97, 90351
2026/09/22 03:41:32.223, 1, 97, 90351
2026/09/22 03:41:47.224, 0, 97, 90351
2026/09/22 03:41:47.224, 1, 97, 90351
2026/09/22 03:42:02.225, 0, 99, 90351
2026/09/22 03:42:02.225, 1, 98, 90351
2026/09/22 03:42:17.226, 0, 97, 90351
2026/09/22 03:42:17.226, 1, 98, 90351
2026/09/22 03:42:32.227, 0, 98, 90351
2026/09/22 03:42:32.227, 1, 98, 90351
2026/09/22 03:42:47.228, 0, 98, 90351
2026/09/22 03:42:47.228, 1, 98, 90351
2026/09/22 03:43:02.229, 0, 98, 90351
2026/09/22 03:43:02.229, 1, 97, 90351
2026/09/22 03:43:17.230, 0, 98, 90351
2026/09/22 03:43:17.230, 1, 98, 90351
2026/09/22 03:43:32.231, 0, 98, 90351
2026/09/22 03:43:32.231, 1, 98, 90351
2026/09/22 03:43:47.232, 0, 97, 90351
2026/09/22 03:43:47.232, 1, 96, 90351
2026/09/22 03:44:02.232, 0, 97, 90351
2026/09/22 03:44:02.233, 1, 97, 90351
2026/09/22 03:44:17.234, 0, 97, 90351
2026/09/22 03:44:17.234, 1, 98, 90351
2026/09/22 03:44:32.235, 0, 98, 90351
2026/09/22 03:44:32.236, 1, 98, 90351
2026/09/22 03:44:47.237, 0, 97, 90351
2026/09/22 03:44:47.237, 1, 98, 90351
2026/09/22 03:45:02.238, 0, 98, 90351
2026/09/22 03:45:02.238, 1, 97, 90351
2026/09/22 03:45:17.239, 0, 97, 90351
2026/09/22 03:45:17.239, 1, 98, 90351
2026/09/22 03:45:32.240, 0, 98, 90351
2026/09/22 03:45:32.240, 1, 98, 90351
2026/09/22 03:45:47.241, 0, 98, 90351
2026/09/22 03:45:47.241, 1, 98, 90351
2026/09/22 03:46:02.242, 0, 6, 90351
2026/09/22 03:46:02.242, 1, 100, 90351
2026/09/22 03:46:17.243, 0, 98, 90351
2026/09/22 03:46:17.243, 1, 98, 90351
2026/09/22 03:46:32.244, 0, 98, 90351
2026/09/22 03:46:32.244, 1, 98, 90351
2026/09/22 03:46:47.245, 0, 98, 90351
2026/09/22 03:46:47.245, 1, 97, 90351
2026/09/22 03:47:02.246, 0, 98, 90351
2026/09/22 03:47:02.246, 1, 98, 90351
2026/09/22 03:47:17.247, 0, 98, 90351
2026/09/22 03:47:17.247, 1, 98, 90351
2026/09/22 03:47:32.248, 0, 97, 90351
2026/09/22 03:47:32.248, 1, 98, 90351
2026/09/22 03:47:47.249, 0, 98, 90351
2026/09/22 03:47:47.249, 1, 98, 90351
2026/09/22 03:48:02.250, 0, 99, 90351
2026/09/22 03:48:02.250, 1, 98, 90351
2026/09/22 03:48:17.251, 0, 97, 90351
2026/09/22 03:48:17.251, 1, 97, 90351
2026/09/22 03:48:32.252, 0, 98, 90351
2026/09/22 03:48:32.252, 1, 98, 90351
2026/09/22 03:48:47.253, 0, 97, 90351
2026/09/22 03:48:47.253, 1, 98, 90351
2026/09/22 03:49:02.254, 0, 98, 90351
2026/09/22 03:49:02.254, 1, 98, 90351
2026/09/22 03:49:17.255, 0, 97, 90351
2026/09/22 03:49:17.255, 1, 97, 90351
2026/09/22 03:49:32.256, 0, 98, 90351
2026/09/22 03:49:32.256, 1, 98, 90351
2026/09/22 03:49:47.257, 0, 98, 90351
2026/09/22 03:49:47.257, 1, 99, 90351
2026/09/22 03:50:02.257, 0, 80, 90351
2026/09/22 03:50:02.258, 1, 97, 90351
2026/09/22 03:50:17.259, 0, 98, 90351
2026/09/22 03:50:17.259, 1, 98, 90351
2026/09/22 03:50:32.260, 0, 97, 90351
2026/09/22 03:50:32.260, 1, 98, 90351
2026/09/22 03:50:47.261, 0, 98, 90351
2026/09/22 03:50:47.261, 1, 98, 90351
2026/09/22 03:51:02.262, 0, 97, 90351
2026/09/22 03:51:02.262, 1, 98, 90351
2026/09/22 03:51:17.263, 0, 98, 90351
2026/09/22 03:51:17.263, 1, 97, 90351
2026/09/22 03:51:32.264, 0, 98, 90351
2026/09/22 03:51:32.264, 1, 98, 90351
2026/09/22 03:51:47.265, 0, 97, 90351
2026/09/22 03:51:47.265, 1, 98, 90351
2026/09/22 03:52:02.266, 0, 98, 90351
2026/09/22 03:52:02.267, 1, 98, 90351
2026/09/22 03:52:17.268, 0, 98, 90351
2026/09/22 03:52:17.268, 1, 98, 90351
2026/09/22 03:52:32.268, 0, 97, 90351
2026/09/22 03:52:32.268, 1, 98, 90351
2026/09/22 03:52:47.269, 0, 98, 90351
2026/09/22 03:52:47.270, 1, 97, 90351
2026/09/22 03:53:02.270, 0, 97, 90351
2026/09/22 03:53:02.271, 1, 98, 90351
2026/09/22 03:53:17.272, 0, 98, 90351
2026/09/22 03:53:17.272, 1, 98, 90351
2026/09/22 03:53:32.272, 0, 98, 90351
2026/09/22 03:53:32.273, 1, 98, 90351
2026/09/22 03:53:47.274, 0, 97, 90351
2026/09/22 03:53:47.274, 1, 97, 90351
2026/09/22 03:54:02.275, 0, 97, 90351
2026/09/22 03:54:02.275, 1, 98, 90351
2026/09/22 03:54:17.275, 0, 98, 90351
2026/09/22 03:54:17.276, 1, 98, 90351
2026/09/22 03:54:32.276, 0, 98, 90351
2026/09/22 03:54:32.276, 1, 97, 90351
2026/09/22 03:54:47.277, 0, 98, 90351
2026/09/22 03:54:47.277, 1, 98, 90351
2026/09/22 03:55:02.279, 0, 98, 90351
2026/09/22 03:55:02.279, 1, 98, 90351
2026/09/22 03:55:17.279, 0, 98, 90351
2026/09/22 03:55:17.279, 1, 98, 90351
2026/09/22 03:55:32.280, 0, 98, 90351
2026/09/22 03:55:32.281, 1, 98, 90351
2026/09/22 03:55:47.282, 0, 98, 90351
2026/09/22 03:55:47.282, 1, 98, 90351
2026/09/22 03:56:02.282, 0, 97, 90351
2026/09/22 03:56:02.282, 1, 98, 90351
2026/09/22 03:56:17.283, 0, 99, 90351
2026/09/22 03:56:17.283, 1, 98, 90351
2026/09/22 03:56:32.284, 0, 98, 90351
2026/09/22 03:56:32.284, 1, 98, 90351
2026/09/22 03:56:47.285, 0, 97, 90351
2026/09/22 03:56:47.287, 1, 98, 90351
2026/09/22 03:57:02.288, 0, 98, 90351
2026/09/22 03:57:02.288, 1, 97, 90351
2026/09/22 03:57:17.289, 0, 97, 90351
2026/09/22 03:57:17.289, 1, 98, 90351
2026/09/22 03:57:32.290, 0, 98, 90351
2026/09/22 03:57:32.291, 1, 97, 90351
2026/09/22 03:57:47.292, 0, 97, 90351
2026/09/22 03:57:47.292, 1, 98, 90351
2026/09/22 03:58:02.293, 0, 97, 90351
2026/09/22 03:58:02.293, 1, 98, 90351
2026/09/22 03:58:17.294, 0, 98, 90351
2026/09/22 03:58:17.294, 1, 97, 90351
2026/09/22 03:58:32.295, 0, 98, 90351
2026/09/22 03:58:32.295, 1, 98, 90351
2026/09/22 03:58:47.296, 0, 97, 90351
2026/09/22 03:58:47.296, 1, 97, 90351
2026/09/22 03:59:02.297, 0, 98, 90351
2026/09/22 03:59:02.297, 1, 98, 90351
2026/09/22 03:59:17.298, 0, 98, 90351
2026/09/22 03:59:17.298, 1, 98, 90351
2026/09/22 03:59:32.299, 0, 98, 90351
2026/09/22 03:59:32.299, 1, 98, 90351
2026/09/22 03:59:47.300, 0, 87, 90351
2026/09/22 03:59:47.300, 1, 97, 90351
2026/09/22 04:00:02.301, 0, 0, 90351
2026/09/22 04:00:02.301, 1, 100, 90351
2026/09/22 04:00:17.302, 0, 98, 90351
2026/09/22 04:00:17.302, 1, 99, 90351
2026/09/22 04:00:32.302, 0, 97, 90351
2026/09/22 04:00:32.303, 1, 97, 90351
2026/09/22 04:00:47.303, 0, 96, 90351
2026/09/22 04:00:47.303, 1, 98, 90351
2026/09/22 04:01:02.304, 0, 98, 90351
2026/09/22 04:01:02.305, 1, 97, 90351
2026/09/22 04:01:17.305, 0, 98, 90351
2026/09/22 04:01:17.305, 1, 98, 90351
2026/09/22 04:01:32.306, 0, 98, 90351
2026/09/22 04:01:32.306, 1, 98, 90351
2026/09/22 04:01:47.307, 0, 97, 90351
2026/09/22 04:01:47.307, 1, 98, 90351
2026/09/22 04:02:02.308, 0, 97, 90351
2026/09/22 04:02:02.308, 1, 98, 90351
2026/09/22 04:02:17.310, 0, 88, 90351
2026/09/22 04:02:17.310, 1, 97, 90351
2026/09/22 04:02:32.311, 0, 98, 90351
2026/09/22 04:02:32.311, 1, 98, 90351
2026/09/22 04:02:47.311, 0, 97, 90351
2026/09/22 04:02:47.311, 1, 98, 90351
2026/09/22 04:03:02.312, 0, 98, 90351
2026/09/22 04:03:02.312, 1, 98, 90351
2026/09/22 04:03:17.313, 0, 98, 90351
2026/09/22 04:03:17.314, 1, 98, 90351
2026/09/22 04:03:32.314, 0, 97, 90351
2026/09/22 04:03:32.314, 1, 98, 90351
2026/09/22 04:03:47.315, 0, 97, 90351
2026/09/22 04:03:47.315, 1, 97, 90351
2026/09/22 04:04:02.316, 0, 97, 90351
2026/09/22 04:04:02.316, 1, 97, 90351
2026/09/22 04:04:17.318, 0, 98, 90351
2026/09/22 04:04:17.318, 1, 98, 90351
2026/09/22 04:04:32.319, 0, 98, 90351
2026/09/22 04:04:32.319, 1, 98, 90351
2026/09/22 04:04:47.320, 0, 87, 90351
2026/09/22 04:04:47.320, 1, 97, 90351
2026/09/22 04:05:02.321, 0, 97, 90351
2026/09/22 04:05:02.321, 1, 99, 90351
2026/09/22 04:05:17.322, 0, 98, 90351
2026/09/22 04:05:17.322, 1, 98, 90351
2026/09/22 04:05:32.323, 0, 98, 90351
2026/09/22 04:05:32.323, 1, 98, 90351
2026/09/22 04:05:47.324, 0, 98, 90351
2026/09/22 04:05:47.324, 1, 98, 90351
2026/09/22 04:06:02.325, 0, 97, 90351
2026/09/22 04:06:02.325, 1, 98, 90351
2026/09/22 04:06:17.326, 0, 97, 90351
2026/09/22 04:06:17.326, 1, 99, 90351
2026/09/22 04:06:32.327, 0, 98, 90351
2026/09/22 04:06:32.327, 1, 98, 90351
2026/09/22 04:06:47.328, 0, 97, 90351
2026/09/22 04:06:47.328, 1, 98, 90351
2026/09/22 04:07:02.329, 0, 98, 90351
2026/09/22 04:07:02.329, 1, 97, 90351
2026/09/22 04:07:17.330, 0, 99, 90351
2026/09/22 04:07:17.330, 1, 98, 90351
2026/09/22 04:07:32.331, 0, 97, 90351
2026/09/22 04:07:32.331, 1, 98, 90351
2026/09/22 04:07:47.332, 0, 97, 90351
2026/09/22 04:07:47.332, 1, 97, 90351
2026/09/22 04:08:02.333, 0, 98, 90351
2026/09/22 04:08:02.333, 1, 98, 90351
2026/09/22 04:08:17.334, 0, 98, 90351
2026/09/22 04:08:17.334, 1, 98, 90351
2026/09/22 04:08:32.334, 0, 98, 90351
2026/09/22 04:08:32.334, 1, 98, 90351
2026/09/22 04:08:47.335, 0, 98, 90351
2026/09/22 04:08:47.335, 1, 97, 90351
2026/09/22 04:09:02.336, 0, 97, 90351
2026/09/22 04:09:02.336, 1, 98, 90351
2026/09/22 04:09:17.337, 0, 96, 90351
2026/09/22 04:09:17.337, 1, 97, 90351
2026/09/22 04:09:32.338, 0, 97, 90351
2026/09/22 04:09:32.338, 1, 98, 90351
2026/09/22 04:09:47.339, 0, 97, 90351
2026/09/22 04:09:47.339, 1, 97, 90351
2026/09/22 04:10:02.340, 0, 98, 90351
2026/09/22 04:10:02.340, 1, 97, 90351
2026/09/22 04:10:17.341, 0, 97, 90351
2026/09/22 04:10:17.341, 1, 98, 90351
2026/09/22 04:10:32.342, 0, 98, 90351
2026/09/22 04:10:32.342, 1, 98, 90351
2026/09/22 04:10:47.343, 0, 98, 90351
2026/09/22 04:10:47.343, 1, 98, 90351
2026/09/22 04:11:02.344, 0, 98, 90351
2026/09/22 04:11:02.344, 1, 98, 90351
2026/09/22 04:11:17.344, 0, 99, 90351
2026/09/22 04:11:17.345, 1, 97, 90351
2026/09/22 04:11:32.345, 0, 97, 90351
2026/09/22 04:11:32.346, 1, 97, 90351
2026/09/22 04:11:47.347, 0, 98, 90351
2026/09/22 04:11:47.347, 1, 98, 90351
2026/09/22 04:12:02.347, 0, 97, 90351
2026/09/22 04:12:02.347, 1, 96, 90351
2026/09/22 04:12:17.348, 0, 98, 90351
2026/09/22 04:12:17.349, 1, 96, 90351
2026/09/22 04:12:32.350, 0, 97, 90351
2026/09/22 04:12:32.350, 1, 97, 90351
2026/09/22 04:12:47.351, 0, 97, 90351
2026/09/22 04:12:47.351, 1, 97, 90351
2026/09/22 04:13:02.352, 0, 97, 90351
2026/09/22 04:13:02.352, 1, 96, 90351
2026/09/22 04:13:17.353, 0, 97, 90351
2026/09/22 04:13:17.353, 1, 96, 90351
2026/09/22 04:13:32.354, 0, 98, 90351
2026/09/22 04:13:32.354, 1, 97, 90351
2026/09/22 04:13:47.355, 0, 98, 90351
2026/09/22 04:13:47.355, 1, 95, 90351
2026/09/22 04:14:02.356, 0, 97, 90351
2026/09/22 04:14:02.356, 1, 96, 90351
2026/09/22 04:14:17.357, 0, 97, 90351
2026/09/22 04:14:17.357, 1, 96, 90351
2026/09/22 04:14:32.358, 0, 98, 90351
2026/09/22 04:14:32.358, 1, 96, 90351
2026/09/22 04:14:47.359, 0, 98, 90351
2026/09/22 04:14:47.360, 1, 96, 90351
2026/09/22 04:15:02.360, 0, 98, 90351
2026/09/22 04:15:02.361, 1, 98, 90351
2026/09/22 04:15:17.361, 0, 97, 90351
2026/09/22 04:15:17.361, 1, 96, 90351
2026/09/22 04:15:32.362, 0, 98, 90351
2026/09/22 04:15:32.362, 1, 95, 90351
2026/09/22 04:15:47.363, 0, 97, 90351
2026/09/22 04:15:47.363, 1, 94, 90351
2026/09/22 04:16:02.364, 0, 98, 90351
2026/09/22 04:16:02.364, 1, 96, 90351
2026/09/22 04:16:17.365, 0, 97, 90351
2026/09/22 04:16:17.365, 1, 97, 90351
2026/09/22 04:16:32.366, 0, 98, 90351
2026/09/22 04:16:32.366, 1, 98, 90351
2026/09/22 04:16:47.367, 0, 99, 90351
2026/09/22 04:16:47.367, 1, 97, 90351
2026/09/22 04:17:02.368, 0, 98, 90351
2026/09/22 04:17:02.368, 1, 95, 90351
2026/09/22 04:17:17.369, 0, 97, 90351
2026/09/22 04:17:17.369, 1, 95, 90351
2026/09/22 04:17:32.369, 0, 97, 90351
2026/09/22 04:17:32.370, 1, 98, 90351
2026/09/22 04:17:47.370, 0, 97, 90351
2026/09/22 04:17:47.370, 1, 96, 90351
2026/09/22 04:18:02.371, 0, 97, 90351
2026/09/22 04:18:02.371, 1, 96, 90351
2026/09/22 04:18:17.372, 0, 97, 90351
2026/09/22 04:18:17.372, 1, 97, 90351
2026/09/22 04:18:32.373, 0, 97, 90351
2026/09/22 04:18:32.380, 1, 98, 90351
2026/09/22 04:18:47.380, 0, 98, 90351
2026/09/22 04:18:47.381, 1, 97, 90351
2026/09/22 04:19:02.381, 0, 98, 90351
2026/09/22 04:19:02.382, 1, 98, 90351
2026/09/22 04:19:17.383, 0, 97, 90351
2026/09/22 04:19:17.383, 1, 96, 90351
2026/09/22 04:19:32.383, 0, 98, 90351
2026/09/22 04:19:32.384, 1, 96, 90351
2026/09/22 04:19:47.384, 0, 98, 90351
2026/09/22 04:19:47.385, 1, 98, 90351
2026/09/22 04:20:02.385, 0, 0, 90351
2026/09/22 04:20:02.386, 1, 100, 90351
2026/09/22 04:20:17.386, 0, 97, 90351
2026/09/22 04:20:17.386, 1, 95, 90351
2026/09/22 04:20:32.387, 0, 98, 90351
2026/09/22 04:20:32.387, 1, 97, 90351
2026/09/22 04:20:47.388, 0, 98, 90351
2026/09/22 04:20:47.388, 1, 96, 90351
2026/09/22 04:21:02.389, 0, 98, 90351
2026/09/22 04:21:02.389, 1, 95, 90351
2026/09/22 04:21:17.390, 0, 87, 90351
2026/09/22 04:21:17.390, 1, 95, 90351
2026/09/22 04:21:32.391, 0, 99, 90351
2026/09/22 04:21:32.391, 1, 96, 90351
2026/09/22 04:21:47.392, 0, 99, 90351
2026/09/22 04:21:47.392, 1, 96, 90351
2026/09/22 04:22:02.393, 0, 98, 90351
2026/09/22 04:22:02.393, 1, 96, 90351
2026/09/22 04:22:17.394, 0, 98, 90351
2026/09/22 04:22:17.394, 1, 96, 90351
2026/09/22 04:22:32.395, 0, 97, 90351
2026/09/22 04:22:32.395, 1, 94, 90351
2026/09/22 04:22:47.396, 0, 98, 90351
2026/09/22 04:22:47.396, 1, 98, 90351
2026/09/22 04:23:02.397, 0, 96, 90351
2026/09/22 04:23:02.397, 1, 96, 90351
2026/09/22 04:23:17.398, 0, 94, 90351
2026/09/22 04:23:17.398, 1, 94, 90351
2026/09/22 04:23:32.399, 0, 97, 90351
2026/09/22 04:23:32.399, 1, 97, 90351
2026/09/22 04:23:47.400, 0, 97, 90351
2026/09/22 04:23:47.401, 1, 95, 90351
2026/09/22 04:24:02.401, 0, 97, 90351
2026/09/22 04:24:02.401, 1, 95, 90351
2026/09/22 04:24:17.402, 0, 94, 90351
2026/09/22 04:24:17.402, 1, 96, 90351
2026/09/22 04:24:32.403, 0, 94, 90351
2026/09/22 04:24:32.404, 1, 95, 90351
2026/09/22 04:24:47.404, 0, 95, 90351
2026/09/22 04:24:47.404, 1, 95, 90351
2026/09/22 04:25:02.405, 0, 96, 90351
2026/09/22 04:25:02.405, 1, 95, 90351
2026/09/22 04:25:17.406, 0, 98, 90351
2026/09/22 04:25:17.406, 1, 96, 90351
2026/09/22 04:25:32.407, 0, 91, 90351
2026/09/22 04:25:32.407, 1, 95, 90351
2026/09/22 04:25:47.408, 0, 93, 90351
2026/09/22 04:25:47.408, 1, 94, 90351
2026/09/22 04:26:02.409, 0, 95, 90351
2026/09/22 04:26:02.409, 1, 97, 90351
2026/09/22 04:26:17.410, 0, 95, 90351
2026/09/22 04:26:17.410, 1, 96, 90351
2026/09/22 04:26:32.411, 0, 95, 90351
2026/09/22 04:26:32.411, 1, 98, 90351
2026/09/22 04:26:47.412, 0, 96, 90351
2026/09/22 04:26:47.413, 1, 95, 90351
2026/09/22 04:27:02.414, 0, 95, 90351
2026/09/22 04:27:02.414, 1, 96, 90351
2026/09/22 04:27:17.414, 0, 96, 90351
2026/09/22 04:27:17.415, 1, 95, 90351
2026/09/22 04:27:32.416, 0, 93, 90351
2026/09/22 04:27:32.416, 1, 96, 90351
2026/09/22 04:27:47.417, 0, 94, 90351
2026/09/22 04:27:47.417, 1, 96, 90351
2026/09/22 04:28:02.418, 0, 96, 90351
2026/09/22 04:28:02.418, 1, 96, 90351
2026/09/22 04:28:17.419, 0, 94, 90351
2026/09/22 04:28:17.419, 1, 95, 90351
2026/09/22 04:28:32.419, 0, 82, 90351
2026/09/22 04:28:32.420, 1, 96, 90351
2026/09/22 04:28:47.421, 0, 96, 90351
2026/09/22 04:28:47.421, 1, 97, 90351
2026/09/22 04:29:02.422, 0, 97, 90351
2026/09/22 04:29:02.422, 1, 96, 90351
2026/09/22 04:29:17.422, 0, 96, 90351
2026/09/22 04:29:17.423, 1, 94, 90351
2026/09/22 04:29:32.423, 0, 97, 90351
2026/09/22 04:29:32.424, 1, 95, 90351
2026/09/22 04:29:47.424, 0, 97, 90351
2026/09/22 04:29:47.425, 1, 96, 90351
2026/09/22 04:30:02.425, 0, 96, 90351
2026/09/22 04:30:02.426, 1, 95, 90351
2026/09/22 04:30:17.426, 0, 95, 90351
2026/09/22 04:30:17.427, 1, 95, 90351
2026/09/22 04:30:32.427, 0, 97, 90351
2026/09/22 04:30:32.427, 1, 97, 90351
2026/09/22 04:30:47.428, 0, 95, 90351
2026/09/22 04:30:47.428, 1, 96, 90351
2026/09/22 04:31:02.429, 0, 93, 90351
2026/09/22 04:31:02.431, 1, 96, 90351
2026/09/22 04:31:17.432, 0, 97, 90351
2026/09/22 04:31:17.432, 1, 98, 90351
2026/09/22 04:31:32.432, 0, 94, 90351
2026/09/22 04:31:32.433, 1, 95, 90351
2026/09/22 04:31:47.433, 0, 85, 90351
2026/09/22 04:31:47.434, 1, 95, 90351
2026/09/22 04:32:02.434, 0, 96, 90351
2026/09/22 04:32:02.434, 1, 95, 90351
2026/09/22 04:32:17.435, 0, 96, 90351
2026/09/22 04:32:17.435, 1, 96, 90351
2026/09/22 04:32:32.436, 0, 96, 90351
2026/09/22 04:32:32.436, 1, 95, 90351
2026/09/22 04:32:47.437, 0, 97, 90351
2026/09/22 04:32:47.437, 1, 97, 90351
2026/09/22 04:33:02.438, 0, 93, 90351
2026/09/22 04:33:02.438, 1, 94, 90351
2026/09/22 04:33:17.440, 0, 94, 90351
2026/09/22 04:33:17.440, 1, 96, 90351
2026/09/22 04:33:32.441, 0, 94, 90351
2026/09/22 04:33:32.442, 1, 95, 90351
2026/09/22 04:33:47.442, 0, 97, 90351
2026/09/22 04:33:47.442, 1, 96, 90351
2026/09/22 04:34:02.443, 0, 93, 90351
2026/09/22 04:34:02.444, 1, 95, 90351
2026/09/22 04:34:17.444, 0, 97, 90351
2026/09/22 04:34:17.445, 1, 96, 90351
2026/09/22 04:34:32.446, 0, 88, 90351
2026/09/22 04:34:32.446, 1, 95, 90351
2026/09/22 04:34:47.447, 0, 96, 90351
2026/09/22 04:34:47.447, 1, 94, 90351
2026/09/22 04:35:02.448, 0, 95, 90351
2026/09/22 04:35:02.448, 1, 95, 90351
2026/09/22 04:35:17.449, 0, 96, 90351
2026/09/22 04:35:17.449, 1, 95, 90351
2026/09/22 04:35:32.450, 0, 89, 90351
2026/09/22 04:35:32.450, 1, 97, 90351
2026/09/22 04:35:47.451, 0, 97, 90351
2026/09/22 04:35:47.451, 1, 95, 90351
2026/09/22 04:36:02.452, 0, 95, 90351
2026/09/22 04:36:02.452, 1, 96, 90351
2026/09/22 04:36:17.453, 0, 95, 90351
2026/09/22 04:36:17.454, 1, 96, 90351
2026/09/22 04:36:32.454, 0, 95, 90351
2026/09/22 04:36:32.454, 1, 96, 90351
2026/09/22 04:36:47.455, 0, 94, 90351
2026/09/22 04:36:47.455, 1, 95, 90351
2026/09/22 04:37:02.457, 0, 95, 90351
2026/09/22 04:37:02.457, 1, 97, 90351
2026/09/22 04:37:17.457, 0, 96, 90351
2026/09/22 04:37:17.458, 1, 94, 90351
2026/09/22 04:37:32.458, 0, 95, 90351
2026/09/22 04:37:32.459, 1, 96, 90351
2026/09/22 04:37:47.459, 0, 95, 90351
2026/09/22 04:37:47.459, 1, 96, 90351
2026/09/22 04:38:02.460, 0, 93, 90351
2026/09/22 04:38:02.460, 1, 94, 90351
2026/09/22 04:38:17.461, 0, 97, 90351
2026/09/22 04:38:17.461, 1, 97, 90351
2026/09/22 04:38:32.462, 0, 95, 90351
2026/09/22 04:38:32.462, 1, 95, 90351
2026/09/22 04:38:47.463, 0, 96, 90351
2026/09/22 04:38:47.463, 1, 94, 90351
2026/09/22 04:39:02.464, 0, 96, 90351
2026/09/22 04:39:02.464, 1, 95, 90351
2026/09/22 04:39:17.465, 0, 97, 90351
2026/09/22 04:39:17.465, 1, 94, 90351
2026/09/22 04:39:32.466, 0, 97, 90351
2026/09/22 04:39:32.466, 1, 95, 90351
2026/09/22 04:39:47.467, 0, 94, 90351
2026/09/22 04:39:47.467, 1, 96, 90351
2026/09/22 04:40:02.468, 0, 3, 90351
2026/09/22 04:40:02.468, 1, 100, 90351
2026/09/22 04:40:17.469, 0, 97, 90351
2026/09/22 04:40:17.470, 1, 94, 90351
2026/09/22 04:40:32.471, 0, 95, 90351
2026/09/22 04:40:32.471, 1, 96, 90351
2026/09/22 04:40:47.472, 0, 96, 90351
2026/09/22 04:40:47.472, 1, 95, 90351
2026/09/22 04:41:02.473, 0, 94, 90351
2026/09/22 04:41:02.473, 1, 96, 90351
2026/09/22 04:41:17.474, 0, 93, 90351
2026/09/22 04:41:17.474, 1, 96, 90351
2026/09/22 04:41:32.474, 0, 97, 90351
2026/09/22 04:41:32.475, 1, 97, 90351
2026/09/22 04:41:47.475, 0, 93, 90351
2026/09/22 04:41:47.476, 1, 97, 90351
2026/09/22 04:42:02.476, 0, 93, 90351
2026/09/22 04:42:02.477, 1, 94, 90351
2026/09/22 04:42:17.478, 0, 95, 90351
2026/09/22 04:42:17.478, 1, 96, 90351
2026/09/22 04:42:32.479, 0, 97, 90351
2026/09/22 04:42:32.479, 1, 95, 90351
2026/09/22 04:42:47.480, 0, 94, 90351
2026/09/22 04:42:47.480, 1, 96, 90351
2026/09/22 04:43:02.481, 0, 96, 90351
2026/09/22 04:43:02.482, 1, 96, 90351
2026/09/22 04:43:17.482, 0, 96, 90351
2026/09/22 04:43:17.482, 1, 97, 90351
2026/09/22 04:43:32.483, 0, 95, 90351
2026/09/22 04:43:32.483, 1, 94, 90351
2026/09/22 04:43:47.484, 0, 95, 90351
2026/09/22 04:43:47.485, 1, 96, 90351
2026/09/22 04:44:02.485, 0, 92, 90351
2026/09/22 04:44:02.486, 1, 96, 90351
2026/09/22 04:44:17.486, 0, 96, 90351
2026/09/22 04:44:17.486, 1, 98, 90351
2026/09/22 04:44:32.487, 0, 96, 90351
2026/09/22 04:44:32.487, 1, 95, 90351
2026/09/22 04:44:47.488, 0, 95, 90351
2026/09/22 04:44:47.488, 1, 96, 90351
2026/09/22 04:45:02.489, 0, 96, 90351
2026/09/22 04:45:02.489, 1, 96, 90351
2026/09/22 04:45:17.490, 0, 96, 90351
2026/09/22 04:45:17.490, 1, 98, 90351
2026/09/22 04:45:32.491, 0, 97, 90351
2026/09/22 04:45:32.491, 1, 98, 90351
2026/09/22 04:45:47.491, 0, 95, 90351
2026/09/22 04:45:47.492, 1, 95, 90351
2026/09/22 04:46:02.492, 0, 96, 90351
2026/09/22 04:46:02.492, 1, 97, 90351
2026/09/22 04:46:17.493, 0, 95, 90351
2026/09/22 04:46:17.493, 1, 97, 90351
2026/09/22 04:46:32.494, 0, 94, 90351
2026/09/22 04:46:32.494, 1, 95, 90351
2026/09/22 04:46:47.494, 0, 94, 90351
2026/09/22 04:46:47.495, 1, 97, 90351
2026/09/22 04:47:02.495, 0, 95, 90351
2026/09/22 04:47:02.495, 1, 96, 90351
2026/09/22 04:47:17.496, 0, 96, 90351
2026/09/22 04:47:17.496, 1, 96, 90351
2026/09/22 04:47:32.497, 0, 95, 90351
2026/09/22 04:47:32.497, 1, 97, 90351
2026/09/22 04:47:47.497, 0, 97, 90351
2026/09/22 04:47:47.498, 1, 97, 90351
2026/09/22 04:48:02.498, 0, 95, 90351
2026/09/22 04:48:02.498, 1, 96, 90351
2026/09/22 04:48:17.499, 0, 94, 90351
2026/09/22 04:48:17.500, 1, 94, 90351
2026/09/22 04:48:32.500, 0, 97, 90351
2026/09/22 04:48:32.500, 1, 96, 90351
2026/09/22 04:48:47.501, 0, 95, 90351
2026/09/22 04:48:47.502, 1, 97, 90351
2026/09/22 04:49:02.502, 0, 96, 90351
2026/09/22 04:49:02.503, 1, 96, 90351
2026/09/22 04:49:17.503, 0, 98, 90351
2026/09/22 04:49:17.503, 1, 97, 90351
2026/09/22 04:49:32.504, 0, 95, 90351
2026/09/22 04:49:32.504, 1, 95, 90351
2026/09/22 04:49:47.505, 0, 96, 90351
2026/09/22 04:49:47.505, 1, 96, 90351
2026/09/22 04:50:02.506, 0, 95, 90351
2026/09/22 04:50:02.506, 1, 96, 90351
2026/09/22 04:50:17.507, 0, 95, 90351
2026/09/22 04:50:17.507, 1, 96, 90351
2026/09/22 04:50:32.508, 0, 96, 90351
2026/09/22 04:50:32.508, 1, 96, 90351
2026/09/22 04:50:47.509, 0, 96, 90351
2026/09/22 04:50:47.509, 1, 98, 90351
2026/09/22 04:51:02.510, 0, 94, 90351
2026/09/22 04:51:02.510, 1, 97, 90351
2026/09/22 04:51:17.511, 0, 98, 90351
2026/09/22 04:51:17.511, 1, 97, 90351
2026/09/22 04:51:32.511, 0, 97, 90351
2026/09/22 04:51:32.512, 1, 98, 90351
2026/09/22 04:51:47.512, 0, 95, 90351
2026/09/22 04:51:47.512, 1, 96, 90351
2026/09/22 04:52:02.513, 0, 97, 90351
2026/09/22 04:52:02.513, 1, 96, 90351
2026/09/22 04:52:17.514, 0, 96, 90351
2026/09/22 04:52:17.514, 1, 96, 90351
2026/09/22 04:52:32.515, 0, 96, 90351
2026/09/22 04:52:32.515, 1, 94, 90351
2026/09/22 04:52:47.516, 0, 98, 90351
2026/09/22 04:52:47.516, 1, 98, 90351
2026/09/22 04:53:02.517, 0, 95, 90351
2026/09/22 04:53:02.517, 1, 97, 90351
2026/09/22 04:53:17.518, 0, 95, 90351
2026/09/22 04:53:17.518, 1, 95, 90351
2026/09/22 04:53:32.519, 0, 97, 90351
2026/09/22 04:53:32.519, 1, 98, 90351
2026/09/22 04:53:47.520, 0, 96, 90351
2026/09/22 04:53:47.520, 1, 96, 90351
2026/09/22 04:54:02.521, 0, 97, 90351
2026/09/22 04:54:02.521, 1, 97, 90351
2026/09/22 04:54:17.522, 0, 95, 90351
2026/09/22 04:54:17.523, 1, 96, 90351
2026/09/22 04:54:32.523, 0, 96, 90351
2026/09/22 04:54:32.523, 1, 97, 90351
2026/09/22 04:54:47.524, 0, 94, 90351
2026/09/22 04:54:47.524, 1, 98, 90351
2026/09/22 04:55:02.525, 0, 95, 90351
2026/09/22 04:55:02.525, 1, 96, 90351
2026/09/22 04:55:17.526, 0, 97, 90351
2026/09/22 04:55:17.526, 1, 96, 90351
2026/09/22 04:55:32.526, 0, 94, 90351
2026/09/22 04:55:32.527, 1, 96, 90351
2026/09/22 04:55:47.527, 0, 98, 90351
2026/09/22 04:55:47.528, 1, 96, 90351
2026/09/22 04:56:02.528, 0, 98, 90351
2026/09/22 04:56:02.529, 1, 96, 90351
2026/09/22 04:56:17.530, 0, 98, 90351
2026/09/22 04:56:17.530, 1, 97, 90351
2026/09/22 04:56:32.531, 0, 96, 90351
2026/09/22 04:56:32.531, 1, 95, 90351
2026/09/22 04:56:47.532, 0, 98, 90351
2026/09/22 04:56:47.532, 1, 98, 90351
2026/09/22 04:57:02.533, 0, 98, 90351
2026/09/22 04:57:02.533, 1, 95, 90351
2026/09/22 04:57:17.534, 0, 98, 90351
2026/09/22 04:57:17.535, 1, 97, 90351
2026/09/22 04:57:32.535, 0, 98, 90351
2026/09/22 04:57:32.535, 1, 97, 90351
2026/09/22 04:57:47.536, 0, 88, 90351
2026/09/22 04:57:47.537, 1, 98, 90351
2026/09/22 04:58:02.537, 0, 98, 90351
2026/09/22 04:58:02.537, 1, 96, 90351
2026/09/22 04:58:17.539, 0, 96, 90351
2026/09/22 04:58:17.539, 1, 95, 90351
2026/09/22 04:58:32.540, 0, 89, 90351
2026/09/22 04:58:32.540, 1, 98, 90351
2026/09/22 04:58:47.541, 0, 98, 90351
2026/09/22 04:58:47.541, 1, 96, 90351
2026/09/22 04:59:02.542, 0, 97, 90351
2026/09/22 04:59:02.542, 1, 98, 90351
2026/09/22 04:59:17.543, 0, 98, 90351
2026/09/22 04:59:17.543, 1, 97, 90351
2026/09/22 04:59:32.544, 0, 98, 90351
2026/09/22 04:59:32.544, 1, 97, 90351
2026/09/22 04:59:47.545, 0, 98, 90351
2026/09/22 04:59:47.545, 1, 97, 90351
2026/09/22 05:00:02.546, 0, 39, 90351
2026/09/22 05:00:02.546, 1, 100, 90351
2026/09/22 05:00:17.547, 0, 99, 90351
2026/09/22 05:00:17.547, 1, 97, 90351
2026/09/22 05:00:32.548, 0, 98, 90351
2026/09/22 05:00:32.548, 1, 99, 90351
2026/09/22 05:00:47.549, 0, 97, 90351
2026/09/22 05:00:47.549, 1, 98, 90351
2026/09/22 05:01:02.550, 0, 98, 90351
2026/09/22 05:01:02.551, 1, 97, 90351
2026/09/22 05:01:17.552, 0, 98, 90351
2026/09/22 05:01:17.552, 1, 98, 90351
2026/09/22 05:01:32.553, 0, 98, 90351
2026/09/22 05:01:32.553, 1, 98, 90351
2026/09/22 05:01:47.554, 0, 98, 90351
2026/09/22 05:01:47.554, 1, 97, 90351
2026/09/22 05:02:02.555, 0, 98, 90351
2026/09/22 05:02:02.555, 1, 97, 90351
2026/09/22 05:02:17.556, 0, 98, 90351
2026/09/22 05:02:17.556, 1, 97, 90351
2026/09/22 05:02:32.557, 0, 98, 90351
2026/09/22 05:02:32.557, 1, 97, 90351
2026/09/22 05:02:47.558, 0, 97, 90351
2026/09/22 05:02:47.558, 1, 98, 90351
2026/09/22 05:03:02.559, 0, 97, 90351
2026/09/22 05:03:02.559, 1, 97, 90351
2026/09/22 05:03:17.560, 0, 98, 90351
2026/09/22 05:03:17.560, 1, 97, 90351
2026/09/22 05:03:32.561, 0, 98, 90351
2026/09/22 05:03:32.561, 1, 97, 90351
2026/09/22 05:03:47.562, 0, 98, 90351
2026/09/22 05:03:47.562, 1, 97, 90351
2026/09/22 05:04:02.563, 0, 97, 90351
2026/09/22 05:04:02.563, 1, 98, 90351
2026/09/22 05:04:17.564, 0, 97, 90351
2026/09/22 05:04:17.564, 1, 98, 90351
2026/09/22 05:04:32.565, 0, 97, 90351
2026/09/22 05:04:32.565, 1, 97, 90351
2026/09/22 05:04:47.565, 0, 98, 90351
2026/09/22 05:04:47.566, 1, 98, 90351
2026/09/22 05:05:02.567, 0, 98, 90351
2026/09/22 05:05:02.567, 1, 98, 90351
2026/09/22 05:05:17.568, 0, 98, 90351
2026/09/22 05:05:17.568, 1, 98, 90351
2026/09/22 05:05:32.568, 0, 98, 90351
2026/09/22 05:05:32.568, 1, 98, 90351
2026/09/22 05:05:47.569, 0, 98, 90351
2026/09/22 05:05:47.569, 1, 98, 90351
2026/09/22 05:06:02.570, 0, 98, 90351
2026/09/22 05:06:02.570, 1, 98, 90351
2026/09/22 05:06:17.571, 0, 97, 90351
2026/09/22 05:06:17.571, 1, 98, 90351
2026/09/22 05:06:32.573, 0, 98, 90351
2026/09/22 05:06:32.573, 1, 97, 90351
2026/09/22 05:06:47.574, 0, 97, 90351
2026/09/22 05:06:47.574, 1, 97, 90351
2026/09/22 05:07:02.575, 0, 98, 90351
2026/09/22 05:07:02.575, 1, 98, 90351
2026/09/22 05:07:17.576, 0, 98, 90351
2026/09/22 05:07:17.576, 1, 98, 90351
2026/09/22 05:07:32.577, 0, 99, 90351
2026/09/22 05:07:32.577, 1, 97, 90351
2026/09/22 05:07:47.578, 0, 98, 90351
2026/09/22 05:07:47.578, 1, 98, 90351
2026/09/22 05:08:02.579, 0, 98, 90351
2026/09/22 05:08:02.579, 1, 97, 90351
2026/09/22 05:08:17.580, 0, 90, 90351
2026/09/22 05:08:17.580, 1, 97, 90351
2026/09/22 05:08:32.581, 0, 98, 90351
2026/09/22 05:08:32.581, 1, 98, 90351
2026/09/22 05:08:47.582, 0, 98, 90351
2026/09/22 05:08:47.582, 1, 98, 90351
2026/09/22 05:09:02.583, 0, 98, 90351
2026/09/22 05:09:02.583, 1, 99, 90351
2026/09/22 05:09:17.584, 0, 98, 90351
2026/09/22 05:09:17.584, 1, 97, 90351
2026/09/22 05:09:32.585, 0, 98, 90351
2026/09/22 05:09:32.585, 1, 98, 90351
2026/09/22 05:09:47.586, 0, 98, 90351
2026/09/22 05:09:47.586, 1, 98, 90351
2026/09/22 05:10:02.587, 0, 91, 90351
2026/09/22 05:10:02.587, 1, 98, 90351
2026/09/22 05:10:17.588, 0, 99, 90351
2026/09/22 05:10:17.588, 1, 97, 90351
2026/09/22 05:10:32.589, 0, 99, 90351
2026/09/22 05:10:32.589, 1, 98, 90351
2026/09/22 05:10:47.590, 0, 97, 90351
2026/09/22 05:10:47.590, 1, 98, 90351
2026/09/22 05:11:02.591, 0, 97, 90351
2026/09/22 05:11:02.591, 1, 98, 90351
2026/09/22 05:11:17.592, 0, 97, 90351
2026/09/22 05:11:17.592, 1, 97, 90351
2026/09/22 05:11:32.593, 0, 97, 90351
2026/09/22 05:11:32.593, 1, 97, 90351
2026/09/22 05:11:47.594, 0, 97, 90351
2026/09/22 05:11:47.594, 1, 98, 90351
2026/09/22 05:12:02.595, 0, 98, 90351
2026/09/22 05:12:02.595, 1, 97, 90351
2026/09/22 05:12:17.595, 0, 97, 90351
2026/09/22 05:12:17.595, 1, 98, 90351
2026/09/22 05:12:32.596, 0, 97, 90351
2026/09/22 05:12:32.596, 1, 97, 90351
2026/09/22 05:12:47.597, 0, 98, 90351
2026/09/22 05:12:47.597, 1, 97, 90351
2026/09/22 05:13:02.598, 0, 98, 90351
2026/09/22 05:13:02.598, 1, 97, 90351
2026/09/22 05:13:17.599, 0, 97, 90351
2026/09/22 05:13:17.599, 1, 98, 90351
2026/09/22 05:13:32.600, 0, 98, 90351
2026/09/22 05:13:32.600, 1, 98, 90351
2026/09/22 05:13:47.601, 0, 98, 90351
2026/09/22 05:13:47.601, 1, 98, 90351
2026/09/22 05:14:02.602, 0, 98, 90351
2026/09/22 05:14:02.602, 1, 98, 90351
2026/09/22 05:14:17.602, 0, 97, 90351
2026/09/22 05:14:17.603, 1, 98, 90351
2026/09/22 05:14:32.604, 0, 98, 90351
2026/09/22 05:14:32.604, 1, 98, 90351
2026/09/22 05:14:47.605, 0, 97, 90351
2026/09/22 05:14:47.605, 1, 98, 90351
2026/09/22 05:15:02.606, 0, 86, 90351
2026/09/22 05:15:02.606, 1, 99, 90351
2026/09/22 05:15:17.607, 0, 97, 90351
2026/09/22 05:15:17.607, 1, 98, 90351
2026/09/22 05:15:32.608, 0, 97, 90351
2026/09/22 05:15:32.608, 1, 97, 90351
2026/09/22 05:15:47.609, 0, 97, 90351
2026/09/22 05:15:47.609, 1, 97, 90351
2026/09/22 05:16:02.609, 0, 98, 90351
2026/09/22 05:16:02.610, 1, 97, 90351
2026/09/22 05:16:17.611, 0, 97, 90351
2026/09/22 05:16:17.611, 1, 98, 90351
2026/09/22 05:16:32.612, 0, 98, 90351
2026/09/22 05:16:32.612, 1, 98, 90351
2026/09/22 05:16:47.613, 0, 98, 90351
2026/09/22 05:16:47.613, 1, 97, 90351
2026/09/22 05:17:02.613, 0, 0, 90351
2026/09/22 05:17:02.614, 1, 100, 90351
2026/09/22 05:17:17.614, 0, 97, 90351
2026/09/22 05:17:17.614, 1, 98, 90351
2026/09/22 05:17:32.616, 0, 97, 90351
2026/09/22 05:17:32.616, 1, 98, 90351
2026/09/22 05:17:47.617, 0, 97, 90351
2026/09/22 05:17:47.617, 1, 98, 90351
2026/09/22 05:18:02.617, 0, 90, 90351
2026/09/22 05:18:02.617, 1, 97, 90351
2026/09/22 05:18:17.619, 0, 97, 90351
2026/09/22 05:18:17.619, 1, 97, 90351
2026/09/22 05:18:32.620, 0, 98, 90351
2026/09/22 05:18:32.620, 1, 97, 90351
2026/09/22 05:18:47.620, 0, 98, 90351
2026/09/22 05:18:47.620, 1, 98, 90351
2026/09/22 05:19:02.621, 0, 98, 90351
2026/09/22 05:19:02.622, 1, 98, 90351
2026/09/22 05:19:17.622, 0, 98, 90351
2026/09/22 05:19:17.623, 1, 98, 90351
2026/09/22 05:19:32.624, 0, 98, 90351
2026/09/22 05:19:32.624, 1, 97, 90351
2026/09/22 05:19:47.625, 0, 97, 90351
2026/09/22 05:19:47.625, 1, 98, 90351
2026/09/22 05:20:02.626, 0, 95, 90351
2026/09/22 05:20:02.626, 1, 97, 90351
2026/09/22 05:20:17.627, 0, 95, 90351
2026/09/22 05:20:17.627, 1, 94, 90351
2026/09/22 05:20:32.628, 0, 97, 90351
2026/09/22 05:20:32.628, 1, 98, 90351
2026/09/22 05:20:47.629, 0, 97, 90351
2026/09/22 05:20:47.629, 1, 97, 90351
2026/09/22 05:21:02.630, 0, 94, 90351
2026/09/22 05:21:02.630, 1, 96, 90351
2026/09/22 05:21:17.631, 0, 95, 90351
2026/09/22 05:21:17.631, 1, 98, 90351
2026/09/22 05:21:32.632, 0, 94, 90351
2026/09/22 05:21:32.632, 1, 94, 90351
2026/09/22 05:21:47.633, 0, 96, 90351
2026/09/22 05:21:47.633, 1, 97, 90351
2026/09/22 05:22:02.634, 0, 95, 90351
2026/09/22 05:22:02.634, 1, 99, 90351
2026/09/22 05:22:17.634, 0, 98, 90351
2026/09/22 05:22:17.635, 1, 96, 90351
2026/09/22 05:22:32.635, 0, 96, 90351
2026/09/22 05:22:32.636, 1, 96, 90351
2026/09/22 05:22:47.636, 0, 95, 90351
2026/09/22 05:22:47.637, 1, 98, 90351
2026/09/22 05:23:02.637, 0, 97, 90351
2026/09/22 05:23:02.637, 1, 98, 90351
2026/09/22 05:23:17.638, 0, 95, 90351
2026/09/22 05:23:17.638, 1, 95, 90351
2026/09/22 05:23:32.639, 0, 88, 90351
2026/09/22 05:23:32.639, 1, 98, 90351
2026/09/22 05:23:47.640, 0, 96, 90351
2026/09/22 05:23:47.640, 1, 96, 90351
2026/09/22 05:24:02.641, 0, 95, 90351
2026/09/22 05:24:02.641, 1, 95, 90351
2026/09/22 05:24:17.641, 0, 95, 90351
2026/09/22 05:24:17.642, 1, 96, 90351
2026/09/22 05:24:32.643, 0, 96, 90351
2026/09/22 05:24:32.643, 1, 98, 90351
2026/09/22 05:24:47.644, 0, 96, 90351
2026/09/22 05:24:47.644, 1, 96, 90351
2026/09/22 05:25:02.645, 0, 95, 90351
2026/09/22 05:25:02.645, 1, 96, 90351
2026/09/22 05:25:17.646, 0, 95, 90351
2026/09/22 05:25:17.646, 1, 94, 90351
2026/09/22 05:25:32.647, 0, 96, 90351
2026/09/22 05:25:32.647, 1, 96, 90351
2026/09/22 05:25:47.647, 0, 96, 90351
2026/09/22 05:25:47.648, 1, 95, 90351
2026/09/22 05:26:02.648, 0, 96, 90351
2026/09/22 05:26:02.649, 1, 97, 90351
2026/09/22 05:26:17.650, 0, 87, 90351
2026/09/22 05:26:17.650, 1, 97, 90351
2026/09/22 05:26:32.651, 0, 96, 90351
2026/09/22 05:26:32.651, 1, 97, 90351
2026/09/22 05:26:47.652, 0, 96, 90351
2026/09/22 05:26:47.652, 1, 96, 90351
2026/09/22 05:27:02.653, 0, 98, 90351
2026/09/22 05:27:02.653, 1, 97, 90351
2026/09/22 05:27:17.654, 0, 97, 90351
2026/09/22 05:27:17.654, 1, 98, 90351
2026/09/22 05:27:32.654, 0, 95, 90351
2026/09/22 05:27:32.655, 1, 95, 90351
2026/09/22 05:27:47.655, 0, 96, 90351
2026/09/22 05:27:47.655, 1, 98, 90351
2026/09/22 05:28:02.656, 0, 95, 90351
2026/09/22 05:28:02.656, 1, 97, 90351
2026/09/22 05:28:17.657, 0, 96, 90351
2026/09/22 05:28:17.657, 1, 98, 90351
2026/09/22 05:28:32.658, 0, 96, 90351
2026/09/22 05:28:32.658, 1, 97, 90351
2026/09/22 05:28:47.659, 0, 93, 90351
2026/09/22 05:28:47.659, 1, 95, 90351
2026/09/22 05:29:02.660, 0, 94, 90351
2026/09/22 05:29:02.660, 1, 95, 90351
2026/09/22 05:29:17.660, 0, 98, 90351
2026/09/22 05:29:17.660, 1, 96, 90351
2026/09/22 05:29:32.661, 0, 96, 90351
2026/09/22 05:29:32.661, 1, 93, 90351
2026/09/22 05:29:47.662, 0, 97, 90351
2026/09/22 05:29:47.662, 1, 96, 90351
2026/09/22 05:30:02.664, 0, 96, 90351
2026/09/22 05:30:02.664, 1, 96, 90351
2026/09/22 05:30:17.665, 0, 95, 90351
2026/09/22 05:30:17.665, 1, 97, 90351
2026/09/22 05:30:32.666, 0, 98, 90351
2026/09/22 05:30:32.666, 1, 98, 90351
2026/09/22 05:30:47.666, 0, 95, 90351
2026/09/22 05:30:47.667, 1, 97, 90351
2026/09/22 05:31:02.667, 0, 97, 90351
2026/09/22 05:31:02.668, 1, 96, 90351
2026/09/22 05:31:17.668, 0, 96, 90351
2026/09/22 05:31:17.669, 1, 97, 90351
2026/09/22 05:31:32.669, 0, 88, 90351
2026/09/22 05:31:32.670, 1, 96, 90351
2026/09/22 05:31:47.670, 0, 96, 90351
2026/09/22 05:31:47.670, 1, 97, 90351
2026/09/22 05:32:02.671, 0, 97, 90351
2026/09/22 05:32:02.671, 1, 97, 90351
2026/09/22 05:32:17.672, 0, 87, 90351
2026/09/22 05:32:17.672, 1, 97, 90351
2026/09/22 05:32:32.673, 0, 96, 90351
2026/09/22 05:32:32.673, 1, 96, 90351
2026/09/22 05:32:47.674, 0, 94, 90351
2026/09/22 05:32:47.674, 1, 97, 90351
2026/09/22 05:33:02.674, 0, 96, 90351
2026/09/22 05:33:02.675, 1, 96, 90351
2026/09/22 05:33:17.675, 0, 95, 90351
2026/09/22 05:33:17.675, 1, 98, 90351
2026/09/22 05:33:32.676, 0, 97, 90351
2026/09/22 05:33:32.676, 1, 95, 90351
2026/09/22 05:33:47.677, 0, 99, 90351
2026/09/22 05:33:47.677, 1, 98, 90351
2026/09/22 05:34:02.678, 0, 95, 90351
2026/09/22 05:34:02.678, 1, 95, 90351
2026/09/22 05:34:17.679, 0, 95, 90351
2026/09/22 05:34:17.679, 1, 98, 90351
2026/09/22 05:34:32.680, 0, 98, 90351
2026/09/22 05:34:32.680, 1, 97, 90351
2026/09/22 05:34:47.681, 0, 95, 90351
2026/09/22 05:34:47.681, 1, 96, 90351
2026/09/22 05:35:02.682, 0, 96, 90351
2026/09/22 05:35:02.682, 1, 96, 90351
2026/09/22 05:35:17.683, 0, 97, 90351
2026/09/22 05:35:17.683, 1, 98, 90351
2026/09/22 05:35:32.683, 0, 95, 90351
2026/09/22 05:35:32.684, 1, 96, 90351
2026/09/22 05:35:47.684, 0, 97, 90351
2026/09/22 05:35:47.685, 1, 96, 90351
2026/09/22 05:36:02.686, 0, 95, 90351
2026/09/22 05:36:02.686, 1, 98, 90351
2026/09/22 05:36:17.686, 0, 97, 90351
2026/09/22 05:36:17.687, 1, 98, 90351
2026/09/22 05:36:32.687, 0, 94, 90351
2026/09/22 05:36:32.687, 1, 97, 90351
2026/09/22 05:36:47.688, 0, 95, 90351
2026/09/22 05:36:47.688, 1, 95, 90351
2026/09/22 05:37:02.689, 0, 2, 90351
2026/09/22 05:37:02.689, 1, 100, 90351
2026/09/22 05:37:17.690, 0, 97, 90351
2026/09/22 05:37:17.690, 1, 98, 90351
2026/09/22 05:37:32.691, 0, 87, 90351
2026/09/22 05:37:32.691, 1, 97, 90351
2026/09/22 05:37:47.692, 0, 97, 90351
2026/09/22 05:37:47.693, 1, 96, 90351
2026/09/22 05:38:02.693, 0, 94, 90351
2026/09/22 05:38:02.693, 1, 96, 90351
2026/09/22 05:38:17.694, 0, 96, 90351
2026/09/22 05:38:17.694, 1, 96, 90351
2026/09/22 05:38:32.695, 0, 95, 90351
2026/09/22 05:38:32.695, 1, 98, 90351
2026/09/22 05:38:47.696, 0, 93, 90351
2026/09/22 05:38:47.696, 1, 95, 90351
2026/09/22 05:39:02.696, 0, 94, 90351
2026/09/22 05:39:02.697, 1, 97, 90351
2026/09/22 05:39:17.697, 0, 96, 90351
2026/09/22 05:39:17.697, 1, 98, 90351
2026/09/22 05:39:32.698, 0, 93, 90351
2026/09/22 05:39:32.699, 1, 95, 90351
2026/09/22 05:39:47.700, 0, 96, 90351
2026/09/22 05:39:47.700, 1, 96, 90351
2026/09/22 05:40:02.700, 0, 96, 90351
2026/09/22 05:40:02.701, 1, 98, 90351
2026/09/22 05:40:17.701, 0, 96, 90351
2026/09/22 05:40:17.701, 1, 97, 90351
2026/09/22 05:40:32.702, 0, 97, 90351
2026/09/22 05:40:32.702, 1, 97, 90351
2026/09/22 05:40:47.703, 0, 95, 90351
2026/09/22 05:40:47.704, 1, 97, 90351
2026/09/22 05:41:02.704, 0, 96, 90351
2026/09/22 05:41:02.705, 1, 97, 90351
2026/09/22 05:41:17.706, 0, 95, 90351
2026/09/22 05:41:17.706, 1, 97, 90351
2026/09/22 05:41:32.706, 0, 98, 90351
2026/09/22 05:41:32.707, 1, 98, 90351
2026/09/22 05:41:47.708, 0, 94, 90351
2026/09/22 05:41:47.708, 1, 96, 90351
2026/09/22 05:42:02.709, 0, 97, 90351
2026/09/22 05:42:02.709, 1, 96, 90351
2026/09/22 05:42:17.710, 0, 95, 90351
2026/09/22 05:42:17.710, 1, 93, 90351
2026/09/22 05:42:32.711, 0, 94, 90351
2026/09/22 05:42:32.711, 1, 96, 90351
2026/09/22 05:42:47.712, 0, 95, 90351
2026/09/22 05:42:47.712, 1, 96, 90351
2026/09/22 05:43:02.713, 0, 98, 90351
2026/09/22 05:43:02.713, 1, 96, 90351
2026/09/22 05:43:17.714, 0, 97, 90351
2026/09/22 05:43:17.714, 1, 99, 90351
2026/09/22 05:43:32.715, 0, 97, 90351
2026/09/22 05:43:32.715, 1, 95, 90351
2026/09/22 05:43:47.716, 0, 94, 90351
2026/09/22 05:43:47.716, 1, 96, 90351
2026/09/22 05:44:02.717, 0, 95, 90351
2026/09/22 05:44:02.718, 1, 97, 90351
2026/09/22 05:44:17.719, 0, 95, 90351
2026/09/22 05:44:17.719, 1, 97, 90351
2026/09/22 05:44:32.720, 0, 81, 90351
2026/09/22 05:44:32.720, 1, 94, 90351
2026/09/22 05:44:47.720, 0, 95, 90351
2026/09/22 05:44:47.721, 1, 98, 90351
2026/09/22 05:45:02.721, 0, 98, 90351
2026/09/22 05:45:02.721, 1, 98, 90351
2026/09/22 05:45:17.722, 0, 97, 90351
2026/09/22 05:45:17.722, 1, 97, 90351
2026/09/22 05:45:32.723, 0, 95, 90351
2026/09/22 05:45:32.723, 1, 98, 90351
2026/09/22 05:45:47.724, 0, 95, 90351
2026/09/22 05:45:47.725, 1, 98, 90351
2026/09/22 05:46:02.726, 0, 97, 90351
2026/09/22 05:46:02.726, 1, 97, 90351
2026/09/22 05:46:17.727, 0, 96, 90351
2026/09/22 05:46:17.727, 1, 96, 90351
2026/09/22 05:46:32.728, 0, 97, 90351
2026/09/22 05:46:32.728, 1, 96, 90351
2026/09/22 05:46:47.729, 0, 95, 90351
2026/09/22 05:46:47.729, 1, 96, 90351
2026/09/22 05:47:02.730, 0, 97, 90351
2026/09/22 05:47:02.730, 1, 97, 90351
2026/09/22 05:47:17.730, 0, 97, 90351
2026/09/22 05:47:17.731, 1, 96, 90351
2026/09/22 05:47:32.731, 0, 96, 90351
2026/09/22 05:47:32.732, 1, 97, 90351
2026/09/22 05:47:47.732, 0, 96, 90351
2026/09/22 05:47:47.733, 1, 95, 90351
2026/09/22 05:48:02.733, 0, 96, 90351
2026/09/22 05:48:02.734, 1, 99, 90351
2026/09/22 05:48:17.735, 0, 95, 90351
2026/09/22 05:48:17.735, 1, 95, 90351
2026/09/22 05:48:32.736, 0, 95, 90351
2026/09/22 05:48:32.736, 1, 96, 90351
2026/09/22 05:48:47.737, 0, 97, 90351
2026/09/22 05:48:47.737, 1, 98, 90351
2026/09/22 05:49:02.738, 0, 95, 90351
2026/09/22 05:49:02.738, 1, 96, 90351
2026/09/22 05:49:17.739, 0, 96, 90351
2026/09/22 05:49:17.739, 1, 97, 90351
2026/09/22 05:49:32.740, 0, 97, 90351
2026/09/22 05:49:32.740, 1, 96, 90351
2026/09/22 05:49:47.741, 0, 97, 90351
2026/09/22 05:49:47.741, 1, 95, 90351
2026/09/22 05:50:02.742, 0, 94, 90351
2026/09/22 05:50:02.743, 1, 96, 90351
2026/09/22 05:50:17.744, 0, 97, 90351
2026/09/22 05:50:17.744, 1, 96, 90351
2026/09/22 05:50:32.745, 0, 96, 90351
2026/09/22 05:50:32.745, 1, 96, 90351
2026/09/22 05:50:47.746, 0, 98, 90351
2026/09/22 05:50:47.746, 1, 98, 90351
2026/09/22 05:51:02.747, 0, 97, 90351
2026/09/22 05:51:02.747, 1, 97, 90351
2026/09/22 05:51:17.748, 0, 97, 90351
2026/09/22 05:51:17.748, 1, 98, 90351
2026/09/22 05:51:32.749, 0, 98, 90351
2026/09/22 05:51:32.749, 1, 99, 90351
2026/09/22 05:51:47.750, 0, 97, 90351
2026/09/22 05:51:47.750, 1, 97, 90351
2026/09/22 05:52:02.751, 0, 97, 90351
2026/09/22 05:52:02.751, 1, 98, 90351
2026/09/22 05:52:17.752, 0, 99, 90351
2026/09/22 05:52:17.752, 1, 98, 90351
2026/09/22 05:52:32.753, 0, 98, 90351
2026/09/22 05:52:32.753, 1, 99, 90351
2026/09/22 05:52:47.754, 0, 98, 90351
2026/09/22 05:52:47.754, 1, 99, 90351
2026/09/22 05:53:02.755, 0, 98, 90351
2026/09/22 05:53:02.755, 1, 97, 90351
2026/09/22 05:53:17.756, 0, 98, 90351
2026/09/22 05:53:17.756, 1, 97, 90351
2026/09/22 05:53:32.757, 0, 97, 90351
2026/09/22 05:53:32.757, 1, 97, 90351
2026/09/22 05:53:47.758, 0, 97, 90351
2026/09/22 05:53:47.758, 1, 98, 90351
2026/09/22 05:54:02.758, 0, 99, 90351
2026/09/22 05:54:02.759, 1, 98, 90351
2026/09/22 05:54:17.759, 0, 99, 90351
2026/09/22 05:54:17.759, 1, 98, 90351
2026/09/22 05:54:32.761, 0, 98, 90351
2026/09/22 05:54:32.761, 1, 97, 90351
2026/09/22 05:54:47.762, 0, 98, 90351
2026/09/22 05:54:47.762, 1, 97, 90351
2026/09/22 05:55:02.763, 0, 98, 90351
2026/09/22 05:55:02.763, 1, 98, 90351
2026/09/22 05:55:17.764, 0, 98, 90351
2026/09/22 05:55:17.764, 1, 98, 90351
2026/09/22 05:55:32.765, 0, 98, 90351
2026/09/22 05:55:32.765, 1, 97, 90351
2026/09/22 05:55:47.765, 0, 98, 90351
2026/09/22 05:55:47.765, 1, 97, 90351
2026/09/22 05:56:02.766, 0, 98, 90351
2026/09/22 05:56:02.766, 1, 98, 90351
2026/09/22 05:56:17.767, 0, 98, 90351
2026/09/22 05:56:17.767, 1, 98, 90351
2026/09/22 05:56:32.768, 0, 98, 90351
2026/09/22 05:56:32.768, 1, 98, 90351
2026/09/22 05:56:47.769, 0, 98, 90351
2026/09/22 05:56:47.769, 1, 97, 90351
2026/09/22 05:57:02.770, 0, 3, 90351
2026/09/22 05:57:02.770, 1, 100, 90351
2026/09/22 05:57:17.771, 0, 98, 90351
2026/09/22 05:57:17.771, 1, 97, 90351
2026/09/22 05:57:32.772, 0, 98, 90351
2026/09/22 05:57:32.772, 1, 98, 90351
2026/09/22 05:57:47.773, 0, 98, 90351
2026/09/22 05:57:47.773, 1, 98, 90351
2026/09/22 05:58:02.774, 0, 99, 90351
2026/09/22 05:58:02.774, 1, 98, 90351
2026/09/22 05:58:17.775, 0, 98, 90351
2026/09/22 05:58:17.775, 1, 98, 90351
2026/09/22 05:58:32.776, 0, 98, 90351
2026/09/22 05:58:32.776, 1, 97, 90351
2026/09/22 05:58:47.777, 0, 98, 90351
2026/09/22 05:58:47.777, 1, 97, 90351
2026/09/22 05:59:02.777, 0, 98, 90351
2026/09/22 05:59:02.777, 1, 97, 90351
2026/09/22 05:59:17.778, 0, 97, 90351
2026/09/22 05:59:17.778, 1, 97, 90351
2026/09/22 05:59:32.779, 0, 97, 90351
2026/09/22 05:59:32.779, 1, 97, 90351
2026/09/22 05:59:47.780, 0, 97, 90351
2026/09/22 05:59:47.780, 1, 98, 90351
2026/09/22 06:00:02.781, 0, 98, 90351
2026/09/22 06:00:02.781, 1, 98, 90351
2026/09/22 06:00:17.782, 0, 99, 90351
2026/09/22 06:00:17.782, 1, 97, 90351
2026/09/22 06:00:32.783, 0, 99, 90351
2026/09/22 06:00:32.783, 1, 97, 90351
2026/09/22 06:00:47.784, 0, 98, 90351
2026/09/22 06:00:47.784, 1, 98, 90351
2026/09/22 06:01:02.784, 0, 98, 90351
2026/09/22 06:01:02.784, 1, 97, 90351
2026/09/22 06:01:17.785, 0, 98, 90351
2026/09/22 06:01:17.786, 1, 98, 90351
2026/09/22 06:01:32.786, 0, 98, 90351
2026/09/22 06:01:32.786, 1, 98, 90351
2026/09/22 06:01:47.787, 0, 98, 90351
2026/09/22 06:01:47.787, 1, 98, 90351
2026/09/22 06:02:02.788, 0, 98, 90351
2026/09/22 06:02:02.788, 1, 97, 90351
2026/09/22 06:02:17.789, 0, 98, 90351
2026/09/22 06:02:17.789, 1, 97, 90351
2026/09/22 06:02:32.790, 0, 97, 90351
2026/09/22 06:02:32.790, 1, 97, 90351
2026/09/22 06:02:47.791, 0, 98, 90351
2026/09/22 06:02:47.791, 1, 98, 90351
2026/09/22 06:03:02.792, 0, 98, 90351
2026/09/22 06:03:02.792, 1, 98, 90351
2026/09/22 06:03:17.793, 0, 97, 90351
2026/09/22 06:03:17.793, 1, 97, 90351
2026/09/22 06:03:32.794, 0, 97, 90351
2026/09/22 06:03:32.794, 1, 97, 90351
2026/09/22 06:03:47.795, 0, 97, 90351
2026/09/22 06:03:47.795, 1, 98, 90351
2026/09/22 06:04:02.796, 0, 99, 90351
2026/09/22 06:04:02.796, 1, 98, 90351
2026/09/22 06:04:17.797, 0, 98, 90351
2026/09/22 06:04:17.797, 1, 99, 90351
2026/09/22 06:04:32.798, 0, 98, 90351
2026/09/22 06:04:32.798, 1, 97, 90351
2026/09/22 06:04:47.799, 0, 99, 90351
2026/09/22 06:04:47.799, 1, 98, 90351
2026/09/22 06:05:02.800, 0, 98, 90351
2026/09/22 06:05:02.800, 1, 98, 90351
2026/09/22 06:05:17.801, 0, 98, 90351
2026/09/22 06:05:17.801, 1, 98, 90351
2026/09/22 06:05:32.802, 0, 98, 90351
2026/09/22 06:05:32.802, 1, 98, 90351
2026/09/22 06:05:47.802, 0, 98, 90351
2026/09/22 06:05:47.803, 1, 98, 90351
2026/09/22 06:06:02.803, 0, 98, 90351
2026/09/22 06:06:02.804, 1, 98, 90351
2026/09/22 06:06:17.804, 0, 98, 90351
2026/09/22 06:06:17.804, 1, 97, 90351
2026/09/22 06:06:32.805, 0, 97, 90351
2026/09/22 06:06:32.805, 1, 98, 90351
2026/09/22 06:06:47.806, 0, 97, 90351
2026/09/22 06:06:47.806, 1, 98, 90351
2026/09/22 06:07:02.807, 0, 98, 90351
2026/09/22 06:07:02.807, 1, 97, 90351
2026/09/22 06:07:17.807, 0, 98, 90351
2026/09/22 06:07:17.808, 1, 98, 90351
2026/09/22 06:07:32.808, 0, 97, 90351
2026/09/22 06:07:32.808, 1, 98, 90351
2026/09/22 06:07:47.809, 0, 99, 90351
2026/09/22 06:07:47.809, 1, 97, 90351
2026/09/22 06:08:02.810, 0, 98, 90351
2026/09/22 06:08:02.810, 1, 98, 90351
2026/09/22 06:08:17.811, 0, 98, 90351
2026/09/22 06:08:17.811, 1, 98, 90351
2026/09/22 06:08:32.811, 0, 98, 90351
2026/09/22 06:08:32.812, 1, 99, 90351
2026/09/22 06:08:47.812, 0, 97, 90351
2026/09/22 06:08:47.812, 1, 97, 90351
2026/09/22 06:09:02.813, 0, 98, 90351
2026/09/22 06:09:02.813, 1, 98, 90351
2026/09/22 06:09:17.814, 0, 97, 90351
2026/09/22 06:09:17.814, 1, 98, 90351
2026/09/22 06:09:32.815, 0, 98, 90351
2026/09/22 06:09:32.815, 1, 98, 90351
2026/09/22 06:09:47.816, 0, 98, 90351
2026/09/22 06:09:47.816, 1, 98, 90351
2026/09/22 06:10:02.816, 0, 98, 90351
2026/09/22 06:10:02.816, 1, 98, 90351
2026/09/22 06:10:17.817, 0, 98, 90351
2026/09/22 06:10:17.817, 1, 98, 90351
2026/09/22 06:10:32.818, 0, 98, 90351
2026/09/22 06:10:32.818, 1, 98, 90351
2026/09/22 06:10:47.819, 0, 98, 90351
2026/09/22 06:10:47.819, 1, 98, 90351
2026/09/22 06:11:02.819, 0, 98, 90351
2026/09/22 06:11:02.820, 1, 98, 90351
2026/09/22 06:11:17.820, 0, 98, 90351
2026/09/22 06:11:17.820, 1, 98, 90351
2026/09/22 06:11:32.821, 0, 98, 90351
2026/09/22 06:11:32.821, 1, 99, 90351
2026/09/22 06:11:47.822, 0, 98, 90351
2026/09/22 06:11:47.822, 1, 97, 90351
2026/09/22 06:12:02.823, 0, 98, 90351
2026/09/22 06:12:02.823, 1, 98, 90351
2026/09/22 06:12:17.823, 0, 97, 90351
2026/09/22 06:12:17.823, 1, 98, 90351
2026/09/22 06:12:32.824, 0, 98, 90351
2026/09/22 06:12:32.824, 1, 98, 90351
2026/09/22 06:12:47.825, 0, 97, 90351
2026/09/22 06:12:47.825, 1, 97, 90351
2026/09/22 06:13:02.826, 0, 97, 90351
2026/09/22 06:13:02.826, 1, 97, 90351
2026/09/22 06:13:17.827, 0, 99, 90351
2026/09/22 06:13:17.827, 1, 98, 90351
2026/09/22 06:13:32.828, 0, 99, 90351
2026/09/22 06:13:32.829, 1, 98, 90351
2026/09/22 06:13:47.829, 0, 98, 90351
2026/09/22 06:13:47.829, 1, 99, 90351
2026/09/22 06:14:02.830, 0, 75, 90351
2026/09/22 06:14:02.830, 1, 100, 90351
2026/09/22 06:14:17.831, 0, 98, 90351
2026/09/22 06:14:17.831, 1, 98, 90351
2026/09/22 06:14:32.832, 0, 98, 90351
2026/09/22 06:14:32.832, 1, 98, 90351
2026/09/22 06:14:47.833, 0, 98, 90351
2026/09/22 06:14:47.833, 1, 98, 90351
2026/09/22 06:15:02.834, 0, 98, 90351
2026/09/22 06:15:02.834, 1, 98, 90351
2026/09/22 06:15:17.835, 0, 98, 90351
2026/09/22 06:15:17.835, 1, 98, 90351
2026/09/22 06:15:32.836, 0, 98, 90351
2026/09/22 06:15:32.836, 1, 98, 90351
2026/09/22 06:15:47.837, 0, 98, 90351
2026/09/22 06:15:47.837, 1, 98, 90351
2026/09/22 06:16:02.838, 0, 98, 90351
2026/09/22 06:16:02.839, 1, 97, 90351
2026/09/22 06:16:17.840, 0, 97, 90351
2026/09/22 06:16:17.840, 1, 97, 90351
2026/09/22 06:16:32.841, 0, 98, 90351
2026/09/22 06:16:32.841, 1, 98, 90351
2026/09/22 06:16:47.842, 0, 98, 90351
2026/09/22 06:16:47.842, 1, 98, 90351
2026/09/22 06:17:02.843, 0, 97, 90351
2026/09/22 06:17:02.843, 1, 97, 90351
2026/09/22 06:17:17.844, 0, 97, 90351
2026/09/22 06:17:17.844, 1, 98, 90351
2026/09/22 06:17:32.845, 0, 98, 90351
2026/09/22 06:17:32.845, 1, 97, 90351
2026/09/22 06:17:47.846, 0, 97, 90351
2026/09/22 06:17:47.846, 1, 97, 90351
2026/09/22 06:18:02.847, 0, 97, 90351
2026/09/22 06:18:02.848, 1, 97, 90351
2026/09/22 06:18:17.849, 0, 97, 90351
2026/09/22 06:18:17.849, 1, 97, 90351
2026/09/22 06:18:32.850, 0, 96, 90351
2026/09/22 06:18:32.851, 1, 97, 90351
2026/09/22 06:18:47.851, 0, 98, 90351
2026/09/22 06:18:47.851, 1, 97, 90351
2026/09/22 06:19:02.852, 0, 99, 90351
2026/09/22 06:19:02.853, 1, 97, 90351
2026/09/22 06:19:17.854, 0, 98, 90351
2026/09/22 06:19:17.854, 1, 98, 90351
2026/09/22 06:19:32.855, 0, 99, 90351
2026/09/22 06:19:32.855, 1, 98, 90351
2026/09/22 06:19:47.856, 0, 97, 90351
2026/09/22 06:19:47.856, 1, 98, 90351
2026/09/22 06:20:02.857, 0, 98, 90351
2026/09/22 06:20:02.857, 1, 99, 90351
2026/09/22 06:20:17.858, 0, 98, 90351
2026/09/22 06:20:17.858, 1, 98, 90351
2026/09/22 06:20:32.859, 0, 97, 90351
2026/09/22 06:20:32.859, 1, 98, 90351
2026/09/22 06:20:47.860, 0, 98, 90351
2026/09/22 06:20:47.860, 1, 98, 90351
2026/09/22 06:21:02.861, 0, 96, 90351
2026/09/22 06:21:02.861, 1, 97, 90351
2026/09/22 06:21:17.862, 0, 95, 90351
2026/09/22 06:21:17.862, 1, 97, 90351
2026/09/22 06:21:32.863, 0, 95, 90351
2026/09/22 06:21:32.863, 1, 97, 90351
2026/09/22 06:21:47.864, 0, 95, 90351
2026/09/22 06:21:47.864, 1, 98, 90351
2026/09/22 06:22:02.865, 0, 94, 90351
2026/09/22 06:22:02.865, 1, 98, 90351
2026/09/22 06:22:17.866, 0, 93, 90351
2026/09/22 06:22:17.866, 1, 98, 90351
2026/09/22 06:22:32.867, 0, 97, 90351
2026/09/22 06:22:32.867, 1, 99, 90351
2026/09/22 06:22:47.868, 0, 97, 90351
2026/09/22 06:22:47.868, 1, 97, 90351
2026/09/22 06:23:02.869, 0, 93, 90351
2026/09/22 06:23:02.869, 1, 98, 90351
2026/09/22 06:23:17.870, 0, 96, 90351
2026/09/22 06:23:17.870, 1, 97, 90351
2026/09/22 06:23:32.871, 0, 94, 90351
2026/09/22 06:23:32.871, 1, 97, 90351
2026/09/22 06:23:47.872, 0, 96, 90351
2026/09/22 06:23:47.872, 1, 98, 90351
2026/09/22 06:24:02.872, 0, 96, 90351
2026/09/22 06:24:02.873, 1, 97, 90351
2026/09/22 06:24:17.873, 0, 95, 90351
2026/09/22 06:24:17.874, 1, 98, 90351
2026/09/22 06:24:32.874, 0, 95, 90351
2026/09/22 06:24:32.874, 1, 98, 90351
2026/09/22 06:24:47.875, 0, 98, 90351
2026/09/22 06:24:47.875, 1, 97, 90351
2026/09/22 06:25:02.876, 0, 96, 90351
2026/09/22 06:25:02.876, 1, 98, 90351
2026/09/22 06:25:17.876, 0, 97, 90351
2026/09/22 06:25:17.877, 1, 97, 90351
2026/09/22 06:25:32.877, 0, 96, 90351
2026/09/22 06:25:32.877, 1, 97, 90351
2026/09/22 06:25:47.878, 0, 97, 90351
2026/09/22 06:25:47.878, 1, 98, 90351
2026/09/22 06:26:02.879, 0, 96, 90351
2026/09/22 06:26:02.879, 1, 97, 90351
2026/09/22 06:26:17.880, 0, 95, 90351
2026/09/22 06:26:17.880, 1, 98, 90351
2026/09/22 06:26:32.880, 0, 97, 90351
2026/09/22 06:26:32.880, 1, 98, 90351
2026/09/22 06:26:47.881, 0, 96, 90351
2026/09/22 06:26:47.881, 1, 98, 90351
2026/09/22 06:27:02.882, 0, 97, 90351
2026/09/22 06:27:02.882, 1, 98, 90351
2026/09/22 06:27:17.883, 0, 97, 90351
2026/09/22 06:27:17.883, 1, 98, 90351
2026/09/22 06:27:32.884, 0, 97, 90351
2026/09/22 06:27:32.884, 1, 98, 90351
2026/09/22 06:27:47.885, 0, 97, 90351
2026/09/22 06:27:47.885, 1, 99, 90351
2026/09/22 06:28:02.886, 0, 98, 90351
2026/09/22 06:28:02.886, 1, 98, 90351
2026/09/22 06:28:17.886, 0, 97, 90351
2026/09/22 06:28:17.887, 1, 98, 90351
2026/09/22 06:28:32.887, 0, 96, 90351
2026/09/22 06:28:32.887, 1, 98, 90351
2026/09/22 06:28:47.888, 0, 96, 90351
2026/09/22 06:28:47.888, 1, 98, 90351
2026/09/22 06:29:02.889, 0, 96, 90351
2026/09/22 06:29:02.889, 1, 99, 90351
2026/09/22 06:29:17.890, 0, 95, 90351
2026/09/22 06:29:17.890, 1, 98, 90351
2026/09/22 06:29:32.890, 0, 97, 90351
2026/09/22 06:29:32.890, 1, 99, 90351
2026/09/22 06:29:47.891, 0, 96, 90351
2026/09/22 06:29:47.891, 1, 98, 90351
2026/09/22 06:30:02.892, 0, 95, 90351
2026/09/22 06:30:02.892, 1, 98, 90351
2026/09/22 06:30:17.893, 0, 96, 90351
2026/09/22 06:30:17.893, 1, 98, 90351
2026/09/22 06:30:32.894, 0, 98, 90351
2026/09/22 06:30:32.894, 1, 98, 90351
2026/09/22 06:30:47.895, 0, 95, 90351
2026/09/22 06:30:47.895, 1, 99, 90351
2026/09/22 06:31:02.895, 0, 95, 90351
2026/09/22 06:31:02.895, 1, 98, 90351
2026/09/22 06:31:17.896, 0, 97, 90351
2026/09/22 06:31:17.897, 1, 98, 90351
2026/09/22 06:31:32.897, 0, 97, 90351
2026/09/22 06:31:32.897, 1, 98, 90351
2026/09/22 06:31:47.898, 0, 97, 90351
2026/09/22 06:31:47.898, 1, 98, 90351
2026/09/22 06:32:02.899, 0, 95, 90351
2026/09/22 06:32:02.899, 1, 98, 90351
2026/09/22 06:32:17.900, 0, 1, 90351
2026/09/22 06:32:17.900, 1, 100, 90351
2026/09/22 06:32:32.900, 0, 99, 90351
2026/09/22 06:32:32.900, 1, 98, 90351
2026/09/22 06:32:47.901, 0, 96, 90351
2026/09/22 06:32:47.901, 1, 97, 90351
2026/09/22 06:33:02.901, 0, 98, 90351
2026/09/22 06:33:02.902, 1, 98, 90351
2026/09/22 06:33:17.903, 0, 94, 90351
2026/09/22 06:33:17.903, 1, 98, 90351
2026/09/22 06:33:32.904, 0, 97, 90351
2026/09/22 06:33:32.904, 1, 98, 90351
2026/09/22 06:33:47.905, 0, 96, 90351
2026/09/22 06:33:47.905, 1, 98, 90351
2026/09/22 06:34:02.906, 0, 2, 90351
2026/09/22 06:34:02.906, 1, 100, 90351
2026/09/22 06:34:17.906, 0, 97, 90351
2026/09/22 06:34:17.906, 1, 98, 90351
2026/09/22 06:34:32.908, 0, 97, 90351
2026/09/22 06:34:32.908, 1, 98, 90351
2026/09/22 06:34:47.908, 0, 97, 90351
2026/09/22 06:34:47.908, 1, 99, 90351
2026/09/22 06:35:02.909, 0, 95, 90351
2026/09/22 06:35:02.909, 1, 99, 90351
2026/09/22 06:35:17.910, 0, 96, 90351
2026/09/22 06:35:17.910, 1, 98, 90351
2026/09/22 06:35:32.911, 0, 97, 90351
2026/09/22 06:35:32.911, 1, 98, 90351
2026/09/22 06:35:47.911, 0, 98, 90351
2026/09/22 06:35:47.911, 1, 98, 90351
2026/09/22 06:36:02.912, 0, 96, 90351
2026/09/22 06:36:02.912, 1, 98, 90351
2026/09/22 06:36:17.913, 0, 98, 90351
2026/09/22 06:36:17.913, 1, 98, 90351
2026/09/22 06:36:32.913, 0, 97, 90351
2026/09/22 06:36:32.913, 1, 98, 90351
2026/09/22 06:36:47.914, 0, 95, 90351
2026/09/22 06:36:47.914, 1, 99, 90351
2026/09/22 06:37:02.915, 0, 97, 90351
2026/09/22 06:37:02.916, 1, 98, 90351
2026/09/22 06:37:17.916, 0, 93, 90351
2026/09/22 06:37:17.916, 1, 97, 90351
2026/09/22 06:37:32.917, 0, 96, 90351
2026/09/22 06:37:32.917, 1, 98, 90351
2026/09/22 06:37:47.918, 0, 97, 90351
2026/09/22 06:37:47.918, 1, 98, 90351
2026/09/22 06:38:02.918, 0, 95, 90351
2026/09/22 06:38:02.918, 1, 98, 90351
2026/09/22 06:38:17.919, 0, 96, 90351
2026/09/22 06:38:17.919, 1, 98, 90351
2026/09/22 06:38:32.919, 0, 96, 90351
2026/09/22 06:38:32.920, 1, 98, 90351
2026/09/22 06:38:47.920, 0, 96, 90351
2026/09/22 06:38:47.920, 1, 97, 90351
2026/09/22 06:39:02.921, 0, 76, 90351
2026/09/22 06:39:02.921, 1, 99, 90351
2026/09/22 06:39:17.921, 0, 97, 90351
2026/09/22 06:39:17.922, 1, 97, 90351
2026/09/22 06:39:32.922, 0, 95, 90351
2026/09/22 06:39:32.922, 1, 98, 90351
2026/09/22 06:39:47.923, 0, 96, 90351
2026/09/22 06:39:47.923, 1, 98, 90351
2026/09/22 06:40:02.924, 0, 93, 90351
2026/09/22 06:40:02.924, 1, 98, 90351
2026/09/22 06:40:17.925, 0, 96, 90351
2026/09/22 06:40:17.925, 1, 99, 90351
2026/09/22 06:40:32.925, 0, 96, 90351
2026/09/22 06:40:32.925, 1, 98, 90351
2026/09/22 06:40:47.926, 0, 96, 90351
2026/09/22 06:40:47.926, 1, 98, 90351
2026/09/22 06:41:02.927, 0, 95, 90351
2026/09/22 06:41:02.927, 1, 97, 90351
2026/09/22 06:41:17.927, 0, 97, 90351
2026/09/22 06:41:17.928, 1, 97, 90351
2026/09/22 06:41:32.928, 0, 98, 90351
2026/09/22 06:41:32.928, 1, 98, 90351
2026/09/22 06:41:47.929, 0, 97, 90351
2026/09/22 06:41:47.929, 1, 97, 90351
2026/09/22 06:42:02.930, 0, 97, 90351
2026/09/22 06:42:02.930, 1, 98, 90351
2026/09/22 06:42:17.931, 0, 95, 90351
2026/09/22 06:42:17.931, 1, 98, 90351
2026/09/22 06:42:32.931, 0, 97, 90351
2026/09/22 06:42:32.931, 1, 98, 90351
2026/09/22 06:42:47.932, 0, 96, 90351
2026/09/22 06:42:47.932, 1, 98, 90351
2026/09/22 06:43:02.933, 0, 95, 90351
2026/09/22 06:43:02.933, 1, 99, 90351
2026/09/22 06:43:17.933, 0, 98, 90351
2026/09/22 06:43:17.933, 1, 97, 90351
2026/09/22 06:43:32.934, 0, 94, 90351
2026/09/22 06:43:32.934, 1, 99, 90351
2026/09/22 06:43:47.935, 0, 97, 90351
2026/09/22 06:43:47.935, 1, 98, 90351
2026/09/22 06:44:02.936, 0, 98, 90351
2026/09/22 06:44:02.936, 1, 98, 90351
2026/09/22 06:44:17.937, 0, 97, 90351
2026/09/22 06:44:17.937, 1, 98, 90351
2026/09/22 06:44:32.937, 0, 83, 90351
2026/09/22 06:44:32.937, 1, 97, 90351
2026/09/22 06:44:47.938, 0, 98, 90351
2026/09/22 06:44:47.938, 1, 97, 90351
2026/09/22 06:45:02.939, 0, 96, 90351
2026/09/22 06:45:02.939, 1, 98, 90351
2026/09/22 06:45:17.940, 0, 95, 90351
2026/09/22 06:45:17.940, 1, 98, 90351
2026/09/22 06:45:32.940, 0, 95, 90351
2026/09/22 06:45:32.940, 1, 99, 90351
2026/09/22 06:45:47.941, 0, 97, 90351
2026/09/22 06:45:47.941, 1, 98, 90351
2026/09/22 06:46:02.941, 0, 94, 90351
2026/09/22 06:46:02.941, 1, 98, 90351
2026/09/22 06:46:17.942, 0, 95, 90351
2026/09/22 06:46:17.942, 1, 97, 90351
2026/09/22 06:46:32.943, 0, 97, 90351
2026/09/22 06:46:32.943, 1, 98, 90351
2026/09/22 06:46:47.943, 0, 93, 90351
2026/09/22 06:46:47.944, 1, 98, 90351
2026/09/22 06:47:02.944, 0, 95, 90351
2026/09/22 06:47:02.944, 1, 98, 90351
2026/09/22 06:47:17.945, 0, 95, 90351
2026/09/22 06:47:17.945, 1, 98, 90351
2026/09/22 06:47:32.946, 0, 97, 90351
2026/09/22 06:47:32.946, 1, 97, 90351
2026/09/22 06:47:47.947, 0, 96, 90351
2026/09/22 06:47:47.947, 1, 98, 90351
2026/09/22 06:48:02.947, 0, 97, 90351
2026/09/22 06:48:02.948, 1, 97, 90351
2026/09/22 06:48:17.948, 0, 95, 90351
2026/09/22 06:48:17.948, 1, 99, 90351
2026/09/22 06:48:32.949, 0, 98, 90351
2026/09/22 06:48:32.949, 1, 97, 90351
2026/09/22 06:48:47.950, 0, 97, 90351
2026/09/22 06:48:47.950, 1, 97, 90351
2026/09/22 06:49:02.951, 0, 98, 90351
2026/09/22 06:49:02.951, 1, 98, 90351
2026/09/22 06:49:17.952, 0, 97, 90351
2026/09/22 06:49:17.952, 1, 100, 90351
2026/09/22 06:49:32.953, 0, 98, 90351
2026/09/22 06:49:32.953, 1, 97, 90351
2026/09/22 06:49:47.954, 0, 97, 90351
2026/09/22 06:49:47.954, 1, 97, 90351
2026/09/22 06:50:02.955, 0, 97, 90351
2026/09/22 06:50:02.955, 1, 98, 90351
2026/09/22 06:50:17.956, 0, 98, 90351
2026/09/22 06:50:17.956, 1, 98, 90351
2026/09/22 06:50:32.956, 0, 98, 90351
2026/09/22 06:50:32.956, 1, 98, 90351
2026/09/22 06:50:47.957, 0, 97, 90351
2026/09/22 06:50:47.957, 1, 97, 90351
2026/09/22 06:51:02.959, 0, 98, 90351
2026/09/22 06:51:02.959, 1, 97, 90351
2026/09/22 06:51:17.960, 0, 98, 90351
2026/09/22 06:51:17.960, 1, 97, 90351
2026/09/22 06:51:32.961, 0, 98, 90351
2026/09/22 06:51:32.961, 1, 97, 90351
2026/09/22 06:51:47.962, 0, 98, 90351
2026/09/22 06:51:47.962, 1, 97, 90351
2026/09/22 06:52:02.962, 0, 91, 90351
2026/09/22 06:52:02.962, 1, 98, 90351
2026/09/22 06:52:17.963, 0, 97, 90351
2026/09/22 06:52:17.963, 1, 95, 90351
2026/09/22 06:52:32.964, 0, 99, 90351
2026/09/22 06:52:32.964, 1, 97, 90351
2026/09/22 06:52:47.965, 0, 98, 90351
2026/09/22 06:52:47.965, 1, 97, 90351
2026/09/22 06:53:02.966, 0, 98, 90351
2026/09/22 06:53:02.966, 1, 98, 90351
2026/09/22 06:53:17.967, 0, 99, 90351
2026/09/22 06:53:17.967, 1, 97, 90351
2026/09/22 06:53:32.968, 0, 98, 90351
2026/09/22 06:53:32.968, 1, 98, 90351
2026/09/22 06:53:47.969, 0, 98, 90351
2026/09/22 06:53:47.969, 1, 97, 90351
2026/09/22 06:54:02.970, 0, 4, 90351
2026/09/22 06:54:02.970, 1, 97, 90351
2026/09/22 06:54:17.971, 0, 98, 90351
2026/09/22 06:54:17.971, 1, 98, 90351
2026/09/22 06:54:32.972, 0, 97, 90351
2026/09/22 06:54:32.972, 1, 97, 90351
2026/09/22 06:54:47.973, 0, 98, 90351
2026/09/22 06:54:47.973, 1, 96, 90351
2026/09/22 06:55:02.974, 0, 98, 90351
2026/09/22 06:55:02.974, 1, 99, 90351
2026/09/22 06:55:17.975, 0, 97, 90351
2026/09/22 06:55:17.975, 1, 98, 90351
2026/09/22 06:55:32.976, 0, 98, 90351
2026/09/22 06:55:32.976, 1, 97, 90351
2026/09/22 06:55:47.977, 0, 97, 90351
2026/09/22 06:55:47.977, 1, 98, 90351
2026/09/22 06:56:02.978, 0, 88, 90351
2026/09/22 06:56:02.978, 1, 98, 90351
2026/09/22 06:56:17.979, 0, 97, 90351
2026/09/22 06:56:17.979, 1, 98, 90351
2026/09/22 06:56:32.980, 0, 98, 90351
2026/09/22 06:56:32.980, 1, 98, 90351
2026/09/22 06:56:47.980, 0, 98, 90351
2026/09/22 06:56:47.980, 1, 97, 90351
2026/09/22 06:57:02.981, 0, 98, 90351
2026/09/22 06:57:02.981, 1, 98, 90351
2026/09/22 06:57:17.982, 0, 97, 90351
2026/09/22 06:57:17.982, 1, 98, 90351
2026/09/22 06:57:32.983, 0, 98, 90351
2026/09/22 06:57:32.983, 1, 97, 90351
2026/09/22 06:57:47.984, 0, 98, 90351
2026/09/22 06:57:47.984, 1, 98, 90351
2026/09/22 06:58:02.985, 0, 97, 90351
2026/09/22 06:58:02.985, 1, 98, 90351
2026/09/22 06:58:17.986, 0, 98, 90351
2026/09/22 06:58:17.986, 1, 98, 90351
2026/09/22 06:58:32.987, 0, 98, 90351
2026/09/22 06:58:32.987, 1, 98, 90351
2026/09/22 06:58:47.988, 0, 98, 90351
2026/09/22 06:58:47.988, 1, 98, 90351
2026/09/22 06:59:02.988, 0, 98, 90351
2026/09/22 06:59:02.988, 1, 98, 90351
2026/09/22 06:59:17.989, 0, 97, 90351
2026/09/22 06:59:17.989, 1, 98, 90351
2026/09/22 06:59:32.990, 0, 97, 90351
2026/09/22 06:59:32.990, 1, 98, 90351
2026/09/22 06:59:47.991, 0, 97, 90351
2026/09/22 06:59:47.991, 1, 97, 90351
2026/09/22 07:00:02.992, 0, 97, 90351
2026/09/22 07:00:02.992, 1, 97, 90351
2026/09/22 07:00:17.993, 0, 97, 90351
2026/09/22 07:00:17.993, 1, 97, 90351
2026/09/22 07:00:32.994, 0, 98, 90351
2026/09/22 07:00:32.994, 1, 97, 90351
2026/09/22 07:00:47.995, 0, 98, 90351
2026/09/22 07:00:47.995, 1, 98, 90351
2026/09/22 07:01:02.996, 0, 97, 90351
2026/09/22 07:01:02.996, 1, 99, 90351
2026/09/22 07:01:17.996, 0, 98, 90351
2026/09/22 07:01:17.997, 1, 98, 90351
2026/09/22 07:01:32.997, 0, 98, 90351
2026/09/22 07:01:32.998, 1, 99, 90351
2026/09/22 07:01:47.998, 0, 98, 90351
2026/09/22 07:01:47.998, 1, 98, 90351
2026/09/22 07:02:02.999, 0, 97, 90351
2026/09/22 07:02:02.999, 1, 99, 90351
2026/09/22 07:02:18.000, 0, 97, 90351
2026/09/22 07:02:18.000, 1, 98, 90351
2026/09/22 07:02:33.001, 0, 97, 90351
2026/09/22 07:02:33.001, 1, 98, 90351
2026/09/22 07:02:48.002, 0, 97, 90351
2026/09/22 07:02:48.002, 1, 98, 90351
2026/09/22 07:03:03.003, 0, 98, 90351
2026/09/22 07:03:03.003, 1, 98, 90351
2026/09/22 07:03:18.004, 0, 98, 90351
2026/09/22 07:03:18.004, 1, 99, 90351
2026/09/22 07:03:33.005, 0, 98, 90351
2026/09/22 07:03:33.005, 1, 99, 90351
2026/09/22 07:03:48.006, 0, 99, 90351
2026/09/22 07:03:48.006, 1, 98, 90351
2026/09/22 07:04:03.007, 0, 99, 90351
2026/09/22 07:04:03.007, 1, 98, 90351
2026/09/22 07:04:18.008, 0, 98, 90351
2026/09/22 07:04:18.008, 1, 97, 90351
2026/09/22 07:04:33.009, 0, 98, 90351
2026/09/22 07:04:33.009, 1, 98, 90351
2026/09/22 07:04:48.010, 0, 98, 90351
2026/09/22 07:04:48.010, 1, 97, 90351
2026/09/22 07:05:03.011, 0, 98, 90351
2026/09/22 07:05:03.011, 1, 97, 90351
2026/09/22 07:05:18.012, 0, 97, 90351
2026/09/22 07:05:18.012, 1, 97, 90351
2026/09/22 07:05:33.013, 0, 98, 90351
2026/09/22 07:05:33.013, 1, 97, 90351
2026/09/22 07:05:48.014, 0, 91, 90351
2026/09/22 07:05:48.014, 1, 98, 90351
2026/09/22 07:06:03.015, 0, 97, 90351
2026/09/22 07:06:03.015, 1, 97, 90351
2026/09/22 07:06:18.016, 0, 98, 90351
2026/09/22 07:06:18.018, 1, 98, 90351
2026/09/22 07:06:33.019, 0, 98, 90351
2026/09/22 07:06:33.019, 1, 98, 90351
2026/09/22 07:06:48.020, 0, 98, 90351
2026/09/22 07:06:48.020, 1, 98, 90351
2026/09/22 07:07:03.021, 0, 97, 90351
2026/09/22 07:07:03.021, 1, 100, 90351
2026/09/22 07:07:18.022, 0, 97, 90351
2026/09/22 07:07:18.022, 1, 97, 90351
2026/09/22 07:07:33.023, 0, 98, 90351
2026/09/22 07:07:33.023, 1, 98, 90351
2026/09/22 07:07:48.023, 0, 98, 90351
2026/09/22 07:07:48.024, 1, 98, 90351
2026/09/22 07:08:03.025, 0, 98, 90351
2026/09/22 07:08:03.025, 1, 99, 90351
2026/09/22 07:08:18.026, 0, 89, 90351
2026/09/22 07:08:18.026, 1, 98, 90351
2026/09/22 07:08:33.026, 0, 98, 90351
2026/09/22 07:08:33.026, 1, 97, 90351
2026/09/22 07:08:48.027, 0, 98, 90351
2026/09/22 07:08:48.028, 1, 99, 90351
2026/09/22 07:09:03.029, 0, 97, 90351
2026/09/22 07:09:03.029, 1, 98, 90351
2026/09/22 07:09:18.030, 0, 97, 90351
2026/09/22 07:09:18.030, 1, 98, 90351
2026/09/22 07:09:33.031, 0, 99, 90351
2026/09/22 07:09:33.031, 1, 98, 90351
2026/09/22 07:09:48.032, 0, 98, 90351
2026/09/22 07:09:48.032, 1, 98, 90351
2026/09/22 07:10:03.033, 0, 98, 90351
2026/09/22 07:10:03.033, 1, 98, 90351
2026/09/22 07:10:18.034, 0, 98, 90351
2026/09/22 07:10:18.034, 1, 98, 90351
2026/09/22 07:10:33.035, 0, 97, 90351
2026/09/22 07:10:33.035, 1, 98, 90351
2026/09/22 07:10:48.036, 0, 98, 90351
2026/09/22 07:10:48.036, 1, 98, 90351
2026/09/22 07:11:03.037, 0, 99, 90351
2026/09/22 07:11:03.037, 1, 98, 90351
2026/09/22 07:11:18.038, 0, 99, 90351
2026/09/22 07:11:18.038, 1, 99, 90351
2026/09/22 07:11:33.039, 0, 98, 90351
2026/09/22 07:11:33.039, 1, 98, 90351
2026/09/22 07:11:48.040, 0, 98, 90351
2026/09/22 07:11:48.040, 1, 98, 90351
2026/09/22 07:12:03.041, 0, 97, 90351
2026/09/22 07:12:03.042, 1, 99, 90351
2026/09/22 07:12:18.042, 0, 3, 90351
2026/09/22 07:12:18.043, 1, 100, 90351
2026/09/22 07:12:33.043, 0, 99, 90351
2026/09/22 07:12:33.044, 1, 98, 90351
2026/09/22 07:12:48.044, 0, 99, 90351
2026/09/22 07:12:48.045, 1, 97, 90351
2026/09/22 07:13:03.046, 0, 99, 90351
2026/09/22 07:13:03.046, 1, 97, 90351
2026/09/22 07:13:18.046, 0, 97, 90351
2026/09/22 07:13:18.047, 1, 98, 90351
2026/09/22 07:13:33.047, 0, 98, 90351
2026/09/22 07:13:33.048, 1, 97, 90351
2026/09/22 07:13:48.049, 0, 97, 90351
2026/09/22 07:13:48.049, 1, 97, 90351
2026/09/22 07:14:03.050, 0, 5, 90351
2026/09/22 07:14:03.050, 1, 93, 90351
2026/09/22 07:14:18.051, 0, 98, 90351
2026/09/22 07:14:18.051, 1, 97, 90351
2026/09/22 07:14:33.052, 0, 98, 90351
2026/09/22 07:14:33.053, 1, 97, 90351
2026/09/22 07:14:48.053, 0, 97, 90351
2026/09/22 07:14:48.054, 1, 99, 90351
2026/09/22 07:15:03.055, 0, 99, 90351
2026/09/22 07:15:03.055, 1, 98, 90351
2026/09/22 07:15:18.056, 0, 98, 90351
2026/09/22 07:15:18.056, 1, 97, 90351
2026/09/22 07:15:33.057, 0, 97, 90351
2026/09/22 07:15:33.057, 1, 98, 90351
2026/09/22 07:15:48.059, 0, 97, 90351
2026/09/22 07:15:48.059, 1, 98, 90351
2026/09/22 07:16:03.059, 0, 98, 90351
2026/09/22 07:16:03.060, 1, 98, 90351
2026/09/22 07:16:18.061, 0, 97, 90351
2026/09/22 07:16:18.061, 1, 97, 90351
2026/09/22 07:16:33.062, 0, 98, 90351
2026/09/22 07:16:33.062, 1, 98, 90351
2026/09/22 07:16:48.063, 0, 98, 90351
2026/09/22 07:16:48.063, 1, 98, 90351
2026/09/22 07:17:03.064, 0, 98, 90351
2026/09/22 07:17:03.064, 1, 98, 90351
2026/09/22 07:17:18.065, 0, 98, 90351
2026/09/22 07:17:18.065, 1, 98, 90351
2026/09/22 07:17:33.066, 0, 98, 90351
2026/09/22 07:17:33.067, 1, 98, 90351
2026/09/22 07:17:48.067, 0, 98, 90351
2026/09/22 07:17:48.068, 1, 98, 90351
2026/09/22 07:18:03.068, 0, 98, 90351
2026/09/22 07:18:03.068, 1, 97, 90351
2026/09/22 07:18:18.069, 0, 98, 90351
2026/09/22 07:18:18.069, 1, 97, 90351
2026/09/22 07:18:33.070, 0, 99, 90351
2026/09/22 07:18:33.070, 1, 98, 90351
2026/09/22 07:18:48.071, 0, 97, 90351
2026/09/22 07:18:48.071, 1, 97, 90351
2026/09/22 07:19:03.072, 0, 98, 90351
2026/09/22 07:19:03.072, 1, 98, 90351
2026/09/22 07:19:18.073, 0, 97, 90351
2026/09/22 07:19:18.073, 1, 98, 90351
2026/09/22 07:19:33.074, 0, 98, 90351
2026/09/22 07:19:33.074, 1, 98, 90351
2026/09/22 07:19:48.075, 0, 97, 90351
2026/09/22 07:19:48.075, 1, 97, 90351
2026/09/22 07:20:03.076, 0, 98, 90351
2026/09/22 07:20:03.076, 1, 98, 90351
2026/09/22 07:20:18.077, 0, 97, 90351
2026/09/22 07:20:18.077, 1, 98, 90351
2026/09/22 07:20:33.078, 0, 99, 90351
2026/09/22 07:20:33.078, 1, 97, 90351
2026/09/22 07:20:48.079, 0, 97, 90351
2026/09/22 07:20:48.079, 1, 98, 90351
2026/09/22 07:21:03.080, 0, 98, 90351
2026/09/22 07:21:03.080, 1, 98, 90351
2026/09/22 07:21:18.081, 0, 98, 90351
2026/09/22 07:21:18.081, 1, 99, 90351
2026/09/22 07:21:33.082, 0, 98, 90351
2026/09/22 07:21:33.082, 1, 98, 90351
2026/09/22 07:21:48.083, 0, 98, 90351
2026/09/22 07:21:48.083, 1, 98, 90351
2026/09/22 07:22:03.084, 0, 97, 90351
2026/09/22 07:22:03.084, 1, 98, 90351
2026/09/22 07:22:18.085, 0, 98, 90351
2026/09/22 07:22:18.085, 1, 98, 90351
2026/09/22 07:22:33.086, 0, 98, 90351
2026/09/22 07:22:33.086, 1, 97, 90351
2026/09/22 07:22:48.087, 0, 98, 90351
2026/09/22 07:22:48.087, 1, 97, 90351
2026/09/22 07:23:03.088, 0, 97, 90351
2026/09/22 07:23:03.088, 1, 98, 90351
2026/09/22 07:23:18.088, 0, 98, 90351
2026/09/22 07:23:18.089, 1, 97, 90351
2026/09/22 07:23:33.089, 0, 97, 90351
2026/09/22 07:23:33.089, 1, 97, 90351
2026/09/22 07:23:48.090, 0, 98, 90351
2026/09/22 07:23:48.090, 1, 97, 90351
2026/09/22 07:24:03.091, 0, 98, 90351
2026/09/22 07:24:03.091, 1, 98, 90351
2026/09/22 07:24:18.092, 0, 98, 90351
2026/09/22 07:24:18.092, 1, 99, 90351
2026/09/22 07:24:33.093, 0, 98, 90351
2026/09/22 07:24:33.093, 1, 98, 90351
2026/09/22 07:24:48.094, 0, 99, 90351
2026/09/22 07:24:48.094, 1, 98, 90351
2026/09/22 07:25:03.095, 0, 98, 90351
2026/09/22 07:25:03.095, 1, 98, 90351
2026/09/22 07:25:18.096, 0, 98, 90351
2026/09/22 07:25:18.096, 1, 98, 90351
2026/09/22 07:25:33.097, 0, 98, 90351
2026/09/22 07:25:33.097, 1, 97, 90351
2026/09/22 07:25:48.099, 0, 97, 90351
2026/09/22 07:25:48.099, 1, 97, 90351
2026/09/22 07:26:03.099, 0, 98, 90351
2026/09/22 07:26:03.099, 1, 97, 90351
2026/09/22 07:26:18.100, 0, 98, 90351
2026/09/22 07:26:18.100, 1, 99, 90351
2026/09/22 07:26:33.101, 0, 97, 90351
2026/09/22 07:26:33.101, 1, 98, 90351
2026/09/22 07:26:48.102, 0, 98, 90351
2026/09/22 07:26:48.102, 1, 99, 90351
2026/09/22 07:27:03.102, 0, 98, 90351
2026/09/22 07:27:03.103, 1, 97, 90351
2026/09/22 07:27:18.103, 0, 98, 90351
2026/09/22 07:27:18.103, 1, 97, 90351
2026/09/22 07:27:33.104, 0, 97, 90351
2026/09/22 07:27:33.104, 1, 97, 90351
2026/09/22 07:27:48.105, 0, 98, 90351
2026/09/22 07:27:48.105, 1, 97, 90351
2026/09/22 07:28:03.106, 0, 98, 90351
2026/09/22 07:28:03.106, 1, 98, 90351
2026/09/22 07:28:18.107, 0, 97, 90351
2026/09/22 07:28:18.107, 1, 99, 90351
2026/09/22 07:28:33.108, 0, 98, 90351
2026/09/22 07:28:33.108, 1, 98, 90351
2026/09/22 07:28:48.109, 0, 98, 90351
2026/09/22 07:28:48.109, 1, 99, 90351
2026/09/22 07:29:03.110, 0, 97, 90351
2026/09/22 07:29:03.110, 1, 99, 90351
2026/09/22 07:29:18.111, 0, 97, 90351
2026/09/22 07:29:18.111, 1, 97, 90351
2026/09/22 07:29:33.112, 0, 97, 90351
2026/09/22 07:29:33.112, 1, 98, 90351
2026/09/22 07:29:48.113, 0, 97, 90351
2026/09/22 07:29:48.113, 1, 98, 90351
2026/09/22 07:30:03.114, 0, 98, 90351
2026/09/22 07:30:03.114, 1, 98, 90351
2026/09/22 07:30:18.115, 0, 98, 90351
2026/09/22 07:30:18.115, 1, 98, 90351
2026/09/22 07:30:33.116, 0, 98, 90351
2026/09/22 07:30:33.116, 1, 98, 90351
2026/09/22 07:30:48.116, 0, 98, 90351
2026/09/22 07:30:48.117, 1, 97, 90351
2026/09/22 07:31:03.117, 0, 98, 90351
2026/09/22 07:31:03.117, 1, 97, 90351
2026/09/22 07:31:18.118, 0, 97, 90351
2026/09/22 07:31:18.118, 1, 97, 90351
2026/09/22 07:31:33.119, 0, 97, 90351
2026/09/22 07:31:33.119, 1, 97, 90351
2026/09/22 07:31:48.120, 0, 98, 90351
2026/09/22 07:31:48.120, 1, 98, 90351
2026/09/22 07:32:03.121, 0, 98, 90351
2026/09/22 07:32:03.121, 1, 98, 90351
2026/09/22 07:32:18.122, 0, 3, 90351
2026/09/22 07:32:18.122, 1, 100, 90351
2026/09/22 07:32:33.123, 0, 98, 90351
2026/09/22 07:32:33.123, 1, 97, 90351
2026/09/22 07:32:48.124, 0, 97, 90351
2026/09/22 07:32:48.125, 1, 98, 90351
2026/09/22 07:33:03.125, 0, 97, 90351
2026/09/22 07:33:03.125, 1, 98, 90351
2026/09/22 07:33:18.126, 0, 97, 90351
2026/09/22 07:33:18.126, 1, 98, 90351
2026/09/22 07:33:33.127, 0, 97, 90351
2026/09/22 07:33:33.127, 1, 97, 90351
2026/09/22 07:33:48.128, 0, 99, 90351
2026/09/22 07:33:48.128, 1, 97, 90351
2026/09/22 07:34:03.129, 0, 98, 90351
2026/09/22 07:34:03.129, 1, 95, 90351
2026/09/22 07:34:18.130, 0, 97, 90351
2026/09/22 07:34:18.130, 1, 97, 90351
2026/09/22 07:34:33.131, 0, 98, 90351
2026/09/22 07:34:33.131, 1, 98, 90351
2026/09/22 07:34:48.132, 0, 97, 90351
2026/09/22 07:34:48.132, 1, 98, 90351
2026/09/22 07:35:03.133, 0, 98, 90351
2026/09/22 07:35:03.133, 1, 97, 90351
2026/09/22 07:35:18.134, 0, 97, 90351
2026/09/22 07:35:18.134, 1, 97, 90351
2026/09/22 07:35:33.135, 0, 97, 90351
2026/09/22 07:35:33.135, 1, 97, 90351
2026/09/22 07:35:48.135, 0, 98, 90351
2026/09/22 07:35:48.135, 1, 98, 90351
2026/09/22 07:36:03.136, 0, 98, 90351
2026/09/22 07:36:03.136, 1, 98, 90351
2026/09/22 07:36:18.137, 0, 98, 90351
2026/09/22 07:36:18.137, 1, 98, 90351
2026/09/22 07:36:33.138, 0, 98, 90351
2026/09/22 07:36:33.138, 1, 97, 90351
2026/09/22 07:36:48.139, 0, 98, 90351
2026/09/22 07:36:48.139, 1, 98, 90351
2026/09/22 07:37:03.140, 0, 97, 90351
2026/09/22 07:37:03.140, 1, 98, 90351
2026/09/22 07:37:18.141, 0, 97, 90351
2026/09/22 07:37:18.141, 1, 97, 90351
2026/09/22 07:37:33.142, 0, 97, 90351
2026/09/22 07:37:33.142, 1, 97, 90351
2026/09/22 07:37:48.143, 0, 99, 90351
2026/09/22 07:37:48.143, 1, 98, 90351
2026/09/22 07:38:03.144, 0, 98, 90351
2026/09/22 07:38:03.144, 1, 99, 90351
2026/09/22 07:38:18.145, 0, 98, 90351
2026/09/22 07:38:18.145, 1, 98, 90351
2026/09/22 07:38:33.146, 0, 97, 90351
2026/09/22 07:38:33.146, 1, 98, 90351
2026/09/22 07:38:48.146, 0, 97, 90351
2026/09/22 07:38:48.147, 1, 98, 90351
2026/09/22 07:39:03.148, 0, 98, 90351
2026/09/22 07:39:03.148, 1, 97, 90351
2026/09/22 07:39:18.149, 0, 98, 90351
2026/09/22 07:39:18.149, 1, 98, 90351
2026/09/22 07:39:33.150, 0, 97, 90351
2026/09/22 07:39:33.150, 1, 98, 90351
2026/09/22 07:39:48.151, 0, 97, 90351
2026/09/22 07:39:48.151, 1, 99, 90351
2026/09/22 07:40:03.152, 0, 98, 90351
2026/09/22 07:40:03.152, 1, 99, 90351
2026/09/22 07:40:18.152, 0, 98, 90351
2026/09/22 07:40:18.152, 1, 98, 90351
2026/09/22 07:40:33.153, 0, 98, 90351
2026/09/22 07:40:33.153, 1, 98, 90351
2026/09/22 07:40:48.154, 0, 98, 90351
2026/09/22 07:40:48.154, 1, 97, 90351
2026/09/22 07:41:03.154, 0, 98, 90351
2026/09/22 07:41:03.155, 1, 98, 90351
2026/09/22 07:41:18.155, 0, 98, 90351
2026/09/22 07:41:18.155, 1, 98, 90351
2026/09/22 07:41:33.156, 0, 98, 90351
2026/09/22 07:41:33.156, 1, 97, 90351
2026/09/22 07:41:48.157, 0, 97, 90351
2026/09/22 07:41:48.157, 1, 97, 90351
2026/09/22 07:42:03.158, 0, 97, 90351
2026/09/22 07:42:03.158, 1, 97, 90351
2026/09/22 07:42:18.159, 0, 97, 90351
2026/09/22 07:42:18.159, 1, 98, 90351
2026/09/22 07:42:33.161, 0, 97, 90351
2026/09/22 07:42:33.161, 1, 98, 90351
2026/09/22 07:42:48.161, 0, 99, 90351
2026/09/22 07:42:48.161, 1, 97, 90351
2026/09/22 07:43:03.162, 0, 98, 90351
2026/09/22 07:43:03.162, 1, 98, 90351
2026/09/22 07:43:18.163, 0, 97, 90351
2026/09/22 07:43:18.163, 1, 98, 90351
2026/09/22 07:43:33.163, 0, 97, 90351
2026/09/22 07:43:33.164, 1, 98, 90351
2026/09/22 07:43:48.164, 0, 98, 90351
2026/09/22 07:43:48.164, 1, 98, 90351
2026/09/22 07:44:03.165, 0, 98, 90351
2026/09/22 07:44:03.165, 1, 98, 90351
2026/09/22 07:44:18.166, 0, 97, 90351
2026/09/22 07:44:18.166, 1, 98, 90351
2026/09/22 07:44:33.167, 0, 98, 90351
2026/09/22 07:44:33.167, 1, 99, 90351
2026/09/22 07:44:48.168, 0, 98, 90351
2026/09/22 07:44:48.168, 1, 97, 90351
2026/09/22 07:45:03.169, 0, 98, 90351
2026/09/22 07:45:03.169, 1, 98, 90351
2026/09/22 07:45:18.170, 0, 97, 90351
2026/09/22 07:45:18.170, 1, 98, 90351
2026/09/22 07:45:33.170, 0, 86, 90351
2026/09/22 07:45:33.170, 1, 97, 90351
2026/09/22 07:45:48.172, 0, 97, 90351
2026/09/22 07:45:48.172, 1, 98, 90351
2026/09/22 07:46:03.173, 0, 97, 90351
2026/09/22 07:46:03.173, 1, 98, 90351
2026/09/22 07:46:18.173, 0, 97, 90351
2026/09/22 07:46:18.173, 1, 98, 90351
2026/09/22 07:46:33.174, 0, 97, 90351
2026/09/22 07:46:33.174, 1, 98, 90351
2026/09/22 07:46:48.175, 0, 98, 90351
2026/09/22 07:46:48.175, 1, 97, 90351
2026/09/22 07:47:03.176, 0, 98, 90351
2026/09/22 07:47:03.176, 1, 98, 90351
2026/09/22 07:47:18.177, 0, 98, 90351
2026/09/22 07:47:18.177, 1, 98, 90351
2026/09/22 07:47:33.178, 0, 97, 90351
2026/09/22 07:47:33.178, 1, 97, 90351
2026/09/22 07:47:48.179, 0, 98, 90351
2026/09/22 07:47:48.179, 1, 97, 90351
2026/09/22 07:48:03.179, 0, 97, 90351
2026/09/22 07:48:03.179, 1, 98, 90351
2026/09/22 07:48:18.180, 0, 98, 90351
2026/09/22 07:48:18.180, 1, 98, 90351
2026/09/22 07:48:33.181, 0, 98, 90351
2026/09/22 07:48:33.181, 1, 98, 90351
2026/09/22 07:48:48.182, 0, 97, 90351
2026/09/22 07:48:48.182, 1, 98, 90351
2026/09/22 07:49:03.183, 0, 98, 90351
2026/09/22 07:49:03.183, 1, 97, 90351
2026/09/22 07:49:18.183, 0, 12, 90351
2026/09/22 07:49:18.183, 1, 100, 90351
2026/09/22 07:49:33.184, 0, 98, 90351
2026/09/22 07:49:33.184, 1, 99, 90351
2026/09/22 07:49:48.185, 0, 87, 90351
2026/09/22 07:49:48.185, 1, 98, 90351
2026/09/22 07:50:03.186, 0, 98, 90351
2026/09/22 07:50:03.186, 1, 97, 90351
2026/09/22 07:50:18.187, 0, 98, 90351
2026/09/22 07:50:18.187, 1, 98, 90351
2026/09/22 07:50:33.188, 0, 97, 90351
2026/09/22 07:50:33.188, 1, 98, 90351
2026/09/22 07:50:48.189, 0, 97, 90351
2026/09/22 07:50:48.189, 1, 98, 90351
2026/09/22 07:51:03.189, 0, 89, 90351
2026/09/22 07:51:03.189, 1, 97, 90351
2026/09/22 07:51:18.190, 0, 98, 90351
2026/09/22 07:51:18.190, 1, 97, 90351
2026/09/22 07:51:33.191, 0, 98, 90351
2026/09/22 07:51:33.191, 1, 98, 90351
2026/09/22 07:51:48.192, 0, 99, 90351
2026/09/22 07:51:48.192, 1, 98, 90351
2026/09/22 07:52:03.193, 0, 97, 90351
2026/09/22 07:52:03.193, 1, 98, 90351
2026/09/22 07:52:18.194, 0, 98, 90351
2026/09/22 07:52:18.194, 1, 98, 90351
2026/09/22 07:52:33.194, 0, 98, 90351
2026/09/22 07:52:33.194, 1, 99, 90351
2026/09/22 07:52:48.195, 0, 97, 90351
2026/09/22 07:52:48.195, 1, 98, 90351
2026/09/22 07:53:03.196, 0, 97, 90351
2026/09/22 07:53:03.196, 1, 98, 90351
2026/09/22 07:53:18.197, 0, 98, 90351
2026/09/22 07:53:18.197, 1, 98, 90351
2026/09/22 07:53:33.198, 0, 98, 90351
2026/09/22 07:53:33.198, 1, 98, 90351
2026/09/22 07:53:48.200, 0, 98, 90351
2026/09/22 07:53:48.200, 1, 98, 90351
2026/09/22 07:54:03.200, 0, 98, 90351
2026/09/22 07:54:03.200, 1, 98, 90351
2026/09/22 07:54:18.201, 0, 98, 90351
2026/09/22 07:54:18.201, 1, 97, 90351
2026/09/22 07:54:33.202, 0, 97, 90351
2026/09/22 07:54:33.202, 1, 98, 90351
2026/09/22 07:54:48.203, 0, 98, 90351
2026/09/22 07:54:48.203, 1, 98, 90351
2026/09/22 07:55:03.204, 0, 98, 90351
2026/09/22 07:55:03.204, 1, 98, 90351
2026/09/22 07:55:18.204, 0, 97, 90351
2026/09/22 07:55:18.204, 1, 97, 90351
2026/09/22 07:55:33.205, 0, 98, 90351
2026/09/22 07:55:33.205, 1, 98, 90351
2026/09/22 07:55:48.206, 0, 99, 90351
2026/09/22 07:55:48.206, 1, 97, 90351
2026/09/22 07:56:03.207, 0, 97, 90351
2026/09/22 07:56:03.207, 1, 98, 90351
2026/09/22 07:56:18.208, 0, 98, 90351
2026/09/22 07:56:18.208, 1, 97, 90351
2026/09/22 07:56:33.209, 0, 98, 90351
2026/09/22 07:56:33.209, 1, 98, 90351
2026/09/22 07:56:48.210, 0, 97, 90351
2026/09/22 07:56:48.210, 1, 98, 90351
2026/09/22 07:57:03.210, 0, 97, 90351
2026/09/22 07:57:03.211, 1, 98, 90351
2026/09/22 07:57:18.211, 0, 97, 90351
2026/09/22 07:57:18.211, 1, 98, 90351
2026/09/22 07:57:33.212, 0, 99, 90351
2026/09/22 07:57:33.212, 1, 98, 90351
2026/09/22 07:57:48.213, 0, 99, 90351
2026/09/22 07:57:48.213, 1, 99, 90351
2026/09/22 07:58:03.214, 0, 98, 90351
2026/09/22 07:58:03.214, 1, 98, 90351
2026/09/22 07:58:18.215, 0, 98, 90351
2026/09/22 07:58:18.215, 1, 97, 90351
2026/09/22 07:58:33.216, 0, 98, 90351
2026/09/22 07:58:33.216, 1, 97, 90351
2026/09/22 07:58:48.217, 0, 98, 90351
2026/09/22 07:58:48.217, 1, 97, 90351
2026/09/22 07:59:03.217, 0, 98, 90351
2026/09/22 07:59:03.217, 1, 97, 90351
2026/09/22 07:59:18.218, 0, 98, 90351
2026/09/22 07:59:18.218, 1, 98, 90351
2026/09/22 07:59:33.219, 0, 98, 90351
2026/09/22 07:59:33.219, 1, 98, 90351
2026/09/22 07:59:48.220, 0, 98, 90351
2026/09/22 07:59:48.220, 1, 98, 90351
2026/09/22 08:00:03.221, 0, 98, 90351
2026/09/22 08:00:03.221, 1, 98, 90351
2026/09/22 08:00:18.221, 0, 97, 90351
2026/09/22 08:00:18.222, 1, 98, 90351
2026/09/22 08:00:33.222, 0, 97, 90351
2026/09/22 08:00:33.222, 1, 97, 90351
2026/09/22 08:00:48.223, 0, 97, 90351
2026/09/22 08:00:48.223, 1, 96, 90351
2026/09/22 08:01:03.224, 0, 98, 90351
2026/09/22 08:01:03.224, 1, 97, 90351
2026/09/22 08:01:18.225, 0, 98, 90351
2026/09/22 08:01:18.225, 1, 97, 90351
2026/09/22 08:01:33.226, 0, 98, 90351
2026/09/22 08:01:33.226, 1, 98, 90351
2026/09/22 08:01:48.227, 0, 98, 90351
2026/09/22 08:01:48.227, 1, 98, 90351
2026/09/22 08:02:03.228, 0, 98, 90351
2026/09/22 08:02:03.228, 1, 98, 90351
2026/09/22 08:02:18.229, 0, 98, 90351
2026/09/22 08:02:18.229, 1, 99, 90351
2026/09/22 08:02:33.230, 0, 97, 90351
2026/09/22 08:02:33.230, 1, 98, 90351
2026/09/22 08:02:48.230, 0, 88, 90351
2026/09/22 08:02:48.231, 1, 97, 90351
2026/09/22 08:03:03.231, 0, 97, 90351
2026/09/22 08:03:03.231, 1, 98, 90351
2026/09/22 08:03:18.232, 0, 98, 90351
2026/09/22 08:03:18.232, 1, 97, 90351
2026/09/22 08:03:33.233, 0, 98, 90351
2026/09/22 08:03:33.233, 1, 97, 90351
2026/09/22 08:03:48.234, 0, 98, 90351
2026/09/22 08:03:48.234, 1, 97, 90351
2026/09/22 08:04:03.235, 0, 98, 90351
2026/09/22 08:04:03.235, 1, 98, 90351
2026/09/22 08:04:18.236, 0, 98, 90351
2026/09/22 08:04:18.236, 1, 98, 90351
2026/09/22 08:04:33.237, 0, 86, 90351
2026/09/22 08:04:33.237, 1, 98, 90351
2026/09/22 08:04:48.238, 0, 98, 90351
2026/09/22 08:04:48.238, 1, 97, 90351
2026/09/22 08:05:03.239, 0, 98, 90351
2026/09/22 08:05:03.239, 1, 97, 90351
2026/09/22 08:05:18.240, 0, 97, 90351
2026/09/22 08:05:18.240, 1, 97, 90351
2026/09/22 08:05:33.240, 0, 98, 90351
2026/09/22 08:05:33.241, 1, 98, 90351
2026/09/22 08:05:48.241, 0, 97, 90351
2026/09/22 08:05:48.241, 1, 98, 90351
2026/09/22 08:06:03.242, 0, 98, 90351
2026/09/22 08:06:03.242, 1, 98, 90351
2026/09/22 08:06:18.243, 0, 98, 90351
2026/09/22 08:06:18.244, 1, 97, 90351
2026/09/22 08:06:33.244, 0, 97, 90351
2026/09/22 08:06:33.244, 1, 99, 90351
2026/09/22 08:06:48.245, 0, 98, 90351
2026/09/22 08:06:48.245, 1, 98, 90351
2026/09/22 08:07:03.246, 0, 97, 90351
2026/09/22 08:07:03.246, 1, 97, 90351
2026/09/22 08:07:18.247, 0, 98, 90351
2026/09/22 08:07:18.247, 1, 98, 90351
2026/09/22 08:07:33.248, 0, 99, 90351
2026/09/22 08:07:33.248, 1, 98, 90351
2026/09/22 08:07:48.249, 0, 97, 90351
2026/09/22 08:07:48.249, 1, 98, 90351
2026/09/22 08:08:03.250, 0, 98, 90351
2026/09/22 08:08:03.250, 1, 97, 90351
2026/09/22 08:08:18.251, 0, 98, 90351
2026/09/22 08:08:18.251, 1, 99, 90351
2026/09/22 08:08:33.252, 0, 97, 90351
2026/09/22 08:08:33.252, 1, 97, 90351
2026/09/22 08:08:48.253, 0, 98, 90351
2026/09/22 08:08:48.253, 1, 97, 90351
2026/09/22 08:09:03.253, 0, 98, 90351
2026/09/22 08:09:03.254, 1, 97, 90351
2026/09/22 08:09:18.254, 0, 3, 90351
2026/09/22 08:09:18.255, 1, 100, 90351
2026/09/22 08:09:33.256, 0, 98, 90351
2026/09/22 08:09:33.256, 1, 98, 90351
2026/09/22 08:09:48.256, 0, 94, 90351
2026/09/22 08:09:48.257, 1, 97, 90351
2026/09/22 08:10:03.257, 0, 95, 90351
2026/09/22 08:10:03.257, 1, 95, 90351
2026/09/22 08:10:18.258, 0, 96, 90351
2026/09/22 08:10:18.258, 1, 98, 90351
2026/09/22 08:10:33.259, 0, 97, 90351
2026/09/22 08:10:33.259, 1, 98, 90351
2026/09/22 08:10:48.260, 0, 95, 90351
2026/09/22 08:10:48.260, 1, 96, 90351
2026/09/22 08:11:03.261, 0, 96, 90351
2026/09/22 08:11:03.261, 1, 97, 90351
2026/09/22 08:11:18.261, 0, 95, 90351
2026/09/22 08:11:18.262, 1, 96, 90351
2026/09/22 08:11:33.262, 0, 97, 90351
2026/09/22 08:11:33.263, 1, 94, 90351
2026/09/22 08:11:48.263, 0, 96, 90351
2026/09/22 08:11:48.263, 1, 95, 90351
2026/09/22 08:12:03.264, 0, 95, 90351
2026/09/22 08:12:03.264, 1, 95, 90351
2026/09/22 08:12:18.266, 0, 95, 90351
2026/09/22 08:12:18.266, 1, 97, 90351
2026/09/22 08:12:33.267, 0, 94, 90351
2026/09/22 08:12:33.267, 1, 94, 90351
2026/09/22 08:12:48.267, 0, 96, 90351
2026/09/22 08:12:48.268, 1, 95, 90351
2026/09/22 08:13:03.269, 0, 96, 90351
2026/09/22 08:13:03.269, 1, 95, 90351
2026/09/22 08:13:18.270, 0, 96, 90351
2026/09/22 08:13:18.270, 1, 97, 90351
2026/09/22 08:13:33.271, 0, 95, 90351
2026/09/22 08:13:33.271, 1, 97, 90351
2026/09/22 08:13:48.272, 0, 96, 90351
2026/09/22 08:13:48.272, 1, 95, 90351
2026/09/22 08:14:03.273, 0, 96, 90351
2026/09/22 08:14:03.273, 1, 96, 90351
2026/09/22 08:14:18.274, 0, 97, 90351
2026/09/22 08:14:18.274, 1, 97, 90351
2026/09/22 08:14:33.275, 0, 96, 90351
2026/09/22 08:14:33.275, 1, 95, 90351
2026/09/22 08:14:48.276, 0, 95, 90351
2026/09/22 08:14:48.276, 1, 96, 90351
2026/09/22 08:15:03.277, 0, 97, 90351
2026/09/22 08:15:03.277, 1, 95, 90351
2026/09/22 08:15:18.278, 0, 95, 90351
2026/09/22 08:15:18.278, 1, 95, 90351
2026/09/22 08:15:33.279, 0, 95, 90351
2026/09/22 08:15:33.279, 1, 97, 90351
2026/09/22 08:15:48.280, 0, 95, 90351
2026/09/22 08:15:48.280, 1, 95, 90351
2026/09/22 08:16:03.281, 0, 93, 90351
2026/09/22 08:16:03.281, 1, 93, 90351
2026/09/22 08:16:18.282, 0, 97, 90351
2026/09/22 08:16:18.283, 1, 97, 90351
2026/09/22 08:16:33.283, 0, 94, 90351
2026/09/22 08:16:33.284, 1, 95, 90351
2026/09/22 08:16:48.285, 0, 96, 90351
2026/09/22 08:16:48.285, 1, 94, 90351
2026/09/22 08:17:03.286, 0, 86, 90351
2026/09/22 08:17:03.286, 1, 95, 90351
2026/09/22 08:17:18.287, 0, 94, 90351
2026/09/22 08:17:18.287, 1, 96, 90351
2026/09/22 08:17:33.288, 0, 93, 90351
2026/09/22 08:17:33.288, 1, 94, 90351
2026/09/22 08:17:48.289, 0, 95, 90351
2026/09/22 08:17:48.289, 1, 97, 90351
2026/09/22 08:18:03.290, 0, 97, 90351
2026/09/22 08:18:03.290, 1, 95, 90351
2026/09/22 08:18:18.291, 0, 96, 90351
2026/09/22 08:18:18.291, 1, 97, 90351
2026/09/22 08:18:33.292, 0, 93, 90351
2026/09/22 08:18:33.292, 1, 97, 90351
2026/09/22 08:18:48.293, 0, 96, 90351
2026/09/22 08:18:48.293, 1, 95, 90351
2026/09/22 08:19:03.294, 0, 95, 90351
2026/09/22 08:19:03.294, 1, 95, 90351
2026/09/22 08:19:18.295, 0, 95, 90351
2026/09/22 08:19:18.296, 1, 97, 90351
2026/09/22 08:19:33.297, 0, 95, 90351
2026/09/22 08:19:33.297, 1, 95, 90351
2026/09/22 08:19:48.298, 0, 95, 90351
2026/09/22 08:19:48.298, 1, 93, 90351
2026/09/22 08:20:03.299, 0, 94, 90351
2026/09/22 08:20:03.299, 1, 94, 90351
2026/09/22 08:20:18.300, 0, 98, 90351
2026/09/22 08:20:18.300, 1, 93, 90351
2026/09/22 08:20:33.301, 0, 94, 90351
2026/09/22 08:20:33.301, 1, 95, 90351
2026/09/22 08:20:48.302, 0, 95, 90351
2026/09/22 08:20:48.302, 1, 96, 90351
2026/09/22 08:21:03.303, 0, 92, 90351
2026/09/22 08:21:03.303, 1, 96, 90351
2026/09/22 08:21:18.304, 0, 97, 90351
2026/09/22 08:21:18.304, 1, 97, 90351
2026/09/22 08:21:33.305, 0, 97, 90351
2026/09/22 08:21:33.305, 1, 97, 90351
2026/09/22 08:21:48.306, 0, 95, 90351
2026/09/22 08:21:48.306, 1, 98, 90351
2026/09/22 08:22:03.307, 0, 97, 90351
2026/09/22 08:22:03.307, 1, 92, 90351
2026/09/22 08:22:18.308, 0, 96, 90351
2026/09/22 08:22:18.308, 1, 95, 90351
2026/09/22 08:22:33.309, 0, 96, 90351
2026/09/22 08:22:33.309, 1, 93, 90351
2026/09/22 08:22:48.310, 0, 95, 90351
2026/09/22 08:22:48.310, 1, 96, 90351
2026/09/22 08:23:03.311, 0, 96, 90351
2026/09/22 08:23:03.311, 1, 97, 90351
2026/09/22 08:23:18.312, 0, 96, 90351
2026/09/22 08:23:18.312, 1, 94, 90351
2026/09/22 08:23:33.313, 0, 96, 90351
2026/09/22 08:23:33.313, 1, 98, 90351
2026/09/22 08:23:48.314, 0, 94, 90351
2026/09/22 08:23:48.314, 1, 95, 90351
2026/09/22 08:24:03.315, 0, 97, 90351
2026/09/22 08:24:03.315, 1, 97, 90351
2026/09/22 08:24:18.316, 0, 95, 90351
2026/09/22 08:24:18.316, 1, 95, 90351
2026/09/22 08:24:33.317, 0, 94, 90351
2026/09/22 08:24:33.317, 1, 96, 90351
2026/09/22 08:24:48.318, 0, 95, 90351
2026/09/22 08:24:48.319, 1, 94, 90351
2026/09/22 08:25:03.319, 0, 97, 90351
2026/09/22 08:25:03.320, 1, 96, 90351
2026/09/22 08:25:18.321, 0, 95, 90351
2026/09/22 08:25:18.321, 1, 95, 90351
2026/09/22 08:25:33.321, 0, 95, 90351
2026/09/22 08:25:33.322, 1, 96, 90351
2026/09/22 08:25:48.323, 0, 95, 90351
2026/09/22 08:25:48.323, 1, 96, 90351
2026/09/22 08:26:03.324, 0, 94, 90351
2026/09/22 08:26:03.324, 1, 94, 90351
2026/09/22 08:26:18.325, 0, 0, 90351
2026/09/22 08:26:18.325, 1, 100, 90351
2026/09/22 08:26:33.326, 0, 97, 90351
2026/09/22 08:26:33.326, 1, 97, 90351
2026/09/22 08:26:48.327, 0, 95, 90351
2026/09/22 08:26:48.327, 1, 94, 90351
2026/09/22 08:27:03.328, 0, 94, 90351
2026/09/22 08:27:03.328, 1, 96, 90351
2026/09/22 08:27:18.331, 0, 96, 90351
2026/09/22 08:27:18.331, 1, 95, 90351
2026/09/22 08:27:33.331, 0, 94, 90351
2026/09/22 08:27:33.332, 1, 99, 90351
2026/09/22 08:27:48.332, 0, 94, 90351
2026/09/22 08:27:48.333, 1, 97, 90351
2026/09/22 08:28:03.333, 0, 95, 90351
2026/09/22 08:28:03.333, 1, 97, 90351
2026/09/22 08:28:18.334, 0, 97, 90351
2026/09/22 08:28:18.334, 1, 95, 90351
2026/09/22 08:28:33.335, 0, 96, 90351
2026/09/22 08:28:33.335, 1, 96, 90351
2026/09/22 08:28:48.336, 0, 95, 90351
2026/09/22 08:28:48.336, 1, 96, 90351
2026/09/22 08:29:03.336, 0, 95, 90351
2026/09/22 08:29:03.337, 1, 95, 90351
2026/09/22 08:29:18.337, 0, 96, 90351
2026/09/22 08:29:18.338, 1, 95, 90351
2026/09/22 08:29:33.338, 0, 94, 90351
2026/09/22 08:29:33.339, 1, 95, 90351
2026/09/22 08:29:48.339, 0, 97, 90351
2026/09/22 08:29:48.340, 1, 97, 90351
2026/09/22 08:30:03.340, 0, 96, 90351
2026/09/22 08:30:03.341, 1, 95, 90351
2026/09/22 08:30:18.342, 0, 94, 90351
2026/09/22 08:30:18.342, 1, 95, 90351
2026/09/22 08:30:33.342, 0, 95, 90351
2026/09/22 08:30:33.343, 1, 94, 90351
2026/09/22 08:30:48.344, 0, 95, 90351
2026/09/22 08:30:48.344, 1, 95, 90351
2026/09/22 08:31:03.345, 0, 94, 90351
2026/09/22 08:31:03.345, 1, 96, 90351
2026/09/22 08:31:18.346, 0, 93, 90351
2026/09/22 08:31:18.346, 1, 96, 90351
2026/09/22 08:31:33.347, 0, 96, 90351
2026/09/22 08:31:33.347, 1, 95, 90351
2026/09/22 08:31:48.348, 0, 96, 90351
2026/09/22 08:31:48.348, 1, 94, 90351
2026/09/22 08:32:03.349, 0, 96, 90351
2026/09/22 08:32:03.350, 1, 95, 90351
2026/09/22 08:32:18.350, 0, 98, 90351
2026/09/22 08:32:18.351, 1, 96, 90351
2026/09/22 08:32:33.352, 0, 96, 90351
2026/09/22 08:32:33.352, 1, 97, 90351
2026/09/22 08:32:48.353, 0, 94, 90351
2026/09/22 08:32:48.353, 1, 94, 90351
2026/09/22 08:33:03.354, 0, 92, 90351
2026/09/22 08:33:03.354, 1, 91, 90351
2026/09/22 08:33:18.355, 0, 97, 90351
2026/09/22 08:33:18.355, 1, 92, 90351
2026/09/22 08:33:33.356, 0, 96, 90351
2026/09/22 08:33:33.356, 1, 97, 90351
2026/09/22 08:33:48.357, 0, 95, 90351
2026/09/22 08:33:48.357, 1, 96, 90351
2026/09/22 08:34:03.358, 0, 95, 90351
2026/09/22 08:34:03.358, 1, 97, 90351
2026/09/22 08:34:18.359, 0, 95, 90351
2026/09/22 08:34:18.360, 1, 95, 90351
2026/09/22 08:34:33.361, 0, 95, 90351
2026/09/22 08:34:33.361, 1, 95, 90351
2026/09/22 08:34:48.362, 0, 96, 90351
2026/09/22 08:34:48.362, 1, 94, 90351
2026/09/22 08:35:03.363, 0, 95, 90351
2026/09/22 08:35:03.363, 1, 96, 90351
2026/09/22 08:35:18.364, 0, 98, 90351
2026/09/22 08:35:18.364, 1, 97, 90351
2026/09/22 08:35:33.365, 0, 96, 90351
2026/09/22 08:35:33.365, 1, 98, 90351
2026/09/22 08:35:48.366, 0, 94, 90351
2026/09/22 08:35:48.366, 1, 96, 90351
2026/09/22 08:36:03.367, 0, 95, 90351
2026/09/22 08:36:03.367, 1, 94, 90351
2026/09/22 08:36:18.368, 0, 95, 90351
2026/09/22 08:36:18.368, 1, 96, 90351
2026/09/22 08:36:33.369, 0, 92, 90351
2026/09/22 08:36:33.369, 1, 95, 90351
2026/09/22 08:36:48.370, 0, 95, 90351
2026/09/22 08:36:48.371, 1, 97, 90351
2026/09/22 08:37:03.372, 0, 95, 90351
2026/09/22 08:37:03.372, 1, 94, 90351
2026/09/22 08:37:18.372, 0, 94, 90351
2026/09/22 08:37:18.373, 1, 95, 90351
2026/09/22 08:37:33.373, 0, 96, 90351
2026/09/22 08:37:33.374, 1, 96, 90351
2026/09/22 08:37:48.374, 0, 97, 90351
2026/09/22 08:37:48.375, 1, 96, 90351
2026/09/22 08:38:03.376, 0, 96, 90351
2026/09/22 08:38:03.376, 1, 98, 90351
2026/09/22 08:38:18.377, 0, 96, 90351
2026/09/22 08:38:18.377, 1, 96, 90351
2026/09/22 08:38:33.378, 0, 95, 90351
2026/09/22 08:38:33.378, 1, 96, 90351
2026/09/22 08:38:48.379, 0, 87, 90351
2026/09/22 08:38:48.379, 1, 96, 90351
2026/09/22 08:39:03.380, 0, 94, 90351
2026/09/22 08:39:03.380, 1, 96, 90351
2026/09/22 08:39:18.381, 0, 95, 90351
2026/09/22 08:39:18.381, 1, 96, 90351
2026/09/22 08:39:33.382, 0, 93, 90351
2026/09/22 08:39:33.382, 1, 94, 90351
2026/09/22 08:39:48.383, 0, 97, 90351
2026/09/22 08:39:48.383, 1, 95, 90351
2026/09/22 08:40:03.384, 0, 96, 90351
2026/09/22 08:40:03.385, 1, 96, 90351
2026/09/22 08:40:18.386, 0, 97, 90351
2026/09/22 08:40:18.386, 1, 96, 90351
2026/09/22 08:40:33.387, 0, 95, 90351
2026/09/22 08:40:33.387, 1, 94, 90351
2026/09/22 08:40:48.388, 0, 95, 90351
2026/09/22 08:40:48.388, 1, 93, 90351
2026/09/22 08:41:03.389, 0, 92, 90351
2026/09/22 08:41:03.390, 1, 95, 90351
2026/09/22 08:41:18.390, 0, 97, 90351
2026/09/22 08:41:18.390, 1, 94, 90351
2026/09/22 08:41:33.391, 0, 95, 90351
2026/09/22 08:41:33.391, 1, 97, 90351
2026/09/22 08:41:48.392, 0, 95, 90351
2026/09/22 08:41:48.392, 1, 96, 90351
2026/09/22 08:42:03.393, 0, 97, 90351
2026/09/22 08:42:03.394, 1, 96, 90351
2026/09/22 08:42:18.395, 0, 98, 90351
2026/09/22 08:42:18.395, 1, 96, 90351
2026/09/22 08:42:33.396, 0, 97, 90351
2026/09/22 08:42:33.396, 1, 97, 90351
2026/09/22 08:42:48.396, 0, 97, 90351
2026/09/22 08:42:48.397, 1, 98, 90351
2026/09/22 08:43:03.397, 0, 96, 90351
2026/09/22 08:43:03.397, 1, 95, 90351
2026/09/22 08:43:18.398, 0, 97, 90351
2026/09/22 08:43:18.399, 1, 98, 90351
2026/09/22 08:43:33.399, 0, 98, 90351
2026/09/22 08:43:33.400, 1, 98, 90351
2026/09/22 08:43:48.400, 0, 98, 90351
2026/09/22 08:43:48.400, 1, 98, 90351
2026/09/22 08:44:03.401, 0, 98, 90351
2026/09/22 08:44:03.401, 1, 98, 90351
2026/09/22 08:44:18.402, 0, 98, 90351
2026/09/22 08:44:18.402, 1, 99, 90351
2026/09/22 08:44:33.403, 0, 98, 90351
2026/09/22 08:44:33.403, 1, 97, 90351
2026/09/22 08:44:48.404, 0, 97, 90351
2026/09/22 08:44:48.404, 1, 98, 90351
2026/09/22 08:45:03.405, 0, 98, 90351
2026/09/22 08:45:03.405, 1, 98, 90351
2026/09/22 08:45:18.406, 0, 97, 90351
2026/09/22 08:45:18.406, 1, 98, 90351
2026/09/22 08:45:33.407, 0, 97, 90351
2026/09/22 08:45:33.407, 1, 97, 90351
2026/09/22 08:45:48.408, 0, 97, 90351
2026/09/22 08:45:48.408, 1, 99, 90351
2026/09/22 08:46:03.409, 0, 98, 90351
2026/09/22 08:46:03.409, 1, 99, 90351
2026/09/22 08:46:18.410, 0, 17, 90351
2026/09/22 08:46:18.410, 1, 100, 90351
2026/09/22 08:46:33.411, 0, 98, 90351
2026/09/22 08:46:33.411, 1, 97, 90351
2026/09/22 08:46:48.411, 0, 98, 90351
2026/09/22 08:46:48.411, 1, 98, 90351
2026/09/22 08:47:03.412, 0, 98, 90351
2026/09/22 08:47:03.412, 1, 98, 90351
2026/09/22 08:47:18.413, 0, 98, 90351
2026/09/22 08:47:18.413, 1, 98, 90351
2026/09/22 08:47:33.414, 0, 98, 90351
2026/09/22 08:47:33.414, 1, 98, 90351
2026/09/22 08:47:48.415, 0, 99, 90351
2026/09/22 08:47:48.415, 1, 98, 90351
2026/09/22 08:48:03.416, 0, 97, 90351
2026/09/22 08:48:03.416, 1, 98, 90351
2026/09/22 08:48:18.416, 0, 98, 90351
2026/09/22 08:48:18.417, 1, 97, 90351
2026/09/22 08:48:33.418, 0, 98, 90351
2026/09/22 08:48:33.418, 1, 98, 90351
2026/09/22 08:48:48.419, 0, 98, 90351
2026/09/22 08:48:48.419, 1, 97, 90351
2026/09/22 08:49:03.419, 0, 98, 90351
2026/09/22 08:49:03.420, 1, 98, 90351
2026/09/22 08:49:18.420, 0, 63, 90351
2026/09/22 08:49:18.421, 1, 97, 90351
2026/09/22 08:49:33.422, 0, 98, 90351
2026/09/22 08:49:33.422, 1, 98, 90351
2026/09/22 08:49:48.423, 0, 98, 90351
2026/09/22 08:49:48.423, 1, 98, 90351
2026/09/22 08:50:03.423, 0, 98, 90351
2026/09/22 08:50:03.424, 1, 98, 90351
2026/09/22 08:50:18.424, 0, 98, 90351
2026/09/22 08:50:18.425, 1, 97, 90351
2026/09/22 08:50:33.425, 0, 99, 90351
2026/09/22 08:50:33.425, 1, 97, 90351
2026/09/22 08:50:48.426, 0, 98, 90351
2026/09/22 08:50:48.426, 1, 98, 90351
2026/09/22 08:51:03.427, 0, 98, 90351
2026/09/22 08:51:03.427, 1, 97, 90351
2026/09/22 08:51:18.428, 0, 98, 90351
2026/09/22 08:51:18.428, 1, 97, 90351
2026/09/22 08:51:33.429, 0, 99, 90351
2026/09/22 08:51:33.429, 1, 98, 90351
2026/09/22 08:51:48.430, 0, 98, 90351
2026/09/22 08:51:48.430, 1, 98, 90351
2026/09/22 08:52:03.431, 0, 97, 90351
2026/09/22 08:52:03.431, 1, 98, 90351
2026/09/22 08:52:18.432, 0, 98, 90351
2026/09/22 08:52:18.432, 1, 98, 90351
2026/09/22 08:52:33.433, 0, 97, 90351
2026/09/22 08:52:33.433, 1, 97, 90351
2026/09/22 08:52:48.433, 0, 97, 90351
2026/09/22 08:52:48.433, 1, 98, 90351
2026/09/22 08:53:03.434, 0, 98, 90351
2026/09/22 08:53:03.434, 1, 98, 90351
2026/09/22 08:53:18.435, 0, 98, 90351
2026/09/22 08:53:18.435, 1, 98, 90351
2026/09/22 08:53:33.436, 0, 99, 90351
2026/09/22 08:53:33.436, 1, 98, 90351
2026/09/22 08:53:48.437, 0, 99, 90351
2026/09/22 08:53:48.437, 1, 98, 90351
2026/09/22 08:54:03.437, 0, 98, 90351
2026/09/22 08:54:03.437, 1, 98, 90351
2026/09/22 08:54:18.438, 0, 97, 90351
2026/09/22 08:54:18.438, 1, 98, 90351
2026/09/22 08:54:33.439, 0, 97, 90351
2026/09/22 08:54:33.439, 1, 98, 90351
2026/09/22 08:54:48.440, 0, 97, 90351
2026/09/22 08:54:48.440, 1, 98, 90351
2026/09/22 08:55:03.441, 0, 98, 90351
2026/09/22 08:55:03.441, 1, 97, 90351
2026/09/22 08:55:18.442, 0, 97, 90351
2026/09/22 08:55:18.442, 1, 97, 90351
2026/09/22 08:55:33.443, 0, 97, 90351
2026/09/22 08:55:33.443, 1, 99, 90351
2026/09/22 08:55:48.444, 0, 97, 90351
2026/09/22 08:55:48.444, 1, 97, 90351
2026/09/22 08:56:03.445, 0, 98, 90351
2026/09/22 08:56:03.445, 1, 98, 90351
2026/09/22 08:56:18.446, 0, 97, 90351
2026/09/22 08:56:18.446, 1, 98, 90351
2026/09/22 08:56:33.447, 0, 97, 90351
2026/09/22 08:56:33.447, 1, 97, 90351
2026/09/22 08:56:48.448, 0, 97, 90351
2026/09/22 08:56:48.448, 1, 98, 90351
2026/09/22 08:57:03.448, 0, 99, 90351
2026/09/22 08:57:03.449, 1, 98, 90351
2026/09/22 08:57:18.449, 0, 97, 90351
2026/09/22 08:57:18.449, 1, 97, 90351
2026/09/22 08:57:33.450, 0, 98, 90351
2026/09/22 08:57:33.450, 1, 97, 90351
2026/09/22 08:57:48.451, 0, 97, 90351
2026/09/22 08:57:48.451, 1, 97, 90351
2026/09/22 08:58:03.452, 0, 98, 90351
2026/09/22 08:58:03.452, 1, 97, 90351
2026/09/22 08:58:18.453, 0, 99, 90351
2026/09/22 08:58:18.453, 1, 97, 90351
2026/09/22 08:58:33.454, 0, 97, 90351
2026/09/22 08:58:33.454, 1, 98, 90351
2026/09/22 08:58:48.455, 0, 98, 90351
2026/09/22 08:58:48.455, 1, 97, 90351
2026/09/22 08:59:03.455, 0, 98, 90351
2026/09/22 08:59:03.456, 1, 98, 90351
2026/09/22 08:59:18.456, 0, 98, 90351
2026/09/22 08:59:18.456, 1, 98, 90351
2026/09/22 08:59:33.457, 0, 98, 90351
2026/09/22 08:59:33.457, 1, 98, 90351
2026/09/22 08:59:48.458, 0, 98, 90351
2026/09/22 08:59:48.458, 1, 97, 90351
2026/09/22 09:00:03.459, 0, 99, 90351
2026/09/22 09:00:03.459, 1, 98, 90351
2026/09/22 09:00:18.460, 0, 97, 90351
2026/09/22 09:00:18.460, 1, 97, 90351
2026/09/22 09:00:33.461, 0, 98, 90351
2026/09/22 09:00:33.461, 1, 98, 90351
2026/09/22 09:00:48.461, 0, 98, 90351
2026/09/22 09:00:48.461, 1, 98, 90351
2026/09/22 09:01:03.462, 0, 98, 90351
2026/09/22 09:01:03.463, 1, 98, 90351
2026/09/22 09:01:18.463, 0, 98, 90351
2026/09/22 09:01:18.463, 1, 98, 90351
2026/09/22 09:01:33.464, 0, 97, 90351
2026/09/22 09:01:33.464, 1, 98, 90351
2026/09/22 09:01:48.465, 0, 98, 90351
2026/09/22 09:01:48.465, 1, 98, 90351
2026/09/22 09:02:03.466, 0, 98, 90351
2026/09/22 09:02:03.466, 1, 98, 90351
2026/09/22 09:02:18.467, 0, 98, 90351
2026/09/22 09:02:18.467, 1, 98, 90351
2026/09/22 09:02:33.468, 0, 99, 90351
2026/09/22 09:02:33.468, 1, 98, 90351
2026/09/22 09:02:48.468, 0, 98, 90351
2026/09/22 09:02:48.468, 1, 98, 90351
2026/09/22 09:03:03.470, 0, 97, 90351
2026/09/22 09:03:03.470, 1, 97, 90351
2026/09/22 09:03:18.470, 0, 97, 90351
2026/09/22 09:03:18.470, 1, 98, 90351
2026/09/22 09:03:33.471, 0, 98, 90351
2026/09/22 09:03:33.472, 1, 97, 90351
2026/09/22 09:03:48.472, 0, 97, 90351
2026/09/22 09:03:48.473, 1, 97, 90351
2026/09/22 09:04:03.474, 0, 90, 90351
2026/09/22 09:04:03.474, 1, 97, 90351
2026/09/22 09:04:18.474, 0, 98, 90351
2026/09/22 09:04:18.474, 1, 98, 90351
2026/09/22 09:04:33.475, 0, 97, 90351
2026/09/22 09:04:33.475, 1, 97, 90351
2026/09/22 09:04:48.476, 0, 97, 90351
2026/09/22 09:04:48.476, 1, 97, 90351
2026/09/22 09:05:03.477, 0, 97, 90351
2026/09/22 09:05:03.477, 1, 97, 90351
2026/09/22 09:05:18.478, 0, 98, 90351
2026/09/22 09:05:18.478, 1, 98, 90351
2026/09/22 09:05:33.479, 0, 97, 90351
2026/09/22 09:05:33.479, 1, 98, 90351
2026/09/22 09:05:48.480, 0, 98, 90351
2026/09/22 09:05:48.480, 1, 97, 90351
2026/09/22 09:06:03.481, 0, 98, 90351
2026/09/22 09:06:03.481, 1, 97, 90351
2026/09/22 09:06:18.482, 0, 98, 90351
2026/09/22 09:06:18.482, 1, 98, 90351
2026/09/22 09:06:33.483, 0, 97, 90351
2026/09/22 09:06:33.483, 1, 98, 90351
2026/09/22 09:06:48.484, 0, 98, 90351
2026/09/22 09:06:48.484, 1, 97, 90351
2026/09/22 09:07:03.485, 0, 98, 90351
2026/09/22 09:07:03.485, 1, 97, 90351
2026/09/22 09:07:18.486, 0, 98, 90351
2026/09/22 09:07:18.486, 1, 98, 90351
2026/09/22 09:07:33.487, 0, 97, 90351
2026/09/22 09:07:33.487, 1, 99, 90351
2026/09/22 09:07:48.488, 0, 97, 90351
2026/09/22 09:07:48.488, 1, 98, 90351
2026/09/22 09:08:03.489, 0, 98, 90351
2026/09/22 09:08:03.489, 1, 98, 90351
2026/09/22 09:08:18.490, 0, 98, 90351
2026/09/22 09:08:18.490, 1, 98, 90351
2026/09/22 09:08:33.491, 0, 97, 90351
2026/09/22 09:08:33.491, 1, 97, 90351
2026/09/22 09:08:48.492, 0, 97, 90351
2026/09/22 09:08:48.492, 1, 97, 90351
2026/09/22 09:09:03.492, 0, 97, 90351
2026/09/22 09:09:03.493, 1, 97, 90351
2026/09/22 09:09:18.493, 0, 0, 90351
2026/09/22 09:09:18.493, 1, 100, 90351
2026/09/22 09:09:33.494, 0, 98, 90351
2026/09/22 09:09:33.494, 1, 97, 90351
2026/09/22 09:09:48.495, 0, 98, 90351
2026/09/22 09:09:48.495, 1, 97, 90351
2026/09/22 09:10:03.496, 0, 98, 90351
2026/09/22 09:10:03.496, 1, 97, 90351
2026/09/22 09:10:18.497, 0, 98, 90351
2026/09/22 09:10:18.497, 1, 98, 90351
2026/09/22 09:10:33.498, 0, 98, 90351
2026/09/22 09:10:33.498, 1, 98, 90351
2026/09/22 09:10:48.499, 0, 98, 90351
2026/09/22 09:10:48.499, 1, 98, 90351
2026/09/22 09:11:03.500, 0, 98, 90351
2026/09/22 09:11:03.500, 1, 98, 90351
2026/09/22 09:11:18.501, 0, 99, 90351
2026/09/22 09:11:18.501, 1, 98, 90351
2026/09/22 09:11:33.502, 0, 97, 90351
2026/09/22 09:11:33.502, 1, 98, 90351
2026/09/22 09:11:48.502, 0, 97, 90351
2026/09/22 09:11:48.502, 1, 97, 90351
2026/09/22 09:12:03.503, 0, 97, 90351
2026/09/22 09:12:03.503, 1, 98, 90351
2026/09/22 09:12:18.504, 0, 98, 90351
2026/09/22 09:12:18.504, 1, 97, 90351
2026/09/22 09:12:33.505, 0, 97, 90351
2026/09/22 09:12:33.505, 1, 98, 90351
2026/09/22 09:12:48.506, 0, 97, 90351
2026/09/22 09:12:48.506, 1, 97, 90351
2026/09/22 09:13:03.507, 0, 98, 90351
2026/09/22 09:13:03.507, 1, 97, 90351
2026/09/22 09:13:18.508, 0, 97, 90351
2026/09/22 09:13:18.508, 1, 98, 90351
2026/09/22 09:13:33.509, 0, 98, 90351
2026/09/22 09:13:33.509, 1, 98, 90351
2026/09/22 09:13:48.510, 0, 97, 90351
2026/09/22 09:13:48.510, 1, 97, 90351
2026/09/22 09:14:03.511, 0, 98, 90351
2026/09/22 09:14:03.511, 1, 97, 90351
2026/09/22 09:14:18.512, 0, 97, 90351
2026/09/22 09:14:18.512, 1, 97, 90351
2026/09/22 09:14:33.512, 0, 97, 90351
2026/09/22 09:14:33.512, 1, 98, 90351
2026/09/22 09:14:48.513, 0, 97, 90351
2026/09/22 09:14:48.514, 1, 98, 90351
2026/09/22 09:15:03.514, 0, 97, 90351
2026/09/22 09:15:03.514, 1, 98, 90351
2026/09/22 09:15:18.515, 0, 97, 90351
2026/09/22 09:15:18.515, 1, 98, 90351
2026/09/22 09:15:33.516, 0, 99, 90351
2026/09/22 09:15:33.516, 1, 98, 90351
2026/09/22 09:15:48.517, 0, 98, 90351
2026/09/22 09:15:48.517, 1, 97, 90351
2026/09/22 09:16:03.518, 0, 98, 90351
2026/09/22 09:16:03.518, 1, 98, 90351
2026/09/22 09:16:18.519, 0, 89, 90351
2026/09/22 09:16:18.519, 1, 98, 90351
2026/09/22 09:16:33.519, 0, 98, 90351
2026/09/22 09:16:33.520, 1, 98, 90351
2026/09/22 09:16:48.520, 0, 98, 90351
2026/09/22 09:16:48.520, 1, 98, 90351
2026/09/22 09:17:03.522, 0, 97, 90351
2026/09/22 09:17:03.522, 1, 97, 90351
2026/09/22 09:17:18.522, 0, 98, 90351
2026/09/22 09:17:18.522, 1, 98, 90351
2026/09/22 09:17:33.523, 0, 98, 90351
2026/09/22 09:17:33.523, 1, 98, 90351
2026/09/22 09:17:48.524, 0, 97, 90351
2026/09/22 09:17:48.524, 1, 98, 90351
2026/09/22 09:18:03.525, 0, 88, 90351
2026/09/22 09:18:03.525, 1, 98, 90351
2026/09/22 09:18:18.526, 0, 98, 90351
2026/09/22 09:18:18.526, 1, 97, 90351
2026/09/22 09:18:33.526, 0, 98, 90351
2026/09/22 09:18:33.526, 1, 98, 90351
2026/09/22 09:18:48.528, 0, 98, 90351
2026/09/22 09:18:48.528, 1, 98, 90351
2026/09/22 09:19:03.529, 0, 98, 90351
2026/09/22 09:19:03.529, 1, 98, 90351
2026/09/22 09:19:18.530, 0, 98, 90351
2026/09/22 09:19:18.530, 1, 99, 90351
2026/09/22 09:19:33.531, 0, 98, 90351
2026/09/22 09:19:33.531, 1, 98, 90351
2026/09/22 09:19:48.532, 0, 98, 90351
2026/09/22 09:19:48.532, 1, 97, 90351
2026/09/22 09:20:03.532, 0, 97, 90351
2026/09/22 09:20:03.532, 1, 97, 90351
2026/09/22 09:20:18.534, 0, 97, 90351
2026/09/22 09:20:18.534, 1, 99, 90351
2026/09/22 09:20:33.534, 0, 98, 90351
2026/09/22 09:20:33.534, 1, 98, 90351
2026/09/22 09:20:48.535, 0, 97, 90351
2026/09/22 09:20:48.535, 1, 97, 90351
2026/09/22 09:21:03.536, 0, 98, 90351
2026/09/22 09:21:03.536, 1, 98, 90351
2026/09/22 09:21:18.537, 0, 98, 90351
2026/09/22 09:21:18.537, 1, 98, 90351
2026/09/22 09:21:33.538, 0, 97, 90351
2026/09/22 09:21:33.538, 1, 98, 90351
2026/09/22 09:21:48.539, 0, 98, 90351
2026/09/22 09:21:48.539, 1, 97, 90351
2026/09/22 09:22:03.540, 0, 98, 90351
2026/09/22 09:22:03.540, 1, 98, 90351
2026/09/22 09:22:18.541, 0, 98, 90351
2026/09/22 09:22:18.541, 1, 98, 90351
2026/09/22 09:22:33.542, 0, 98, 90351
2026/09/22 09:22:33.542, 1, 98, 90351
2026/09/22 09:22:48.542, 0, 98, 90351
2026/09/22 09:22:48.542, 1, 98, 90351
2026/09/22 09:23:03.543, 0, 98, 90351
2026/09/22 09:23:03.543, 1, 97, 90351
2026/09/22 09:23:18.544, 0, 98, 90351
2026/09/22 09:23:18.544, 1, 97, 90351
2026/09/22 09:23:33.545, 0, 98, 90351
2026/09/22 09:23:33.545, 1, 98, 90351
2026/09/22 09:23:48.546, 0, 98, 90351
2026/09/22 09:23:48.546, 1, 99, 90351
2026/09/22 09:24:03.546, 0, 98, 90351
2026/09/22 09:24:03.547, 1, 98, 90351
2026/09/22 09:24:18.548, 0, 98, 90351
2026/09/22 09:24:18.548, 1, 98, 90351
2026/09/22 09:24:33.549, 0, 98, 90351
2026/09/22 09:24:33.549, 1, 98, 90351
2026/09/22 09:24:48.549, 0, 98, 90351
2026/09/22 09:24:48.550, 1, 98, 90351
2026/09/22 09:25:03.550, 0, 98, 90351
2026/09/22 09:25:03.551, 1, 97, 90351
2026/09/22 09:25:18.551, 0, 99, 90351
2026/09/22 09:25:18.552, 1, 98, 90351
2026/09/22 09:25:33.552, 0, 98, 90351
2026/09/22 09:25:33.552, 1, 98, 90351
2026/09/22 09:25:48.553, 0, 98, 90351
2026/09/22 09:25:48.553, 1, 97, 90351
2026/09/22 09:26:03.554, 0, 98, 90351
2026/09/22 09:26:03.554, 1, 98, 90351
2026/09/22 09:26:18.555, 0, 98, 90351
2026/09/22 09:26:18.555, 1, 97, 90351
2026/09/22 09:26:33.556, 0, 89, 90351
2026/09/22 09:26:33.556, 1, 98, 90351
2026/09/22 09:26:48.557, 0, 98, 90351
2026/09/22 09:26:48.557, 1, 97, 90351
2026/09/22 09:27:03.558, 0, 99, 90351
2026/09/22 09:27:03.558, 1, 97, 90351
2026/09/22 09:27:18.559, 0, 99, 90351
2026/09/22 09:27:18.559, 1, 98, 90351
2026/09/22 09:27:33.560, 0, 98, 90351
2026/09/22 09:27:33.560, 1, 97, 90351
2026/09/22 09:27:48.561, 0, 98, 90351
2026/09/22 09:27:48.561, 1, 98, 90351
2026/09/22 09:28:03.562, 0, 98, 90351
2026/09/22 09:28:03.562, 1, 98, 90351
2026/09/22 09:28:18.563, 0, 98, 90351
2026/09/22 09:28:18.563, 1, 98, 90351
2026/09/22 09:28:33.564, 0, 98, 90351
2026/09/22 09:28:33.564, 1, 98, 90351
2026/09/22 09:28:48.564, 0, 98, 90351
2026/09/22 09:28:48.564, 1, 98, 90351
2026/09/22 09:29:03.566, 0, 99, 90351
2026/09/22 09:29:03.566, 1, 99, 90351
2026/09/22 09:29:18.566, 0, 4, 90351
2026/09/22 09:29:18.566, 1, 100, 90351
2026/09/22 09:29:33.567, 0, 88, 90351
2026/09/22 09:29:33.567, 1, 96, 90351
2026/09/22 09:29:48.568, 0, 98, 90351
2026/09/22 09:29:48.568, 1, 97, 90351
2026/09/22 09:30:03.569, 0, 96, 90351
2026/09/22 09:30:03.569, 1, 97, 90351
2026/09/22 09:30:18.570, 0, 98, 90351
2026/09/22 09:30:18.570, 1, 98, 90351
2026/09/22 09:30:33.571, 0, 98, 90351
2026/09/22 09:30:33.571, 1, 97, 90351
2026/09/22 09:30:48.572, 0, 89, 90351
2026/09/22 09:30:48.572, 1, 97, 90351
2026/09/22 09:31:03.573, 0, 97, 90351
2026/09/22 09:31:03.573, 1, 97, 90351
2026/09/22 09:31:18.574, 0, 97, 90351
2026/09/22 09:31:18.574, 1, 97, 90351
2026/09/22 09:31:33.575, 0, 98, 90351
2026/09/22 09:31:33.575, 1, 97, 90351
2026/09/22 09:31:48.576, 0, 98, 90351
2026/09/22 09:31:48.576, 1, 98, 90351
2026/09/22 09:32:03.577, 0, 98, 90351
2026/09/22 09:32:03.577, 1, 98, 90351
2026/09/22 09:32:18.578, 0, 97, 90351
2026/09/22 09:32:18.578, 1, 98, 90351
2026/09/22 09:32:33.578, 0, 97, 90351
2026/09/22 09:32:33.579, 1, 97, 90351
2026/09/22 09:32:48.580, 0, 98, 90351
2026/09/22 09:32:48.580, 1, 98, 90351
2026/09/22 09:33:03.580, 0, 98, 90351
2026/09/22 09:33:03.580, 1, 98, 90351
2026/09/22 09:33:18.581, 0, 98, 90351
2026/09/22 09:33:18.581, 1, 98, 90351
2026/09/22 09:33:33.582, 0, 98, 90351
2026/09/22 09:33:33.583, 1, 99, 90351
2026/09/22 09:33:48.583, 0, 84, 90351
2026/09/22 09:33:48.583, 1, 98, 90351
2026/09/22 09:34:03.584, 0, 98, 90351
2026/09/22 09:34:03.585, 1, 98, 90351
