run,mode,region,lead_days,variable,normalized_mse,physical_mse,prediction_second_moment,target_second_moment,normalized_rmse,physical_rmse,prediction_rms,target_rms,rms_ratio
A,inferred,extratropics,0,so,0.005685624162695414,0.015008138818599382,1203.814074064556,1203.8131713542705,0.07540307793913598,0.12250770922109099,34.69602389416626,34.69601088532038,1.0000003749377968
A,inferred,extratropics,0,sst,0.0,0.0,264.66212894940617,264.66212894940617,0.0,0.0,16.268439659334454,16.268439659334454,1.0
A,inferred,extratropics,0,thetao,0.005593699871936835,0.1369532303158891,90.71163777393255,91.88061453580991,0.07479104138823603,0.3700719258683224,9.524265734109509,9.585437628810169,0.9936182470671134
A,inferred,extratropics,0,ts,0.005639662017316124,,,,0.07509768316876443,,,,
A,inferred,extratropics,0,uo,0.193642218060027,0.0003998474750352998,0.0033204573041503383,0.0036498695552275684,0.44004797245303495,0.019996186512315287,0.05762340934160646,0.06041415028970919,0.9538065017099463
A,inferred,extratropics,0,vo,0.18868423583246427,0.00021630236701169895,0.0029452547353141585,0.0030889873151848375,0.4343779872788955,0.014707221593887099,0.054270201172597086,0.05557865881059777,0.9764575528448847
A,inferred,extratropics,0,zos,0.0,0.0,0.48620438304814423,0.48620438304814423,0.0,0.0,0.697283574342709,0.697283574342709,1.0
A,inferred,extratropics,5,so,0.005784588258793645,0.014973771035661403,1203.8173856030494,1203.8158635205882,0.07605648071527925,0.1223673609900181,34.69607161629468,34.69604968178061,1.000000632190531
A,inferred,extratropics,5,sst,0.0006826504899748141,0.0924463303326958,263.5707787407769,264.80069678720804,0.026127581020347332,0.304049881323272,16.23486306504545,16.272697895161947,0.9976749503763757
A,inferred,extratropics,5,thetao,0.005615839226107695,0.13638858087765238,90.73488529580077,91.89021460419285,0.07493890328866373,0.3693082464251948,9.525486092362991,9.585938378906514,0.9936936495777455
A,inferred,extratropics,5,ts,0.0057002137424506695,,,,0.07549975988339744,,,,
A,inferred,extratropics,5,uo,0.19120631215857226,0.0004374780786271441,0.0032942047881751478,0.0036474312009881155,0.4372714399072643,0.02091597663574771,0.057395163456297846,0.06039396659425605,0.9503459814437256
A,inferred,extratropics,5,vo,0.2017065345733993,0.0002831256635645526,0.00289616298711156,0.003091959232748583,0.449117506420535,0.016826338388507247,0.05381601050906282,0.05560538852259359,0.9678200609496018
A,inferred,extratropics,5,zos,0.001373402519748884,0.0006366497081482838,0.4854804352678434,0.4863526396679156,0.03705944575609414,0.025231918439712106,0.6967642609002297,0.6973898763732634,0.9991029186195142
A,inferred,extratropics,10,so,0.005829435906505113,0.015046372391267332,1203.8067737277172,1203.8172161582934,0.07635074267160152,0.1226636555433896,34.695918689778445,34.69606917445106,0.9999956627745967
A,inferred,extratropics,10,sst,0.0010305534909488233,0.13956027252204486,263.39396821609654,264.84413516882694,0.032102234983702044,0.373577665983989,16.22941675526562,16.274032541715865,0.9972584676639992
A,inferred,extratropics,10,thetao,0.005703328760814001,0.14061007034197506,90.73077258116467,91.89780742649144,0.0755203863921127,0.37498009326092907,9.525270210401628,9.58633441032032,0.993630078265061
A,inferred,extratropics,10,ts,0.005766382333659556,,,,0.07593669951781916,,,,
A,inferred,extratropics,10,uo,0.19895566400221718,0.00047098855127109576,0.003304151511007114,0.003650042322148721,0.4460444641537626,0.021702270647816917,0.05748174937323249,0.060415580127552534,0.951439169364492
A,inferred,extratropics,10,vo,0.2340884450060582,0.0003742550521576386,0.002875402645914956,0.0030950805369513337,0.48382687503492217,0.019345672698503884,0.053622781034882515,0.05563344800523633,0.9638586669989506
A,inferred,extratropics,10,zos,0.0017135092645243384,0.0007943084029565019,0.48585235440369806,0.4864606968682222,0.04139455597689554,0.02818347748161149,0.697031100026174,0.697467344660825,0.9993745303805396
A,inferred,extratropics,15,so,0.005930836981133662,0.01526794516058003,1203.796832492794,1203.8167773930713,0.07701192752511563,0.1235635268215505,34.6957754271726,34.696062851468774,0.9999917159391426
A,inferred,extratropics,15,sst,0.0014044575791833677,0.19019535003286417,263.1235863271386,264.9074671581538,0.03747609343546053,0.4361139186415221,16.22108462240237,16.275978224308172,0.9966273239525585
A,inferred,extratropics,15,thetao,0.005845054002793813,0.14704705015791464,90.72374472667607,91.90559417755247,0.07645295287164396,0.38346714351807853,9.524901297476845,9.586740539805616,0.99354950287097
A,inferred,extratropics,15,ts,0.005887945491963737,,,,0.07673294919370516,,,,
A,inferred,extratropics,15,uo,0.21127563249765396,0.0005150747199259209,0.0033228145933486496,0.003641342693249186,0.4596472914068503,0.022695257652776732,0.05764385997960797,0.06034353895198048,0.9552615073749514
A,inferred,extratropics,15,vo,0.26828677072162516,0.00046321025494419345,0.002855461242085767,0.003082921659519059,0.5179640631565332,0.02152231992477097,0.053436515998760314,0.055524063787866416,0.9624028277706451
A,inferred,extratropics,15,zos,0.0021415159089791273,0.0009927136783553475,0.48481768881431736,0.48554731107721427,0.046276515739402065,0.03150735911426642,0.6962885097531895,0.6968122495171954,0.9992483775014448
A,inferred,extratropics,20,so,0.006020784941128051,0.01550925944698223,1203.782275040184,1203.815321375245,0.07759371714983147,0.12453617726179902,34.695565639432715,34.69604186899775,0.9999862742393834
A,inferred,extratropics,20,sst,0.0017158778835877748,0.2323687084094442,262.92203436957465,264.7955252907493,0.041423156369207,0.48204637578706494,16.21487077868876,16.272538993370066,0.9964561022281279
A,inferred,extratropics,20,thetao,0.00599601733537206,0.15383544308868366,90.7121629124271,91.90216510698583,0.07743395466700677,0.39221861644838285,9.524293302519988,9.5865616936932,0.9935046168623546
A,inferred,extratropics,20,ts,0.0060084011382500555,,,,0.07751387706888396,,,,
A,inferred,extratropics,20,uo,0.2264908485229442,0.0005708234740639828,0.0033402695455319624,0.0036474580241133764,0.4759105467658226,0.023891912314923283,0.05779506506209645,0.06039418866176924,0.9569640116497155
A,inferred,extratropics,20,vo,0.30136119841673725,0.0005551961888036252,0.002845513817570658,0.0030871982566572026,0.5489637496381135,0.02356260148633052,0.05334335776430518,0.05556256164592488,0.9600593670291575
A,inferred,extratropics,20,zos,0.0024247537249454153,0.0011240104136922171,0.4849055990426227,0.4854934140287264,0.04924178840116812,0.03352626453531943,0.696351634623358,0.6967735744334212,0.9993944376974883
A,inferred,extratropics,25,so,0.006135461725017769,0.015763064129719177,1203.773435812691,1203.8151419364283,0.0783291882060434,0.12555104193004205,34.69543825653008,34.69603928312897,0.999982677371501
A,inferred,extratropics,25,sst,0.0020110479207953507,0.2723414148345138,262.63500421697444,264.69304988360165,0.044844708949834326,0.5218634062994969,16.206017531058468,16.26938996654766,0.9961048056737533
A,inferred,extratropics,25,thetao,0.006174072694068873,0.16152262515075502,90.69611753986608,91.897203308665,0.07857526769963226,0.401898774756474,9.523450925996631,9.58630290094492,0.9934435646778808
A,inferred,extratropics,25,ts,0.006154767209543321,,,,0.07845232443684076,,,,
A,inferred,extratropics,25,uo,0.24136539274536503,0.0006187013244594654,0.003357962327966864,0.003646291957531004,0.49128952028856165,0.024873707493244055,0.05794792772797716,0.060384534092191224,0.9596485027027946
A,inferred,extratropics,25,vo,0.33220505173348286,0.0006321204273165862,0.002829183763777627,0.0030822245559924397,0.5763723204088507,0.02514200523658736,0.05319007204147807,0.055517785942816915,0.9580726453368227
A,inferred,extratropics,25,zos,0.0027220152410198295,0.0012618079352323787,0.4853579109967357,0.48579827914334306,0.05217293590569568,0.0355219359724717,0.6966763315893082,0.6969923092426078,0.9995466554664815
A,inferred,extratropics,30,so,0.0062547140103798495,0.016091853450874476,1203.763920688173,1203.8158307478568,0.07908674990401268,0.1268536694418986,34.69530113269192,34.69604920949728,0.9999784391357976
A,inferred,extratropics,30,sst,0.0023132168953635705,0.3132619343020699,262.45876951891967,264.72332362936,0.048095913499626664,0.559698074234734,16.200579295781978,16.27032032964809,0.9957136041299058
A,inferred,extratropics,30,thetao,0.006359595007027369,0.16948313000537482,90.68252837841892,91.8930253497211,0.07974706895571379,0.41168328846988045,9.522737441430323,9.58608498552569,0.9933917189143411
A,inferred,extratropics,30,ts,0.00630715450870361,,,,0.07941759571218214,,,,
A,inferred,extratropics,30,uo,0.25706813012282936,0.0006782343076978081,0.003369988200897822,0.003653029506141431,0.5070188656478468,0.026042932010390228,0.05805159946890199,0.06044029703882527,0.9604783945984109
A,inferred,extratropics,30,vo,0.36248174553726153,0.0007121978524430482,0.002819879122736974,0.003089732657977778,0.6020645692425868,0.026687035287626993,0.053102534051935546,0.055585363702846974,0.9553330321955911
A,inferred,extratropics,30,zos,0.003036693406451181,0.0014076790563065547,0.48464229010572335,0.486308480151976,0.055106201161495255,0.037519049245770535,0.6961625457504327,0.6973582150888996,0.9982854301955638
A,inferred,global,0,so,0.005571528760110241,0.01572058244326991,1210.1493842750074,1210.2027203703358,0.07464267385423864,0.12538174685044834,34.78720144356265,34.787968040262655,0.9999779637402473
A,inferred,global,0,sst,0.0,0.0,447.4121497568458,447.4121497568458,0.0,0.0,21.15211927341669,21.15211927341669,1.0
A,inferred,global,0,thetao,0.004939187218411672,0.1421378921538013,141.260725187098,142.8450749442232,0.07027935129475564,0.3770117931229755,11.885315527452269,11.951781245664732,0.9944388441483087
A,inferred,global,0,ts,0.005255357989260957,,,,0.07249384794078016,,,,
A,inferred,global,0,uo,0.22077842886970114,0.000634292824527571,0.0055884746750348635,0.006036315295715531,0.4698706512112681,0.02518517072659169,0.07475610125625108,0.07769372751847817,0.9621896598856269
A,inferred,global,0,vo,0.21656205710706902,0.0003758286291003108,0.002813400364029252,0.003028792257069194,0.465362285866688,0.019386300036373903,0.05304149662320297,0.05503446426621408,0.9637869166242689
A,inferred,global,0,zos,0.0,0.0,0.3823900824845439,0.3823900824845439,0.0,0.0,0.6183769744132974,0.6183769744132974,1.0
A,inferred,global,5,so,0.005628850201866652,0.015542937185462347,1210.1577328849764,1210.2049461904198,0.07502566362163451,0.12467131661076795,34.78732143877962,34.788000031482404,0.9999804934833227
A,inferred,global,5,sst,0.0005976929296409646,0.08094115303170797,445.47883220634077,447.5149160057607,0.02444775919467804,0.2845015870460268,21.106369470051945,21.154548352677274,0.9977225284216842
A,inferred,global,5,thetao,0.004938168714153344,0.13955345940989788,141.42006178964536,142.85127031421823,0.07027210480804844,0.37356854713679777,11.892016725082645,11.95204042472323,0.9949779537629053
A,inferred,global,5,ts,0.005283509458009998,,,,0.07268775315010086,,,,
A,inferred,global,5,uo,0.21751569782258473,0.0006826659209386824,0.0055237681213226525,0.006021049417328951,0.4663857821831458,0.026127876318956394,0.074322056761924,0.07759542136833172,0.9578149773699965
A,inferred,global,5,vo,0.2206733082517672,0.0004232829714128361,0.0027454814143161653,0.0030267310920001978,0.46975877666283916,0.02057384192154776,0.05239734167222766,0.05501573494919611,0.9524064655432417
A,inferred,global,5,zos,0.0009771424928924192,0.0004529607828560172,0.382044296071987,0.3824243370932762,0.03125927850882709,0.021282875342773053,0.6180973192564315,0.6184046709827443,0.9995029925536876
A,inferred,global,10,so,0.005656031118200796,0.01558174182525699,1210.1673156316454,1210.2051304315771,0.07520658959293923,0.12482684737369998,34.78745917182865,34.78800267953849,0.9999843765761764
A,inferred,global,10,sst,0.0009084547660548242,0.12302534101587348,444.817477447818,447.5531859735046,0.03014058337283511,0.3507496842705257,21.090696466637084,21.15545286618806,0.9969390208774744
A,inferred,global,10,thetao,0.005003070358882528,0.14291706599568077,141.4718470765418,142.85481616379704,0.07073238550255836,0.3780437355593672,11.894193838867004,11.9521887603818,0.9951477572286146
A,inferred,global,10,ts,0.0053295507385416625,,,,0.07300377208433591,,,,
A,inferred,global,10,uo,0.22473575961852815,0.0007608659557545796,0.005533135100578783,0.006058213364304922,0.4740630333811403,0.027583798791221265,0.07438504621615008,0.07783452552887389,0.9556818868068493
A,inferred,global,10,vo,0.243540152598416,0.0005098127988351793,0.002724914623606694,0.0030354276251364294,0.4934978749684906,0.02257903449740886,0.052200714780610946,0.05509471503816341,0.9474722710599768
A,inferred,global,10,zos,0.0012414448963938667,0.0005754798878868071,0.3824170740565868,0.3825429512394799,0.03523414390039677,0.023989161883792586,0.6183987985568753,0.6185005668869511,0.9998354596009701
A,inferred,global,15,so,0.005736347550369257,0.015746944191171074,1210.1695065374136,1210.2040153150544,0.07573867935453626,0.12548682875573466,34.78749066169352,34.787986652220255,0.999985742476801
A,inferred,global,15,sst,0.001229988901424314,0.16656834173082097,444.3000405051491,447.6225280761719,0.03507119760464866,0.4081278497368453,21.07842594941921,21.157091673388663,0.9962818271441155
A,inferred,global,15,thetao,0.005115875855954963,0.14810196660922476,141.53600959437998,142.8625363302485,0.07152535114178023,0.38484018320495683,11.896890753233803,11.95251171638198,0.995346504193596
A,inferred,global,15,ts,0.005426111703162111,,,,0.07366214565950487,,,,
A,inferred,global,15,uo,0.23451722160591712,0.0008300889960356979,0.005554101032545029,0.00607172364122181,0.48426978184263897,0.028811265089122656,0.07452584137428458,0.07792126565464533,0.9564249341712493
A,inferred,global,15,vo,0.2674805871401613,0.0005928213307951748,0.0027064549830704736,0.003021085084922215,0.5171852541789657,0.024347922514973936,0.052023600250948356,0.05496439834040044,0.946496310734825
A,inferred,global,15,zos,0.0015706113795984516,0.0007280671546903132,0.3818743015178526,0.38176642012114476,0.039630939675945755,0.02698271955697411,0.6179597895638944,0.6178724950352983,1.0001412824317275
A,inferred,global,20,so,0.005807689342059537,0.01592985798781973,1210.1720615125348,1210.202575716042,0.07620819734162157,0.12621354122208808,34.787527384287245,34.78796596117746,0.999987392856176
A,inferred,global,20,sst,0.0015023283559282869,0.20344926898527624,443.84459863527854,447.5783386230469,0.03875988075224544,0.45105351011302003,21.06761967179203,21.156047329854573,0.9958202183667004
A,inferred,global,20,thetao,0.005240856755554091,0.15406385567510264,141.598646491097,142.8654907852846,0.07239376185524614,0.39250968863851327,11.899522952248843,11.95263530713142,0.9955564314046386
A,inferred,global,20,ts,0.005524273048806814,,,,0.07432545357282937,,,,
A,inferred,global,20,uo,0.24616250596199812,0.0009031302988074739,0.00556029661814619,0.006062034398403562,0.4961476654807499,0.030052126360833004,0.07456739648228433,0.07785906754131829,0.9577227012475185
A,inferred,global,20,vo,0.29285629953177034,0.0006851203847033682,0.0026960907856882765,0.0030253581323639433,0.5411619901025666,0.026174804387108,0.05192389416914217,0.055003255652406095,0.9440149233579191
A,inferred,global,20,zos,0.0018035825294902919,0.0008360624532073616,0.3821995866419089,0.3817692986040404,0.04246860639920142,0.02891474456410365,0.6182229263315208,0.6178748243811528,1.0005633858779026
A,inferred,global,25,so,0.005903422584866581,0.016137343764022156,1210.1722709335336,1210.2032899020012,0.07683373337842292,0.12703284521737737,34.78753039428832,34.78797622601811,0.9999871843154401
A,inferred,global,25,sst,0.0017529444221049222,0.2373883582726873,443.3784309156013,447.44390838314786,0.04186817911140777,0.48722516178117004,21.056553158473047,21.152869979819474,0.9954466310510907
A,inferred,global,25,thetao,0.0053910875287795975,0.1608548847527016,141.64842856539084,142.86061202031462,0.07342402555553323,0.401067182343185,11.901614536078323,11.952431217970451,0.995748422980613
A,inferred,global,25,ts,0.005647255056823088,,,,0.07514822058321201,,,,
A,inferred,global,25,uo,0.25802496868615954,0.0009721114181184054,0.005565586378599951,0.006050301252170681,0.5079615818998121,0.031178701353943614,0.0746028577106799,0.07778368242871175,0.9591067866843787
A,inferred,global,25,vo,0.31618236202562444,0.0007621649364071334,0.002680593752356339,0.0030246617876605224,0.5623009532497917,0.027607334829844288,0.05177445076827314,0.054996925256422496,0.9414062791124302
A,inferred,global,25,zos,0.002028960074918909,0.0009405376869394425,0.38271350631810197,0.3820452109129742,0.045043979341515876,0.030668186887056796,0.6186384293899806,0.6180980593020611,1.0008742465370781
A,inferred,global,30,so,0.006010226326735106,0.01644380736145586,1210.1736552407297,1210.2057858213093,0.07752564947638366,0.12823340969285602,34.787550290883225,34.78801209930383,0.9999867250701395
A,inferred,global,30,sst,0.0020075341101001526,0.27186556461483535,443.02939459290167,447.40683569089333,0.0448055142822862,0.5214072924450092,21.04826345789366,21.151993657593916,0.9950959611004321
A,inferred,global,30,thetao,0.00555096423039396,0.16806517504177843,141.7008405107708,142.8516729706198,0.07450479333837495,0.4099575283389469,11.903816216271604,11.952057269383367,0.9959637866499068
A,inferred,global,30,ts,0.005780595278564533,,,,0.07603022608518623,,,,
A,inferred,global,30,uo,0.2702083179627182,0.0010448679803369513,0.0055725078976402356,0.00603941450658323,0.5198156576736779,0.03232441771071756,0.07464923239819841,0.07771367001102979,0.9605675859550007
A,inferred,global,30,vo,0.33966382941877754,0.0008429496028925561,0.0026755887946379735,0.0030287501390764563,0.5828068542997564,0.029033594384653034,0.05172609394336647,0.05503408161381869,0.9398920164841706
A,inferred,global,30,zos,0.0022713415338798436,0.001052895193387974,0.3825603928228821,0.38252979486879674,0.04765859349456133,0.03244834654320577,0.6185146666190561,0.6184899310973435,1.000039993410513
A,inferred,tropics,0,so,0.005416445103507332,0.01695827788169133,1221.0333340212362,1221.1740320297963,0.07359650197874443,0.1302239527955258,34.94328739573935,34.94530057146163,0.9999423906594203
A,inferred,tropics,0,sst,0.0,0.0,764.1281806098091,764.1281806098091,0.0,0.0,27.642868530776777,27.642868530776777,1.0
A,inferred,tropics,0,thetao,0.003892513417329001,0.1514255376408876,228.33087468060313,230.62646323308667,0.06239001055721181,0.3891343439493456,15.110621253959188,15.186390724365243,0.9950106992648037
A,inferred,tropics,0,ts,0.004654479260418167,,,,0.06822374411023018,,,,
A,inferred,tropics,0,uo,0.26740109610754015,0.0010365745179175105,0.00951772184505654,0.01017016792576906,0.5171083987981051,0.03219587734349711,0.09755881223680689,0.10084725046211751,0.9673918901086361
A,inferred,tropics,0,vo,0.26505992821022145,0.0006494519571949396,0.0026045408614149895,0.002943038601592826,0.5148397111822489,0.02548434729780105,0.05103470252107863,0.05424977973773558,0.9407356632192817
A,inferred,tropics,0,zos,0.0,0.0,0.20247419479519427,0.20247419479519427,0.0,0.0,0.4499713266367028,0.4499713266367028,1.0
A,inferred,tropics,5,so,0.005403865011814132,0.016533246797265998,1221.0511043696629,1221.1754554695806,0.07351098565394244,0.12858167364467613,34.94354166895025,34.94532093813964,0.9999490841937742
A,inferred,tropics,5,sst,0.0004504568618486616,0.06100205651888939,760.7356770833334,764.1688966076783,0.021223969040890106,0.24698594397027818,27.58143718306451,27.643604985740886,0.9977510964033655
A,inferred,tropics,5,thetao,0.003851769216131661,0.1453691322362211,228.72454174700812,230.626773843594,0.06206262334232788,0.38127304158073005,15.123641814953437,15.18640095096906,0.9958674121526062
A,inferred,tropics,5,ts,0.0046278171139728964,,,,0.06802806122456304,,,,
A,inferred,tropics,5,uo,0.26286793374622325,0.0011038690676076703,0.009386162374725823,0.010132723456349605,0.5127064791342345,0.03322452509228191,0.09688220876263001,0.10066142983461741,0.9624561157317504
A,inferred,tropics,5,vo,0.2544981930830705,0.0006640728771498462,0.002503721814631959,0.0029323185698539238,0.5044781393510233,0.02576961150560571,0.0500372043047167,0.05415088706433094,0.924032957119849
A,inferred,tropics,5,zos,0.0002904019704807667,0.00013461772903955316,0.20278377996550662,0.20231088153039561,0.017041184538662994,0.011602488053842295,0.4503152006822628,0.4497898192827352,1.0011680597848243
A,inferred,tropics,10,so,0.005401507302989181,0.0165141185982897,1221.095426536126,1221.173619028484,0.07349494746572162,0.12850727060477823,34.94417586002174,34.945294662207154,0.9999679841822416
A,inferred,tropics,10,sst,0.000696851061116102,0.09436940913549574,759.234589547822,764.1982039634628,0.026397936682932287,0.3071960434893258,27.554211829551974,27.644135073528034,0.996747113131343
A,inferred,tropics,10,thetao,0.0038789562397496423,0.14726946212904782,228.87214145957418,230.62331886524305,0.06228126716557429,0.3837570352828047,15.128520795490026,15.186287198168058,0.9961961470947948
A,inferred,tropics,10,ts,0.004640231771369413,,,,0.06811924670289163,,,,
A,inferred,tropics,10,uo,0.26969682977815557,0.0012597751473544835,0.009394393025319489,0.010229659401123631,0.5193234346514276,0.03549331130444838,0.09692467707100957,0.10114177871247683,0.9583050476751499
A,inferred,tropics,10,vo,0.26202985111986427,0.0007435567541084807,0.00248300766938185,0.002950692858166014,0.5118885143464974,0.027268237092054202,0.04982978696905948,0.05432028035794747,0.9173330225967621
A,inferred,tropics,10,zos,0.0004233313272259788,0.00019623799986822122,0.20315804701260842,0.2024477909911762,0.020575017065022783,0.014008497416504784,0.4507305703106995,0.4499419862506457,1.0017526349710661
A,inferred,tropics,15,so,0.005446390831901887,0.016582217403591407,1221.1190668376819,1221.1713305832793,0.0737996668820523,0.12877195891804785,34.94451411649162,34.945261918939444,0.9999786007485203
A,inferred,tropics,15,sst,0.0009276251957723082,0.12562145119664642,758.2889786537247,764.2779658153804,0.03045694002640955,0.3544311656678154,27.537047384455086,27.64557769002812,0.9960742254406867
A,inferred,tropics,15,thetao,0.003943413361604094,0.15031226935900177,229.05850216963742,230.6309176207124,0.06279660310561466,0.38770126303508706,15.134678793077752,15.186537380874958,0.9965852263424766
A,inferred,tropics,15,ts,0.00469490209675299,,,,0.06851935563585658,,,,
A,inferred,tropics,15,uo,0.27568323205976264,0.001372917583729427,0.009419307943557048,0.010281492802433246,0.5250554561755955,0.037052902500741114,0.09705311918509908,0.10139769623829353,0.9571530989916742
A,inferred,tropics,15,vo,0.2694439866056726,0.0008172065004157866,0.002466756866379021,0.0029324916814102296,0.5190799424035498,0.02858682389521065,0.049666456148783365,0.05415248545921258,0.9171593090808718
A,inferred,tropics,15,zos,0.000581202365051091,0.00026942014995830405,0.2034677577139151,0.20190843036680506,0.024108138979421264,0.01641402296691168,0.45107400469758296,0.44934221965758464,1.0038540447886646
A,inferred,tropics,20,so,0.005486373308567445,0.016664394624750084,1221.1511923563348,1221.1699123352148,0.07407005676093036,0.1290906449931601,34.944973778160644,34.94524162651068,0.9999923351982254
A,inferred,tropics,20,sst,0.0011322353972413183,0.15333030455642271,757.393538658065,764.3511999881629,0.033648705729066586,0.39157413673073804,27.520783758063015,27.6469021770643,0.9954382441044004
A,inferred,tropics,20,thetao,0.0040252150170186785,0.15486719523614406,229.2485792900443,230.64490313107183,0.06344458225111643,0.3935316953386907,15.140957013677976,15.186997831404067,0.9969684055902815
A,inferred,tropics,20,ts,0.004755794162793063,,,,0.0689622662243133,,,,
A,inferred,tropics,20,uo,0.281794708010239,0.001476381242998797,0.009406074984316358,0.010244555810134651,0.5308433931116021,0.038423706783687554,0.09698492142759285,0.1012153931481504,0.9582032772982926
A,inferred,tropics,20,vo,0.28251388985099213,0.0009108398499363315,0.002455458396831772,0.0029367464090602246,0.5315203569488116,0.030180123424802814,0.049552582140911405,0.05419175591416304,0.9143933667585925
A,inferred,tropics,20,zos,0.0007270586408199152,0.0003370327792409747,0.20420441136817735,0.20200970227068119,0.026964024937310736,0.01835845252849419,0.4518898221559956,0.4494548945897477,1.0054175126259788
A,inferred,tropics,25,so,0.005550393068757907,0.016792127908081576,1221.1674226459704,1221.1721649575525,0.07450096018681844,0.12958444315611953,34.94520600377068,34.94527385724073,0.9999980582933667
A,inferred,tropics,25,sst,0.0013056369921700041,0.17681280591271137,756.6169156161221,764.1613788026752,0.03613359921416637,0.42049114843562563,27.506670384038163,27.6434690081161,0.9950513221029613
A,inferred,tropics,25,thetao,0.004129289765678889,0.16013029419771166,229.41135703948746,230.64014333887937,0.06425954999592581,0.4001628346032545,15.146331471332834,15.18684112443662,0.9973325820180865
A,inferred,tropics,25,ts,0.004839841417218397,,,,0.06956896878076027,,,,
A,inferred,tropics,25,uo,0.2890546965367739,0.0015823595210906712,0.009389955416857807,0.010214627334406852,0.5376380720677935,0.0397788828537287,0.09690178232033612,0.10106743953621686,0.9587833902293725
A,inferred,tropics,25,vo,0.29382991271092496,0.000988843658452388,0.002441242335457159,0.002943455925030582,0.5420608016735069,0.0314458846027964,0.04940892971373858,0.054253625915975254,0.9107028125688806
A,inferred,tropics,25,zos,0.0008278573072994656,0.0003837586596320717,0.20482512029132455,0.20223544221935846,0.028772509575973132,0.01958975904987276,0.45257609337140703,0.44970595083827664,1.0063822649617606
A,inferred,tropics,30,so,0.005636469590405061,0.017060248334219118,1221.1877504355853,1221.1777864219914,0.07507642499749878,0.13061488557671794,34.94549685489656,34.94535428954744,1.0000040796652951
A,inferred,tropics,30,sst,0.001477769124462702,0.2001233924217898,755.9684133818655,764.0076028843118,0.03844176276476798,0.4473515311494863,27.49487976663774,27.640687453178725,0.9947248892854792
A,inferred,tropics,30,thetao,0.004246689045190758,0.16606313457372038,229.5770590554852,230.622964074716,0.06516662524015462,0.407508447242165,15.15180052190119,15.186275516884185,0.997729858453795
A,inferred,tropics,30,ts,0.004941579317797909,,,,0.07029636774256483,,,,
A,inferred,tropics,30,uo,0.29573177925327365,0.0016784923106827542,0.009388077820275197,0.010173216723607506,0.5438122647139118,0.04096940700916666,0.0968920936933205,0.10086236524892477,0.9606367395231534
A,inferred,tropics,30,vo,0.3064745627125801,0.0010715322184152408,0.002443512338407534,0.0029416438090203428,0.5536014475347586,0.032734266730984535,0.04943189596209652,0.05423692293097335,0.9114067187220019
A,inferred,tropics,30,zos,0.0009449446024701909,0.00043803523941374754,0.205646849792413,0.20267562959531338,0.030739951243783568,0.020929291421683333,0.4534830204014402,0.45019510170071086,1.0073033195792414
A,inferred_persistence,extratropics,0,so,0.005685624162695414,0.015008138818599382,1203.814074064556,1203.8131713542705,0.07540307793913598,0.12250770922109099,34.69602389416626,34.69601088532038,1.0000003749377968
A,inferred_persistence,extratropics,0,sst,0.0,0.0,264.66212894940617,264.66212894940617,0.0,0.0,16.268439659334454,16.268439659334454,1.0
A,inferred_persistence,extratropics,0,thetao,0.005593699871936835,0.1369532303158891,90.71163777393255,91.88061453580991,0.07479104138823603,0.3700719258683224,9.524265734109509,9.585437628810169,0.9936182470671134
A,inferred_persistence,extratropics,0,ts,0.005639662017316124,,,,0.07509768316876443,,,,
A,inferred_persistence,extratropics,0,uo,0.193642218060027,0.0003998474750352998,0.0033204573041503383,0.0036498695552275684,0.44004797245303495,0.019996186512315287,0.05762340934160646,0.06041415028970919,0.9538065017099463
A,inferred_persistence,extratropics,0,vo,0.18868423583246427,0.00021630236701169895,0.0029452547353141585,0.0030889873151848375,0.4343779872788955,0.014707221593887099,0.054270201172597086,0.05557865881059777,0.9764575528448847
A,inferred_persistence,extratropics,0,zos,0.0,0.0,0.48620438304814423,0.48620438304814423,0.0,0.0,0.697283574342709,0.697283574342709,1.0
A,inferred_persistence,extratropics,5,so,0.005780101820457864,0.0154334257027454,1203.814074064556,1203.8158635205882,0.07602698087164757,0.1242313394548469,34.69602389416626,34.69604968178061,0.9999992567564727
A,inferred_persistence,extratropics,5,sst,0.0008073392423513657,0.10933200981129296,264.66212894940617,264.80069678720804,0.028413715743481453,0.3306539124391135,16.268439659334454,16.272697895161947,0.9997383202309214
A,inferred_persistence,extratropics,5,thetao,0.0058431297644340454,0.1536793830490558,90.71163777393255,91.89021460419285,0.0764403673750594,0.39201962074500274,9.524265734109509,9.585938378906514,0.9935663424529504
A,inferred_persistence,extratropics,5,ts,0.005811615792445954,,,,0.07623395432775315,,,,
A,inferred_persistence,extratropics,5,uo,0.2524984058771027,0.0005853522566441864,0.0033204573041503383,0.0036474312009881155,0.5024921948419724,0.024194054158908268,0.05762340934160646,0.06039396659425605,0.9541252643453114
A,inferred_persistence,extratropics,5,vo,0.30599962305208267,0.0005045289556496731,0.0029452547353141585,0.003091959232748583,0.5531723267229505,0.022461722009892143,0.054270201172597086,0.05560538852259359,0.9759881661567027
A,inferred_persistence,extratropics,5,zos,0.0019571017568008587,0.0009072272970124272,0.48620438304814423,0.4863526396679156,0.044239142812681834,0.030120214093070904,0.697283574342709,0.6973898763732634,0.9998475715892132
A,inferred_persistence,extratropics,10,so,0.005939169457027018,0.016184603469983645,1203.814074064556,1203.8172161582934,0.07706600714340284,0.12721872295375256,34.69602389416626,34.69606917445106,0.99999869494482
A,inferred_persistence,extratropics,10,sst,0.0023422749110995596,0.31719704800181914,264.66212894940617,264.84413516882694,0.04839705477712006,0.5632024928938251,16.268439659334454,16.274032541715865,0.9996563308837515
A,inferred_persistence,extratropics,10,thetao,0.006262799521111631,0.18330237440872432,90.71163777393255,91.89780742649144,0.07913785138043382,0.4281382655272994,9.524265734109509,9.58633441032032,0.9935252961607525
A,inferred_persistence,extratropics,10,ts,0.0061009844890693235,,,,0.07810879905023072,,,,
A,inferred_persistence,extratropics,10,uo,0.3248975803676531,0.0007958023923415994,0.0033204573041503383,0.003650042322148721,0.5699978775115334,0.02820996973308549,0.05762340934160646,0.060415580127552534,0.9537839282507741
A,inferred_persistence,extratropics,10,vo,0.47169456266140064,0.000915566036468629,0.0029452547353141585,0.0030950805369513337,0.6868002349019696,0.03025832177217747,0.054270201172597086,0.05563344800523633,0.9754959133126005
A,inferred_persistence,extratropics,10,zos,0.0032660167668992625,0.0015139833922883132,0.48620438304814423,0.4864606968682222,0.05714907494351298,0.038909939505071364,0.697283574342709,0.697467344660825,0.9997365176742355
A,inferred_persistence,extratropics,15,so,0.006146639452400237,0.017239484550024026,1203.814074064556,1203.8167773930713,0.07840050671009874,0.13129921762913907,34.69602389416626,34.696062851468774,0.9999988771837692
A,inferred_persistence,extratropics,15,sst,0.0043820915120474585,0.5934343891914444,264.66212894940617,264.9074671581538,0.06619736786343894,0.7703469278133356,16.268439659334454,16.275978224308172,0.9995368287626203
A,inferred_persistence,extratropics,15,thetao,0.00677829818339129,0.22278979892006787,90.71163777393255,91.90559417755247,0.08233042076529969,0.47200614288382714,9.524265734109509,9.586740539805616,0.9934832067857994
A,inferred_persistence,extratropics,15,ts,0.006462468817895763,,,,0.08038948201037101,,,,
A,inferred_persistence,extratropics,15,uo,0.38636304617149914,0.0010017737870784364,0.0033204573041503383,0.003641342693249186,0.6215810857575214,0.0316508102120378,0.05762340934160646,0.06034353895198048,0.9549226038509505
A,inferred_persistence,extratropics,15,vo,0.6220324628692812,0.0013206852424519442,0.0029452547353141585,0.003082921659519059,0.7886903466312246,0.03634123336448481,0.054270201172597086,0.055524063787866416,0.9774176720915133
A,inferred_persistence,extratropics,15,zos,0.004260685682917593,0.001975068659051221,0.48620438304814423,0.48554731107721427,0.06527392804878218,0.044441744554542646,0.697283574342709,0.6968122495171954,1.000676401463723
A,inferred_persistence,extratropics,20,so,0.006379339093941966,0.01847768545053933,1203.814074064556,1203.815321375245,0.07987076495152633,0.13593265042122635,34.69602389416626,34.69604186899775,0.9999994819342344
A,inferred_persistence,extratropics,20,sst,0.006858784112740592,0.9288346364040567,264.66212894940617,264.7955252907493,0.08281777655033122,0.9637606738210772,16.268439659334454,16.272538993370066,0.9997480827031797
A,inferred_persistence,extratropics,20,thetao,0.007354612087563789,0.27060151157187173,90.71163777393255,91.90216510698583,0.08575903502001284,0.5201937250408464,9.524265734109509,9.5865616936932,0.9935017411274081
A,inferred_persistence,extratropics,20,ts,0.006866975590752877,,,,0.08286721662245497,,,,
A,inferred_persistence,extratropics,20,uo,0.4381627901746896,0.001198900309569049,0.0033204573041503383,0.0036474580241133764,0.6619386604321352,0.034625139849090124,0.05762340934160646,0.06039418866176924,0.9541217560570238
A,inferred_persistence,extratropics,20,vo,0.7525879344776677,0.001696611831459849,0.0029452547353141585,0.0030871982566572026,0.8675182617545684,0.04118994818471916,0.054270201172597086,0.05556256164592488,0.9767404447339303
A,inferred_persistence,extratropics,20,zos,0.00518992470549132,0.002405823483555107,0.48620438304814423,0.4854934140287264,0.07204113203921299,0.04904919452503891,0.697283574342709,0.6967735744334212,1.0007319449646215
A,inferred_persistence,extratropics,25,so,0.006632820889038063,0.019886750909756012,1203.814074064556,1203.8151419364283,0.08144213214938606,0.14102039182244536,34.69602389416626,34.69603928312897,0.999999556463417
A,inferred_persistence,extratropics,25,sst,0.009848433455000723,1.3337008396182397,264.66212894940617,264.69304988360165,0.0992392737528884,1.1548596623045762,16.268439659334454,16.26938996654766,0.9999415892534902
A,inferred_persistence,extratropics,25,thetao,0.007983483676458883,0.32708536292823875,90.71163777393255,91.897203308665,0.0893503423410279,0.5719137722841082,9.524265734109509,9.58630290094492,0.9935285617952573
A,inferred_persistence,extratropics,25,ts,0.007308152282748473,,,,0.0854877317674792,,,,
A,inferred_persistence,extratropics,25,uo,0.4843248803364603,0.0013671032349988363,0.0033204573041503383,0.003646291957531004,0.6959345373930369,0.03697435915602644,0.05762340934160646,0.060384534092191224,0.9542743056298281
A,inferred_persistence,extratropics,25,vo,0.8644974511205865,0.002011327412240285,0.0029452547353141585,0.0030822245559924397,0.929783550682946,0.04484782505585176,0.054270201172597086,0.055517785942816915,0.9775281966124363
A,inferred_persistence,extratropics,25,zos,0.0059416582055314094,0.0027542944451925213,0.48620438304814423,0.48579827914334306,0.07708215231512032,0.05248137236384469,0.697283574342709,0.6969923092426078,1.0004178885422965
A,inferred_persistence,extratropics,30,so,0.0069065698840744495,0.02147077538642841,1203.814074064556,1203.8158307478568,0.08310577527509415,0.14652909399306477,34.69602389416626,34.69604920949728,0.9999992703684829
A,inferred_persistence,extratropics,30,sst,0.013398058270339361,1.814400391747253,264.66212894940617,264.72332362936,0.11574998172932625,1.3469968046536906,16.268439659334454,16.27032032964809,0.9998844109842012
A,inferred_persistence,extratropics,30,thetao,0.008661330279587865,0.3924399803966303,90.71163777393255,91.8930253497211,0.093066268215653,0.6264503016174789,9.524265734109509,9.58608498552569,0.9935511471565791
A,inferred_persistence,extratropics,30,ts,0.007783950081831158,,,,0.08822669710371775,,,,
A,inferred_persistence,extratropics,30,uo,0.5242527841824537,0.0015210618519820717,0.0033204573041503383,0.003653029506141431,0.7240530258085064,0.03900079296606765,0.05762340934160646,0.06044029703882527,0.9533938806520207
A,inferred_persistence,extratropics,30,vo,0.960383883567011,0.002278918353408975,0.0029452547353141585,0.003089732657977778,0.9799917772956113,0.04773801790406651,0.054270201172597086,0.055585363702846974,0.9763397692730663
A,inferred_persistence,extratropics,30,zos,0.006787142434129156,0.0031462241895496303,0.48620438304814423,0.486308480151976,0.08238411518083541,0.056091213122463575,0.697283574342709,0.6973582150888996,0.9998929664201618
A,inferred_persistence,global,0,so,0.005571528760110241,0.01572058244326991,1210.1493842750074,1210.2027203703358,0.07464267385423864,0.12538174685044834,34.78720144356265,34.787968040262655,0.9999779637402473
A,inferred_persistence,global,0,sst,0.0,0.0,447.4121497568458,447.4121497568458,0.0,0.0,21.15211927341669,21.15211927341669,1.0
A,inferred_persistence,global,0,thetao,0.004939187218411672,0.1421378921538013,141.260725187098,142.8450749442232,0.07027935129475564,0.3770117931229755,11.885315527452269,11.951781245664732,0.9944388441483087
A,inferred_persistence,global,0,ts,0.005255357989260957,,,,0.07249384794078016,,,,
A,inferred_persistence,global,0,uo,0.22077842886970114,0.000634292824527571,0.0055884746750348635,0.006036315295715531,0.4698706512112681,0.02518517072659169,0.07475610125625108,0.07769372751847817,0.9621896598856269
A,inferred_persistence,global,0,vo,0.21656205710706902,0.0003758286291003108,0.002813400364029252,0.003028792257069194,0.465362285866688,0.019386300036373903,0.05304149662320297,0.05503446426621408,0.9637869166242689
A,inferred_persistence,global,0,zos,0.0,0.0,0.3823900824845439,0.3823900824845439,0.0,0.0,0.6183769744132974,0.6183769744132974,1.0
A,inferred_persistence,global,5,so,0.005662518217527108,0.016165950956949664,1210.1493842750074,1210.2049461904198,0.07524970576372447,0.12714539298358263,34.78720144356265,34.788000031482404,0.9999770441554837
A,inferred_persistence,global,5,sst,0.0006431060163491869,0.08709111316788072,447.4121497568458,447.5149160057607,0.025359535018394698,0.2951120349424617,21.15211927341669,21.154548352677274,0.9998851746102027
A,inferred_persistence,global,5,thetao,0.005161251721640488,0.158548467956349,141.260725187098,142.85127031421823,0.07184185215903394,0.39818145104505936,11.885315527452269,11.95204042472323,0.9944172798200266
A,inferred_persistence,global,5,ts,0.005411884969583798,,,,0.07356551481219852,,,,
A,inferred_persistence,global,5,uo,0.2843351340449154,0.0009964338620726712,0.0055884746750348635,0.006021049417328951,0.5332308449864049,0.031566340650646715,0.07475610125625108,0.07759542136833172,0.9634086642998831
A,inferred_persistence,global,5,vo,0.35414978667721353,0.0008622083960691092,0.002813400364029252,0.0030267310920001978,0.5951048535150874,0.0293633852964727,0.05304149662320297,0.05501573494919611,0.9641150240414631
A,inferred_persistence,global,5,zos,0.0014111399015580607,0.0006541431122435454,0.3823900824845439,0.3824243370932762,0.03756514210751852,0.02557622161781418,0.6183769744132974,0.6184046709827443,0.9999552128715281
A,inferred_persistence,global,10,so,0.00581797226377303,0.016964031916261623,1210.1493842750074,1210.2051304315771,0.07627563348654032,0.13024604376433713,34.78720144356265,34.78800267953849,0.9999769680374232
A,inferred_persistence,global,10,sst,0.0018451112302518302,0.24986982985277364,447.4121497568458,447.5531859735046,0.04295475794660971,0.4998698129040937,21.15211927341669,21.15545286618806,0.999842423946561
A,inferred_persistence,global,10,thetao,0.005516570387238234,0.1855212638318796,141.260725187098,142.85481616379704,0.07427361837986779,0.43072179400615385,11.885315527452269,11.9521887603818,0.9944049383531159
A,inferred_persistence,global,10,ts,0.005667271325505631,,,,0.0752812813752903,,,,
A,inferred_persistence,global,10,uo,0.36750550380353914,0.0014644092889356428,0.0055884746750348635,0.006058213364304922,0.606222322092761,0.03826760103449971,0.07475610125625108,0.07783452552887389,0.960449116228237
A,inferred_persistence,global,10,vo,0.5378740973956784,0.0014887973921100567,0.002813400364029252,0.0030354276251364294,0.7333990028597519,0.0385849373734111,0.05304149662320297,0.05509471503816341,0.9627329333940977
A,inferred_persistence,global,10,zos,0.0024554079193903596,0.0011382203741995788,0.3823900824845439,0.3825429512394799,0.049552072806194086,0.03373752175545173,0.6183769744132974,0.6185005668869511,0.9998001740333469
A,inferred_persistence,global,15,so,0.006011351508825843,0.01799492806373407,1210.1493842750074,1210.2040153150544,0.07753290597433997,0.13414517532782932,34.78720144356265,34.787986652220255,0.9999774287409774
A,inferred_persistence,global,15,sst,0.00338926241436799,0.4589828567372428,447.4121497568458,447.6225280761719,0.05821737210118635,0.6774827353794655,21.15211927341669,21.157091673388663,0.9997649771505114
A,inferred_persistence,global,15,thetao,0.005941143428018805,0.2197507486524027,141.260725187098,142.8625363302485,0.07707881309425312,0.4687757978526651,11.885315527452269,11.95251171638198,0.9943780696037625
A,inferred_persistence,global,15,ts,0.005976247468422323,,,,0.07730619294999802,,,,
A,inferred_persistence,global,15,uo,0.4383945124127775,0.001863962566036364,0.0055884746750348635,0.00607172364122181,0.6621136703110558,0.043173632763949386,0.07475610125625108,0.07792126565464533,0.9593799667933711
A,inferred_persistence,global,15,vo,0.673914866568496,0.0019181618205030588,0.002813400364029252,0.003021085084922215,0.820923179456212,0.043796824319841485,0.05304149662320297,0.05496439834040044,0.965015505031298
A,inferred_persistence,global,15,zos,0.003300508627705608,0.0015299723241383627,0.3823900824845439,0.38176642012114476,0.057450053330746424,0.039114860656000845,0.6183769744132974,0.6178724950352983,1.0008164781278543
A,inferred_persistence,global,20,so,0.0062281408811117305,0.019197991632446544,1210.1493842750074,1210.202575716042,0.07891857120546297,0.13855681734381223,34.78720144356265,34.78796596117746,0.9999780235034246
A,inferred_persistence,global,20,sst,0.005234123540411869,0.708818817228982,447.4121497568458,447.5783386230469,0.07234724279757916,0.8419137825389141,21.15211927341669,21.156047329854573,0.9998143293793667
A,inferred_persistence,global,20,thetao,0.006405689882746338,0.2598556432276627,141.260725187098,142.8654907852846,0.08003555386668064,0.509760378244193,11.885315527452269,11.95263530713142,0.994367787692896
A,inferred_persistence,global,20,ts,0.006316915381929034,,,,0.07947902479226222,,,,
A,inferred_persistence,global,20,uo,0.49159059518673903,0.002159141025205496,0.0055884746750348635,0.006062034398403562,0.7011352189034146,0.04646655813814378,0.07475610125625108,0.07785906754131829,0.960146372374412
A,inferred_persistence,global,20,vo,0.760977064102397,0.0021761071022148204,0.002813400364029252,0.0030253581323639433,0.8723399934099072,0.04664876313703098,0.05304149662320297,0.055003255652406095,0.9643337652301803
A,inferred_persistence,global,20,zos,0.0040787027048115885,0.0018907092768002264,0.3823900824845439,0.3817692986040404,0.06386472191133058,0.0434822869315797,0.6183769744132974,0.6178748243811528,1.0008127051181404
A,inferred_persistence,global,25,so,0.006467297159630166,0.02057214989049956,1210.1493842750074,1210.2032899020012,0.08041950733267499,0.1434299476765559,34.78720144356265,34.78797622601811,0.9999777284412745
A,inferred_persistence,global,25,sst,0.00743844932547267,1.0073344295073037,447.4121497568458,447.44390838314786,0.08624644529180707,1.003660515068369,21.15211927341669,21.152869979819474,0.9999645104232429
A,inferred_persistence,global,25,thetao,0.0069045929583656605,0.3059513157309507,141.260725187098,142.86061202031462,0.0830938803905899,0.5531286611006074,11.885315527452269,11.952431217970451,0.9943847666391693
A,inferred_persistence,global,25,ts,0.006685945058997913,,,,0.08176762842958032,,,,
A,inferred_persistence,global,25,uo,0.5371193590315019,0.002418483634164924,0.0055884746750348635,0.006050301252170681,0.7328842739692958,0.049178080830436274,0.07475610125625108,0.07778368242871175,0.9610769112758909
A,inferred_persistence,global,25,vo,0.8198444247879544,0.0023414083737714557,0.002813400364029252,0.0030246617876605224,0.9054526076984672,0.04838810157230242,0.05304149662320297,0.054996925256422496,0.96444476442815
A,inferred_persistence,global,25,zos,0.00471159857415561,0.0021840922823739757,0.3823900824845439,0.3820452109129742,0.06864108517612182,0.04673427310201771,0.6183769744132974,0.6180980593020611,1.0004512473498968
A,inferred_persistence,global,30,so,0.006738677901311854,0.022177522991363018,1210.1493842750074,1210.2057858213093,0.08208945060914864,0.1489211972533226,34.78720144356265,34.78801209930383,0.9999766972674707
A,inferred_persistence,global,30,sst,0.010055743804615361,1.361775347379723,447.4121497568458,447.40683569089333,0.10027833168045508,1.1669513046308844,21.15211927341669,21.151993657593916,1.0000059387226004
A,inferred_persistence,global,30,thetao,0.0074476972580327675,0.3591613937063808,141.260725187098,142.8516729706198,0.08630004205116454,0.599300753967806,11.885315527452269,11.952057269383367,0.9944158783356849
A,inferred_persistence,global,30,ts,0.007093187579672312,,,,0.08422106375291345,,,,
A,inferred_persistence,global,30,uo,0.581614171077063,0.0026964339341691832,0.0055884746750348635,0.00603941450658323,0.7626363295025114,0.051927198404778045,0.07475610125625108,0.07771367001102979,0.9619427475969293
A,inferred_persistence,global,30,vo,0.8820914039581396,0.0025335129130427143,0.002813400364029252,0.0030287501390764563,0.939197212494873,0.05033401348037641,0.05304149662320297,0.05503408161381869,0.9637936178421592
A,inferred_persistence,global,30,zos,0.005412730204900958,0.0025091064221347496,0.3823900824845439,0.38252979486879674,0.07357125936737088,0.050090981445113945,0.6183769744132974,0.6184899310973435,0.9998173669798541
A,inferred_persistence,tropics,0,so,0.005416445103507332,0.01695827788169133,1221.0333340212362,1221.1740320297963,0.07359650197874443,0.1302239527955258,34.94328739573935,34.94530057146163,0.9999423906594203
A,inferred_persistence,tropics,0,sst,0.0,0.0,764.1281806098091,764.1281806098091,0.0,0.0,27.642868530776777,27.642868530776777,1.0
A,inferred_persistence,tropics,0,thetao,0.003892513417329001,0.1514255376408876,228.33087468060313,230.62646323308667,0.06239001055721181,0.3891343439493456,15.110621253959188,15.186390724365243,0.9950106992648037
A,inferred_persistence,tropics,0,ts,0.004654479260418167,,,,0.06822374411023018,,,,
A,inferred_persistence,tropics,0,uo,0.26740109610754015,0.0010365745179175105,0.00951772184505654,0.01017016792576906,0.5171083987981051,0.03219587734349711,0.09755881223680689,0.10084725046211751,0.9673918901086361
A,inferred_persistence,tropics,0,vo,0.26505992821022145,0.0006494519571949396,0.0026045408614149895,0.002943038601592826,0.5148397111822489,0.02548434729780105,0.05103470252107863,0.05424977973773558,0.9407356632192817
A,inferred_persistence,tropics,0,zos,0.0,0.0,0.20247419479519427,0.20247419479519427,0.0,0.0,0.4499713266367028,0.4499713266367028,1.0
A,inferred_persistence,tropics,5,so,0.005502096378643725,0.017438611385217417,1221.0333340212362,1221.1754554695806,0.07417611730633873,0.1320553345579701,34.94328739573935,34.94532093813964,0.9999418078774011
A,inferred_persistence,tropics,5,sst,0.00035848081769826164,0.0485464182465967,764.1281806098091,764.1688966076783,0.01893358966752638,0.22033251745168417,27.642868530776777,27.643604985740886,0.9999733589390932
A,inferred_persistence,tropics,5,thetao,0.004070309429849091,0.16729495674802883,228.33087468060313,230.626773843594,0.06379897671474904,0.40901706168328583,15.110621253959188,15.18640095096906,0.9950100292192643
A,inferred_persistence,tropics,5,ts,0.004786202904246408,,,,0.06918238868560703,,,,
A,inferred_persistence,tropics,5,uo,0.3404870319562919,0.0017045849927079329,0.00951772184505654,0.010132723456349605,0.5835126664917325,0.04128662002038836,0.09755881223680689,0.10066142983461741,0.9691776919629693
A,inferred_persistence,tropics,5,vo,0.43935147450681317,0.0014789421540417527,0.0026045408614149895,0.0029323185698539238,0.6628359333249919,0.03845701696754121,0.05103470252107863,0.05415088706433094,0.9424536750515223
A,inferred_persistence,tropics,5,zos,0.0004649578865306535,0.00021553426396539192,0.20247419479519427,0.20231088153039561,0.021562882148049075,0.014681085244810477,0.4499713266367028,0.4497898192827352,1.0004035381553478
A,inferred_persistence,tropics,10,so,0.005652365065043557,0.018318247851437187,1221.0333340212362,1221.173619028484,0.07518221242450608,0.13534492177927174,34.94328739573935,34.945294662207154,0.9999425597498258
A,inferred_persistence,tropics,10,sst,0.0009834992474725343,0.13318806254502494,764.1281806098091,764.1982039634628,0.031360791563232814,0.36494939723888425,27.642868530776777,27.644135073528034,0.9999541840340496
A,inferred_persistence,tropics,10,thetao,0.004319442384620173,0.1897050374650446,228.33087468060313,230.62331886524305,0.06572246483981085,0.4355514177052402,15.110621253959188,15.186287198168058,0.9950174823364333
A,inferred_persistence,tropics,10,ts,0.004985903724831865,,,,0.07061093204902387,,,,
A,inferred_persistence,tropics,10,uo,0.4437190605677042,0.0026184655511583637,0.00951772184505654,0.010229659401123631,0.6661224065948421,0.051170944403619946,0.09755881223680689,0.10114177871247683,0.9645748124931093
A,inferred_persistence,tropics,10,vo,0.6564758847616632,0.002479543420330225,0.0026045408614149895,0.002950692858166014,0.8102319944075667,0.049795014010744335,0.05103470252107863,0.05432028035794747,0.9395147113524032
A,inferred_persistence,tropics,10,zos,0.001050578159835105,0.0004870023641904121,0.20247419479519427,0.2024477909911762,0.03241262346424777,0.02206813005649577,0.4499713266367028,0.4499419862506457,1.0000652092646467
A,inferred_persistence,tropics,15,so,0.0058225111635193385,0.01930791424511966,1221.0333340212362,1221.1713305832793,0.07630538096044956,0.13895292096649015,34.94328739573935,34.945261918939444,0.9999434966833365
A,inferred_persistence,tropics,15,sst,0.0016686349814390325,0.22597095069259102,764.1281806098091,764.2779658153804,0.040848928767337735,0.47536401913963894,27.642868530776777,27.64557769002812,0.9999020038835246
A,inferred_persistence,tropics,15,thetao,0.004592534522191436,0.21486869228357164,228.33087468060313,230.6309176207124,0.06776824125054033,0.46353931039726465,15.110621253959188,15.186537380874958,0.9950010904387346
A,inferred_persistence,tropics,15,ts,0.005207522842855387,,,,0.07216316818748597,,,,
A,inferred_persistence,tropics,15,uo,0.5317431831458096,0.003353264345420337,0.00951772184505654,0.010281492802433246,0.7292072292193829,0.05790737729702786,0.09755881223680689,0.10139769623829353,0.9621403232627206
A,inferred_persistence,tropics,15,vo,0.7700765500561092,0.0029529410090928555,0.0026045408614149895,0.0029324916814102296,0.8775400560977882,0.0543409698946647,0.05103470252107863,0.05415248545921258,0.9424258570646357
A,inferred_persistence,tropics,15,zos,0.001636468895917914,0.0007585958410712464,0.20247419479519427,0.20190843036680506,0.04045329276978469,0.027542618631336536,0.4499713266367028,0.44934221965758464,1.0014000620275512
A,inferred_persistence,tropics,20,so,0.006012919227175954,0.020450427522238062,1221.0333340212362,1221.1699123352148,0.07754301533456094,0.14300499124938984,34.94328739573935,34.94524162651068,0.9999440773427118
A,inferred_persistence,tropics,20,sst,0.002418497383284018,0.32751929609462466,764.1281806098091,764.3511999881629,0.04917822061933533,0.572293015940807,27.642868530776777,27.6469021770643,0.9998541013289051
A,inferred_persistence,tropics,20,thetao,0.004869645579880541,0.24167762099173754,228.33087468060313,230.64490313107183,0.06978284588550786,0.49160718159088923,15.110621253959188,15.186997831404067,0.9949709232665493
A,inferred_persistence,tropics,20,ts,0.005441282403528247,,,,0.07376504865807551,,,,
A,inferred_persistence,tropics,20,uo,0.5881720755104687,0.003818668608583467,0.00951772184505654,0.010244555810134651,0.7669237742503936,0.06179537691917954,0.09755881223680689,0.1012153931481504,0.9638732726553626
A,inferred_persistence,tropics,20,vo,0.7850151706065098,0.003009774131554958,0.0026045408614149895,0.0029367464090602246,0.8860108185606482,0.05486140839930158,0.05103470252107863,0.05419175591416304,0.9417429212279997
A,inferred_persistence,tropics,20,zos,0.002152893962714817,0.0009979880514855172,0.20247419479519427,0.20200970227068119,0.04639928838586662,0.03159094888548803,0.4499713266367028,0.4494548945897477,1.001149018629392
A,inferred_persistence,tropics,25,so,0.006228340244949743,0.021764354334069792,1221.0333340212362,1221.1721649575525,0.07891983429372963,0.14752746976095601,34.94328739573935,34.94527385724073,0.9999431550741454
A,inferred_persistence,tropics,25,sst,0.003261814392501002,0.441723510773495,764.1281806098091,764.1613788026752,0.05711229633363556,0.6646228334728614,27.642868530776777,27.6434690081161,0.999978277786368
A,inferred_persistence,tropics,25,thetao,0.0051493967705464275,0.2698407478415089,228.33087468060313,230.64014333887937,0.07175929745020103,0.5194619792068607,15.110621253959188,15.18684112443662,0.9949811899753933
A,inferred_persistence,tropics,25,ts,0.005688868507748085,,,,0.07542458821729214,,,,
A,inferred_persistence,tropics,25,uo,0.6336328142472621,0.004236361414436691,0.00951772184505654,0.010214627334406852,0.7960105616430363,0.06508733682089543,0.09755881223680689,0.10106743953621686,0.9652842961540282
A,inferred_persistence,tropics,25,vo,0.7558619463811335,0.0029199449230856286,0.0026045408614149895,0.002943455925030582,0.8694032127736436,0.05403651472000788,0.05103470252107863,0.054253625915975254,0.940668972063141
A,inferred_persistence,tropics,25,zos,0.0025798376318010336,0.0011959005778683163,0.20247419479519427,0.20223544221935846,0.050792102061255874,0.03458179546912387,0.4499713266367028,0.44970595083827664,1.0005901095992427
A,inferred_persistence,tropics,30,so,0.006496494378414746,0.023406693600358203,1221.0333340212362,1221.1777864219914,0.08060083360868389,0.15299246256060525,34.94328739573935,34.94535428954744,0.9999408535454823
A,inferred_persistence,tropics,30,sst,0.004263328786967553,0.5773512310150898,764.1281806098091,764.0076028843118,0.0652941711561419,0.7598363185680781,27.642868530776777,27.640687453178725,1.0000789082254826
A,inferred_persistence,tropics,30,thetao,0.005464347601631935,0.3020718249321317,228.33087468060313,230.622964074716,0.07392122565022806,0.5496106120992676,15.110621253959188,15.186275516884185,0.9950182477039294
A,inferred_persistence,tropics,30,ts,0.00598042099002334,,,,0.07733318168822062,,,,
A,inferred_persistence,tropics,30,uo,0.6867171308735721,0.004729246523487744,0.00951772184505654,0.010173216723607506,0.8286839752725838,0.06876951740042782,0.09755881223680689,0.10086236524892477,0.967246921049642
A,inferred_persistence,tropics,30,vo,0.7626150504729015,0.002984025752533223,0.0026045408614149895,0.0029416438090203428,0.8732783350529781,0.0546262368512899,0.05103470252107863,0.05423692293097335,0.940958663640079
A,inferred_persistence,tropics,30,zos,0.0030307984461706403,0.001404946403591984,0.20247419479519427,0.20267562959531338,0.05505268791049753,0.03748261468457055,0.4499713266367028,0.45019510170071086,0.9995029375860317
A,true,extratropics,0,so,0.0,0.0,1203.8131713542705,1203.8131713542705,0.0,0.0,34.69601088532038,34.69601088532038,1.0
A,true,extratropics,0,sst,0.0,0.0,264.66212894940617,264.66212894940617,0.0,0.0,16.268439659334454,16.268439659334454,1.0
A,true,extratropics,0,thetao,0.0,0.0,91.88061453580991,91.88061453580991,0.0,0.0,9.585437628810169,9.585437628810169,1.0
A,true,extratropics,0,ts,0.0,,,,0.0,,,,
A,true,extratropics,0,uo,0.0,0.0,0.0036498695552275684,0.0036498695552275684,0.0,0.0,0.06041415028970919,0.06041415028970919,1.0
A,true,extratropics,0,vo,0.0,0.0,0.0030889873151848375,0.0030889873151848375,0.0,0.0,0.05557865881059777,0.05557865881059777,1.0
A,true,extratropics,0,zos,0.0,0.0,0.48620438304814423,0.48620438304814423,0.0,0.0,0.697283574342709,0.697283574342709,1.0
A,true,extratropics,5,so,0.0004390737025249861,0.0015091793099455003,1203.8180295709979,1203.8158635205882,0.02095408558074024,0.03884815709844548,34.69608089642111,34.69604968178061,1.0000008996597822
A,true,extratropics,5,sst,0.0006140026015774657,0.08314985191129672,264.2249594023733,264.80069678720804,0.024779075882233093,0.2883571603260386,16.25499798223221,16.272697895161947,0.9989122938898166
A,true,extratropics,5,thetao,0.00028753369301086996,0.018576750006094454,91.86767192367218,91.89021460419285,0.016956818481391783,0.1362965517028749,9.58476248655501,9.585938378906514,0.9998773315344806
A,true,extratropics,5,ts,0.00036330369776792806,,,,0.019060527216421062,,,,
A,true,extratropics,5,uo,0.04128763497228284,0.0001361756458213852,0.00354547471558968,0.0036474312009881155,0.20319358988974737,0.011669432112206026,0.0595438889861057,0.06039396659425605,0.985924461397586
A,true,extratropics,5,vo,0.05716244750029855,0.0001350716781007168,0.0029839986473340478,0.003091959232748583,0.2390866945279443,0.011622034163635763,0.05462598875383445,0.05560538852259359,0.9823866032630777
A,true,extratropics,5,zos,0.0012506550340207212,0.0005797493054573373,0.4839096659361714,0.4863526396679156,0.03536460142601244,0.024077983832898827,0.6956361591638055,0.6973898763732634,0.9974853130668055
A,true,extratropics,10,so,0.0007208282499744154,0.0027665115699736305,1203.8129526530727,1203.8172161582934,0.026848244821112893,0.052597638444835434,34.69600773364383,34.69606917445106,0.9999982291709496
A,true,extratropics,10,sst,0.0009205730407347797,0.12466642960454474,264.2152711502229,264.84413516882694,0.030340946602483907,0.3530813356785441,16.254699971092144,16.274032541715865,0.9988120602208356
A,true,extratropics,10,thetao,0.000510021622143574,0.029791670862468273,91.84431161158682,91.89780742649144,0.022583658298503676,0.17260263863124536,9.583543791916789,9.58633441032032,0.9997088961970149
A,true,extratropics,10,ts,0.0006154249360589947,,,,0.024807759593703634,,,,
A,true,extratropics,10,uo,0.07982604462526642,0.00019954074195604375,0.0035209425528989887,0.003650042322148721,0.28253503256280704,0.014125889067808928,0.05933753072802228,0.060415580127552534,0.9821561028255589
A,true,extratropics,10,vo,0.11379904707359985,0.00021797678673288502,0.002954094634665769,0.0030950805369513337,0.33734114346400124,0.014764036938889209,0.054351583552512704,0.05563344800523633,0.9769587451670626
A,true,extratropics,10,zos,0.0015033446710951384,0.0006968852387143363,0.48377224652454104,0.4864606968682222,0.0387729889368248,0.02639858402858639,0.6955373796745514,0.697467344660825,0.9972328955598456
A,true,extratropics,15,so,0.0010469081097827617,0.003998502643830751,1203.8077882546684,1203.8167773930713,0.03235595941681782,0.06323371445542916,34.695933310038924,34.696062851468774,0.9999962663939593
A,true,extratropics,15,sst,0.0012972148733843335,0.17567226064927646,264.1105103155579,264.9074671581538,0.03601686928904751,0.41913274824245894,16.25147717333898,16.275978224308172,0.9984946495607496
A,true,extratropics,15,thetao,0.0008086717015961958,0.04468113652543518,91.81802703883378,91.90559417755247,0.02843715354243803,0.21137912982467114,9.582172354890814,9.586740539805616,0.9995234892510302
A,true,extratropics,15,ts,0.0009277899056894786,,,,0.030459643886452097,,,,
A,true,extratropics,15,uo,0.11178916540434546,0.00026375216156060926,0.0035131476574630977,0.003641342693249186,0.33434886780778167,0.016240448317722304,0.059271811660038684,0.06034353895198048,0.9822395684682225
A,true,extratropics,15,vo,0.16211412306369963,0.0002969307112952122,0.0029358494036654014,0.003082921659519059,0.40263398150640445,0.017231677553134872,0.054183479065720776,0.055524063787866416,0.9758557888113623
A,true,extratropics,15,zos,0.001861474227461201,0.0008628985320095182,0.4825457948626894,0.48554731107721427,0.04314480533576668,0.029375134587087737,0.694655162553831,0.6968122495171954,0.9969043498232715
A,true,extratropics,20,so,0.0013315718874872887,0.0051249477742097375,1203.7978800520625,1203.815321375245,0.036490709605148657,0.0715887405547111,34.69579052352118,34.69604186899775,0.9999927557881813
A,true,extratropics,20,sst,0.0015933552775719687,0.21577637469527694,264.02928408227785,264.7955252907493,0.039916854555086985,0.4645173567212284,16.24897793962063,16.272538993370066,0.9985520972628159
A,true,extratropics,20,thetao,0.0010889211193433578,0.05790392224112367,91.79179794358886,91.90216510698583,0.03299880481689235,0.24063233831121633,9.580803616794828,9.5865616936932,0.9993993595324004
A,true,extratropics,20,ts,0.0012102465034153232,,,,0.03478859731888199,,,,
A,true,extratropics,20,uo,0.13925820377648887,0.0003319571710207046,0.0035101932133726633,0.0036474580241133764,0.37317315521951583,0.018219691847578122,0.059246883575194594,0.06039418866176924,0.9810030548965565
A,true,extratropics,20,vo,0.20423634050454562,0.0003799620414365658,0.0029277655157880673,0.0030871982566572026,0.45192514922777377,0.019492615048693845,0.05410883029402934,0.05556256164592488,0.9738361351811042
A,true,extratropics,20,zos,0.0021072367001606636,0.0009768233297044193,0.48245364668393376,0.4854934140287264,0.0459046479145703,0.031254172996648295,0.6945888328240916,0.6967735744334212,0.9968644884227904
A,true,extratropics,25,so,0.0016294949050038013,0.006172805231544258,1203.7923855900701,1203.8151419364283,0.04036700267549972,0.0785672020091352,34.69571134290332,34.69603928312897,0.999990548194191
A,true,extratropics,25,sst,0.0018744690748251,0.2538455462816989,263.86900930693656,264.69304988360165,0.043295139159322496,0.5038308707112923,16.244045349202167,16.26938996654766,0.998442190063819
A,true,extratropics,25,thetao,0.0013887776757329834,0.07157712104610688,91.76194181747307,91.897203308665,0.03726630751406669,0.2675390084569106,9.579245367849865,9.58630290094492,0.9992637898918925
A,true,extratropics,25,ts,0.0015091362903683924,,,,0.03884760340572366,,,,
A,true,extratropics,25,uo,0.16231273837953977,0.00038819591696982877,0.0035136845260216863,0.003646291957531004,0.40288055100679626,0.01970268806457202,0.059276340356179937,0.060384534092191224,0.9816477223403037
A,true,extratropics,25,vo,0.2403048064712195,0.00045001396223238744,0.0029160001091118283,0.0030822245559924397,0.49020894164755857,0.021213532526017147,0.054000001010294695,0.055517785942816915,0.9726612849063265
A,true,extratropics,25,zos,0.0023626097750783677,0.0010952031877211233,0.48273303713461363,0.48579827914334306,0.048606684469097126,0.03309385422886133,0.6947899230232212,0.6969923092426078,0.9968401570717762
A,true,extratropics,30,so,0.001908567872096938,0.007177132522512614,1203.7876857207975,1203.8158307478568,0.04368715912138186,0.08471795867767716,34.69564361300706,34.69604920949728,0.999988310009368
A,true,extratropics,30,sst,0.0021626383743502385,0.29287019371986384,263.8072159892381,264.72332362936,0.04650417588077697,0.54117482731541,16.24214320800177,16.27032032964809,0.9982681888816304
A,true,extratropics,30,thetao,0.0016831491147753488,0.08461555394052671,91.73778200698086,91.8930253497211,0.04102620034533236,0.2908875279906767,9.577984235055979,9.58608498552569,0.9991549469379895
A,true,extratropics,30,ts,0.0017958584934361433,,,,0.04237757064103773,,,,
A,true,extratropics,30,uo,0.18346796915774832,0.0004527354350241935,0.0035133902777317225,0.003653029506141431,0.42833161120532337,0.02127758057261665,0.059273858299689945,0.06044029703882527,0.9807009760659178
A,true,extratropics,30,vo,0.27355470417630856,0.000524474181164972,0.0029084906709728833,0.003089732657977778,0.5230245732050346,0.022901401292605917,0.05393042435372527,0.055585363702846974,0.9702270662836926
A,true,extratropics,30,zos,0.0026499809981840637,0.0012284159928446859,0.4818968047397305,0.486308480151976,0.05147796614265237,0.035048765924703906,0.6941878742384734,0.6973582150888996,0.9954537843222768
A,true,global,0,so,0.0,0.0,1210.2027203703358,1210.2027203703358,0.0,0.0,34.787968040262655,34.787968040262655,1.0
A,true,global,0,sst,0.0,0.0,447.4121497568458,447.4121497568458,0.0,0.0,21.15211927341669,21.15211927341669,1.0
A,true,global,0,thetao,0.0,0.0,142.8450749442232,142.8450749442232,0.0,0.0,11.951781245664732,11.951781245664732,1.0
A,true,global,0,ts,0.0,,,,0.0,,,,
A,true,global,0,uo,0.0,0.0,0.006036315295715531,0.006036315295715531,0.0,0.0,0.07769372751847817,0.07769372751847817,1.0
A,true,global,0,vo,0.0,0.0,0.003028792257069194,0.003028792257069194,0.0,0.0,0.05503446426621408,0.05503446426621408,1.0
A,true,global,0,zos,0.0,0.0,0.3823900824845439,0.3823900824845439,0.0,0.0,0.6183769744132974,0.6183769744132974,1.0
A,true,global,5,so,0.0004488562489865328,0.001663176496262733,1210.2104858203747,1210.2049461904198,0.021186227813995883,0.040782060961441526,34.788079651230746,34.788000031482404,1.0000022887130122
A,true,global,5,sst,0.0005420451869745454,0.07340518923269373,446.47438742897725,447.5149160057607,0.023281863906795465,0.27093392041731085,21.129940544851923,21.154548352677274,0.9988367604254601
A,true,global,5,thetao,0.00028921660487362603,0.020412079985574677,142.90421740946545,142.85127031421823,0.017006369538311993,0.1428708507204135,11.954255200951058,11.95204042472323,1.0001853052825398
A,true,global,5,ts,0.0003690364269300794,,,,0.01921032084401714,,,,
A,true,global,5,uo,0.04001780145329749,0.00022575158031356882,0.005803770602630625,0.006021049417328951,0.20004449868291177,0.015025031790767326,0.07618248225563817,0.07759542136833172,0.9817909473551721
A,true,global,5,vo,0.05411755127445104,0.0001841228692604727,0.0028802000320354688,0.0030267310920001978,0.23263179334401185,0.013569188231448214,0.0536674951160893,0.05501573494919611,0.9754935595361612
A,true,global,5,zos,0.0008838514472837183,0.0004097151066143152,0.38138455001994814,0.3824243370932762,0.029729639205407762,0.020241420568090453,0.6175633975714139,0.6184046709827443,0.9986396069583473
A,true,global,10,so,0.00075912767242849,0.0030909469360072134,1210.22218334922,1210.2051304315771,0.02755227163826043,0.055596285271654736,34.788247776357174,34.78800267953849,1.000007045440951
A,true,global,10,sst,0.0008154263028479364,0.11042718122703857,446.17757870452573,447.5531859735046,0.02855567023986543,0.3323058549394497,21.122915961214392,21.15545286618806,0.9984620085809806
A,true,global,10,thetao,0.0004984758412180663,0.032492000955084,142.94438179758797,142.85481616379704,0.022326572536286584,0.18025537704901898,11.955935003068056,11.9521887603818,1.0003134357029797
A,true,global,10,ts,0.0006288017568232782,,,,0.02507591985996283,,,,
A,true,global,10,uo,0.0735643606143768,0.00035073403626504506,0.00574212554386377,0.006058213364304922,0.27122750711234433,0.018727894603105952,0.07577681402555646,0.07783452552887389,0.9735629980482878
A,true,global,10,vo,0.09863770240397919,0.0002798844483045022,0.0028402354638843706,0.0030354276251364294,0.31406639808164644,0.01672974740707409,0.053293859532636316,0.05509471503816341,0.9673134618396761
A,true,global,10,zos,0.001087478792407699,0.0005041078938937475,0.38155860431266553,0.3825429512394799,0.032976943345429985,0.02245234718005553,0.6177043016789389,0.6185005668869511,0.9987125877474615
A,true,global,15,so,0.001109361956488029,0.004434480202423989,1210.2275029800473,1210.2040153150544,0.03330708567989744,0.06659189291816227,34.78832423357077,34.787986652220255,1.0000097039634368
A,true,global,15,sst,0.0011363532852776072,0.1538879595170117,445.7352566189236,447.6225280761719,0.033709839591395376,0.3922855586393816,21.112443170294707,21.157091673388663,0.9978896672669753
A,true,global,15,thetao,0.0007776479976642313,0.04796887428911642,142.9770064424184,142.8625363302485,0.02788634070049764,0.21901797709118861,11.957299295510605,11.95251171638198,1.0004005500469046
A,true,global,15,ts,0.0009435049770761301,,,,0.03071652612318213,,,,
A,true,global,15,uo,0.1010747777435736,0.0004510049761424426,0.005726279519735463,0.00607172364122181,0.3179225970949118,0.02123687773997022,0.07567218458413542,0.07792126565464533,0.9711364920524
A,true,global,15,vo,0.1360909080767587,0.0003603096333667166,0.002818416042269666,0.003021085084922215,0.368905012268414,0.018981823762924274,0.05308875626975702,0.05496439834040044,0.9658753278981175
A,true,global,15,zos,0.0013628708236295244,0.0006317676684696342,0.3811257328047897,0.38176642012114476,0.03691708037791619,0.0251349889291727,0.617353814926894,0.6178724950352983,0.9991605386021033
A,true,global,20,so,0.0014064107989052938,0.005600726811912907,1210.232576718044,1210.202575716042,0.03750214392411844,0.0748380037942816,34.78839715649521,34.78796596117746,1.000012394956297
A,true,global,20,sst,0.0013929961856002555,0.1886432181404094,445.46447908035435,447.5783386230469,0.0373228641130374,0.43433077042780355,21.10602944848591,21.156047329854573,0.9976357643472427
A,true,global,20,thetao,0.0010370839421295708,0.06162404911781786,143.02520037637282,142.8654907852846,0.03220378769849241,0.2482419165205946,11.959314377353445,11.95263530713142,1.0005587947804315
A,true,global,20,ts,0.0012217473705174323,,,,0.034953502979207,,,,
A,true,global,20,uo,0.12449996381728713,0.0005435744787315943,0.005710639955484326,0.006062034398403562,0.3528455240148118,0.023314683757915188,0.07556877632649828,0.07785906754131829,0.9705841427704667
A,true,global,20,vo,0.1699784463474498,0.00044650076731974644,0.002805808260622008,0.0030253581323639433,0.4122844240902751,0.02113056476575452,0.052969880692918386,0.055003255652406095,0.9630317344788161
A,true,global,20,zos,0.0015659814505282323,0.0007259209253448474,0.38144569986998433,0.3817692986040404,0.03957248350215377,0.02694291976280313,0.617612904552669,0.6178748243811528,0.9995760956456737
A,true,global,25,so,0.0017072664714309687,0.006665715632884641,1210.2357421096242,1210.2032899020012,0.041319081202647386,0.08164383401632141,34.78844265139824,34.78797622601811,1.0000134076606555
A,true,global,25,sst,0.0016274150634993,0.22038883994324035,445.10974706784646,447.44390838314786,0.04034123279597811,0.4694558977616964,21.097624204346953,21.152869979819474,0.9973882610007423
A,true,global,25,thetao,0.0013105785514439339,0.07533175288677514,143.05524506215028,142.86061202031462,0.03620191364339645,0.27446630555821444,11.96057043213869,11.952431217970451,1.000680967245894
A,true,global,25,ts,0.0015089225114374514,,,,0.03884485180094592,,,,
A,true,global,25,uo,0.14461625235304748,0.0006248888825287022,0.005704150558754089,0.006050301252170681,0.38028443611729296,0.024997777551788523,0.07552582709745116,0.07778368242871175,0.9709726351239555
A,true,global,25,vo,0.19917616847425235,0.0005203479198630583,0.002790270557711886,0.0030246617876605224,0.44629157338476866,0.02281113587402123,0.052823011630461644,0.054996925256422496,0.9604720879244611
A,true,global,25,zos,0.0017585665072229282,0.0008151949820757314,0.3819781586979375,0.3820452109129742,0.0419352656748819,0.02855161960512453,0.6180438161634962,0.6180980593020611,0.999912241855886
A,true,global,30,so,0.001989494796378514,0.007692173797910036,1210.2414511843351,1210.2057858213093,0.04460375316471153,0.08770503861187244,34.7885247054878,34.78801209930383,1.000014735138717
A,true,global,30,sst,0.001869319102049501,0.253148123320907,444.8890189739189,447.40683569089333,0.04323562306766841,0.5031382745537324,21.092392443104195,21.151993657593916,0.9971822412839878
A,true,global,30,thetao,0.0015793168441559612,0.08844944424056689,143.0944400306971,142.8516729706198,0.03974061957438461,0.29740451281136754,11.962208827415491,11.952057269383367,1.0008493565420011
A,true,global,30,ts,0.0017844058202672378,,,,0.04224222792736242,,,,
A,true,global,30,uo,0.1631783144523779,0.0007079344935461933,0.005699556148344371,0.00603941450658323,0.40395335677820265,0.026607038421180836,0.07549540481608381,0.07771367001102979,0.9714559202437468
A,true,global,30,vo,0.22670153530828493,0.0005982679686835869,0.0027825407071670454,0.0030287501390764563,0.476131846559632,0.024459516934796297,0.05274979343245853,0.05503408161381869,0.9584932079472261
A,true,global,30,zos,0.0019864704697439423,0.0009208413527694768,0.3818389710151788,0.38252979486879674,0.04456983811664501,0.030345367896426577,0.6179312024935938,0.6184899310973435,0.999096624575992
A,true,tropics,0,so,0.0,0.0,1221.1740320297963,1221.1740320297963,0.0,0.0,34.94530057146163,34.94530057146163,1.0
A,true,tropics,0,sst,0.0,0.0,764.1281806098091,764.1281806098091,0.0,0.0,27.642868530776777,27.642868530776777,1.0
A,true,tropics,0,thetao,0.0,0.0,230.62646323308667,230.62646323308667,0.0,0.0,15.186390724365243,15.186390724365243,1.0
A,true,tropics,0,ts,0.0,,,,0.0,,,,
A,true,tropics,0,uo,0.0,0.0,0.01017016792576906,0.01017016792576906,0.0,0.0,0.10084725046211751,0.10084725046211751,1.0
A,true,tropics,0,vo,0.0,0.0,0.002943038601592826,0.002943038601592826,0.0,0.0,0.05424977973773558,0.05424977973773558,1.0
A,true,tropics,0,zos,0.0,0.0,0.20247419479519427,0.20247419479519427,0.0,0.0,0.4499713266367028,0.4499713266367028,1.0
A,true,tropics,5,so,0.00046863569474301384,0.0019298973323256011,1221.1876181765226,1221.1754554695806,0.021647995166828124,0.04393059676723731,34.945494962534475,34.94532093813964,1.0000049799054684
A,true,tropics,5,sst,0.0004173391004741586,0.05651716210625384,762.3228457672427,764.1688966076783,0.020428879080217753,0.23773338450090228,27.610194598503696,27.643604985740886,0.9987913881979422
A,true,tropics,5,thetao,0.00029390232654008465,0.023578863943950396,230.80922798837477,230.626773843594,0.017143579746951472,0.1535541075450292,15.192406918864922,15.18640095096906,1.000395483295565
A,true,tropics,5,ts,0.00038126901064154927,,,,0.019526110996344083,,,,
A,true,tropics,5,uo,0.03906712557250062,0.00038101228563527305,0.009715465455060544,0.010132723456349605,0.19765405528979318,0.019519535999487105,0.09856706070011698,0.10066142983461741,0.9791939262342945
A,true,tropics,5,vo,0.050402923972345345,0.0002694459574111934,0.0027183879267513125,0.0029323185698539238,0.2245059553159901,0.01641480908847841,0.05213816190422628,0.05415088706433094,0.962831169178936
A,true,tropics,5,zos,0.0002481606121602495,0.00011503647178269347,0.20370290827269502,0.20231088153039561,0.01575311436384087,0.010725505665594208,0.45133458572626034,0.4497898192827352,1.0034344184267854
A,true,tropics,10,so,0.0008291158281233472,0.0036524346063418036,1221.2281586293652,1221.173619028484,0.02879437146602348,0.06043537545462759,34.9460750103551,34.945294662207154,1.0000223305642575
A,true,tropics,10,sst,0.0006332012961119556,0.08574978947037394,761.528443615846,764.1982039634628,0.025163491333913813,0.2928306498138027,27.59580481913593,27.644135073528034,0.99825169952818
A,true,tropics,10,thetao,0.0004827210667786684,0.037160984833198955,230.9585454458607,230.62331886524305,0.021970914108854652,0.19277184657827748,15.197320337673371,15.186287198168058,1.0007265198768691
A,true,tropics,10,ts,0.0006559184474510078,,,,0.025610904854202397,,,,
A,true,tropics,10,uo,0.06542504421528869,0.0006130360862886477,0.009589313920691468,0.010229659401123631,0.25578319767977076,0.02475956555129043,0.09792504235736367,0.10114177871247683,0.9681957703724233
A,true,tropics,10,vo,0.07600070427408054,0.00038823150573106255,0.002660618620090689,0.002950692858166014,0.27568225237414273,0.019703591188691024,0.051581184748808254,0.05432028035794747,0.9495750833557974
A,true,tropics,10,zos,0.0003667603196302899,0.0001700141405712091,0.20441675818327698,0.2024477909911762,0.019150987432252412,0.013038947065281348,0.45212471529797726,0.4499419862506457,1.004851134399615
A,true,tropics,15,so,0.0012218596969701735,0.005188503314370825,1221.2521363278136,1221.1713305832793,0.03495510974049679,0.07203126622773492,34.946418075788735,34.945261918939444,1.0000330847956433
A,true,tropics,15,sst,0.0008575713886370909,0.11613457950979769,760.5011084970802,764.2779658153804,0.029284319842487225,0.3407852395714898,27.577184564365524,27.64557769002812,0.9975260735576068
A,true,tropics,15,thetao,0.0007311810611735129,0.0536611024456002,231.09224085695413,230.6309176207124,0.027040359856583138,0.23164866165294415,15.201718352112506,15.186537380874958,1.0009996334817353
A,true,tropics,15,ts,0.0009765203790718432,,,,0.031249326057882325,,,,
A,true,tropics,15,uo,0.08628836769664112,0.0007760957606301591,0.009559417472154757,0.010281492802433246,0.2937488173536042,0.027858495304487627,0.097772273534754,0.10139769623829353,0.9642455120970453
A,true,tropics,15,vo,0.09624647346148456,0.00047192469101101,0.0026323732458584277,0.0029324916814102296,0.3102361575662717,0.021723827724666987,0.051306658884188006,0.05415248545921258,0.9474479047288045
A,true,tropics,15,zos,0.0004987636386449272,0.00023120514063084546,0.20535918227349864,0.20190843036680506,0.022333016783339578,0.015205431287235671,0.45316573378124986,0.44934221965758464,1.0085091361470082
A,true,tropics,20,so,0.0015409440027062578,0.0064231466088984735,1221.2831327123,1221.1699123352148,0.039254859606248214,0.08014453573949053,34.94686155740312,34.94524162651068,1.000046356265318
A,true,tropics,20,sst,0.0010457630022287284,0.14161998492599734,759.9018363567313,764.3511999881629,0.032338259109431486,0.3763243081784611,27.566317061891517,27.6469021770643,0.9970852027233764
A,true,tropics,20,thetao,0.0009575117040314606,0.06807458176011609,231.2683180786678,230.64490313107183,0.030943686012358976,0.2609110610152741,15.207508608535054,15.186997831404067,1.0013505484993601
A,true,tropics,20,ts,0.0012492278533688592,,,,0.03534441757008961,,,,
A,true,tropics,20,uo,0.10355152512748524,0.0009112457291877621,0.009521812393115408,0.010244555810134651,0.3217942279275457,0.030186846956708847,0.09757977450842674,0.1012153931481504,0.9640803782246624
A,true,tropics,20,vo,0.11711345289886818,0.0005642258227350359,0.00261186195723478,0.0029367464090602246,0.34221842863713253,0.023753438124512333,0.051106378831167254,0.05419175591416304,0.9430655635539312
A,true,tropics,20,zos,0.000627956318438489,0.00029109325083531614,0.20639339239910393,0.20200970227068119,0.025059056615094052,0.017061455120689916,0.45430539552057264,0.4494548945897477,1.0107919637525637
A,true,tropics,25,so,0.0018478765640923991,0.007517531734373424,1221.301681039943,1221.1721649575525,0.04298693480689684,0.08670370081128846,34.94712693541406,34.94527385724073,1.0000530280054722
A,true,tropics,25,sst,0.0011992570068075211,0.16240654757829623,759.210097804214,764.1613788026752,0.0346302903078724,0.402996957281685,27.553767397657513,27.6434690081161,0.9967550523260214
A,true,tropics,25,thetao,0.001188532464824601,0.08185614346343706,231.40120650582043,230.64014333887937,0.03447509919963394,0.28610512659411935,15.211877152600872,15.18684112443662,1.0016485342777417
A,true,tropics,25,ts,0.0015182045144585,,,,0.03896414395901057,,,,
A,true,tropics,25,uo,0.11926643543464267,0.0010363208830348966,0.009498061169913866,0.010214627334406852,0.3453497291654399,0.03219193816835042,0.09745799695209145,0.10106743953621686,0.9642867910705111
A,true,tropics,25,vo,0.1354618253179413,0.0006452400106594216,0.002589750949261061,0.002943455925030582,0.3680513895068748,0.02540157496415176,0.050889595687734254,0.054253625915975254,0.9379943704877716
A,true,tropics,25,zos,0.0007117262687486586,0.00032992536014509393,0.2073644259662339,0.20223544221935846,0.026678198378988386,0.018163847614013226,0.4553728428071155,0.44970595083827664,1.012601327508065
A,true,tropics,30,so,0.0021364519253621417,0.008582078743635911,1221.3255417949022,1221.1777864219914,0.04622176895535416,0.0926395096254072,34.94746831738892,34.94535428954744,1.0000604952470638
A,true,tropics,30,sst,0.001360980759732221,0.18430760397453497,758.7139269896228,764.0076028843118,0.03689147272381818,0.4293106147936887,27.544762242386895,27.640687453178725,0.9965295649410196
A,true,tropics,30,thetao,0.0014160074351657272,0.09512458522497892,231.54921087632678,230.622964074716,0.037629874237973836,0.30842273785338675,15.216741138506851,15.186275516884185,1.0020061285987334
A,true,tropics,30,ts,0.0017762296802639344,,,,0.04214533995905045,,,,
A,true,tropics,30,uo,0.1338885343499414,0.0011517405634386304,0.009486023383793701,0.010173216723607506,0.36590782220381873,0.033937303420257636,0.0973962185292309,0.10086236524892477,0.9656348856073369
A,true,tropics,30,vo,0.1539426726833231,0.000729685674259541,0.002581588142817771,0.0029416438090203428,0.3923552888433175,0.02701269468711963,0.05080933125733669,0.05423692293097335,0.9368033529852181
A,true,tropics,30,zos,0.0008365702039251172,0.00038779757868709694,0.20843325284394348,0.20267562959531338,0.028923523366372866,0.019692576740667964,0.4565449078063882,0.45019510170071086,1.014104565068988
A,true_persistence,extratropics,0,so,0.0,0.0,1203.8131713542705,1203.8131713542705,0.0,0.0,34.69601088532038,34.69601088532038,1.0
A,true_persistence,extratropics,0,sst,0.0,0.0,264.66212894940617,264.66212894940617,0.0,0.0,16.268439659334454,16.268439659334454,1.0
A,true_persistence,extratropics,0,thetao,0.0,0.0,91.88061453580991,91.88061453580991,0.0,0.0,9.585437628810169,9.585437628810169,1.0
A,true_persistence,extratropics,0,ts,0.0,,,,0.0,,,,
A,true_persistence,extratropics,0,uo,0.0,0.0,0.0036498695552275684,0.0036498695552275684,0.0,0.0,0.06041415028970919,0.06041415028970919,1.0
A,true_persistence,extratropics,0,vo,0.0,0.0,0.0030889873151848375,0.0030889873151848375,0.0,0.0,0.05557865881059777,0.05557865881059777,1.0
A,true_persistence,extratropics,0,zos,0.0,0.0,0.48620438304814423,0.48620438304814423,0.0,0.0,0.697283574342709,0.697283574342709,1.0
A,true_persistence,extratropics,5,so,0.00021507349863930357,0.001063463601209703,1203.8131713542705,1203.8158635205882,0.01466538436725419,0.03261078964406877,34.69601088532038,34.69604968178061,0.9999988818190952
A,true_persistence,extratropics,5,sst,0.0008073392423513657,0.10933200981129296,264.66212894940617,264.80069678720804,0.028413715743481453,0.3306539124391135,16.268439659334454,16.272697895161947,0.9997383202309214
A,true_persistence,extratropics,5,thetao,0.00026479084149497764,0.016691998540437993,91.88061453580991,91.89021460419285,0.016272395075555952,0.1291975175475055,9.585437628810169,9.585938378906514,0.9999477620159288
A,true_persistence,extratropics,5,ts,0.0002399321700671406,,,,0.015489744028457687,,,,
A,true_persistence,extratropics,5,uo,0.10305036636191212,0.00030088291140941586,0.0036498695552275684,0.0036474312009881155,0.32101458901724716,0.017345976807589012,0.06041415028970919,0.06039396659425605,1.0003342005268299
A,true_persistence,extratropics,5,vo,0.1726736904877985,0.0003879782773062463,0.0030889873151848375,0.003091959232748583,0.41554023931239015,0.01969716419452928,0.05557865881059777,0.05560538852259359,0.99951929637206
A,true_persistence,extratropics,5,zos,0.0019571017568008587,0.0009072272970124272,0.48620438304814423,0.4863526396679156,0.044239142812681834,0.030120214093070904,0.697283574342709,0.6973898763732634,0.9998475715892132
A,true_persistence,extratropics,10,so,0.0005731591550500728,0.002715767923489661,1203.8131713542705,1203.8172161582934,0.023940742575159876,0.052113030265852525,34.69601088532038,34.69606917445106,0.9999983200076532
A,true_persistence,extratropics,10,sst,0.0023422749110995596,0.31719704800181914,264.66212894940617,264.84413516882694,0.04839705477712006,0.5632024928938251,16.268439659334454,16.274032541715865,0.9996563308837515
A,true_persistence,extratropics,10,thetao,0.0008113384913699199,0.051257212277613234,91.88061453580991,91.89780742649144,0.028484004131616045,0.22640055714952037,9.585437628810169,9.58633441032032,0.9999064520940156
A,true_persistence,extratropics,10,ts,0.0006922488232099964,,,,0.026310621870453698,,,,
A,true_persistence,extratropics,10,uo,0.22988193368876886,0.0005985889084256353,0.0036498695552275684,0.003650042322148721,0.4794600438918439,0.024466076686416958,0.06041415028970919,0.060415580127552534,0.9999763332928306
A,true_persistence,extratropics,10,vo,0.4013627334945954,0.000864865956650017,0.0030889873151848375,0.0030950805369513337,0.6335319514393851,0.029408603446100887,0.05557865881059777,0.05563344800523633,0.9990151752838796
A,true_persistence,extratropics,10,zos,0.0032660167668992625,0.0015139833922883132,0.48620438304814423,0.4864606968682222,0.05714907494351298,0.038909939505071364,0.697283574342709,0.697467344660825,0.9997365176742355
A,true_persistence,extratropics,15,so,0.0009711166603563443,0.004564984819615933,1203.8131713542705,1203.8167773930713,0.03116274475004319,0.0675646713868715,34.69601088532038,34.696062851468774,0.9999985022465341
A,true_persistence,extratropics,15,sst,0.0043820915120474585,0.5934343891914444,264.66212894940617,264.9074671581538,0.06619736786343894,0.7703469278133356,16.268439659334454,16.275978224308172,0.9995368287626203
A,true_persistence,extratropics,15,thetao,0.0014712980778361093,0.09619160240657047,91.88061453580991,91.90559417755247,0.03835750354019549,0.3101477106260346,9.585437628810169,9.586740539805616,0.9998640923898965
A,true_persistence,extratropics,15,ts,0.0012212073690962269,,,,0.034945777557470754,,,,
A,true_persistence,extratropics,15,uo,0.3280400138492916,0.000872582922568604,0.0036498695552275684,0.003641342693249186,0.5727477750714459,0.029539514596022123,0.06041415028970919,0.06034353895198048,1.0011701557276065
A,true_persistence,extratropics,15,vo,0.590082766637721,0.0013130715215131767,0.0030889873151848375,0.003082921659519059,0.7681684493896641,0.036236328753243986,0.05557865881059777,0.055524063787866416,1.0009832677762913
A,true_persistence,extratropics,15,zos,0.004260685682917593,0.001975068659051221,0.48620438304814423,0.48554731107721427,0.06527392804878218,0.044441744554542646,0.697283574342709,0.6968122495171954,1.000676401463723
A,true_persistence,extratropics,20,so,0.001385554945595646,0.006547702539251642,1203.8131713542705,1203.815321375245,0.03722304320707331,0.08091787527642852,34.69601088532038,34.69604186899775,0.9999991069967725
A,true_persistence,extratropics,20,sst,0.006858784112740592,0.9288346364040567,264.66212894940617,264.7955252907493,0.08281777655033122,0.9637606738210772,16.268439659334454,16.272538993370066,0.9997480827031797
A,true_persistence,extratropics,20,thetao,0.002193970090327154,0.149558835399546,91.88061453580991,91.90216510698583,0.04683983443957882,0.386728374184706,9.585437628810169,9.5865616936932,0.9998827457727862
A,true_persistence,extratropics,20,ts,0.0017897625179614,,,,0.04230558494999685,,,,
A,true_persistence,extratropics,20,uo,0.4049771989060487,0.0011233581713336104,0.0036498695552275684,0.0036474580241133764,0.636378188584468,0.03351653578957125,0.06041415028970919,0.06039418866176924,1.0003305223297516
A,true_persistence,extratropics,20,vo,0.7449529418154387,0.0017199722687259772,0.0030889873151848375,0.0030871982566572026,0.8631065645767263,0.04147254837511166,0.05557865881059777,0.05556256164592488,1.0002897124285859
A,true_persistence,extratropics,20,zos,0.00518992470549132,0.002405823483555107,0.48620438304814423,0.4854934140287264,0.07204113203921299,0.04904919452503891,0.697283574342709,0.6967735744334212,1.0007319449646215
A,true_persistence,extratropics,25,so,0.0018162883295611812,0.008681839657118042,1203.8131713542705,1203.8151419364283,0.042617934365254975,0.09317639001977938,34.69601088532038,34.69603928312897,0.9999991815259271
A,true_persistence,extratropics,25,sst,0.009848433455000723,1.3337008396182397,264.66212894940617,264.69304988360165,0.0992392737528884,1.1548596623045762,16.268439659334454,16.26938996654766,0.9999415892534902
A,true_persistence,extratropics,25,thetao,0.002968578738945127,0.21183950854555933,91.88061453580991,91.897203308665,0.0544846651723687,0.4602602617493274,9.585437628810169,9.58630290094492,0.9999097387028459
A,true_persistence,extratropics,25,ts,0.002392433534253154,,,,0.048912508975242255,,,,
A,true_persistence,extratropics,25,uo,0.47011690479463114,0.0013324495173048197,0.0036498695552275684,0.003646291957531004,0.685650716323283,0.03650273301144477,0.06041415028970919,0.060384534092191224,1.0004904599822324
A,true_persistence,extratropics,25,vo,0.8747568378291316,0.002053506131984825,0.0030889873151848375,0.0030822245559924397,0.9352843620146397,0.04531562790014969,0.05557865881059777,0.055517785942816915,1.001096457049702
A,true_persistence,extratropics,25,zos,0.0059416582055314094,0.0027542944451925213,0.48620438304814423,0.48579827914334306,0.07708215231512032,0.05248137236384469,0.697283574342709,0.6969923092426078,1.0004178885422965
A,true_persistence,extratropics,30,so,0.002262526433633239,0.010976231063342197,1203.8131713542705,1203.8158307478568,0.04756602183947318,0.10476750957879163,34.69601088532038,34.69604920949728,0.9999988954311003
A,true_persistence,extratropics,30,sst,0.013398058270339361,1.814400391747253,264.66212894940617,264.72332362936,0.11574998172932625,1.3469968046536906,16.268439659334454,16.27032032964809,0.9998844109842012
A,true_persistence,extratropics,30,thetao,0.003786226625019266,0.28273173756461745,91.88061453580991,91.8930253497211,0.06153232179122828,0.5317252463111164,9.585437628810169,9.58608498552569,0.9999324691241003
A,true_persistence,extratropics,30,ts,0.0030243765293262526,,,,0.05499433179270617,,,,
A,true_persistence,extratropics,30,uo,0.5259542041782495,0.0015251508594913352,0.0036498695552275684,0.003653029506141431,0.7252270018264967,0.039053179889624035,0.06041415028970919,0.06044029703882527,0.9995673954233003
A,true_persistence,extratropics,30,vo,0.9857706370219343,0.0023375054422675352,0.0030889873151848375,0.003089732657977778,0.9928598274791535,0.048347755297092496,0.05557865881059777,0.055585363702846974,0.9998793766595637
A,true_persistence,extratropics,30,zos,0.006787142434129156,0.0031462241895496303,0.48620438304814423,0.486308480151976,0.08238411518083541,0.056091213122463575,0.697283574342709,0.6973582150888996,0.9998929664201618
A,true_persistence,global,0,so,0.0,0.0,1210.2027203703358,1210.2027203703358,0.0,0.0,34.787968040262655,34.787968040262655,1.0
A,true_persistence,global,0,sst,0.0,0.0,447.4121497568458,447.4121497568458,0.0,0.0,21.15211927341669,21.15211927341669,1.0
A,true_persistence,global,0,thetao,0.0,0.0,142.8450749442232,142.8450749442232,0.0,0.0,11.951781245664732,11.951781245664732,1.0
A,true_persistence,global,0,ts,0.0,,,,0.0,,,,
A,true_persistence,global,0,uo,0.0,0.0,0.006036315295715531,0.006036315295715531,0.0,0.0,0.07769372751847817,0.07769372751847817,1.0
A,true_persistence,global,0,vo,0.0,0.0,0.003028792257069194,0.003028792257069194,0.0,0.0,0.05503446426621408,0.05503446426621408,1.0
A,true_persistence,global,0,zos,0.0,0.0,0.3823900824845439,0.3823900824845439,0.0,0.0,0.6183769744132974,0.6183769744132974,1.0
A,true_persistence,global,5,so,0.00026079973105410954,0.0013443306172242668,1210.2027203703358,1210.2049461904198,0.016149295063689607,0.036665114444445236,34.787968040262655,34.788000031482404,0.9999990803949718
A,true_persistence,global,5,sst,0.0006431060163491869,0.08709111316788072,447.4121497568458,447.5149160057607,0.025359535018394698,0.2951120349424617,21.15211927341669,21.154548352677274,0.9998851746102027
A,true_persistence,global,5,thetao,0.00026271944906731335,0.018562604494568848,142.8450749442232,142.85127031421823,0.01620862267644334,0.13624464941629394,11.951781245664732,11.95204042472323,0.9999783150784898
A,true_persistence,global,5,ts,0.00026175959006071147,,,,0.01617898606404961,,,,
A,true_persistence,global,5,uo,0.11666498003267084,0.0005992556951749948,0.006036315295715531,0.006021049417328951,0.34156255654370377,0.024479699654509544,0.07769372751847817,0.07759542136833172,1.0012669065830546
A,true_persistence,global,5,vo,0.2227798873387328,0.0007256999777334883,0.003028792257069194,0.0030267310920001978,0.4719956433471953,0.02693881915996854,0.05503446426621408,0.05501573494919611,1.0003404356414627
A,true_persistence,global,5,zos,0.0014111399015580607,0.0006541431122435454,0.3823900824845439,0.3824243370932762,0.03756514210751852,0.02557622161781418,0.6183769744132974,0.6184046709827443,0.9999552128715281
A,true_persistence,global,10,so,0.0006850335994933387,0.003388996244551559,1210.2027203703358,1210.2051304315771,0.026173146534059267,0.05821508605637854,34.787968040262655,34.78800267953849,0.9999990042752339
A,true_persistence,global,10,sst,0.0018451112302518302,0.24986982985277364,447.4121497568458,447.5531859735046,0.04295475794660971,0.4998698129040937,21.15211927341669,21.15545286618806,0.999842423946561
A,true_persistence,global,10,thetao,0.0007641235062714185,0.053360817821638616,142.8450749442232,142.85481616379704,0.02764278398192589,0.23099960567420588,11.951781245664732,11.9521887603818,0.9999659045949459
A,true_persistence,global,10,ts,0.0007245785528823785,,,,0.02691799682150175,,,,
A,true_persistence,global,10,uo,0.25632720988428,0.0012285356891456993,0.006036315295715531,0.006058213364304922,0.5062876750270344,0.03505047345109192,0.07769372751847817,0.07783452552887389,0.9981910596944091
A,true_persistence,global,10,vo,0.4864053281934131,0.0014803095352678333,0.003028792257069194,0.0030354276251364294,0.6974276508666781,0.03847479090609634,0.05503446426621408,0.05509471503816341,0.9989064146732114
A,true_persistence,global,10,zos,0.0024554079193903596,0.0011382203741995788,0.3823900824845439,0.3825429512394799,0.049552072806194086,0.03373752175545173,0.6183769744132974,0.6185005668869511,0.9998001740333469
A,true_persistence,global,15,so,0.0011351375934459122,0.005508414748301496,1210.2027203703358,1210.2040153150544,0.033691803060179375,0.07421869540959,34.787968040262655,34.787986652220255,0.9999994649889404
A,true_persistence,global,15,sst,0.00338926241436799,0.4589828567372428,447.4121497568458,447.6225280761719,0.05821737210118635,0.6774827353794655,21.15211927341669,21.157091673388663,0.9997649771505114
A,true_persistence,global,15,thetao,0.0013529863115311221,0.09586084930641868,142.8450749442232,142.8625363302485,0.03678296224519067,0.30961403279957883,11.951781245664732,11.95251171638198,0.9999388855886878
A,true_persistence,global,15,ts,0.0012440619524885172,,,,0.0352712624169949,,,,
A,true_persistence,global,15,uo,0.37157445433037134,0.001754605747566401,0.006036315295715531,0.00607172364122181,0.6095690726491718,0.0418880143664796,0.07769372751847817,0.07792126565464533,0.9970798968130775
A,true_persistence,global,15,vo,0.6761499506910071,0.001991036474759049,0.003028792257069194,0.003021085084922215,0.8222833761490057,0.04462103175363664,0.05503446426621408,0.05496439834040044,1.0012747510739535
A,true_persistence,global,15,zos,0.003300508627705608,0.0015299723241383627,0.3823900824845439,0.38176642012114476,0.057450053330746424,0.039114860656000845,0.6183769744132974,0.6178724950352983,1.0008164781278543
A,true_persistence,global,20,so,0.0015890675071507233,0.007681932246484785,1210.2027203703358,1210.202575716042,0.039863109602121145,0.08764663283027355,34.787968040262655,34.78796596117746,1.0000000597644942
A,true_persistence,global,20,sst,0.005234123540411869,0.708818817228982,447.4121497568458,447.5783386230469,0.07234724279757916,0.8419137825389141,21.15211927341669,21.156047329854573,0.9998143293793667
A,true_persistence,global,20,thetao,0.001976810163977099,0.14372190341920343,142.8450749442232,142.8654907852846,0.0444613333580663,0.37910671771837995,11.951781245664732,11.95263530713142,0.9999285461787512
A,true_persistence,global,20,ts,0.0017829388355639112,,,,0.04222486039721045,,,,
A,true_persistence,global,20,uo,0.4568817536606553,0.0021373851444860875,0.006036315295715531,0.006062034398403562,0.6759302875745806,0.046231862870601347,0.07769372751847817,0.07785906754131829,0.9978764191755524
A,true_persistence,global,20,vo,0.7910168369611105,0.0022878155546402056,0.003028792257069194,0.0030253581323639433,0.8893912732656591,0.04783111492156759,0.05503446426621408,0.055003255652406095,1.0005673957557204
A,true_persistence,global,20,zos,0.0040787027048115885,0.0018907092768002264,0.3823900824845439,0.3817692986040404,0.06386472191133058,0.0434822869315797,0.6183769744132974,0.6178748243811528,1.0008127051181404
A,true_persistence,global,25,so,0.00204613946713407,0.009936137912648527,1210.2027203703358,1210.2032899020012,0.045234273146963135,0.09968017813310993,34.787968040262655,34.78797622601811,0.999999764695842
A,true_persistence,global,25,sst,0.00743844932547267,1.0073344295073037,447.4121497568458,447.44390838314786,0.08624644529180707,1.003660515068369,21.15211927341669,21.152869979819474,0.9999645104232429
A,true_persistence,global,25,thetao,0.002622685182447668,0.19686893302494163,142.8450749442232,142.86061202031462,0.05121215854118696,0.4436991469734212,11.951781245664732,11.952431217970451,0.9999456200756259
A,true_persistence,global,25,ts,0.002334412324790869,,,,0.04831575648575596,,,,
A,true_persistence,global,25,uo,0.5264408969929851,0.002463418471626022,0.006036315295715531,0.006050301252170681,0.7255624693939077,0.04963283662683427,0.07769372751847817,0.07778368242871175,0.9988435246644947
A,true_persistence,global,25,vo,0.8666074942046819,0.0024772016035292687,0.003028792257069194,0.0030246617876605224,0.9309175549986592,0.04977149388484606,0.05503446426621408,0.054996925256422496,1.0006825656091964
A,true_persistence,global,25,zos,0.00471159857415561,0.0021840922823739757,0.3823900824845439,0.3820452109129742,0.06864108517612182,0.04673427310201771,0.6183769744132974,0.6180980593020611,1.0004512473498968
A,true_persistence,global,30,so,0.0025214673538412335,0.012371841970732054,1210.2027203703358,1210.2057858213093,0.05021421465921013,0.11122878211475686,34.787968040262655,34.78801209930383,0.9999987334993145
A,true_persistence,global,30,sst,0.010055743804615361,1.361775347379723,447.4121497568458,447.40683569089333,0.10027833168045508,1.1669513046308844,21.15211927341669,21.151993657593916,1.0000059387226004
A,true_persistence,global,30,thetao,0.003303478524578262,0.25680000187029495,142.8450749442232,142.8516729706198,0.057475895161173976,0.5067543802181634,11.951781245664732,11.952057269383367,0.9999769057566898
A,true_persistence,global,30,ts,0.002912472939209748,,,,0.05396733214834459,,,,
A,true_persistence,global,30,uo,0.5906110107740273,0.0028014332657423638,0.006036315295715531,0.00603941450658323,0.7685122060019784,0.052928567576899,0.07769372751847817,0.07771367001102979,0.9997433850113012
A,true_persistence,global,30,vo,0.942373560312769,0.0026864640597081295,0.003028792257069194,0.0030287501390764563,0.970759270011247,0.051831110924888825,0.05503446426621408,0.05503408161381869,1.0000069530077393
A,true_persistence,global,30,zos,0.005412730204900958,0.0025091064221347496,0.3823900824845439,0.38252979486879674,0.07357125936737088,0.050090981445113945,0.6183769744132974,0.6184899310973435,0.9998173669798541
A,true_persistence,tropics,0,so,0.0,0.0,1221.1740320297963,1221.1740320297963,0.0,0.0,34.94530057146163,34.94530057146163,1.0
A,true_persistence,tropics,0,sst,0.0,0.0,764.1281806098091,764.1281806098091,0.0,0.0,27.642868530776777,27.642868530776777,1.0
A,true_persistence,tropics,0,thetao,0.0,0.0,230.62646323308667,230.62646323308667,0.0,0.0,15.186390724365243,15.186390724365243,1.0
A,true_persistence,tropics,0,ts,0.0,,,,0.0,,,,
A,true_persistence,tropics,0,uo,0.0,0.0,0.01017016792576906,0.01017016792576906,0.0,0.0,0.10084725046211751,0.10084725046211751,1.0
A,true_persistence,tropics,0,vo,0.0,0.0,0.002943038601592826,0.002943038601592826,0.0,0.0,0.05424977973773558,0.05424977973773558,1.0
A,true_persistence,tropics,0,zos,0.0,0.0,0.20247419479519427,0.20247419479519427,0.0,0.0,0.4499713266367028,0.4499713266367028,1.0
A,true_persistence,tropics,5,so,0.0003404126266003254,0.0018302514981010166,1221.1740320297963,1221.1754554695806,0.01845027443157216,0.04278143871004126,34.94530057146163,34.94532093813964,0.9999994171844052
A,true_persistence,tropics,5,sst,0.00035848081769826164,0.0485464182465967,764.1281806098091,764.1688966076783,0.01893358966752638,0.22033251745168417,27.642868530776777,27.643604985740886,0.9999733589390932
A,true_persistence,tropics,5,thetao,0.00026161080372282604,0.021788072061703675,230.62646323308667,230.626773843594,0.016174387275035368,0.14760783197955207,15.186390724365243,15.18640095096906,0.9999993265946387
A,true_persistence,tropics,5,ts,0.00030101171516157575,,,,0.01734968919495608,,,,
A,true_persistence,tropics,5,uo,0.1419387230652561,0.001115153027369954,0.01017016792576906,0.010132723456349605,0.37674755880464056,0.0333939070396076,0.10084725046211751,0.10066142983461741,1.0018459963046957
A,true_persistence,tropics,5,vo,0.31022034072926674,0.0013089487577676775,0.002943038601592826,0.0029323185698539238,0.5569742729509746,0.03617939686848963,0.05424977973773558,0.05415088706433094,1.0018262429069196
A,true_persistence,tropics,5,zos,0.0004649578865306535,0.00021553426396539192,0.20247419479519427,0.20231088153039561,0.021562882148049075,0.014681085244810477,0.4499713266367028,0.4497898192827352,1.0004035381553478
A,true_persistence,tropics,10,so,0.0008800619941270973,0.004553557677628866,1221.1740320297963,1221.173619028484,0.02966583884077943,0.06748005392431801,34.94530057146163,34.945294662207154,1.0000001691001474
A,true_persistence,tropics,10,sst,0.0009834992474725343,0.13318806254502494,764.1281806098091,764.1982039634628,0.031360791563232814,0.36494939723888425,27.642868530776777,27.644135073528034,0.9999541840340496
A,true_persistence,tropics,10,thetao,0.0006909988761730634,0.05699796600561229,230.62646323308667,230.62331886524305,0.02628685747998538,0.2387424679557709,15.186390724365243,15.186287198168058,1.0000068170841123
A,true_persistence,tropics,10,ts,0.0007855304351500804,,,,0.028027315874876075,,,,
A,true_persistence,tropics,10,uo,0.3060070616665956,0.002317987270289262,0.01017016792576906,0.010229659401123631,0.5531790502781134,0.048145480268549215,0.10084725046211751,0.10114177871247683,0.9970879664752921
A,true_persistence,tropics,10,vo,0.6358691082513757,0.0025436453310899313,0.002943038601592826,0.002950692858166014,0.7974140130768806,0.05043456484485547,0.05424977973773558,0.05432028035794747,0.998702130774228
A,true_persistence,tropics,10,zos,0.001050578159835105,0.0004870023641904121,0.20247419479519427,0.2024477909911762,0.03241262346424777,0.02206813005649577,0.4499713266367028,0.4499419862506457,1.0000652092646467
A,true_persistence,tropics,15,so,0.0014212796397807047,0.007139879151364925,1221.1740320297963,1221.1713305832793,0.037699862596310675,0.08449780560088484,34.94530057146163,34.945261918939444,1.0000011060876373
A,true_persistence,tropics,15,sst,0.0016686349814390325,0.22597095069259102,764.1281806098091,764.2779658153804,0.040848928767337735,0.47536401913963894,27.642868530776777,27.64557769002812,0.9999020038835246
A,true_persistence,tropics,15,thetao,0.0011636219377066256,0.0953007302057227,230.62646323308667,230.6309176207124,0.03411190316746671,0.30870816349057356,15.186390724365243,15.186537380874958,0.9999903429922149
A,true_persistence,tropics,15,ts,0.001292450788743665,,,,0.0359506716035134,,,,
A,true_persistence,tropics,15,uo,0.45139376563255235,0.0032797633103180523,0.01017016792576906,0.010281492802433246,0.6718584416620456,0.05726921782526851,0.10084725046211751,0.10139769623829353,0.9945714173339557
A,true_persistence,tropics,15,vo,0.8286517179674573,0.0031632117071901415,0.002943038601592826,0.0029324916814102296,0.9103030912654627,0.05624243688879547,0.05424977973773558,0.05415248545921258,1.0017966724462959
A,true_persistence,tropics,15,zos,0.001636468895917914,0.0007585958410712464,0.20247419479519427,0.20190843036680506,0.04045329276978469,0.027542618631336536,0.4499713266367028,0.44934221965758464,1.0014000620275512
A,true_persistence,tropics,20,so,0.0019443855646521836,0.00964285906009507,1221.1740320297963,1221.1699123352148,0.04409518754526602,0.09819806036829377,34.94530057146163,34.94524162651068,1.000001686780466
A,true_persistence,tropics,20,sst,0.002418497383284018,0.32751929609462466,764.1281806098091,764.3511999881629,0.04917822061933533,0.572293015940807,27.642868530776777,27.6469021770643,0.9998541013289051
A,true_persistence,tropics,20,thetao,0.0016233623675105404,0.13366304332922818,230.62646323308667,230.64490313107183,0.04029097129023499,0.365599566916084,15.186390724365243,15.186997831404067,0.9999600245522147
A,true_persistence,tropics,20,ts,0.001783873966081362,,,,0.04223593216778058,,,,
A,true_persistence,tropics,20,uo,0.5515081540090743,0.003890831083074154,0.01017016792576906,0.010244555810134651,0.7426359498496381,0.06237652669934544,0.10084725046211751,0.1012153931481504,0.996362779666389
A,true_persistence,tropics,20,vo,0.8772317270833974,0.0032718924189960416,0.002943038601592826,0.0029367464090602246,0.9366064953241555,0.0572004582061721,0.05424977973773558,0.05419175591416304,1.0010707131111316
A,true_persistence,tropics,20,zos,0.002152893962714817,0.0009979880514855172,0.20247419479519427,0.20200970227068119,0.04639928838586662,0.03159094888548803,0.4499713266367028,0.4494548945897477,1.001149018629392
A,true_persistence,tropics,25,so,0.0024479090433138576,0.012104158121120857,1221.1740320297963,1221.1721649575525,0.04947634832234345,0.11001889892705188,34.94530057146163,34.94527385724073,1.0000007644587652
A,true_persistence,tropics,25,sst,0.003261814392501002,0.441723510773495,764.1281806098091,764.1613788026752,0.05711229633363556,0.6646228334728614,27.642868530776777,27.6434690081161,0.999978277786368
A,true_persistence,tropics,25,thetao,0.0020534401566219135,0.1710486597165408,230.62646323308667,230.64014333887937,0.0453148999405484,0.41358029415887404,15.186390724365243,15.18684112443662,0.9999703427416086
A,true_persistence,tropics,25,ts,0.0022506745999678855,,,,0.04744127527763019,,,,
A,true_persistence,tropics,25,uo,0.6293990367479871,0.004419363381509847,0.01017016792576906,0.010214627334406852,0.7933467317308285,0.06647829255862282,0.10084725046211751,0.10106743953621686,0.9978213648717157
A,true_persistence,tropics,25,vo,0.8630738406502015,0.003215210931384861,0.002943038601592826,0.002943455925030582,0.9290176751010724,0.05670283001213309,0.05424977973773558,0.054253625915975254,0.9999291074435166
A,true_persistence,tropics,25,zos,0.0025798376318010336,0.0011959005778683163,0.20247419479519427,0.20223544221935846,0.050792102061255874,0.03458179546912387,0.4499713266367028,0.44970595083827664,1.0005901095992427
A,true_persistence,tropics,30,so,0.0029744322503092086,0.014783720369610622,1221.1740320297963,1221.1777864219914,0.05453835577196299,0.12158832332757377,34.94530057146163,34.94535428954744,0.9999984627975048
A,true_persistence,tropics,30,sst,0.004263328786967553,0.5773512310150898,764.1281806098091,764.0076028843118,0.0652941711561419,0.7598363185680781,27.642868530776777,27.640687453178725,1.0000789082254826
A,true_persistence,tropics,30,thetao,0.002503850283367905,0.21205204600230387,230.62646323308667,230.622964074716,0.0500384880204019,0.46049109220733453,15.186390724365243,15.186275516884185,1.0000075862894051
A,true_persistence,tropics,30,ts,0.002739141266838557,,,,0.05233680604353457,,,,
A,true_persistence,tropics,30,uo,0.7084434899179178,0.005008848523691271,0.01017016792576906,0.010173216723607506,0.8416908517489767,0.07077321897223038,0.10084725046211751,0.10086236524892477,0.99985014443425
A,true_persistence,tropics,30,vo,0.8807997886628182,0.003297837051622767,0.002943038601592826,0.0029416438090203428,0.9385093439400687,0.057426797330364564,0.05424977973773558,0.05423692293097335,1.0002370489708385
A,true_persistence,tropics,30,zos,0.0030307984461706403,0.001404946403591984,0.20247419479519427,0.20267562959531338,0.05505268791049753,0.03748261468457055,0.4499713266367028,0.45019510170071086,0.9995029375860317
