split,variant,seed,region,lead_step,method,weighted_squared_error,weight,weighted_bias_u,weighted_bias_v,vector_rmse_m_per_s,bias_u_m_per_s,bias_v_m_per_s,forecast_dates,minimum_valid_cells,maximum_valid_cells,minimum_lead_days,maximum_lead_days
test,D0,15,global_outside_5deg,1,damped_linear,27433.24774169922,3845924.107421875,-96.93379259633457,14.2399168461144,0.0844575069837466,-2.5204291579563796e-05,3.702599543926041e-06,118,624489,624500,5.0,5.0
test,D0,15,global_outside_5deg,1,persistence,31544.43113708496,3845924.107421875,-131.30033182287653,14.999974189893774,0.09056512585202303,-3.414012553432679e-05,3.900226257961456e-06,118,624489,624500,5.0,5.0
test,D0,15,global_outside_5deg,1,samudra,12013.820503234863,3845924.107421875,-6438.944460980918,-2032.6920149859836,0.05589078565097227,-0.001674225564814195,-0.0005285314941767282,118,624489,624500,5.0,5.0
test,D0,15,global_outside_5deg,1,seasonal_climatology,140708.361328125,3845924.107421875,-2012.4686375502622,893.7283722568222,0.19127561089773085,-0.0005232731019487864,0.0002323832575198514,118,624489,624500,5.0,5.0
test,D0,15,global_outside_5deg,2,damped_linear,89074.21203613281,3845923.544921875,-189.48336549861529,31.83424637260531,0.15218633957135283,-4.926862515215819e-05,8.277399693667593e-06,118,624487,624500,10.0,10.0
test,D0,15,global_outside_5deg,2,persistence,87412.56359863281,3845923.544921875,-258.1695160167038,33.37373716113186,0.15076016545388077,-6.712809368183845e-05,8.67769126747157e-06,118,624487,624500,10.0,10.0
test,D0,15,global_outside_5deg,2,samudra,41182.53762817383,3845923.544921875,-16364.270465170608,-3977.446686882229,0.10347995441835486,-0.004254965101107601,-0.0010341980646323603,118,624487,624500,10.0,10.0
test,D0,15,global_outside_5deg,2,seasonal_climatology,140706.06982421875,3845923.544921875,-2088.5202316307355,905.5235078057755,0.1912740673710968,-0.0005430477770127282,0.00023545021039261715,118,624487,624500,10.0,10.0
test,D0,15,global_outside_5deg,4,damped_linear,204122.14624023438,3845922.880859375,-362.99495999104704,94.06405395543142,0.23038000178998325,-9.438435747051056e-05,2.4458122762568945e-05,118,624487,624500,20.0,20.0
test,D0,15,global_outside_5deg,4,persistence,163141.49682617188,3845922.880859375,-500.4077811982921,97.46058417649199,0.20595955063406624,-0.00013011383657450653,2.5341273654118185e-05,118,624487,624500,20.0,20.0
test,D0,15,global_outside_5deg,4,samudra,98469.27856445312,3845922.880859375,-36208.40730977331,-5594.630366333172,0.16001109319336418,-0.00941475126554865,-0.0014546912508768368,118,624487,624500,20.0,20.0
test,D0,15,global_outside_5deg,4,seasonal_climatology,140704.5692138672,3845922.880859375,-2208.4075447694318,935.4601162445483,0.191273063926162,-0.000574220444138485,0.00024323423667702845,118,624487,624500,20.0,20.0
test,D0,15,global_outside_5deg,6,damped_linear,302189.826171875,3845922.728515625,-554.3156075068567,166.0136361886793,0.2803106782963787,-0.00014413071885113011,4.316613928765907e-05,118,624487,624500,30.0,30.0
test,D0,15,global_outside_5deg,6,persistence,200924.24951171875,3845922.728515625,-760.4593341016791,171.11674488736793,0.2285682484778255,-0.00019773130865663195,4.449302728279522e-05,118,624487,624500,30.0,30.0
test,D0,15,global_outside_5deg,6,samudra,143337.4423828125,3845922.728515625,-57373.889860200245,-5856.6622257395975,0.19305433067958483,-0.014918107801490934,-0.0015228236860598701,118,624487,624500,30.0,30.0
test,D0,15,global_outside_5deg,6,seasonal_climatology,140707.18591308594,3845922.728515625,-2324.7772023829757,952.5836838498093,0.19127484626995375,-0.0006044783960805807,0.0002476866414363632,118,624487,624500,30.0,30.0
test,D0,15,gulf_stream,1,damped_linear,3299.114095687866,159350.86157226562,-0.4958562828171642,-0.21707491266695111,0.14388696750363492,-3.1117263999999986e-06,-1.3622449889830537e-06,118,21273,21273,5.0,5.0
test,D0,15,gulf_stream,1,persistence,3572.1201610565186,159350.86157226562,-1.268503594367815,-0.738098881905624,0.14972206962480092,-7.960443902542369e-06,-4.631910205084747e-06,118,21273,21273,5.0,5.0
test,D0,15,gulf_stream,1,samudra,1370.8851642608643,159350.86157226562,-266.91601577456476,-47.80946158022694,0.09275201009293962,-0.001675020851101695,-0.000300026376440678,118,21273,21273,5.0,5.0
test,D0,15,gulf_stream,1,seasonal_climatology,12356.287864685059,159350.86157226562,-44.964830272994135,-8.637433757770044,0.2784625531709558,-0.0002821750057033898,-5.4203872338983034e-05,118,21273,21273,5.0,5.0
test,D0,15,gulf_stream,2,damped_linear,10037.241661071777,159350.86157226562,1.3067719974931449,2.173852016099058,0.25097472226276396,8.200595745762715e-06,1.3641921949152538e-05,118,21273,21273,10.0,10.0
test,D0,15,gulf_stream,2,persistence,9130.656341552734,159350.86157226562,-0.23852286422932023,1.131802875332966,0.23937224372374935,-1.4968407567796558e-06,7.102583972033897e-06,118,21273,21273,10.0,10.0
test,D0,15,gulf_stream,2,samudra,3957.4477043151855,159350.86157226562,-747.6013815708362,-26.794532709442116,0.15759062732119286,-0.004691542764152542,-0.00016814802533898315,118,21273,21273,10.0,10.0
test,D0,15,gulf_stream,2,seasonal_climatology,12322.88410949707,159350.86157226562,-44.758416835999604,-8.2380034431918,0.27808590323873184,-0.00028087966638135596,-5.169726327118643e-05,118,21273,21273,10.0,10.0
test,D0,15,gulf_stream,4,damped_linear,20519.66244506836,159350.86157226562,6.721989780740956,10.794343824701567,0.35884582528781406,4.218357977118645e-05,6.773947575932203e-05,118,21273,21273,20.0,20.0
test,D0,15,gulf_stream,4,persistence,14992.542945861816,159350.86157226562,3.6313981372801925,8.71023796049915,0.3067329580090432,2.2788694717118633e-05,5.466075222033899e-05,118,21273,21273,20.0,20.0
test,D0,15,gulf_stream,4,samudra,8345.33044052124,159350.86157226562,-1837.5996583369058,111.85114257760773,0.22884665079108246,-0.01153178363898305,0.0007019174008474578,118,21273,21273,20.0,20.0
test,D0,15,gulf_stream,4,seasonal_climatology,12248.992156982422,159350.86157226562,-42.752830349354504,-2.895473116560095,0.27725090363818095,-0.0002682936880762712,-1.8170426491525416e-05,118,21273,21273,20.0,20.0
test,D0,15,gulf_stream,6,damped_linear,29672.388900756836,159350.86157226562,7.1523677097368275,15.397398503506814,0.4315181311557357,4.488439936355931e-05,9.662576249406781e-05,118,21273,21273,30.0,30.0
test,D0,15,gulf_stream,6,persistence,17826.196487426758,159350.86157226562,2.5165024681435098,12.271250311597893,0.33446612344752924,1.5792211245762708e-05,7.700774373305086e-05,118,21273,21273,30.0,30.0
test,D0,15,gulf_stream,6,samudra,11147.196235656738,159350.86157226562,-3001.9955628696234,354.76758576447526,0.2644877824091355,-0.018838903870677964,0.00222632988779661,118,21273,21273,30.0,30.0
test,D0,15,gulf_stream,6,seasonal_climatology,12179.417266845703,159350.86157226562,-45.94923049713695,-0.8653356452372127,0.2764623828112767,-0.0002883525701949153,-5.430379457627112e-06,118,21273,21273,30.0,30.0
test,D0,15,kuroshio,1,damped_linear,2636.329963684082,168432.75634765625,5.345647314119864,0.6787297399033979,0.12510843888686504,3.1737575457627125e-05,4.02967780508475e-06,118,21916,21916,5.0,5.0
test,D0,15,kuroshio,1,persistence,3012.5318565368652,168432.75634765625,7.741901760846215,1.145071022302897,0.13373729849508517,4.596434760508474e-05,6.798386769491531e-06,118,21916,21916,5.0,5.0
test,D0,15,kuroshio,1,samudra,1105.2392826080322,168432.75634765625,-198.94171335379792,-390.9158776157096,0.08100556924406604,-0.0011811343450508474,-0.0023209017419915257,118,21916,21916,5.0,5.0
test,D0,15,kuroshio,1,seasonal_climatology,17417.884490966797,168432.75634765625,-185.60772360340084,-50.04591019305102,0.32157658965722646,-0.0011019692821525424,-0.0002971269441779661,118,21916,21916,5.0,5.0
test,D0,15,kuroshio,2,damped_linear,8430.175765991211,168432.75634765625,7.709973429589548,0.3834081926825865,0.22372011654595336,4.577478631101694e-05,2.276327960169499e-06,118,21916,21916,10.0,10.0
test,D0,15,kuroshio,2,persistence,8267.14584350586,168432.75634765625,12.502491434826151,1.3160939841107835,0.22154631038301859,7.422838470338981e-05,7.813765045762709e-06,118,21916,21916,10.0,10.0
test,D0,15,kuroshio,2,samudra,3436.3798637390137,168432.75634765625,-549.1650396879402,-848.0802134289919,0.14283587673713394,-0.0032604408524576274,-0.00503512637220339,118,21916,21916,10.0,10.0
test,D0,15,kuroshio,2,seasonal_climatology,17400.295608520508,168432.75634765625,-185.17163342613355,-51.182640917996764,0.32141418183201886,-0.0010993801766440677,-0.00030387581387288136,118,21916,21916,10.0,10.0
test,D0,15,kuroshio,4,damped_linear,19176.05451965332,168432.75634765625,12.165785677031746,-1.760717862075905,0.3374165262510805,7.222933318220339e-05,-1.0453535881355928e-05,118,21916,21916,20.0,20.0
test,D0,15,kuroshio,4,persistence,15577.424392700195,168432.75634765625,21.750797607187646,0.10465385609765399,0.3041126937606038,0.00012913638700000002,6.213390932203328e-07,118,21916,21916,20.0,20.0
test,D0,15,kuroshio,4,samudra,7769.230690002441,168432.75634765625,-1457.801389597724,-1556.2490020666216,0.21477104517781365,-0.00865509430118644,-0.00923958638338983,118,21916,21916,20.0,20.0
test,D0,15,kuroshio,4,seasonal_climatology,17362.80170440674,168432.75634765625,-185.07688847337403,-56.103899686503624,0.3210677057818873,-0.0010988176675762712,-0.00033309375743220335,118,21916,21916,20.0,20.0
test,D0,15,kuroshio,6,damped_linear,28853.986206054688,168432.75634765625,14.346969880335848,-7.083915676930309,0.4138944777617405,8.51792144915254e-05,-4.205782669915253e-05,118,21916,21916,30.0,30.0
test,D0,15,kuroshio,6,persistence,19827.588081359863,168432.75634765625,28.7244978561988,-4.285858217216051,0.34310074891319736,0.0001705398550677966,-2.5445514935169487e-05,118,21916,21916,30.0,30.0
test,D0,15,kuroshio,6,samudra,11654.247909545898,168432.75634765625,-2556.1718685408437,-2112.528479762893,0.2630442714343873,-0.015176215861864408,-0.01254226627629661,118,21916,21916,30.0,30.0
test,D0,15,kuroshio,6,seasonal_climatology,17305.647300720215,168432.75634765625,-187.7613354865332,-65.29853543050378,0.3205388291682021,-0.0011147554641864406,-0.00038768311370338985,118,21916,21916,30.0,30.0
test,D0,15,north_pacific_gyre,1,damped_linear,237.9908126592636,105038.52392578125,11.755313716714937,-1.8396669925820932,0.04759987266451405,0.00011191430798305085,-1.75142121559322e-05,118,12775,12775,5.0,5.0
test,D0,15,north_pacific_gyre,1,persistence,300.9781548976898,105038.52392578125,15.869372027537302,-2.2492065708644606,0.05352949949139508,0.00015108144549661015,-2.1413158589830514e-05,118,12775,12775,5.0,5.0
test,D0,15,north_pacific_gyre,1,samudra,125.69790750741959,105038.52392578125,-301.615704220023,-50.335022840583036,0.03459311885149799,-0.0028714769871779657,-0.00047920535208728805,118,12775,12775,5.0,5.0
test,D0,15,north_pacific_gyre,1,seasonal_climatology,2062.3169803619385,105038.52392578125,947.5699389205982,229.86610842917983,0.14012105667702737,0.009021165792372882,0.002188398121355932,118,12775,12775,5.0,5.0
test,D0,15,north_pacific_gyre,2,damped_linear,845.8003673553467,105038.52392578125,23.207575200002132,-3.718757993939543,0.08973453768590445,0.0002209434627661017,-3.540375335593221e-05,118,12775,12775,10.0,10.0
test,D0,15,north_pacific_gyre,2,persistence,927.7695398330688,105038.52392578125,31.435687082718136,-4.537835626199459,0.09398223089932019,0.00029927769267711865,-4.32016317118644e-05,118,12775,12775,10.0,10.0
test,D0,15,north_pacific_gyre,2,samudra,516.7529666423798,105038.52392578125,-809.5798617999719,-59.88761311641957,0.07014022976732237,-0.007707456574427966,-0.0005701490355932203,118,12775,12775,10.0,10.0
test,D0,15,north_pacific_gyre,2,seasonal_climatology,2059.4081926345825,105038.52392578125,952.6718585326805,226.69649503932877,0.1400222051829007,0.009069737682203389,0.0021582223984745763,118,12775,12775,10.0,10.0
test,D0,15,north_pacific_gyre,4,damped_linear,2264.227765083313,105038.52392578125,46.36704211264079,-6.324291557611356,0.1468201795192995,0.00044142891940677966,-6.0209257720338986e-05,118,12775,12775,20.0,20.0
test,D0,15,north_pacific_gyre,4,persistence,2034.5097370147705,105038.52392578125,62.823269168093006,-7.962455785121845,0.1391731898198598,0.0005980974105508475,-7.580509976271187e-05,118,12775,12775,20.0,20.0
test,D0,15,north_pacific_gyre,4,samudra,1428.7014045715332,105038.52392578125,-1692.8456376733798,-62.81391251886387,0.11662628202076553,-0.016116426377711865,-0.0005980083322881356,118,12775,12775,20.0,20.0
test,D0,15,north_pacific_gyre,4,seasonal_climatology,2052.5993690490723,105038.52392578125,961.5994690982787,221.9919579721038,0.13979054255659526,0.009154731361016948,0.0021134337162711865,118,12775,12775,20.0,20.0
test,D0,15,north_pacific_gyre,6,damped_linear,3504.8255729675293,105038.52392578125,68.82474909788954,-4.981317832719785,0.1826664966087744,0.000655233399381356,-4.742372271186441e-05,118,12775,12775,30.0,30.0
test,D0,15,north_pacific_gyre,6,persistence,2683.002429962158,105038.52392578125,93.50908341124715,-7.438561227120826,0.15982187740088463,0.0008902360764067796,-7.081745772033896e-05,118,12775,12775,30.0,30.0
test,D0,15,north_pacific_gyre,6,samudra,2284.1729412078857,105038.52392578125,-2555.191959603613,-38.444393597655804,0.14746541799643756,-0.024326236356949152,-0.0003660027974576268,118,12775,12775,30.0,30.0
test,D0,15,north_pacific_gyre,6,seasonal_climatology,2044.8583793640137,105038.52392578125,968.2941519399504,221.71797424007602,0.1395266967855509,0.00921846686101695,0.0021108253044067795,118,12775,12775,30.0,30.0
test,D0,15,southern_ocean,1,damped_linear,9246.173149108887,851759.26171875,17.29458757987443,-0.8116545709998385,0.10418917008791262,2.0304548899152548e-05,-9.529154627118643e-07,118,139797,139797,5.0,5.0
test,D0,15,southern_ocean,1,persistence,10145.525291442871,851759.26171875,22.50308557188421,-1.3079906690641514,0.1091387151301192,2.6419537283898306e-05,-1.5356342194915263e-06,118,139797,139797,5.0,5.0
test,D0,15,southern_ocean,1,samudra,3671.928758621216,851759.26171875,-781.4204070257498,-78.8054335618619,0.06565815743901585,-0.0009174193250906781,-9.252078269491524e-05,118,139797,139797,5.0,5.0
test,D0,15,southern_ocean,1,seasonal_climatology,38378.67468261719,851759.26171875,-699.2870777681286,-26.34620726972746,0.2122689904188691,-0.000820991457559322,-3.093151839237288e-05,118,139797,139797,5.0,5.0
test,D0,15,southern_ocean,2,damped_linear,28721.734939575195,851759.26171875,30.60289509302228,-2.1319015465169544,0.18363138198462362,3.592904294491525e-05,-2.5029390842372854e-06,118,139797,139797,10.0,10.0
test,D0,15,southern_ocean,2,persistence,26430.91111755371,851759.26171875,41.01990895171523,-3.12457084420987,0.17615607895614507,4.8159040699999995e-05,-3.668373194915255e-06,118,139797,139797,10.0,10.0
test,D0,15,southern_ocean,2,samudra,12033.35270690918,851759.26171875,-2069.8086653804057,-135.30285908120382,0.11885977146302248,-0.0024300395175084746,-0.00015885105705593216,118,139797,139797,10.0,10.0
test,D0,15,southern_ocean,2,seasonal_climatology,38417.165435791016,851759.26171875,-695.0351280159733,-28.392787679988118,0.2123754081866458,-0.0008159994956949152,-3.3334286994067796e-05,118,139797,139797,10.0,10.0
test,D0,15,southern_ocean,4,damped_linear,59543.43325805664,851759.26171875,56.958622596563565,-0.7087240911506738,0.2643982058869519,6.687173847881356e-05,-8.32070894915251e-07,118,139797,139797,20.0,20.0
test,D0,15,southern_ocean,4,persistence,44449.790435791016,851759.26171875,77.79262198429205,-2.694050286798409,0.22844224871501606,9.133170072881355e-05,-3.1629245584745766e-06,118,139797,139797,20.0,20.0
test,D0,15,southern_ocean,4,samudra,27418.558364868164,851759.26171875,-4758.037130106905,234.6896471607074,0.17941711783599368,-0.005586129020194916,0.0002755351866525423,118,139797,139797,20.0,20.0
test,D0,15,southern_ocean,4,seasonal_climatology,38510.492614746094,851759.26171875,-686.6850215864948,-27.713939306966473,0.21263321449055514,-0.0008061961312881357,-3.2537291406779665e-05,118,139797,139797,20.0,20.0
test,D0,15,southern_ocean,6,damped_linear,87545.9306640625,851759.26171875,89.84279381741608,0.8430735902915178,0.3205970705139114,0.00010547909233898307,9.898026686440656e-07,118,139797,139797,30.0,30.0
test,D0,15,southern_ocean,6,persistence,53500.470703125,851759.26171875,121.09379156181896,-2.134933931189193,0.2506226796819588,0.00014216903414406782,-2.5064992271186434e-06,118,139797,139797,30.0,30.0
test,D0,15,southern_ocean,6,samudra,37820.69902038574,851759.26171875,-7529.237256243564,841.1322983086493,0.21072028422173397,-0.008839630626440678,0.0009875235129364409,118,139797,139797,30.0,30.0
test,D0,15,southern_ocean,6,seasonal_climatology,38599.453125,851759.26171875,-671.6993691548756,-26.19814796178448,0.2128786676963058,-0.000788602366118644,-3.0757690745762716e-05,118,139797,139797,30.0,30.0
test,D0,16,global_outside_5deg,1,damped_linear,27433.24774169922,3845924.107421875,-96.93379259633457,14.2399168461144,0.0844575069837466,-2.5204291579563796e-05,3.702599543926041e-06,118,624489,624500,5.0,5.0
test,D0,16,global_outside_5deg,1,persistence,31544.43113708496,3845924.107421875,-131.30033182287653,14.999974189893774,0.09056512585202303,-3.414012553432679e-05,3.900226257961456e-06,118,624489,624500,5.0,5.0
test,D0,16,global_outside_5deg,1,samudra,10951.40518951416,3845924.107421875,-4513.111351603547,387.5066725275729,0.05336230353405585,-0.0011734790457497931,0.00010075775332637518,118,624489,624500,5.0,5.0
test,D0,16,global_outside_5deg,1,seasonal_climatology,140708.361328125,3845924.107421875,-2012.4686375502622,893.7283722568222,0.19127561089773085,-0.0005232731019487864,0.0002323832575198514,118,624489,624500,5.0,5.0
test,D0,16,global_outside_5deg,2,damped_linear,89074.21203613281,3845923.544921875,-189.48336549861529,31.83424637260531,0.15218633957135283,-4.926862515215819e-05,8.277399693667593e-06,118,624487,624500,10.0,10.0
test,D0,16,global_outside_5deg,2,persistence,87412.56359863281,3845923.544921875,-258.1695160167038,33.37373716113186,0.15076016545388077,-6.712809368183845e-05,8.67769126747157e-06,118,624487,624500,10.0,10.0
test,D0,16,global_outside_5deg,2,samudra,35382.94494628906,3845923.544921875,-10335.055338198736,618.6743789139399,0.09591723814603015,-0.0026872752974627006,0.00016086497084187552,118,624487,624500,10.0,10.0
test,D0,16,global_outside_5deg,2,seasonal_climatology,140706.06982421875,3845923.544921875,-2088.5202316307355,905.5235078057755,0.1912740673710968,-0.0005430477770127282,0.00023545021039261715,118,624487,624500,10.0,10.0
test,D0,16,global_outside_5deg,4,damped_linear,204122.14624023438,3845922.880859375,-362.99495999104704,94.06405395543142,0.23038000178998325,-9.438435747051056e-05,2.4458122762568945e-05,118,624487,624500,20.0,20.0
test,D0,16,global_outside_5deg,4,persistence,163141.49682617188,3845922.880859375,-500.4077811982921,97.46058417649199,0.20595955063406624,-0.00013011383657450653,2.5341273654118185e-05,118,624487,624500,20.0,20.0
test,D0,16,global_outside_5deg,4,samudra,79657.5385131836,3845922.880859375,-18907.576655872348,2184.815555617918,0.1439173505922506,-0.004916265157050532,0.0005680861585892536,118,624487,624500,20.0,20.0
test,D0,16,global_outside_5deg,4,seasonal_climatology,140704.5692138672,3845922.880859375,-2208.4075447694318,935.4601162445483,0.191273063926162,-0.000574220444138485,0.00024323423667702845,118,624487,624500,20.0,20.0
test,D0,16,global_outside_5deg,6,damped_linear,302189.826171875,3845922.728515625,-554.3156075068567,166.0136361886793,0.2803106782963787,-0.00014413071885113011,4.316613928765907e-05,118,624487,624500,30.0,30.0
test,D0,16,global_outside_5deg,6,persistence,200924.24951171875,3845922.728515625,-760.4593341016791,171.11674488736793,0.2285682484778255,-0.00019773130865663195,4.449302728279522e-05,118,624487,624500,30.0,30.0
test,D0,16,global_outside_5deg,6,samudra,111181.31951904297,3845922.728515625,-25152.4711857675,5550.217308581165,0.17002611630718023,-0.006540035502864969,0.0014431432195527575,118,624487,624500,30.0,30.0
test,D0,16,global_outside_5deg,6,seasonal_climatology,140707.18591308594,3845922.728515625,-2324.7772023829757,952.5836838498093,0.19127484626995375,-0.0006044783960805807,0.0002476866414363632,118,624487,624500,30.0,30.0
test,D0,16,gulf_stream,1,damped_linear,3299.114095687866,159350.86157226562,-0.4958562828171642,-0.21707491266695111,0.14388696750363492,-3.1117263999999986e-06,-1.3622449889830537e-06,118,21273,21273,5.0,5.0
test,D0,16,gulf_stream,1,persistence,3572.1201610565186,159350.86157226562,-1.268503594367815,-0.738098881905624,0.14972206962480092,-7.960443902542369e-06,-4.631910205084747e-06,118,21273,21273,5.0,5.0
test,D0,16,gulf_stream,1,samudra,1346.8838081359863,159350.86157226562,-153.40697425862064,61.18473249919973,0.09193647708940952,-0.0009626993713432203,0.00038396235762711863,118,21273,21273,5.0,5.0
test,D0,16,gulf_stream,1,seasonal_climatology,12356.287864685059,159350.86157226562,-44.964830272994135,-8.637433757770044,0.2784625531709558,-0.0002821750057033898,-5.4203872338983034e-05,118,21273,21273,5.0,5.0
test,D0,16,gulf_stream,2,damped_linear,10037.241661071777,159350.86157226562,1.3067719974931449,2.173852016099058,0.25097472226276396,8.200595745762715e-06,1.3641921949152538e-05,118,21273,21273,10.0,10.0
test,D0,16,gulf_stream,2,persistence,9130.656341552734,159350.86157226562,-0.23852286422932023,1.131802875332966,0.23937224372374935,-1.4968407567796558e-06,7.102583972033897e-06,118,21273,21273,10.0,10.0
test,D0,16,gulf_stream,2,samudra,3853.8132934570312,159350.86157226562,-343.57829294090084,89.88498179463443,0.15551351128456248,-0.0021561119252881357,0.0005640696316779661,118,21273,21273,10.0,10.0
test,D0,16,gulf_stream,2,seasonal_climatology,12322.88410949707,159350.86157226562,-44.758416835999604,-8.2380034431918,0.27808590323873184,-0.00028087966638135596,-5.169726327118643e-05,118,21273,21273,10.0,10.0
test,D0,16,gulf_stream,4,damped_linear,20519.66244506836,159350.86157226562,6.721989780740956,10.794343824701567,0.35884582528781406,4.218357977118645e-05,6.773947575932203e-05,118,21273,21273,20.0,20.0
test,D0,16,gulf_stream,4,persistence,14992.542945861816,159350.86157226562,3.6313981372801925,8.71023796049915,0.3067329580090432,2.2788694717118633e-05,5.466075222033899e-05,118,21273,21273,20.0,20.0
test,D0,16,gulf_stream,4,samudra,8076.49401473999,159350.86157226562,-615.8759377287073,124.96097916080873,0.22513044501023038,-0.003864904975423729,0.0007841876594067797,118,21273,21273,20.0,20.0
test,D0,16,gulf_stream,4,seasonal_climatology,12248.992156982422,159350.86157226562,-42.752830349354504,-2.895473116560095,0.27725090363818095,-0.0002682936880762712,-1.8170426491525416e-05,118,21273,21273,20.0,20.0
test,D0,16,gulf_stream,6,damped_linear,29672.388900756836,159350.86157226562,7.1523677097368275,15.397398503506814,0.4315181311557357,4.488439936355931e-05,9.662576249406781e-05,118,21273,21273,30.0,30.0
test,D0,16,gulf_stream,6,persistence,17826.196487426758,159350.86157226562,2.5165024681435098,12.271250311597893,0.33446612344752924,1.5792211245762708e-05,7.700774373305086e-05,118,21273,21273,30.0,30.0
test,D0,16,gulf_stream,6,samudra,10680.97908782959,159350.86157226562,-780.8658401902795,168.213318360236,0.2588977787807822,-0.004900292552457627,0.0010556159954237289,118,21273,21273,30.0,30.0
test,D0,16,gulf_stream,6,seasonal_climatology,12179.417266845703,159350.86157226562,-45.94923049713695,-0.8653356452372127,0.2764623828112767,-0.0002883525701949153,-5.430379457627112e-06,118,21273,21273,30.0,30.0
test,D0,16,kuroshio,1,damped_linear,2636.329963684082,168432.75634765625,5.345647314119864,0.6787297399033979,0.12510843888686504,3.1737575457627125e-05,4.02967780508475e-06,118,21916,21916,5.0,5.0
test,D0,16,kuroshio,1,persistence,3012.5318565368652,168432.75634765625,7.741901760846215,1.145071022302897,0.13373729849508517,4.596434760508474e-05,6.798386769491531e-06,118,21916,21916,5.0,5.0
test,D0,16,kuroshio,1,samudra,1066.1427898406982,168432.75634765625,-213.31756878239858,79.95201901959467,0.07955993308762886,-0.0012664850555677966,0.00047468212688135593,118,21916,21916,5.0,5.0
test,D0,16,kuroshio,1,seasonal_climatology,17417.884490966797,168432.75634765625,-185.60772360340084,-50.04591019305102,0.32157658965722646,-0.0011019692821525424,-0.0002971269441779661,118,21916,21916,5.0,5.0
test,D0,16,kuroshio,2,damped_linear,8430.175765991211,168432.75634765625,7.709973429589548,0.3834081926825865,0.22372011654595336,4.577478631101694e-05,2.276327960169499e-06,118,21916,21916,10.0,10.0
test,D0,16,kuroshio,2,persistence,8267.14584350586,168432.75634765625,12.502491434826151,1.3160939841107835,0.22154631038301859,7.422838470338981e-05,7.813765045762709e-06,118,21916,21916,10.0,10.0
test,D0,16,kuroshio,2,samudra,3197.7260704040527,168432.75634765625,-493.7861242567186,135.96943992600916,0.1377867165130959,-0.0029316513899322032,0.0008072624522355932,118,21916,21916,10.0,10.0
test,D0,16,kuroshio,2,seasonal_climatology,17400.295608520508,168432.75634765625,-185.17163342613355,-51.182640917996764,0.32141418183201886,-0.0010993801766440677,-0.00030387581387288136,118,21916,21916,10.0,10.0
test,D0,16,kuroshio,4,damped_linear,19176.05451965332,168432.75634765625,12.165785677031746,-1.760717862075905,0.3374165262510805,7.222933318220339e-05,-1.0453535881355928e-05,118,21916,21916,20.0,20.0
test,D0,16,kuroshio,4,persistence,15577.424392700195,168432.75634765625,21.750797607187646,0.10465385609765399,0.3041126937606038,0.00012913638700000002,6.213390932203328e-07,118,21916,21916,20.0,20.0
test,D0,16,kuroshio,4,samudra,6882.127063751221,168432.75634765625,-1008.2775684119532,189.49340101262425,0.20213804703950006,-0.005986232074305085,0.001125038888644068,118,21916,21916,20.0,20.0
test,D0,16,kuroshio,4,seasonal_climatology,17362.80170440674,168432.75634765625,-185.07688847337403,-56.103899686503624,0.3210677057818873,-0.0010988176675762712,-0.00033309375743220335,118,21916,21916,20.0,20.0
test,D0,16,kuroshio,6,damped_linear,28853.986206054688,168432.75634765625,14.346969880335848,-7.083915676930309,0.4138944777617405,8.51792144915254e-05,-4.205782669915253e-05,118,21916,21916,30.0,30.0
test,D0,16,kuroshio,6,persistence,19827.588081359863,168432.75634765625,28.7244978561988,-4.285858217216051,0.34310074891319736,0.0001705398550677966,-2.5445514935169487e-05,118,21916,21916,30.0,30.0
test,D0,16,kuroshio,6,samudra,9801.376453399658,168432.75634765625,-1467.5065139232497,255.02526958496807,0.24122941136683038,-0.00871271447279661,0.0015141073216101695,118,21916,21916,30.0,30.0
test,D0,16,kuroshio,6,seasonal_climatology,17305.647300720215,168432.75634765625,-187.7613354865332,-65.29853543050378,0.3205388291682021,-0.0011147554641864406,-0.00038768311370338985,118,21916,21916,30.0,30.0
test,D0,16,north_pacific_gyre,1,damped_linear,237.9908126592636,105038.52392578125,11.755313716714937,-1.8396669925820932,0.04759987266451405,0.00011191430798305085,-1.75142121559322e-05,118,12775,12775,5.0,5.0
test,D0,16,north_pacific_gyre,1,persistence,300.9781548976898,105038.52392578125,15.869372027537302,-2.2492065708644606,0.05352949949139508,0.00015108144549661015,-2.1413158589830514e-05,118,12775,12775,5.0,5.0
test,D0,16,north_pacific_gyre,1,samudra,96.21416437625885,105038.52392578125,68.49008794956868,-13.342170461864278,0.030265315189930447,0.0006520473193050848,-0.00012702168655084745,118,12775,12775,5.0,5.0
test,D0,16,north_pacific_gyre,1,seasonal_climatology,2062.3169803619385,105038.52392578125,947.5699389205982,229.86610842917983,0.14012105667702737,0.009021165792372882,0.002188398121355932,118,12775,12775,5.0,5.0
test,D0,16,north_pacific_gyre,2,damped_linear,845.8003673553467,105038.52392578125,23.207575200002132,-3.718757993939543,0.08973453768590445,0.0002209434627661017,-3.540375335593221e-05,118,12775,12775,10.0,10.0
test,D0,16,north_pacific_gyre,2,persistence,927.7695398330688,105038.52392578125,31.435687082718136,-4.537835626199459,0.09398223089932019,0.00029927769267711865,-4.32016317118644e-05,118,12775,12775,10.0,10.0
test,D0,16,north_pacific_gyre,2,samudra,358.6211977005005,105038.52392578125,123.34431183687829,-21.587677636108218,0.05843104766679643,0.0011742768960084746,-0.00020552152514406778,118,12775,12775,10.0,10.0
test,D0,16,north_pacific_gyre,2,seasonal_climatology,2059.4081926345825,105038.52392578125,952.6718585326805,226.69649503932877,0.1400222051829007,0.009069737682203389,0.0021582223984745763,118,12775,12775,10.0,10.0
test,D0,16,north_pacific_gyre,4,damped_linear,2264.227765083313,105038.52392578125,46.36704211264079,-6.324291557611356,0.1468201795192995,0.00044142891940677966,-6.0209257720338986e-05,118,12775,12775,20.0,20.0
test,D0,16,north_pacific_gyre,4,persistence,2034.5097370147705,105038.52392578125,62.823269168093006,-7.962455785121845,0.1391731898198598,0.0005980974105508475,-7.580509976271187e-05,118,12775,12775,20.0,20.0
test,D0,16,north_pacific_gyre,4,samudra,869.2421822547913,105038.52392578125,213.07034027890043,73.36574812480623,0.09096955948316704,0.0020284970915,0.0006984651476694917,118,12775,12775,20.0,20.0
test,D0,16,north_pacific_gyre,4,seasonal_climatology,2052.5993690490723,105038.52392578125,961.5994690982787,221.9919579721038,0.13979054255659526,0.009154731361016948,0.0021134337162711865,118,12775,12775,20.0,20.0
test,D0,16,north_pacific_gyre,6,damped_linear,3504.8255729675293,105038.52392578125,68.82474909788954,-4.981317832719785,0.1826664966087744,0.000655233399381356,-4.742372271186441e-05,118,12775,12775,30.0,30.0
test,D0,16,north_pacific_gyre,6,persistence,2683.002429962158,105038.52392578125,93.50908341124715,-7.438561227120826,0.15982187740088463,0.0008902360764067796,-7.081745772033896e-05,118,12775,12775,30.0,30.0
test,D0,16,north_pacific_gyre,6,samudra,1240.353925228119,105038.52392578125,312.4635456215842,272.1968571217336,0.10866720769924873,0.002974751871440678,0.0025914002496271187,118,12775,12775,30.0,30.0
test,D0,16,north_pacific_gyre,6,seasonal_climatology,2044.8583793640137,105038.52392578125,968.2941519399504,221.71797424007602,0.1395266967855509,0.00921846686101695,0.0021108253044067795,118,12775,12775,30.0,30.0
test,D0,16,southern_ocean,1,damped_linear,9246.173149108887,851759.26171875,17.29458757987443,-0.8116545709998385,0.10418917008791262,2.0304548899152548e-05,-9.529154627118643e-07,118,139797,139797,5.0,5.0
test,D0,16,southern_ocean,1,persistence,10145.525291442871,851759.26171875,22.50308557188421,-1.3079906690641514,0.1091387151301192,2.6419537283898306e-05,-1.5356342194915263e-06,118,139797,139797,5.0,5.0
test,D0,16,southern_ocean,1,samudra,3356.6130561828613,851759.26171875,-1470.9455697776175,188.91417473202463,0.06277579298607623,-0.0017269498975677968,0.00022179292110169492,118,139797,139797,5.0,5.0
test,D0,16,southern_ocean,1,seasonal_climatology,38378.67468261719,851759.26171875,-699.2870777681286,-26.34620726972746,0.2122689904188691,-0.000820991457559322,-3.093151839237288e-05,118,139797,139797,5.0,5.0
test,D0,16,southern_ocean,2,damped_linear,28721.734939575195,851759.26171875,30.60289509302228,-2.1319015465169544,0.18363138198462362,3.592904294491525e-05,-2.5029390842372854e-06,118,139797,139797,10.0,10.0
test,D0,16,southern_ocean,2,persistence,26430.91111755371,851759.26171875,41.01990895171523,-3.12457084420987,0.17615607895614507,4.8159040699999995e-05,-3.668373194915255e-06,118,139797,139797,10.0,10.0
test,D0,16,southern_ocean,2,samudra,10347.717102050781,851759.26171875,-3262.703740405179,305.1762556356035,0.11022087164258737,-0.0038305468305932203,0.00035828933050847456,118,139797,139797,10.0,10.0
test,D0,16,southern_ocean,2,seasonal_climatology,38417.165435791016,851759.26171875,-695.0351280159733,-28.392787679988118,0.2123754081866458,-0.0008159994956949152,-3.3334286994067796e-05,118,139797,139797,10.0,10.0
test,D0,16,southern_ocean,4,damped_linear,59543.43325805664,851759.26171875,56.958622596563565,-0.7087240911506738,0.2643982058869519,6.687173847881356e-05,-8.32070894915251e-07,118,139797,139797,20.0,20.0
test,D0,16,southern_ocean,4,persistence,44449.790435791016,851759.26171875,77.79262198429205,-2.694050286798409,0.22844224871501606,9.133170072881355e-05,-3.1629245584745766e-06,118,139797,139797,20.0,20.0
test,D0,16,southern_ocean,4,samudra,23065.445541381836,851759.26171875,-5831.207623137288,470.45271577431834,0.16455932288941433,-0.006846074806830508,0.0005523306137288136,118,139797,139797,20.0,20.0
test,D0,16,southern_ocean,4,seasonal_climatology,38510.492614746094,851759.26171875,-686.6850215864948,-27.713939306966473,0.21263321449055514,-0.0008061961312881357,-3.2537291406779665e-05,118,139797,139797,20.0,20.0
test,D0,16,southern_ocean,6,damped_linear,87545.9306640625,851759.26171875,89.84279381741608,0.8430735902915178,0.3205970705139114,0.00010547909233898307,9.898026686440656e-07,118,139797,139797,30.0,30.0
test,D0,16,southern_ocean,6,persistence,53500.470703125,851759.26171875,121.09379156181896,-2.134933931189193,0.2506226796819588,0.00014216903414406782,-2.5064992271186434e-06,118,139797,139797,30.0,30.0
test,D0,16,southern_ocean,6,samudra,31583.259841918945,851759.26171875,-7741.95145002861,853.8782279875805,0.19256175896342217,-0.009089365737457628,0.001002487752542373,118,139797,139797,30.0,30.0
test,D0,16,southern_ocean,6,seasonal_climatology,38599.453125,851759.26171875,-671.6993691548756,-26.19814796178448,0.2128786676963058,-0.000788602366118644,-3.0757690745762716e-05,118,139797,139797,30.0,30.0
test,D0,17,global_outside_5deg,1,damped_linear,27433.24774169922,3845924.107421875,-96.93379259633457,14.2399168461144,0.0844575069837466,-2.5204291579563796e-05,3.702599543926041e-06,118,624489,624500,5.0,5.0
test,D0,17,global_outside_5deg,1,persistence,31544.43113708496,3845924.107421875,-131.30033182287653,14.999974189893774,0.09056512585202303,-3.414012553432679e-05,3.900226257961456e-06,118,624489,624500,5.0,5.0
test,D0,17,global_outside_5deg,1,samudra,12144.779357910156,3845924.107421875,-762.9427894625585,11999.240027837219,0.05619458387474108,-0.00019837697472766802,0.003119988770626298,118,624489,624500,5.0,5.0
test,D0,17,global_outside_5deg,1,seasonal_climatology,140708.361328125,3845924.107421875,-2012.4686375502622,893.7283722568222,0.19127561089773085,-0.0005232731019487864,0.0002323832575198514,118,624489,624500,5.0,5.0
test,D0,17,global_outside_5deg,2,damped_linear,89074.21203613281,3845923.544921875,-189.48336549861529,31.83424637260531,0.15218633957135283,-4.926862515215819e-05,8.277399693667593e-06,118,624487,624500,10.0,10.0
test,D0,17,global_outside_5deg,2,persistence,87412.56359863281,3845923.544921875,-258.1695160167038,33.37373716113186,0.15076016545388077,-6.712809368183845e-05,8.67769126747157e-06,118,624487,624500,10.0,10.0
test,D0,17,global_outside_5deg,2,samudra,39553.68325805664,3845923.544921875,1152.8647721004645,28895.807500232346,0.10141288611453302,0.00029976279003848046,0.007513359837427378,118,624487,624500,10.0,10.0
test,D0,17,global_outside_5deg,2,seasonal_climatology,140706.06982421875,3845923.544921875,-2088.5202316307355,905.5235078057755,0.1912740673710968,-0.0005430477770127282,0.00023545021039261715,118,624487,624500,10.0,10.0
test,D0,17,global_outside_5deg,4,damped_linear,204122.14624023438,3845922.880859375,-362.99495999104704,94.06405395543142,0.23038000178998325,-9.438435747051056e-05,2.4458122762568945e-05,118,624487,624500,20.0,20.0
test,D0,17,global_outside_5deg,4,persistence,163141.49682617188,3845922.880859375,-500.4077811982921,97.46058417649199,0.20595955063406624,-0.00013011383657450653,2.5341273654118185e-05,118,624487,624500,20.0,20.0
test,D0,17,global_outside_5deg,4,samudra,90100.3090209961,3845922.880859375,10206.880787442007,65687.83389433793,0.15306040372657811,0.0026539483769267027,0.017079862474949036,118,624487,624500,20.0,20.0
test,D0,17,global_outside_5deg,4,seasonal_climatology,140704.5692138672,3845922.880859375,-2208.4075447694318,935.4601162445483,0.191273063926162,-0.000574220444138485,0.00024323423667702845,118,624487,624500,20.0,20.0
test,D0,17,global_outside_5deg,6,damped_linear,302189.826171875,3845922.728515625,-554.3156075068567,166.0136361886793,0.2803106782963787,-0.00014413071885113011,4.316613928765907e-05,118,624487,624500,30.0,30.0
test,D0,17,global_outside_5deg,6,persistence,200924.24951171875,3845922.728515625,-760.4593341016791,171.11674488736793,0.2285682484778255,-0.00019773130865663195,4.449302728279522e-05,118,624487,624500,30.0,30.0
test,D0,17,global_outside_5deg,6,samudra,134016.99395751953,3845922.728515625,24555.514936036892,106745.07720431434,0.186672205687675,0.006384817550797324,0.027755387910644202,118,624487,624500,30.0,30.0
test,D0,17,global_outside_5deg,6,seasonal_climatology,140707.18591308594,3845922.728515625,-2324.7772023829757,952.5836838498093,0.19127484626995375,-0.0006044783960805807,0.0002476866414363632,118,624487,624500,30.0,30.0
test,D0,17,gulf_stream,1,damped_linear,3299.114095687866,159350.86157226562,-0.4958562828171642,-0.21707491266695111,0.14388696750363492,-3.1117263999999986e-06,-1.3622449889830537e-06,118,21273,21273,5.0,5.0
test,D0,17,gulf_stream,1,persistence,3572.1201610565186,159350.86157226562,-1.268503594367815,-0.738098881905624,0.14972206962480092,-7.960443902542369e-06,-4.631910205084747e-06,118,21273,21273,5.0,5.0
test,D0,17,gulf_stream,1,samudra,1424.9339218139648,159350.86157226562,-39.75165177259934,518.9898931542247,0.09456276331982465,-0.00024945991116949164,0.0032569004524576274,118,21273,21273,5.0,5.0
test,D0,17,gulf_stream,1,seasonal_climatology,12356.287864685059,159350.86157226562,-44.964830272994135,-8.637433757770044,0.2784625531709558,-0.0002821750057033898,-5.4203872338983034e-05,118,21273,21273,5.0,5.0
test,D0,17,gulf_stream,2,damped_linear,10037.241661071777,159350.86157226562,1.3067719974931449,2.173852016099058,0.25097472226276396,8.200595745762715e-06,1.3641921949152538e-05,118,21273,21273,10.0,10.0
test,D0,17,gulf_stream,2,persistence,9130.656341552734,159350.86157226562,-0.23852286422932023,1.131802875332966,0.23937224372374935,-1.4968407567796558e-06,7.102583972033897e-06,118,21273,21273,10.0,10.0
test,D0,17,gulf_stream,2,samudra,4009.399335861206,159350.86157226562,69.01895411499837,1298.052982638438,0.1586216448627338,0.0004331257040847455,0.008145879914491524,118,21273,21273,10.0,10.0
test,D0,17,gulf_stream,2,seasonal_climatology,12322.88410949707,159350.86157226562,-44.758416835999604,-8.2380034431918,0.27808590323873184,-0.00028087966638135596,-5.169726327118643e-05,118,21273,21273,10.0,10.0
test,D0,17,gulf_stream,4,damped_linear,20519.66244506836,159350.86157226562,6.721989780740956,10.794343824701567,0.35884582528781406,4.218357977118645e-05,6.773947575932203e-05,118,21273,21273,20.0,20.0
test,D0,17,gulf_stream,4,persistence,14992.542945861816,159350.86157226562,3.6313981372801925,8.71023796049915,0.3067329580090432,2.2788694717118633e-05,5.466075222033899e-05,118,21273,21273,20.0,20.0
test,D0,17,gulf_stream,4,samudra,8178.321418762207,159350.86157226562,464.8072102650493,2884.1102466863376,0.22654520762607208,0.002916879178932203,0.018099119253135593,118,21273,21273,20.0,20.0
test,D0,17,gulf_stream,4,seasonal_climatology,12248.992156982422,159350.86157226562,-42.752830349354504,-2.895473116560095,0.27725090363818095,-0.0002682936880762712,-1.8170426491525416e-05,118,21273,21273,20.0,20.0
test,D0,17,gulf_stream,6,damped_linear,29672.388900756836,159350.86157226562,7.1523677097368275,15.397398503506814,0.4315181311557357,4.488439936355931e-05,9.662576249406781e-05,118,21273,21273,30.0,30.0
test,D0,17,gulf_stream,6,persistence,17826.196487426758,159350.86157226562,2.5165024681435098,12.271250311597893,0.33446612344752924,1.5792211245762708e-05,7.700774373305086e-05,118,21273,21273,30.0,30.0
test,D0,17,gulf_stream,6,samudra,10935.383777618408,159350.86157226562,1047.0048625277532,4457.9519609633,0.2619629103129635,0.006570437412118644,0.02797570039457627,118,21273,21273,30.0,30.0
test,D0,17,gulf_stream,6,seasonal_climatology,12179.417266845703,159350.86157226562,-45.94923049713695,-0.8653356452372127,0.2764623828112767,-0.0002883525701949153,-5.430379457627112e-06,118,21273,21273,30.0,30.0
test,D0,17,kuroshio,1,damped_linear,2636.329963684082,168432.75634765625,5.345647314119864,0.6787297399033979,0.12510843888686504,3.1737575457627125e-05,4.02967780508475e-06,118,21916,21916,5.0,5.0
test,D0,17,kuroshio,1,persistence,3012.5318565368652,168432.75634765625,7.741901760846215,1.145071022302897,0.13373729849508517,4.596434760508474e-05,6.798386769491531e-06,118,21916,21916,5.0,5.0
test,D0,17,kuroshio,1,samudra,1122.6109280586243,168432.75634765625,12.703906233900216,518.4075254726432,0.08163969148854928,7.542420197457625e-05,0.0030778308015254234,118,21916,21916,5.0,5.0
test,D0,17,kuroshio,1,seasonal_climatology,17417.884490966797,168432.75634765625,-185.60772360340084,-50.04591019305102,0.32157658965722646,-0.0011019692821525424,-0.0002971269441779661,118,21916,21916,5.0,5.0
test,D0,17,kuroshio,2,damped_linear,8430.175765991211,168432.75634765625,7.709973429589548,0.3834081926825865,0.22372011654595336,4.577478631101694e-05,2.276327960169499e-06,118,21916,21916,10.0,10.0
test,D0,17,kuroshio,2,persistence,8267.14584350586,168432.75634765625,12.502491434826151,1.3160939841107835,0.22154631038301859,7.422838470338981e-05,7.813765045762709e-06,118,21916,21916,10.0,10.0
test,D0,17,kuroshio,2,samudra,3386.617052078247,168432.75634765625,260.59027521081873,1401.6414247944278,0.14179788968748575,0.001547147246542373,0.008321667680254238,118,21916,21916,10.0,10.0
test,D0,17,kuroshio,2,seasonal_climatology,17400.295608520508,168432.75634765625,-185.17163342613355,-51.182640917996764,0.32141418183201886,-0.0010993801766440677,-0.00030387581387288136,118,21916,21916,10.0,10.0
test,D0,17,kuroshio,4,damped_linear,19176.05451965332,168432.75634765625,12.165785677031746,-1.760717862075905,0.3374165262510805,7.222933318220339e-05,-1.0453535881355928e-05,118,21916,21916,20.0,20.0
test,D0,17,kuroshio,4,persistence,15577.424392700195,168432.75634765625,21.750797607187646,0.10465385609765399,0.3041126937606038,0.00012913638700000002,6.213390932203328e-07,118,21916,21916,20.0,20.0
test,D0,17,kuroshio,4,samudra,7412.152759552002,168432.75634765625,1016.0722462140892,3435.828235292093,0.20977749868717577,0.006032509757881356,0.020398812616949154,118,21916,21916,20.0,20.0
test,D0,17,kuroshio,4,seasonal_climatology,17362.80170440674,168432.75634765625,-185.07688847337403,-56.103899686503624,0.3210677057818873,-0.0010988176675762712,-0.00033309375743220335,118,21916,21916,20.0,20.0
test,D0,17,kuroshio,6,damped_linear,28853.986206054688,168432.75634765625,14.346969880335848,-7.083915676930309,0.4138944777617405,8.51792144915254e-05,-4.205782669915253e-05,118,21916,21916,30.0,30.0
test,D0,17,kuroshio,6,persistence,19827.588081359863,168432.75634765625,28.7244978561988,-4.285858217216051,0.34310074891319736,0.0001705398550677966,-2.5445514935169487e-05,118,21916,21916,30.0,30.0
test,D0,17,kuroshio,6,samudra,11174.62268447876,168432.75634765625,2023.496091649666,5634.458186210291,0.2575746723593924,0.012013673204237288,0.033452270855084745,118,21916,21916,30.0,30.0
test,D0,17,kuroshio,6,seasonal_climatology,17305.647300720215,168432.75634765625,-187.7613354865332,-65.29853543050378,0.3205388291682021,-0.0011147554641864406,-0.00038768311370338985,118,21916,21916,30.0,30.0
test,D0,17,north_pacific_gyre,1,damped_linear,237.9908126592636,105038.52392578125,11.755313716714937,-1.8396669925820932,0.04759987266451405,0.00011191430798305085,-1.75142121559322e-05,118,12775,12775,5.0,5.0
test,D0,17,north_pacific_gyre,1,persistence,300.9781548976898,105038.52392578125,15.869372027537302,-2.2492065708644606,0.05352949949139508,0.00015108144549661015,-2.1413158589830514e-05,118,12775,12775,5.0,5.0
test,D0,17,north_pacific_gyre,1,samudra,131.7887743115425,105038.52392578125,179.5033947287699,538.5552792969165,0.035421333290057255,0.001708929143516949,0.005127216750279661,118,12775,12775,5.0,5.0
test,D0,17,north_pacific_gyre,1,seasonal_climatology,2062.3169803619385,105038.52392578125,947.5699389205982,229.86610842917983,0.14012105667702737,0.009021165792372882,0.002188398121355932,118,12775,12775,5.0,5.0
test,D0,17,north_pacific_gyre,2,damped_linear,845.8003673553467,105038.52392578125,23.207575200002132,-3.718757993939543,0.08973453768590445,0.0002209434627661017,-3.540375335593221e-05,118,12775,12775,10.0,10.0
test,D0,17,north_pacific_gyre,2,persistence,927.7695398330688,105038.52392578125,31.435687082718136,-4.537835626199459,0.09398223089932019,0.00029927769267711865,-4.32016317118644e-05,118,12775,12775,10.0,10.0
test,D0,17,north_pacific_gyre,2,samudra,530.467681646347,105038.52392578125,563.6894592286053,1272.8088004357116,0.07106490174721633,0.0053665021,0.01211754271542373,118,12775,12775,10.0,10.0
test,D0,17,north_pacific_gyre,2,seasonal_climatology,2059.4081926345825,105038.52392578125,952.6718585326805,226.69649503932877,0.1400222051829007,0.009069737682203389,0.0021582223984745763,118,12775,12775,10.0,10.0
test,D0,17,north_pacific_gyre,4,damped_linear,2264.227765083313,105038.52392578125,46.36704211264079,-6.324291557611356,0.1468201795192995,0.00044142891940677966,-6.0209257720338986e-05,118,12775,12775,20.0,20.0
test,D0,17,north_pacific_gyre,4,persistence,2034.5097370147705,105038.52392578125,62.823269168093006,-7.962455785121845,0.1391731898198598,0.0005980974105508475,-7.580509976271187e-05,118,12775,12775,20.0,20.0
test,D0,17,north_pacific_gyre,4,samudra,1475.1494235992432,105038.52392578125,1455.0029261247241,2746.7740081399693,0.11850691753336755,0.013852088469491526,0.026150158108474576,118,12775,12775,20.0,20.0
test,D0,17,north_pacific_gyre,4,seasonal_climatology,2052.5993690490723,105038.52392578125,961.5994690982787,221.9919579721038,0.13979054255659526,0.009154731361016948,0.0021134337162711865,118,12775,12775,20.0,20.0
test,D0,17,north_pacific_gyre,6,damped_linear,3504.8255729675293,105038.52392578125,68.82474909788954,-4.981317832719785,0.1826664966087744,0.000655233399381356,-4.742372271186441e-05,118,12775,12775,30.0,30.0
test,D0,17,north_pacific_gyre,6,persistence,2683.002429962158,105038.52392578125,93.50908341124715,-7.438561227120826,0.15982187740088463,0.0008902360764067796,-7.081745772033896e-05,118,12775,12775,30.0,30.0
test,D0,17,north_pacific_gyre,6,samudra,2511.73442363739,105038.52392578125,2401.2926043316884,4300.370085353529,0.15463669311364506,0.02286106577457627,0.04094088458813559,118,12775,12775,30.0,30.0
test,D0,17,north_pacific_gyre,6,seasonal_climatology,2044.8583793640137,105038.52392578125,968.2941519399504,221.71797424007602,0.1395266967855509,0.00921846686101695,0.0021108253044067795,118,12775,12775,30.0,30.0
test,D0,17,southern_ocean,1,damped_linear,9246.173149108887,851759.26171875,17.29458757987443,-0.8116545709998385,0.10418917008791262,2.0304548899152548e-05,-9.529154627118643e-07,118,139797,139797,5.0,5.0
test,D0,17,southern_ocean,1,persistence,10145.525291442871,851759.26171875,22.50308557188421,-1.3079906690641514,0.1091387151301192,2.6419537283898306e-05,-1.5356342194915263e-06,118,139797,139797,5.0,5.0
test,D0,17,southern_ocean,1,samudra,3696.5066356658936,851759.26171875,-422.4845151217466,815.596375682913,0.06587753080608341,-0.000496013996101695,0.0009575433016567798,118,139797,139797,5.0,5.0
test,D0,17,southern_ocean,1,seasonal_climatology,38378.67468261719,851759.26171875,-699.2870777681286,-26.34620726972746,0.2122689904188691,-0.000820991457559322,-3.093151839237288e-05,118,139797,139797,5.0,5.0
test,D0,17,southern_ocean,2,damped_linear,28721.734939575195,851759.26171875,30.60289509302228,-2.1319015465169544,0.18363138198462362,3.592904294491525e-05,-2.5029390842372854e-06,118,139797,139797,10.0,10.0
test,D0,17,southern_ocean,2,persistence,26430.91111755371,851759.26171875,41.01990895171523,-3.12457084420987,0.17615607895614507,4.8159040699999995e-05,-3.668373194915255e-06,118,139797,139797,10.0,10.0
test,D0,17,southern_ocean,2,samudra,11306.59506225586,851759.26171875,-564.0697318563488,2239.773037147643,0.11521459218516059,-0.0006622407964406779,0.0026295845995593222,118,139797,139797,10.0,10.0
test,D0,17,southern_ocean,2,seasonal_climatology,38417.165435791016,851759.26171875,-695.0351280159733,-28.392787679988118,0.2123754081866458,-0.0008159994956949152,-3.3334286994067796e-05,118,139797,139797,10.0,10.0
test,D0,17,southern_ocean,4,damped_linear,59543.43325805664,851759.26171875,56.958622596563565,-0.7087240911506738,0.2643982058869519,6.687173847881356e-05,-8.32070894915251e-07,118,139797,139797,20.0,20.0
test,D0,17,southern_ocean,4,persistence,44449.790435791016,851759.26171875,77.79262198429205,-2.694050286798409,0.22844224871501606,9.133170072881355e-05,-3.1629245584745766e-06,118,139797,139797,20.0,20.0
test,D0,17,southern_ocean,4,samudra,23898.501205444336,851759.26171875,279.48910850170853,6620.091122100396,0.16750466251962343,0.00032813157550847454,0.007772256105254237,118,139797,139797,20.0,20.0
test,D0,17,southern_ocean,4,seasonal_climatology,38510.492614746094,851759.26171875,-686.6850215864948,-27.713939306966473,0.21263321449055514,-0.0008061961312881357,-3.2537291406779665e-05,118,139797,139797,20.0,20.0
test,D0,17,southern_ocean,6,damped_linear,87545.9306640625,851759.26171875,89.84279381741608,0.8430735902915178,0.3205970705139114,0.00010547909233898307,9.898026686440656e-07,118,139797,139797,30.0,30.0
test,D0,17,southern_ocean,6,persistence,53500.470703125,851759.26171875,121.09379156181896,-2.134933931189193,0.2506226796819588,0.00014216903414406782,-2.5064992271186434e-06,118,139797,139797,30.0,30.0
test,D0,17,southern_ocean,6,samudra,32777.89994812012,851759.26171875,2497.5464949958496,12583.763446422263,0.19616979141986682,0.0029322211183898305,0.014773849856389831,118,139797,139797,30.0,30.0
test,D0,17,southern_ocean,6,seasonal_climatology,38599.453125,851759.26171875,-671.6993691548756,-26.19814796178448,0.2128786676963058,-0.000788602366118644,-3.0757690745762716e-05,118,139797,139797,30.0,30.0
test,D4,15,global_outside_5deg,1,damped_linear,27433.24774169922,3845924.107421875,-96.93379259633457,14.2399168461144,0.0844575069837466,-2.5204291579563796e-05,3.702599543926041e-06,118,624489,624500,5.0,5.0
test,D4,15,global_outside_5deg,1,persistence,31544.43113708496,3845924.107421875,-131.30033182287653,14.999974189893774,0.09056512585202303,-3.414012553432679e-05,3.900226257961456e-06,118,624489,624500,5.0,5.0
test,D4,15,global_outside_5deg,1,samudra,12990.615036010742,3845924.107421875,10521.308355863806,-13871.716469713394,0.058118514004234206,0.00273570358176329,-0.0036068617274437934,118,624489,624500,5.0,5.0
test,D4,15,global_outside_5deg,1,seasonal_climatology,140708.361328125,3845924.107421875,-2012.4686375502622,893.7283722568222,0.19127561089773085,-0.0005232731019487864,0.0002323832575198514,118,624489,624500,5.0,5.0
test,D4,15,global_outside_5deg,2,damped_linear,89074.21203613281,3845923.544921875,-189.48336549861529,31.83424637260531,0.15218633957135283,-4.926862515215819e-05,8.277399693667593e-06,118,624487,624500,10.0,10.0
test,D4,15,global_outside_5deg,2,persistence,87412.56359863281,3845923.544921875,-258.1695160167038,33.37373716113186,0.15076016545388077,-6.712809368183845e-05,8.67769126747157e-06,118,624487,624500,10.0,10.0
test,D4,15,global_outside_5deg,2,samudra,39776.59976196289,3845923.544921875,22844.66351649699,-29829.855243313283,0.10169825579501254,0.00593996818960712,-0.007756226793093787,118,624487,624500,10.0,10.0
test,D4,15,global_outside_5deg,2,seasonal_climatology,140706.06982421875,3845923.544921875,-2088.5202316307355,905.5235078057755,0.1912740673710968,-0.0005430477770127282,0.00023545021039261715,118,624487,624500,10.0,10.0
test,D4,15,global_outside_5deg,4,damped_linear,204122.14624023438,3845922.880859375,-362.99495999104704,94.06405395543142,0.23038000178998325,-9.438435747051056e-05,2.4458122762568945e-05,118,624487,624500,20.0,20.0
test,D4,15,global_outside_5deg,4,persistence,163141.49682617188,3845922.880859375,-500.4077811982921,97.46058417649199,0.20595955063406624,-0.00013011383657450653,2.5341273654118185e-05,118,624487,624500,20.0,20.0
test,D4,15,global_outside_5deg,4,samudra,81796.44927978516,3845922.880859375,42902.77934889748,-52672.687700833674,0.14583673747780979,0.011155392522928284,-0.013695721243652164,118,624487,624500,20.0,20.0
test,D4,15,global_outside_5deg,4,seasonal_climatology,140704.5692138672,3845922.880859375,-2208.4075447694318,935.4601162445483,0.191273063926162,-0.000574220444138485,0.00024323423667702845,118,624487,624500,20.0,20.0
test,D4,15,global_outside_5deg,6,damped_linear,302189.826171875,3845922.728515625,-554.3156075068567,166.0136361886793,0.2803106782963787,-0.00014413071885113011,4.316613928765907e-05,118,624487,624500,30.0,30.0
test,D4,15,global_outside_5deg,6,persistence,200924.24951171875,3845922.728515625,-760.4593341016791,171.11674488736793,0.2285682484778255,-0.00019773130865663195,4.449302728279522e-05,118,624487,624500,30.0,30.0
test,D4,15,global_outside_5deg,6,samudra,109681.90283203125,3845922.728515625,58715.88567115701,-71364.60708871525,0.1688757189777644,0.015267047680341471,-0.018555912878743454,118,624487,624500,30.0,30.0
test,D4,15,global_outside_5deg,6,seasonal_climatology,140707.18591308594,3845922.728515625,-2324.7772023829757,952.5836838498093,0.19127484626995375,-0.0006044783960805807,0.0002476866414363632,118,624487,624500,30.0,30.0
test,D4,15,gulf_stream,1,damped_linear,3299.114095687866,159350.86157226562,-0.4958562828171642,-0.21707491266695111,0.14388696750363492,-3.1117263999999986e-06,-1.3622449889830537e-06,118,21273,21273,5.0,5.0
test,D4,15,gulf_stream,1,persistence,3572.1201610565186,159350.86157226562,-1.268503594367815,-0.738098881905624,0.14972206962480092,-7.960443902542369e-06,-4.631910205084747e-06,118,21273,21273,5.0,5.0
test,D4,15,gulf_stream,1,samudra,1583.9744319915771,159350.86157226562,418.16714312697826,-547.1815635092472,0.09970039422608028,0.0026241912908474578,-0.0034338161595762716,118,21273,21273,5.0,5.0
test,D4,15,gulf_stream,1,seasonal_climatology,12356.287864685059,159350.86157226562,-44.964830272994135,-8.637433757770044,0.2784625531709558,-0.0002821750057033898,-5.4203872338983034e-05,118,21273,21273,5.0,5.0
test,D4,15,gulf_stream,2,damped_linear,10037.241661071777,159350.86157226562,1.3067719974931449,2.173852016099058,0.25097472226276396,8.200595745762715e-06,1.3641921949152538e-05,118,21273,21273,10.0,10.0
test,D4,15,gulf_stream,2,persistence,9130.656341552734,159350.86157226562,-0.23852286422932023,1.131802875332966,0.23937224372374935,-1.4968407567796558e-06,7.102583972033897e-06,118,21273,21273,10.0,10.0
test,D4,15,gulf_stream,2,samudra,4169.3418617248535,159350.86157226562,917.343559861742,-1178.1797775967318,0.1617545646487606,0.005756753059322034,-0.0073936203794067795,118,21273,21273,10.0,10.0
test,D4,15,gulf_stream,2,seasonal_climatology,12322.88410949707,159350.86157226562,-44.758416835999604,-8.2380034431918,0.27808590323873184,-0.00028087966638135596,-5.169726327118643e-05,118,21273,21273,10.0,10.0
test,D4,15,gulf_stream,4,damped_linear,20519.66244506836,159350.86157226562,6.721989780740956,10.794343824701567,0.35884582528781406,4.218357977118645e-05,6.773947575932203e-05,118,21273,21273,20.0,20.0
test,D4,15,gulf_stream,4,persistence,14992.542945861816,159350.86157226562,3.6313981372801925,8.71023796049915,0.3067329580090432,2.2788694717118633e-05,5.466075222033899e-05,118,21273,21273,20.0,20.0
test,D4,15,gulf_stream,4,samudra,7812.334693908691,159350.86157226562,1739.357587018611,-2139.7446752566566,0.2214181472892004,0.010915269424067797,-0.013427882686949152,118,21273,21273,20.0,20.0
test,D4,15,gulf_stream,4,seasonal_climatology,12248.992156982422,159350.86157226562,-42.752830349354504,-2.895473116560095,0.27725090363818095,-0.0002682936880762712,-1.8170426491525416e-05,118,21273,21273,20.0,20.0
test,D4,15,gulf_stream,6,damped_linear,29672.388900756836,159350.86157226562,7.1523677097368275,15.397398503506814,0.4315181311557357,4.488439936355931e-05,9.662576249406781e-05,118,21273,21273,30.0,30.0
test,D4,15,gulf_stream,6,persistence,17826.196487426758,159350.86157226562,2.5165024681435098,12.271250311597893,0.33446612344752924,1.5792211245762708e-05,7.700774373305086e-05,118,21273,21273,30.0,30.0
test,D4,15,gulf_stream,6,samudra,9860.944435119629,159350.86157226562,2346.313780257772,-2913.9030241543696,0.24876085901638206,0.014724198897372882,-0.018286082644322035,118,21273,21273,30.0,30.0
test,D4,15,gulf_stream,6,seasonal_climatology,12179.417266845703,159350.86157226562,-45.94923049713695,-0.8653356452372127,0.2764623828112767,-0.0002883525701949153,-5.430379457627112e-06,118,21273,21273,30.0,30.0
test,D4,15,kuroshio,1,damped_linear,2636.329963684082,168432.75634765625,5.345647314119864,0.6787297399033979,0.12510843888686504,3.1737575457627125e-05,4.02967780508475e-06,118,21916,21916,5.0,5.0
test,D4,15,kuroshio,1,persistence,3012.5318565368652,168432.75634765625,7.741901760846215,1.145071022302897,0.13373729849508517,4.596434760508474e-05,6.798386769491531e-06,118,21916,21916,5.0,5.0
test,D4,15,kuroshio,1,samudra,1324.1469974517822,168432.75634765625,315.4061034939654,-495.05035155400265,0.08866553157805292,0.0018725936114406781,-0.002939157217923729,118,21916,21916,5.0,5.0
test,D4,15,kuroshio,1,seasonal_climatology,17417.884490966797,168432.75634765625,-185.60772360340084,-50.04591019305102,0.32157658965722646,-0.0011019692821525424,-0.0002971269441779661,118,21916,21916,5.0,5.0
test,D4,15,kuroshio,2,damped_linear,8430.175765991211,168432.75634765625,7.709973429589548,0.3834081926825865,0.22372011654595336,4.577478631101694e-05,2.276327960169499e-06,118,21916,21916,10.0,10.0
test,D4,15,kuroshio,2,persistence,8267.14584350586,168432.75634765625,12.502491434826151,1.3160939841107835,0.22154631038301859,7.422838470338981e-05,7.813765045762709e-06,118,21916,21916,10.0,10.0
test,D4,15,kuroshio,2,samudra,3758.577362060547,168432.75634765625,692.7627777810984,-1073.4300991423147,0.14938206853417407,0.004112993177830509,-0.006373048345338982,118,21916,21916,10.0,10.0
test,D4,15,kuroshio,2,seasonal_climatology,17400.295608520508,168432.75634765625,-185.17163342613355,-51.182640917996764,0.32141418183201886,-0.0010993801766440677,-0.00030387581387288136,118,21916,21916,10.0,10.0
test,D4,15,kuroshio,4,damped_linear,19176.05451965332,168432.75634765625,12.165785677031746,-1.760717862075905,0.3374165262510805,7.222933318220339e-05,-1.0453535881355928e-05,118,21916,21916,20.0,20.0
test,D4,15,kuroshio,4,persistence,15577.424392700195,168432.75634765625,21.750797607187646,0.10465385609765399,0.3041126937606038,0.00012913638700000002,6.213390932203328e-07,118,21916,21916,20.0,20.0
test,D4,15,kuroshio,4,samudra,7267.894470214844,168432.75634765625,1368.9906730131638,-2014.198571011737,0.20772608136579657,0.008127817312372882,-0.011958473011355933,118,21916,21916,20.0,20.0
test,D4,15,kuroshio,4,seasonal_climatology,17362.80170440674,168432.75634765625,-185.07688847337403,-56.103899686503624,0.3210677057818873,-0.0010988176675762712,-0.00033309375743220335,118,21916,21916,20.0,20.0
test,D4,15,kuroshio,6,damped_linear,28853.986206054688,168432.75634765625,14.346969880335848,-7.083915676930309,0.4138944777617405,8.51792144915254e-05,-4.205782669915253e-05,118,21916,21916,30.0,30.0
test,D4,15,kuroshio,6,persistence,19827.588081359863,168432.75634765625,28.7244978561988,-4.285858217216051,0.34310074891319736,0.0001705398550677966,-2.5445514935169487e-05,118,21916,21916,30.0,30.0
test,D4,15,kuroshio,6,samudra,9927.025085449219,168432.75634765625,1989.2526226098976,-2911.273162551158,0.2427707062681652,0.011810366734745763,-0.017284483289830507,118,21916,21916,30.0,30.0
test,D4,15,kuroshio,6,seasonal_climatology,17305.647300720215,168432.75634765625,-187.7613354865332,-65.29853543050378,0.3205388291682021,-0.0011147554641864406,-0.00038768311370338985,118,21916,21916,30.0,30.0
test,D4,15,north_pacific_gyre,1,damped_linear,237.9908126592636,105038.52392578125,11.755313716714937,-1.8396669925820932,0.04759987266451405,0.00011191430798305085,-1.75142121559322e-05,118,12775,12775,5.0,5.0
test,D4,15,north_pacific_gyre,1,persistence,300.9781548976898,105038.52392578125,15.869372027537302,-2.2492065708644606,0.05352949949139508,0.00015108144549661015,-2.1413158589830514e-05,118,12775,12775,5.0,5.0
test,D4,15,north_pacific_gyre,1,samudra,117.4237664937973,105038.52392578125,619.8510635382181,-409.51859447331157,0.03343518251879447,0.00590117835220339,-0.0038987466613932204,118,12775,12775,5.0,5.0
test,D4,15,north_pacific_gyre,1,seasonal_climatology,2062.3169803619385,105038.52392578125,947.5699389205982,229.86610842917983,0.14012105667702737,0.009021165792372882,0.002188398121355932,118,12775,12775,5.0,5.0
test,D4,15,north_pacific_gyre,2,damped_linear,845.8003673553467,105038.52392578125,23.207575200002132,-3.718757993939543,0.08973453768590445,0.0002209434627661017,-3.540375335593221e-05,118,12775,12775,10.0,10.0
test,D4,15,north_pacific_gyre,2,persistence,927.7695398330688,105038.52392578125,31.435687082718136,-4.537835626199459,0.09398223089932019,0.00029927769267711865,-4.32016317118644e-05,118,12775,12775,10.0,10.0
test,D4,15,north_pacific_gyre,2,samudra,455.2411804199219,105038.52392578125,1370.8039155698314,-883.7100091271831,0.06583342733051949,0.01305048723398305,-0.008413199044491526,118,12775,12775,10.0,10.0
test,D4,15,north_pacific_gyre,2,seasonal_climatology,2059.4081926345825,105038.52392578125,952.6718585326805,226.69649503932877,0.1400222051829007,0.009069737682203389,0.0021582223984745763,118,12775,12775,10.0,10.0
test,D4,15,north_pacific_gyre,4,damped_linear,2264.227765083313,105038.52392578125,46.36704211264079,-6.324291557611356,0.1468201795192995,0.00044142891940677966,-6.0209257720338986e-05,118,12775,12775,20.0,20.0
test,D4,15,north_pacific_gyre,4,persistence,2034.5097370147705,105038.52392578125,62.823269168093006,-7.962455785121845,0.1391731898198598,0.0005980974105508475,-7.580509976271187e-05,118,12775,12775,20.0,20.0
test,D4,15,north_pacific_gyre,4,samudra,1095.4455499649048,105038.52392578125,2510.6481357494445,-1569.2251659012022,0.1021224188058222,0.023902165052542373,-0.014939520351694914,118,12775,12775,20.0,20.0
test,D4,15,north_pacific_gyre,4,seasonal_climatology,2052.5993690490723,105038.52392578125,961.5994690982787,221.9919579721038,0.13979054255659526,0.009154731361016948,0.0021134337162711865,118,12775,12775,20.0,20.0
test,D4,15,north_pacific_gyre,6,damped_linear,3504.8255729675293,105038.52392578125,68.82474909788954,-4.981317832719785,0.1826664966087744,0.000655233399381356,-4.742372271186441e-05,118,12775,12775,30.0,30.0
test,D4,15,north_pacific_gyre,6,persistence,2683.002429962158,105038.52392578125,93.50908341124715,-7.438561227120826,0.15982187740088463,0.0008902360764067796,-7.081745772033896e-05,118,12775,12775,30.0,30.0
test,D4,15,north_pacific_gyre,6,samudra,1584.26305103302,105038.52392578125,3321.8401075109473,-2002.9540489329922,0.12281158650029335,0.03162496942415254,-0.019068756624457627,118,12775,12775,30.0,30.0
test,D4,15,north_pacific_gyre,6,seasonal_climatology,2044.8583793640137,105038.52392578125,968.2941519399504,221.71797424007602,0.1395266967855509,0.00921846686101695,0.0021108253044067795,118,12775,12775,30.0,30.0
test,D4,15,southern_ocean,1,damped_linear,9246.173149108887,851759.26171875,17.29458757987443,-0.8116545709998385,0.10418917008791262,2.0304548899152548e-05,-9.529154627118643e-07,118,139797,139797,5.0,5.0
test,D4,15,southern_ocean,1,persistence,10145.525291442871,851759.26171875,22.50308557188421,-1.3079906690641514,0.1091387151301192,2.6419537283898306e-05,-1.5356342194915263e-06,118,139797,139797,5.0,5.0
test,D4,15,southern_ocean,1,samudra,3866.777856826782,851759.26171875,1464.8962604195526,-2494.0662148907113,0.0673776995809435,0.0017198477624576272,-0.0029281351280618646,118,139797,139797,5.0,5.0
test,D4,15,southern_ocean,1,seasonal_climatology,38378.67468261719,851759.26171875,-699.2870777681286,-26.34620726972746,0.2122689904188691,-0.000820991457559322,-3.093151839237288e-05,118,139797,139797,5.0,5.0
test,D4,15,southern_ocean,2,damped_linear,28721.734939575195,851759.26171875,30.60289509302228,-2.1319015465169544,0.18363138198462362,3.592904294491525e-05,-2.5029390842372854e-06,118,139797,139797,10.0,10.0
test,D4,15,southern_ocean,2,persistence,26430.91111755371,851759.26171875,41.01990895171523,-3.12457084420987,0.17615607895614507,4.8159040699999995e-05,-3.668373194915255e-06,118,139797,139797,10.0,10.0
test,D4,15,southern_ocean,2,samudra,11050.118453979492,851759.26171875,3161.245968560701,-5224.206875396017,0.1139003436679661,0.0037114312818644067,-0.006133431252457627,118,139797,139797,10.0,10.0
test,D4,15,southern_ocean,2,seasonal_climatology,38417.165435791016,851759.26171875,-695.0351280159733,-28.392787679988118,0.2123754081866458,-0.0008159994956949152,-3.3334286994067796e-05,118,139797,139797,10.0,10.0
test,D4,15,southern_ocean,4,damped_linear,59543.43325805664,851759.26171875,56.958622596563565,-0.7087240911506738,0.2643982058869519,6.687173847881356e-05,-8.32070894915251e-07,118,139797,139797,20.0,20.0
test,D4,15,southern_ocean,4,persistence,44449.790435791016,851759.26171875,77.79262198429205,-2.694050286798409,0.22844224871501606,9.133170072881355e-05,-3.1629245584745766e-06,118,139797,139797,20.0,20.0
test,D4,15,southern_ocean,4,samudra,22665.865676879883,851759.26171875,6310.35435440355,-9274.82298834275,0.16312770379275213,0.007408612548186441,-0.010889019239576272,118,139797,139797,20.0,20.0
test,D4,15,southern_ocean,4,seasonal_climatology,38510.492614746094,851759.26171875,-686.6850215864948,-27.713939306966473,0.21263321449055514,-0.0008061961312881357,-3.2537291406779665e-05,118,139797,139797,20.0,20.0
test,D4,15,southern_ocean,6,damped_linear,87545.9306640625,851759.26171875,89.84279381741608,0.8430735902915178,0.3205970705139114,0.00010547909233898307,9.898026686440656e-07,118,139797,139797,30.0,30.0
test,D4,15,southern_ocean,6,persistence,53500.470703125,851759.26171875,121.09379156181896,-2.134933931189193,0.2506226796819588,0.00014216903414406782,-2.5064992271186434e-06,118,139797,139797,30.0,30.0
test,D4,15,southern_ocean,6,samudra,30235.90330505371,851759.26171875,9122.504518888558,-12876.016219403706,0.1884096060885657,0.010710191164203388,-0.015116966492881356,118,139797,139797,30.0,30.0
test,D4,15,southern_ocean,6,seasonal_climatology,38599.453125,851759.26171875,-671.6993691548756,-26.19814796178448,0.2128786676963058,-0.000788602366118644,-3.0757690745762716e-05,118,139797,139797,30.0,30.0
test,D4,16,global_outside_5deg,1,damped_linear,27433.24774169922,3845924.107421875,-96.93379259633457,14.2399168461144,0.0844575069837466,-2.5204291579563796e-05,3.702599543926041e-06,118,624489,624500,5.0,5.0
test,D4,16,global_outside_5deg,1,persistence,31544.43113708496,3845924.107421875,-131.30033182287653,14.999974189893774,0.09056512585202303,-3.414012553432679e-05,3.900226257961456e-06,118,624489,624500,5.0,5.0
test,D4,16,global_outside_5deg,1,samudra,10839.732925415039,3845924.107421875,-4756.066928659491,7266.974580349018,0.053089536778759897,-0.0012366512691920311,0.0018895262562059376,118,624489,624500,5.0,5.0
test,D4,16,global_outside_5deg,1,seasonal_climatology,140708.361328125,3845924.107421875,-2012.4686375502622,893.7283722568222,0.19127561089773085,-0.0005232731019487864,0.0002323832575198514,118,624489,624500,5.0,5.0
test,D4,16,global_outside_5deg,2,damped_linear,89074.21203613281,3845923.544921875,-189.48336549861529,31.83424637260531,0.15218633957135283,-4.926862515215819e-05,8.277399693667593e-06,118,624487,624500,10.0,10.0
test,D4,16,global_outside_5deg,2,persistence,87412.56359863281,3845923.544921875,-258.1695160167038,33.37373716113186,0.15076016545388077,-6.712809368183845e-05,8.67769126747157e-06,118,624487,624500,10.0,10.0
test,D4,16,global_outside_5deg,2,samudra,35382.623931884766,3845923.544921875,-10943.166445475601,16783.470925727906,0.09591680303689847,-0.002845393653216239,0.004363963747508361,118,624487,624500,10.0,10.0
test,D4,16,global_outside_5deg,2,seasonal_climatology,140706.06982421875,3845923.544921875,-2088.5202316307355,905.5235078057755,0.1912740673710968,-0.0005430477770127282,0.00023545021039261715,118,624487,624500,10.0,10.0
test,D4,16,global_outside_5deg,4,damped_linear,204122.14624023438,3845922.880859375,-362.99495999104704,94.06405395543142,0.23038000178998325,-9.438435747051056e-05,2.4458122762568945e-05,118,624487,624500,20.0,20.0
test,D4,16,global_outside_5deg,4,persistence,163141.49682617188,3845922.880859375,-500.4077811982921,97.46058417649199,0.20595955063406624,-0.00013011383657450653,2.5341273654118185e-05,118,624487,624500,20.0,20.0
test,D4,16,global_outside_5deg,4,samudra,80334.61822509766,3845922.880859375,-19376.860141621124,33860.7086293797,0.14452769664892176,-0.005038286190827453,0.008804312951229404,118,624487,624500,20.0,20.0
test,D4,16,global_outside_5deg,4,seasonal_climatology,140704.5692138672,3845922.880859375,-2208.4075447694318,935.4601162445483,0.191273063926162,-0.000574220444138485,0.00024323423667702845,118,624487,624500,20.0,20.0
test,D4,16,global_outside_5deg,6,damped_linear,302189.826171875,3845922.728515625,-554.3156075068567,166.0136361886793,0.2803106782963787,-0.00014413071885113011,4.316613928765907e-05,118,624487,624500,30.0,30.0
test,D4,16,global_outside_5deg,6,persistence,200924.24951171875,3845922.728515625,-760.4593341016791,171.11674488736793,0.2285682484778255,-0.00019773130865663195,4.449302728279522e-05,118,624487,624500,30.0,30.0
test,D4,16,global_outside_5deg,6,samudra,111277.00103759766,3845922.728515625,-26133.309245392487,50496.42024098738,0.17009926195107974,-0.006795068723463125,0.01312985824353185,118,624487,624500,30.0,30.0
test,D4,16,global_outside_5deg,6,seasonal_climatology,140707.18591308594,3845922.728515625,-2324.7772023829757,952.5836838498093,0.19127484626995375,-0.0006044783960805807,0.0002476866414363632,118,624487,624500,30.0,30.0
test,D4,16,gulf_stream,1,damped_linear,3299.114095687866,159350.86157226562,-0.4958562828171642,-0.21707491266695111,0.14388696750363492,-3.1117263999999986e-06,-1.3622449889830537e-06,118,21273,21273,5.0,5.0
test,D4,16,gulf_stream,1,persistence,3572.1201610565186,159350.86157226562,-1.268503594367815,-0.738098881905624,0.14972206962480092,-7.960443902542369e-06,-4.631910205084747e-06,118,21273,21273,5.0,5.0
test,D4,16,gulf_stream,1,samudra,1301.7884645462036,159350.86157226562,-246.69816260072213,304.30984161501175,0.09038430053263986,-0.0015481445168644067,0.0019096843193220341,118,21273,21273,5.0,5.0
test,D4,16,gulf_stream,1,seasonal_climatology,12356.287864685059,159350.86157226562,-44.964830272994135,-8.637433757770044,0.2784625531709558,-0.0002821750057033898,-5.4203872338983034e-05,118,21273,21273,5.0,5.0
test,D4,16,gulf_stream,2,damped_linear,10037.241661071777,159350.86157226562,1.3067719974931449,2.173852016099058,0.25097472226276396,8.200595745762715e-06,1.3641921949152538e-05,118,21273,21273,10.0,10.0
test,D4,16,gulf_stream,2,persistence,9130.656341552734,159350.86157226562,-0.23852286422932023,1.131802875332966,0.23937224372374935,-1.4968407567796558e-06,7.102583972033897e-06,118,21273,21273,10.0,10.0
test,D4,16,gulf_stream,2,samudra,3700.4003410339355,159350.86157226562,-550.1485952469969,724.7599798903696,0.1523867294254224,-0.003452435649351695,0.004548202455508475,118,21273,21273,10.0,10.0
test,D4,16,gulf_stream,2,seasonal_climatology,12322.88410949707,159350.86157226562,-44.758416835999604,-8.2380034431918,0.27808590323873184,-0.00028087966638135596,-5.169726327118643e-05,118,21273,21273,10.0,10.0
test,D4,16,gulf_stream,4,damped_linear,20519.66244506836,159350.86157226562,6.721989780740956,10.794343824701567,0.35884582528781406,4.218357977118645e-05,6.773947575932203e-05,118,21273,21273,20.0,20.0
test,D4,16,gulf_stream,4,persistence,14992.542945861816,159350.86157226562,3.6313981372801925,8.71023796049915,0.3067329580090432,2.2788694717118633e-05,5.466075222033899e-05,118,21273,21273,20.0,20.0
test,D4,16,gulf_stream,4,samudra,7691.530368804932,159350.86157226562,-937.6413702513609,1456.1990921837219,0.21969955213187364,-0.0058841311618898304,0.009138319541016949,118,21273,21273,20.0,20.0
test,D4,16,gulf_stream,4,seasonal_climatology,12248.992156982422,159350.86157226562,-42.752830349354504,-2.895473116560095,0.27725090363818095,-0.0002682936880762712,-1.8170426491525416e-05,118,21273,21273,20.0,20.0
test,D4,16,gulf_stream,6,damped_linear,29672.388900756836,159350.86157226562,7.1523677097368275,15.397398503506814,0.4315181311557357,4.488439936355931e-05,9.662576249406781e-05,118,21273,21273,30.0,30.0
test,D4,16,gulf_stream,6,persistence,17826.196487426758,159350.86157226562,2.5165024681435098,12.271250311597893,0.33446612344752924,1.5792211245762708e-05,7.700774373305086e-05,118,21273,21273,30.0,30.0
test,D4,16,gulf_stream,6,samudra,9918.983940124512,159350.86157226562,-1199.2312683424277,2203.1594682900777,0.2494918627651617,-0.007525728173101695,0.013825839700847458,118,21273,21273,30.0,30.0
test,D4,16,gulf_stream,6,seasonal_climatology,12179.417266845703,159350.86157226562,-45.94923049713695,-0.8653356452372127,0.2764623828112767,-0.0002883525701949153,-5.430379457627112e-06,118,21273,21273,30.0,30.0
test,D4,16,kuroshio,1,damped_linear,2636.329963684082,168432.75634765625,5.345647314119864,0.6787297399033979,0.12510843888686504,3.1737575457627125e-05,4.02967780508475e-06,118,21916,21916,5.0,5.0
test,D4,16,kuroshio,1,persistence,3012.5318565368652,168432.75634765625,7.741901760846215,1.145071022302897,0.13373729849508517,4.596434760508474e-05,6.798386769491531e-06,118,21916,21916,5.0,5.0
test,D4,16,kuroshio,1,samudra,1034.568172454834,168432.75634765625,-274.1251205107252,249.1593769278675,0.07837296529425994,-0.0016275048063983052,0.0014792810040677967,118,21916,21916,5.0,5.0
test,D4,16,kuroshio,1,seasonal_climatology,17417.884490966797,168432.75634765625,-185.60772360340084,-50.04591019305102,0.32157658965722646,-0.0011019692821525424,-0.0002971269441779661,118,21916,21916,5.0,5.0
test,D4,16,kuroshio,2,damped_linear,8430.175765991211,168432.75634765625,7.709973429589548,0.3834081926825865,0.22372011654595336,4.577478631101694e-05,2.276327960169499e-06,118,21916,21916,10.0,10.0
test,D4,16,kuroshio,2,persistence,8267.14584350586,168432.75634765625,12.502491434826151,1.3160939841107835,0.22154631038301859,7.422838470338981e-05,7.813765045762709e-06,118,21916,21916,10.0,10.0
test,D4,16,kuroshio,2,samudra,3124.0727825164795,168432.75634765625,-609.1834995706339,583.6657837108694,0.1361906503324976,-0.0036167756960127115,0.003465274786016949,118,21916,21916,10.0,10.0
test,D4,16,kuroshio,2,seasonal_climatology,17400.295608520508,168432.75634765625,-185.17163342613355,-51.182640917996764,0.32141418183201886,-0.0010993801766440677,-0.00030387581387288136,118,21916,21916,10.0,10.0
test,D4,16,kuroshio,4,damped_linear,19176.05451965332,168432.75634765625,12.165785677031746,-1.760717862075905,0.3374165262510805,7.222933318220339e-05,-1.0453535881355928e-05,118,21916,21916,20.0,20.0
test,D4,16,kuroshio,4,persistence,15577.424392700195,168432.75634765625,21.750797607187646,0.10465385609765399,0.3041126937606038,0.00012913638700000002,6.213390932203328e-07,118,21916,21916,20.0,20.0
test,D4,16,kuroshio,4,samudra,6802.78120803833,168432.75634765625,-1072.6589935220302,1136.728226916678,0.20096941752069813,-0.006368470223855933,0.006748854863898306,118,21916,21916,20.0,20.0
test,D4,16,kuroshio,4,seasonal_climatology,17362.80170440674,168432.75634765625,-185.07688847337403,-56.103899686503624,0.3210677057818873,-0.0010988176675762712,-0.00033309375743220335,118,21916,21916,20.0,20.0
test,D4,16,kuroshio,6,damped_linear,28853.986206054688,168432.75634765625,14.346969880335848,-7.083915676930309,0.4138944777617405,8.51792144915254e-05,-4.205782669915253e-05,118,21916,21916,30.0,30.0
test,D4,16,kuroshio,6,persistence,19827.588081359863,168432.75634765625,28.7244978561988,-4.285858217216051,0.34310074891319736,0.0001705398550677966,-2.5445514935169487e-05,118,21916,21916,30.0,30.0
test,D4,16,kuroshio,6,samudra,9710.879940032959,168432.75634765625,-1403.83664861807,1761.4298815209486,0.24011318830229686,-0.008334700916016948,0.010457763203050847,118,21916,21916,30.0,30.0
test,D4,16,kuroshio,6,seasonal_climatology,17305.647300720215,168432.75634765625,-187.7613354865332,-65.29853543050378,0.3205388291682021,-0.0011147554641864406,-0.00038768311370338985,118,21916,21916,30.0,30.0
test,D4,16,north_pacific_gyre,1,damped_linear,237.9908126592636,105038.52392578125,11.755313716714937,-1.8396669925820932,0.04759987266451405,0.00011191430798305085,-1.75142121559322e-05,118,12775,12775,5.0,5.0
test,D4,16,north_pacific_gyre,1,persistence,300.9781548976898,105038.52392578125,15.869372027537302,-2.2492065708644606,0.05352949949139508,0.00015108144549661015,-2.1413158589830514e-05,118,12775,12775,5.0,5.0
test,D4,16,north_pacific_gyre,1,samudra,103.42561614513397,105038.52392578125,-8.137802890971802,198.00890969646792,0.03137904726608572,-7.747445972033898e-05,0.0018851075043322034,118,12775,12775,5.0,5.0
test,D4,16,north_pacific_gyre,1,seasonal_climatology,2062.3169803619385,105038.52392578125,947.5699389205982,229.86610842917983,0.14012105667702737,0.009021165792372882,0.002188398121355932,118,12775,12775,5.0,5.0
test,D4,16,north_pacific_gyre,2,damped_linear,845.8003673553467,105038.52392578125,23.207575200002132,-3.718757993939543,0.08973453768590445,0.0002209434627661017,-3.540375335593221e-05,118,12775,12775,10.0,10.0
test,D4,16,north_pacific_gyre,2,persistence,927.7695398330688,105038.52392578125,31.435687082718136,-4.537835626199459,0.09398223089932019,0.00029927769267711865,-4.32016317118644e-05,118,12775,12775,10.0,10.0
test,D4,16,north_pacific_gyre,2,samudra,402.5433683395386,105038.52392578125,-47.285763775087894,464.9992168572686,0.06190589875319106,-0.0004501754404745763,0.004426939750084746,118,12775,12775,10.0,10.0
test,D4,16,north_pacific_gyre,2,seasonal_climatology,2059.4081926345825,105038.52392578125,952.6718585326805,226.69649503932877,0.1400222051829007,0.009069737682203389,0.0021582223984745763,118,12775,12775,10.0,10.0
test,D4,16,north_pacific_gyre,4,damped_linear,2264.227765083313,105038.52392578125,46.36704211264079,-6.324291557611356,0.1468201795192995,0.00044142891940677966,-6.0209257720338986e-05,118,12775,12775,20.0,20.0
test,D4,16,north_pacific_gyre,4,persistence,2034.5097370147705,105038.52392578125,62.823269168093006,-7.962455785121845,0.1391731898198598,0.0005980974105508475,-7.580509976271187e-05,118,12775,12775,20.0,20.0
test,D4,16,north_pacific_gyre,4,samudra,1011.5457973480225,105038.52392578125,-105.60359725171779,1030.53863263054,0.09813376695893077,-0.0010053796769491526,0.009811054022033899,118,12775,12775,20.0,20.0
test,D4,16,north_pacific_gyre,4,seasonal_climatology,2052.5993690490723,105038.52392578125,961.5994690982787,221.9919579721038,0.13979054255659526,0.009154731361016948,0.0021134337162711865,118,12775,12775,20.0,20.0
test,D4,16,north_pacific_gyre,6,damped_linear,3504.8255729675293,105038.52392578125,68.82474909788954,-4.981317832719785,0.1826664966087744,0.000655233399381356,-4.742372271186441e-05,118,12775,12775,30.0,30.0
test,D4,16,north_pacific_gyre,6,persistence,2683.002429962158,105038.52392578125,93.50908341124715,-7.438561227120826,0.15982187740088463,0.0008902360764067796,-7.081745772033896e-05,118,12775,12775,30.0,30.0
test,D4,16,north_pacific_gyre,6,samudra,1445.453893661499,105038.52392578125,-126.97309000799876,1681.3055239220414,0.1173080502671831,-0.0012088240129661016,0.016006560841525422,118,12775,12775,30.0,30.0
test,D4,16,north_pacific_gyre,6,seasonal_climatology,2044.8583793640137,105038.52392578125,968.2941519399504,221.71797424007602,0.1395266967855509,0.00921846686101695,0.0021108253044067795,118,12775,12775,30.0,30.0
test,D4,16,southern_ocean,1,damped_linear,9246.173149108887,851759.26171875,17.29458757987443,-0.8116545709998385,0.10418917008791262,2.0304548899152548e-05,-9.529154627118643e-07,118,139797,139797,5.0,5.0
test,D4,16,southern_ocean,1,persistence,10145.525291442871,851759.26171875,22.50308557188421,-1.3079906690641514,0.1091387151301192,2.6419537283898306e-05,-1.5356342194915263e-06,118,139797,139797,5.0,5.0
test,D4,16,southern_ocean,1,samudra,3242.6342277526855,851759.26171875,-1255.2180841776524,1837.2842395928417,0.06170076504265746,-0.0014736770594601695,0.0021570463887711864,118,139797,139797,5.0,5.0
test,D4,16,southern_ocean,1,seasonal_climatology,38378.67468261719,851759.26171875,-699.2870777681286,-26.34620726972746,0.2122689904188691,-0.000820991457559322,-3.093151839237288e-05,118,139797,139797,5.0,5.0
test,D4,16,southern_ocean,2,damped_linear,28721.734939575195,851759.26171875,30.60289509302228,-2.1319015465169544,0.18363138198462362,3.592904294491525e-05,-2.5029390842372854e-06,118,139797,139797,10.0,10.0
test,D4,16,southern_ocean,2,persistence,26430.91111755371,851759.26171875,41.01990895171523,-3.12457084420987,0.17615607895614507,4.8159040699999995e-05,-3.668373194915255e-06,118,139797,139797,10.0,10.0
test,D4,16,southern_ocean,2,samudra,10034.049377441406,851759.26171875,-2792.6787724657315,4222.380330554636,0.10853746765685399,-0.003278718410211865,0.004957246161355932,118,139797,139797,10.0,10.0
test,D4,16,southern_ocean,2,seasonal_climatology,38417.165435791016,851759.26171875,-695.0351280159733,-28.392787679988118,0.2123754081866458,-0.0008159994956949152,-3.3334286994067796e-05,118,139797,139797,10.0,10.0
test,D4,16,southern_ocean,4,damped_linear,59543.43325805664,851759.26171875,56.958622596563565,-0.7087240911506738,0.2643982058869519,6.687173847881356e-05,-8.32070894915251e-07,118,139797,139797,20.0,20.0
test,D4,16,southern_ocean,4,persistence,44449.790435791016,851759.26171875,77.79262198429205,-2.694050286798409,0.22844224871501606,9.133170072881355e-05,-3.1629245584745766e-06,118,139797,139797,20.0,20.0
test,D4,16,southern_ocean,4,samudra,22482.794998168945,851759.26171875,-4782.755144340143,8219.82508401155,0.16246758238331663,-0.0056151489737711864,0.009650408810847458,118,139797,139797,20.0,20.0
test,D4,16,southern_ocean,4,seasonal_climatology,38510.492614746094,851759.26171875,-686.6850215864948,-27.713939306966473,0.21263321449055514,-0.0008061961312881357,-3.2537291406779665e-05,118,139797,139797,20.0,20.0
test,D4,16,southern_ocean,6,damped_linear,87545.9306640625,851759.26171875,89.84279381741608,0.8430735902915178,0.3205970705139114,0.00010547909233898307,9.898026686440656e-07,118,139797,139797,30.0,30.0
test,D4,16,southern_ocean,6,persistence,53500.470703125,851759.26171875,121.09379156181896,-2.134933931189193,0.2506226796819588,0.00014216903414406782,-2.5064992271186434e-06,118,139797,139797,30.0,30.0
test,D4,16,southern_ocean,6,samudra,30642.656631469727,851759.26171875,-6175.200017527522,11575.301485623613,0.18967267754604628,-0.0072499358622372875,0.01358987451720339,118,139797,139797,30.0,30.0
test,D4,16,southern_ocean,6,seasonal_climatology,38599.453125,851759.26171875,-671.6993691548756,-26.19814796178448,0.2128786676963058,-0.000788602366118644,-3.0757690745762716e-05,118,139797,139797,30.0,30.0
test,D4,17,global_outside_5deg,1,damped_linear,27433.24774169922,3845924.107421875,-96.93379259633457,14.2399168461144,0.0844575069837466,-2.5204291579563796e-05,3.702599543926041e-06,118,624489,624500,5.0,5.0
test,D4,17,global_outside_5deg,1,persistence,31544.43113708496,3845924.107421875,-131.30033182287653,14.999974189893774,0.09056512585202303,-3.414012553432679e-05,3.900226257961456e-06,118,624489,624500,5.0,5.0
test,D4,17,global_outside_5deg,1,samudra,12967.510551452637,3845924.107421875,10842.905683749315,6750.350900107332,0.05806680760325442,0.002819323881827165,0.0017551960755233017,118,624489,624500,5.0,5.0
test,D4,17,global_outside_5deg,1,seasonal_climatology,140708.361328125,3845924.107421875,-2012.4686375502622,893.7283722568222,0.19127561089773085,-0.0005232731019487864,0.0002323832575198514,118,624489,624500,5.0,5.0
test,D4,17,global_outside_5deg,2,damped_linear,89074.21203613281,3845923.544921875,-189.48336549861529,31.83424637260531,0.15218633957135283,-4.926862515215819e-05,8.277399693667593e-06,118,624487,624500,10.0,10.0
test,D4,17,global_outside_5deg,2,persistence,87412.56359863281,3845923.544921875,-258.1695160167038,33.37373716113186,0.15076016545388077,-6.712809368183845e-05,8.67769126747157e-06,118,624487,624500,10.0,10.0
test,D4,17,global_outside_5deg,2,samudra,39997.19128417969,3845923.544921875,23092.240381658696,15177.057781749561,0.10197986302196514,0.006004342029146548,0.003946271319352986,118,624487,624500,10.0,10.0
test,D4,17,global_outside_5deg,2,seasonal_climatology,140706.06982421875,3845923.544921875,-2088.5202316307355,905.5235078057755,0.1912740673710968,-0.0005430477770127282,0.00023545021039261715,118,624487,624500,10.0,10.0
test,D4,17,global_outside_5deg,4,damped_linear,204122.14624023438,3845922.880859375,-362.99495999104704,94.06405395543142,0.23038000178998325,-9.438435747051056e-05,2.4458122762568945e-05,118,624487,624500,20.0,20.0
test,D4,17,global_outside_5deg,4,persistence,163141.49682617188,3845922.880859375,-500.4077811982921,97.46058417649199,0.20595955063406624,-0.00013011383657450653,2.5341273654118185e-05,118,624487,624500,20.0,20.0
test,D4,17,global_outside_5deg,4,samudra,82687.40032958984,3845922.880859375,39613.23988230518,28833.23768381355,0.14662883475838298,0.010300060898114931,0.007497092005487831,118,624487,624500,20.0,20.0
test,D4,17,global_outside_5deg,4,seasonal_climatology,140704.5692138672,3845922.880859375,-2208.4075447694318,935.4601162445483,0.191273063926162,-0.000574220444138485,0.00024323423667702845,118,624487,624500,20.0,20.0
test,D4,17,global_outside_5deg,6,damped_linear,302189.826171875,3845922.728515625,-554.3156075068567,166.0136361886793,0.2803106782963787,-0.00014413071885113011,4.316613928765907e-05,118,624487,624500,30.0,30.0
test,D4,17,global_outside_5deg,6,persistence,200924.24951171875,3845922.728515625,-760.4593341016791,171.11674488736793,0.2285682484778255,-0.00019773130865663195,4.449302728279522e-05,118,624487,624500,30.0,30.0
test,D4,17,global_outside_5deg,6,samudra,111863.00494384766,3845922.728515625,52268.16354145875,41125.79744108413,0.17054655988304174,0.013590539184242063,0.01069334990434326,118,624487,624500,30.0,30.0
test,D4,17,global_outside_5deg,6,seasonal_climatology,140707.18591308594,3845922.728515625,-2324.7772023829757,952.5836838498093,0.19127484626995375,-0.0006044783960805807,0.0002476866414363632,118,624487,624500,30.0,30.0
test,D4,17,gulf_stream,1,damped_linear,3299.114095687866,159350.86157226562,-0.4958562828171642,-0.21707491266695111,0.14388696750363492,-3.1117263999999986e-06,-1.3622449889830537e-06,118,21273,21273,5.0,5.0
test,D4,17,gulf_stream,1,persistence,3572.1201610565186,159350.86157226562,-1.268503594367815,-0.738098881905624,0.14972206962480092,-7.960443902542369e-06,-4.631910205084747e-06,118,21273,21273,5.0,5.0
test,D4,17,gulf_stream,1,samudra,1612.819977760315,159350.86157226562,403.43262992585863,227.30886161848224,0.10060411365909216,0.0025317254387288136,0.0014264677289830508,118,21273,21273,5.0,5.0
test,D4,17,gulf_stream,1,seasonal_climatology,12356.287864685059,159350.86157226562,-44.964830272994135,-8.637433757770044,0.2784625531709558,-0.0002821750057033898,-5.4203872338983034e-05,118,21273,21273,5.0,5.0
test,D4,17,gulf_stream,2,damped_linear,10037.241661071777,159350.86157226562,1.3067719974931449,2.173852016099058,0.25097472226276396,8.200595745762715e-06,1.3641921949152538e-05,118,21273,21273,10.0,10.0
test,D4,17,gulf_stream,2,persistence,9130.656341552734,159350.86157226562,-0.23852286422932023,1.131802875332966,0.23937224372374935,-1.4968407567796558e-06,7.102583972033897e-06,118,21273,21273,10.0,10.0
test,D4,17,gulf_stream,2,samudra,4214.394458770752,159350.86157226562,835.5654956462178,504.25288169621194,0.16262615093308153,0.0052435580667838984,0.003164418922627119,118,21273,21273,10.0,10.0
test,D4,17,gulf_stream,2,seasonal_climatology,12322.88410949707,159350.86157226562,-44.758416835999604,-8.2380034431918,0.27808590323873184,-0.00028087966638135596,-5.169726327118643e-05,118,21273,21273,10.0,10.0
test,D4,17,gulf_stream,4,damped_linear,20519.66244506836,159350.86157226562,6.721989780740956,10.794343824701567,0.35884582528781406,4.218357977118645e-05,6.773947575932203e-05,118,21273,21273,20.0,20.0
test,D4,17,gulf_stream,4,persistence,14992.542945861816,159350.86157226562,3.6313981372801925,8.71023796049915,0.3067329580090432,2.2788694717118633e-05,5.466075222033899e-05,118,21273,21273,20.0,20.0
test,D4,17,gulf_stream,4,samudra,7772.21830368042,159350.86157226562,1393.3312391124753,1024.509819735539,0.2208489237830396,0.008743794827118644,0.006429270664915255,118,21273,21273,20.0,20.0
test,D4,17,gulf_stream,4,seasonal_climatology,12248.992156982422,159350.86157226562,-42.752830349354504,-2.895473116560095,0.27725090363818095,-0.0002682936880762712,-1.8170426491525416e-05,118,21273,21273,20.0,20.0
test,D4,17,gulf_stream,6,damped_linear,29672.388900756836,159350.86157226562,7.1523677097368275,15.397398503506814,0.4315181311557357,4.488439936355931e-05,9.662576249406781e-05,118,21273,21273,30.0,30.0
test,D4,17,gulf_stream,6,persistence,17826.196487426758,159350.86157226562,2.5165024681435098,12.271250311597893,0.33446612344752924,1.5792211245762708e-05,7.700774373305086e-05,118,21273,21273,30.0,30.0
test,D4,17,gulf_stream,6,samudra,9756.525569915771,159350.86157226562,1845.227357587242,1524.7181652360948,0.2474402726701107,0.011579650962542373,0.009568308261355933,118,21273,21273,30.0,30.0
test,D4,17,gulf_stream,6,seasonal_climatology,12179.417266845703,159350.86157226562,-45.94923049713695,-0.8653356452372127,0.2764623828112767,-0.0002883525701949153,-5.430379457627112e-06,118,21273,21273,30.0,30.0
test,D4,17,kuroshio,1,damped_linear,2636.329963684082,168432.75634765625,5.345647314119864,0.6787297399033979,0.12510843888686504,3.1737575457627125e-05,4.02967780508475e-06,118,21916,21916,5.0,5.0
test,D4,17,kuroshio,1,persistence,3012.5318565368652,168432.75634765625,7.741901760846215,1.145071022302897,0.13373729849508517,4.596434760508474e-05,6.798386769491531e-06,118,21916,21916,5.0,5.0
test,D4,17,kuroshio,1,samudra,1328.7406101226807,168432.75634765625,404.17358695846167,164.47421983328402,0.08881919370300215,0.002399613921440678,0.0009764978226313559,118,21916,21916,5.0,5.0
test,D4,17,kuroshio,1,seasonal_climatology,17417.884490966797,168432.75634765625,-185.60772360340084,-50.04591019305102,0.32157658965722646,-0.0011019692821525424,-0.0002971269441779661,118,21916,21916,5.0,5.0
test,D4,17,kuroshio,2,damped_linear,8430.175765991211,168432.75634765625,7.709973429589548,0.3834081926825865,0.22372011654595336,4.577478631101694e-05,2.276327960169499e-06,118,21916,21916,10.0,10.0
test,D4,17,kuroshio,2,persistence,8267.14584350586,168432.75634765625,12.502491434826151,1.3160939841107835,0.22154631038301859,7.422838470338981e-05,7.813765045762709e-06,118,21916,21916,10.0,10.0
test,D4,17,kuroshio,2,samudra,3822.3075313568115,168432.75634765625,848.1779526022966,354.4305556167769,0.15064320092986475,0.0050357066582203385,0.002104285195483051,118,21916,21916,10.0,10.0
test,D4,17,kuroshio,2,seasonal_climatology,17400.295608520508,168432.75634765625,-185.17163342613355,-51.182640917996764,0.32141418183201886,-0.0010993801766440677,-0.00030387581387288136,118,21916,21916,10.0,10.0
test,D4,17,kuroshio,4,damped_linear,19176.05451965332,168432.75634765625,12.165785677031746,-1.760717862075905,0.3374165262510805,7.222933318220339e-05,-1.0453535881355928e-05,118,21916,21916,20.0,20.0
test,D4,17,kuroshio,4,persistence,15577.424392700195,168432.75634765625,21.750797607187646,0.10465385609765399,0.3041126937606038,0.00012913638700000002,6.213390932203328e-07,118,21916,21916,20.0,20.0
test,D4,17,kuroshio,4,samudra,7464.209644317627,168432.75634765625,1464.23358860964,670.1367996208955,0.21051286238963346,0.008693282829067797,0.003978660767372882,118,21916,21916,20.0,20.0
test,D4,17,kuroshio,4,seasonal_climatology,17362.80170440674,168432.75634765625,-185.07688847337403,-56.103899686503624,0.3210677057818873,-0.0010988176675762712,-0.00033309375743220335,118,21916,21916,20.0,20.0
test,D4,17,kuroshio,6,damped_linear,28853.986206054688,168432.75634765625,14.346969880335848,-7.083915676930309,0.4138944777617405,8.51792144915254e-05,-4.205782669915253e-05,118,21916,21916,30.0,30.0
test,D4,17,kuroshio,6,persistence,19827.588081359863,168432.75634765625,28.7244978561988,-4.285858217216051,0.34310074891319736,0.0001705398550677966,-2.5445514935169487e-05,118,21916,21916,30.0,30.0
test,D4,17,kuroshio,6,samudra,10213.184535980225,168432.75634765625,1939.2410946995997,1004.8762901182364,0.24624493801456576,0.01151344392118644,0.005966038387711864,118,21916,21916,30.0,30.0
test,D4,17,kuroshio,6,seasonal_climatology,17305.647300720215,168432.75634765625,-187.7613354865332,-65.29853543050378,0.3205388291682021,-0.0011147554641864406,-0.00038768311370338985,118,21916,21916,30.0,30.0
test,D4,17,north_pacific_gyre,1,damped_linear,237.9908126592636,105038.52392578125,11.755313716714937,-1.8396669925820932,0.04759987266451405,0.00011191430798305085,-1.75142121559322e-05,118,12775,12775,5.0,5.0
test,D4,17,north_pacific_gyre,1,persistence,300.9781548976898,105038.52392578125,15.869372027537302,-2.2492065708644606,0.05352949949139508,0.00015108144549661015,-2.1413158589830514e-05,118,12775,12775,5.0,5.0
test,D4,17,north_pacific_gyre,1,samudra,116.21588170528412,105038.52392578125,451.05916595378363,203.8166344939941,0.03326277175005542,0.004294226052457627,0.0019403988829661018,118,12775,12775,5.0,5.0
test,D4,17,north_pacific_gyre,1,seasonal_climatology,2062.3169803619385,105038.52392578125,947.5699389205982,229.86610842917983,0.14012105667702737,0.009021165792372882,0.002188398121355932,118,12775,12775,5.0,5.0
test,D4,17,north_pacific_gyre,2,damped_linear,845.8003673553467,105038.52392578125,23.207575200002132,-3.718757993939543,0.08973453768590445,0.0002209434627661017,-3.540375335593221e-05,118,12775,12775,10.0,10.0
test,D4,17,north_pacific_gyre,2,persistence,927.7695398330688,105038.52392578125,31.435687082718136,-4.537835626199459,0.09398223089932019,0.00029927769267711865,-4.32016317118644e-05,118,12775,12775,10.0,10.0
test,D4,17,north_pacific_gyre,2,samudra,461.57258343696594,105038.52392578125,989.2163353016025,479.8982005504393,0.06628964561036826,0.009417652669991526,0.004568782791440678,118,12775,12775,10.0,10.0
test,D4,17,north_pacific_gyre,2,seasonal_climatology,2059.4081926345825,105038.52392578125,952.6718585326805,226.69649503932877,0.1400222051829007,0.009069737682203389,0.0021582223984745763,118,12775,12775,10.0,10.0
test,D4,17,north_pacific_gyre,4,damped_linear,2264.227765083313,105038.52392578125,46.36704211264079,-6.324291557611356,0.1468201795192995,0.00044142891940677966,-6.0209257720338986e-05,118,12775,12775,20.0,20.0
test,D4,17,north_pacific_gyre,4,persistence,2034.5097370147705,105038.52392578125,62.823269168093006,-7.962455785121845,0.1391731898198598,0.0005980974105508475,-7.580509976271187e-05,118,12775,12775,20.0,20.0
test,D4,17,north_pacific_gyre,4,samudra,1147.7782945632935,105038.52392578125,1698.8426348326093,1014.8321351065879,0.10453330913347937,0.01617351968914746,0.009661523193372882,118,12775,12775,20.0,20.0
test,D4,17,north_pacific_gyre,4,seasonal_climatology,2052.5993690490723,105038.52392578125,961.5994690982787,221.9919579721038,0.13979054255659526,0.009154731361016948,0.0021134337162711865,118,12775,12775,20.0,20.0
test,D4,17,north_pacific_gyre,6,damped_linear,3504.8255729675293,105038.52392578125,68.82474909788954,-4.981317832719785,0.1826664966087744,0.000655233399381356,-4.742372271186441e-05,118,12775,12775,30.0,30.0
test,D4,17,north_pacific_gyre,6,persistence,2683.002429962158,105038.52392578125,93.50908341124715,-7.438561227120826,0.15982187740088463,0.0008902360764067796,-7.081745772033896e-05,118,12775,12775,30.0,30.0
test,D4,17,north_pacific_gyre,6,samudra,1666.8542156219482,105038.52392578125,2222.0598075293974,1536.7742573578375,0.12597213902936222,0.021154712808983053,0.014630577429322033,118,12775,12775,30.0,30.0
test,D4,17,north_pacific_gyre,6,seasonal_climatology,2044.8583793640137,105038.52392578125,968.2941519399504,221.71797424007602,0.1395266967855509,0.00921846686101695,0.0021108253044067795,118,12775,12775,30.0,30.0
test,D4,17,southern_ocean,1,damped_linear,9246.173149108887,851759.26171875,17.29458757987443,-0.8116545709998385,0.10418917008791262,2.0304548899152548e-05,-9.529154627118643e-07,118,139797,139797,5.0,5.0
test,D4,17,southern_ocean,1,persistence,10145.525291442871,851759.26171875,22.50308557188421,-1.3079906690641514,0.1091387151301192,2.6419537283898306e-05,-1.5356342194915263e-06,118,139797,139797,5.0,5.0
test,D4,17,southern_ocean,1,samudra,3898.383270263672,851759.26171875,2604.264076474803,1526.558612330237,0.06765249767049308,0.003057511897457627,0.0017922418703728814,118,139797,139797,5.0,5.0
test,D4,17,southern_ocean,1,seasonal_climatology,38378.67468261719,851759.26171875,-699.2870777681286,-26.34620726972746,0.2122689904188691,-0.000820991457559322,-3.093151839237288e-05,118,139797,139797,5.0,5.0
test,D4,17,southern_ocean,2,damped_linear,28721.734939575195,851759.26171875,30.60289509302228,-2.1319015465169544,0.18363138198462362,3.592904294491525e-05,-2.5029390842372854e-06,118,139797,139797,10.0,10.0
test,D4,17,southern_ocean,2,persistence,26430.91111755371,851759.26171875,41.01990895171523,-3.12457084420987,0.17615607895614507,4.8159040699999995e-05,-3.668373194915255e-06,118,139797,139797,10.0,10.0
test,D4,17,southern_ocean,2,samudra,11175.160270690918,851759.26171875,5474.007611589785,3366.6072037998188,0.1145429721277144,0.006426707471949153,0.003952533720627119,118,139797,139797,10.0,10.0
test,D4,17,southern_ocean,2,seasonal_climatology,38417.165435791016,851759.26171875,-695.0351280159733,-28.392787679988118,0.2123754081866458,-0.0008159994956949152,-3.3334286994067796e-05,118,139797,139797,10.0,10.0
test,D4,17,southern_ocean,4,damped_linear,59543.43325805664,851759.26171875,56.958622596563565,-0.7087240911506738,0.2643982058869519,6.687173847881356e-05,-8.32070894915251e-07,118,139797,139797,20.0,20.0
test,D4,17,southern_ocean,4,persistence,44449.790435791016,851759.26171875,77.79262198429205,-2.694050286798409,0.22844224871501606,9.133170072881355e-05,-3.1629245584745766e-06,118,139797,139797,20.0,20.0
test,D4,17,southern_ocean,4,samudra,22897.734603881836,851759.26171875,9557.625570662838,6129.762064891314,0.1639599685630939,0.011221040968050848,0.007196589858644068,118,139797,139797,20.0,20.0
test,D4,17,southern_ocean,4,seasonal_climatology,38510.492614746094,851759.26171875,-686.6850215864948,-27.713939306966473,0.21263321449055514,-0.0008061961312881357,-3.2537291406779665e-05,118,139797,139797,20.0,20.0
test,D4,17,southern_ocean,6,damped_linear,87545.9306640625,851759.26171875,89.84279381741608,0.8430735902915178,0.3205970705139114,0.00010547909233898307,9.898026686440656e-07,118,139797,139797,30.0,30.0
test,D4,17,southern_ocean,6,persistence,53500.470703125,851759.26171875,121.09379156181896,-2.134933931189193,0.2506226796819588,0.00014216903414406782,-2.5064992271186434e-06,118,139797,139797,30.0,30.0
test,D4,17,southern_ocean,6,samudra,30813.099700927734,851759.26171875,12787.145664751919,8490.95987923757,0.19019945241794692,0.015012628848847458,0.009968732082940678,118,139797,139797,30.0,30.0
test,D4,17,southern_ocean,6,seasonal_climatology,38599.453125,851759.26171875,-671.6993691548756,-26.19814796178448,0.2128786676963058,-0.000788602366118644,-3.0757690745762716e-05,118,139797,139797,30.0,30.0
validation,D0,15,global_outside_5deg,1,damped_linear,23308.219940185547,3291852.396484375,-42.38830939783398,-19.718529573282378,0.0841461745615657,-1.2876734522818747e-05,-5.990101377067006e-06,101,624498,624500,5.0,5.0
validation,D0,15,global_outside_5deg,1,persistence,26807.716751098633,3291852.396484375,-61.33764371706911,-31.15288953548479,0.09024221285862764,-1.863316951348619e-05,-9.463634994313652e-06,101,624498,624500,5.0,5.0
validation,D0,15,global_outside_5deg,1,samudra,10135.191047668457,3291852.396484375,-5328.951814618735,-28.504801301796704,0.0554875811200205,-0.0016188307289567226,-8.659197882699479e-06,101,624498,624500,5.0,5.0
validation,D0,15,global_outside_5deg,1,seasonal_climatology,118059.32983398438,3291852.396484375,48.68692818909186,-13.286149910131,0.1893781980962683,1.4790131003774171e-05,-4.036070974603938e-06,101,624498,624500,5.0,5.0
validation,D0,15,global_outside_5deg,2,damped_linear,75772.49407958984,3291852.17578125,-77.7321104948594,-28.450913800599825,0.15171748294542903,-2.3613487588157376e-05,-8.642828499383517e-06,101,624498,624500,10.0,10.0
validation,D0,15,global_outside_5deg,2,persistence,74323.9965209961,3291852.17578125,-115.65236110846257,-51.3453876497031,0.1502603392071909,-3.513291452129529e-05,-1.559771973585581e-05,101,624498,624500,10.0,10.0
validation,D0,15,global_outside_5deg,2,samudra,34473.65979003906,3291852.17578125,-13591.08609557608,138.19765960572965,0.10233484437298462,-0.004128704865779864,4.198173314782321e-05,101,624498,624500,10.0,10.0
validation,D0,15,global_outside_5deg,2,seasonal_climatology,118061.29052734375,3291852.17578125,53.3688523798194,-11.823880937821695,0.18937977700593914,1.6212408556029238e-05,-3.5918626677139756e-06,101,624498,624500,10.0,10.0
validation,D0,15,global_outside_5deg,4,damped_linear,173624.68139648438,3291851.955078125,-219.07443716085012,-17.515050908587916,0.22966011777705767,-6.65505132522434e-05,-5.320728619514189e-06,101,624498,624500,20.0,20.0
validation,D0,15,global_outside_5deg,4,persistence,138396.12060546875,3291851.955078125,-294.9055416691649,-63.3450187115002,0.20504151901050696,-8.958651412443788e-05,-1.9242973127567896e-05,101,624498,624500,20.0,20.0
validation,D0,15,global_outside_5deg,4,samudra,81481.76947021484,3291851.955078125,-29136.963654389914,725.1479459591678,0.15732946944758103,-0.00885123755624618,0.000220285710249068,101,624498,624500,20.0,20.0
validation,D0,15,global_outside_5deg,4,seasonal_climatology,118092.82580566406,3291851.955078125,13.767332437254678,-1.3598777590770013,0.18940507422412745,4.18224532121401e-06,-4.131041667834444e-07,101,624498,624500,20.0,20.0
validation,D0,15,global_outside_5deg,6,damped_linear,256358.62182617188,3291851.955078125,-374.64985825096977,8.61254348292578,0.27906400092010747,-0.0001138112720023821,2.6163216330672987e-06,101,624498,624500,30.0,30.0
validation,D0,15,global_outside_5deg,6,persistence,169591.798828125,3291851.955078125,-488.27496878706677,-60.083382915558495,0.22697722164259318,-0.00014832834995323434,-1.825215220352537e-05,101,624498,624500,30.0,30.0
validation,D0,15,global_outside_5deg,6,samudra,118715.47442626953,3291851.955078125,-44504.43911863337,1068.649765947643,0.18990374027192863,-0.013519574915870464,0.0003246348197096491,101,624498,624500,30.0,30.0
validation,D0,15,global_outside_5deg,6,seasonal_climatology,118200.52233886719,3291851.955078125,-18.49519093598833,3.3841302695268904,0.18949141994927138,-5.618475918231075e-06,1.028032340368896e-06,101,624498,624500,30.0,30.0
validation,D0,15,gulf_stream,1,damped_linear,2828.736198425293,136393.5340576172,2.5005051599312615,-1.3047807437117092,0.14401221587348187,1.8333018329702965e-05,-9.56629471277228e-06,101,21273,21273,5.0,5.0
validation,D0,15,gulf_stream,1,persistence,3072.414545059204,136393.5340576172,2.8892000143927534,-2.311430176615482,0.15008697863213236,2.118282244356436e-05,-1.6946772386138602e-05,101,21273,21273,5.0,5.0
validation,D0,15,gulf_stream,1,samudra,1224.5493440628052,136393.5340576172,-208.15768910803462,11.791491164906025,0.09475262574538697,-0.001526155110990099,8.645198063366336e-05,101,21273,21273,5.0,5.0
validation,D0,15,gulf_stream,1,seasonal_climatology,10825.894264221191,136393.5340576172,-91.97005442971056,40.22459435735748,0.2817312351730781,-0.0006742992258772277,0.0002949156984257426,101,21273,21273,5.0,5.0
validation,D0,15,gulf_stream,2,damped_linear,8617.659622192383,136393.5340576172,6.29053933388407,-1.1891107297961052,0.25136093144118443,4.6120509871287124e-05,-8.718233881188129e-06,101,21273,21273,10.0,10.0
validation,D0,15,gulf_stream,2,persistence,7888.272773742676,136393.5340576172,7.067928655233347,-3.2024082343421645,0.24048836445962604,5.182011525742575e-05,-2.347917924752474e-05,101,21273,21273,10.0,10.0
validation,D0,15,gulf_stream,2,samudra,3534.2160358428955,136393.5340576172,-594.959947656636,93.86466913354693,0.16097174623027108,-0.0043620832304653466,0.0006881900214851486,101,21273,21273,10.0,10.0
validation,D0,15,gulf_stream,2,seasonal_climatology,10830.488822937012,136393.5340576172,-90.01319924611184,36.925775265019276,0.28179101283943353,-0.0006599521001346534,0.0002707296611980198,101,21273,21273,10.0,10.0
validation,D0,15,gulf_stream,4,damped_linear,17735.895126342773,136393.5340576172,15.775456274996547,4.072355539427937,0.36060327348169624,0.00011566132063366337,2.985739439603961e-05,101,21273,21273,20.0,20.0
validation,D0,15,gulf_stream,4,persistence,13225.385307312012,136393.5340576172,17.330242072278693,0.045767169054759194,0.31139187431557996,0.00012706058386138613,3.3555233663368246e-07,101,21273,21273,20.0,20.0
validation,D0,15,gulf_stream,4,samudra,7324.384841918945,136393.5340576172,-1459.0786412660523,328.5804290326615,0.2317334281277212,-0.010697564597524753,0.0024090616267326732,101,21273,21273,20.0,20.0
validation,D0,15,gulf_stream,4,seasonal_climatology,10824.214958190918,136393.5340576172,-84.41181254676114,36.0632939799361,0.281709383338058,-0.0006188842684514852,0.00026440618486138614,101,21273,21273,20.0,20.0
validation,D0,15,gulf_stream,6,damped_linear,26212.689651489258,136393.5340576172,25.409862253126338,7.828140849040899,0.4383882462232819,0.00018629814403366338,5.739378265346531e-05,101,21273,21273,30.0,30.0
validation,D0,15,gulf_stream,6,persistence,16120.06916809082,136393.5340576172,27.742050704563322,1.7882443513610888,0.343784711544396,0.0002033971104,1.3110917344554433e-05,101,21273,21273,30.0,30.0
validation,D0,15,gulf_stream,6,samudra,9785.05485534668,136393.5340576172,-2346.6192795054535,621.9137639397235,0.2678457385660667,-0.017204769241584157,0.004559701222178218,101,21273,21273,30.0,30.0
validation,D0,15,gulf_stream,6,seasonal_climatology,10801.966682434082,136393.5340576172,-78.87811609071711,34.4001652158701,0.2814197192844355,-0.0005783127230752476,0.0002522125807029703,101,21273,21273,30.0,30.0
validation,D0,15,kuroshio,1,damped_linear,2265.2826957702637,144167.02026367188,6.759786750801456,3.15385459724883,0.12535112690158273,4.688857922178218e-05,2.187639441725743e-05,101,21916,21916,5.0,5.0
validation,D0,15,kuroshio,1,persistence,2579.627290725708,144167.02026367188,8.515103713915284,3.700370326376877,0.13376593214902457,5.906415835148515e-05,2.5667245668316832e-05,101,21916,21916,5.0,5.0
validation,D0,15,kuroshio,1,samudra,912.8541011810303,144167.02026367188,-146.6630294965163,-199.08251327336916,0.07957336508954169,-0.0010173133163762376,-0.0013809157802475247,101,21916,21916,5.0,5.0
validation,D0,15,kuroshio,1,seasonal_climatology,14252.209091186523,144167.02026367188,75.72944136669885,8.963358019630428,0.3144185289396885,0.0005252896343990099,6.217342914653465e-05,101,21916,21916,5.0,5.0
validation,D0,15,kuroshio,2,damped_linear,7260.69979095459,144167.02026367188,14.63838817100051,4.576180961211411,0.22441727210442336,0.000101537703590099,3.174221783069305e-05,101,21916,21916,10.0,10.0
validation,D0,15,kuroshio,2,persistence,7052.369152069092,144167.02026367188,18.1490290632073,5.669211298085037,0.22117424702642008,0.00012588891016831682,3.932391255445543e-05,101,21916,21916,10.0,10.0
validation,D0,15,kuroshio,2,samudra,2864.419044494629,144167.02026367188,-406.57393903385866,-436.26176923689724,0.14095656738427978,-0.0028201591341089106,-0.0030260857749504952,101,21916,21916,10.0,10.0
validation,D0,15,kuroshio,2,seasonal_climatology,14251.726150512695,144167.02026367188,77.45285289484815,8.028871390990778,0.3144132018082378,0.0005372439046960396,5.569145686930691e-05,101,21916,21916,10.0,10.0
validation,D0,15,kuroshio,4,damped_linear,16261.953788757324,144167.02026367188,28.385679118754087,4.988475860205355,0.33585622340064725,0.0001968944011386139,3.460205982673267e-05,101,21916,21916,20.0,20.0
validation,D0,15,kuroshio,4,persistence,13027.807411193848,144167.02026367188,35.40695308274914,7.17453500635315,0.30060950174801143,0.00024559676004950494,4.976543867821783e-05,101,21916,21916,20.0,20.0
validation,D0,15,kuroshio,4,samudra,6448.146057128906,144167.02026367188,-1042.1498214087023,-865.9991908286881,0.21148738726506014,-0.007228767158415841,-0.00600691607029703,101,21916,21916,20.0,20.0
validation,D0,15,kuroshio,4,seasonal_climatology,14242.020416259766,144167.02026367188,78.38518087215368,2.633230143046675,0.3143061224734114,0.0005437109037059406,1.8265135384158405e-05,101,21916,21916,20.0,20.0
validation,D0,15,kuroshio,6,damped_linear,24306.57066345215,144167.02026367188,47.135949825663644,13.029675059741836,0.4106093966610863,0.0003269537633465347,9.03790272970297e-05,101,21916,21916,30.0,30.0
validation,D0,15,kuroshio,6,persistence,16415.450653076172,144167.02026367188,57.66786597737031,16.308760170077612,0.3374375769227926,0.0004000073378217822,0.00011312407054158417,101,21916,21916,30.0,30.0
validation,D0,15,kuroshio,6,samudra,9639.250473022461,144167.02026367188,-1739.5815900470643,-1300.168569792429,0.2585762730814002,-0.012066432300990098,-0.009018488191089108,101,21916,21916,30.0,30.0
validation,D0,15,kuroshio,6,seasonal_climatology,14217.09896850586,144167.02026367188,83.81592804564069,3.7721830042017053,0.3140310072504044,0.0005813807339039604,2.616536706732673e-05,101,21916,21916,30.0,30.0
validation,D0,15,north_pacific_gyre,1,damped_linear,258.4911754131317,89905.85522460938,10.924156174408942,3.1264586015971614,0.05362025467658208,0.00012150661541584158,3.4774805198019794e-05,101,12775,12775,5.0,5.0
validation,D0,15,north_pacific_gyre,1,persistence,330.4799106121063,89905.85522460938,14.2628992698588,4.338461261340275,0.06062874017168834,0.00015864260713861387,4.825560304722773e-05,101,12775,12775,5.0,5.0
validation,D0,15,north_pacific_gyre,1,samudra,122.65597230195999,89905.85522460938,-320.6312427123569,9.583005272038752,0.03693604251662888,-0.0035662999023960396,0.00010658933445544552,101,12775,12775,5.0,5.0
validation,D0,15,north_pacific_gyre,1,seasonal_climatology,2186.406183242798,89905.85522460938,55.815024020718155,143.5159642720514,0.1559449929747618,0.0006208163403960396,0.0015962916309900988,101,12775,12775,5.0,5.0
validation,D0,15,north_pacific_gyre,2,damped_linear,928.9277086257935,89905.85522460938,24.2150427816159,5.575300413286533,0.10164756289476067,0.0002693377725079208,6.201265089306932e-05,101,12775,12775,10.0,10.0
validation,D0,15,north_pacific_gyre,2,persistence,1026.458164691925,89905.85522460938,30.8925329921975,7.999310283842756,0.10685051961347855,0.0003436098006633663,8.89742972118812e-05,101,12775,12775,10.0,10.0
validation,D0,15,north_pacific_gyre,2,samudra,519.621701002121,89905.85522460938,-837.3283471474755,52.9701372186821,0.07602381367059576,-0.009313390602376237,0.0005891733868316833,101,12775,12775,10.0,10.0
validation,D0,15,north_pacific_gyre,2,seasonal_climatology,2177.5168075561523,89905.85522460938,65.16635251451432,145.57305731999327,0.15562765360052327,0.0007248287928712871,0.0016191721546534653,101,12775,12775,10.0,10.0
validation,D0,15,north_pacific_gyre,4,damped_linear,2487.1751079559326,89905.85522460938,59.19824845463385,10.917006714815736,0.1663256360768145,0.0006584470867524753,0.0001214270937920792,101,12775,12775,20.0,20.0
validation,D0,15,north_pacific_gyre,4,persistence,2255.5700454711914,89905.85522460938,72.55322225952725,15.765025153272456,0.15839233855311424,0.0008069910694722773,0.00017535037194059405,101,12775,12775,20.0,20.0
validation,D0,15,north_pacific_gyre,4,samudra,1469.1546697616577,89905.85522460938,-1698.6934435793232,107.37145637150431,0.12783205530745403,-0.018894135863960396,0.001194265446930693,101,12775,12775,20.0,20.0
validation,D0,15,north_pacific_gyre,4,seasonal_climatology,2159.17488861084,89905.85522460938,90.73926299030045,150.61330699875847,0.15497081679433902,0.001009269782970297,0.001675233572079208,101,12775,12775,20.0,20.0
validation,D0,15,north_pacific_gyre,6,damped_linear,3841.3460693359375,89905.85522460938,99.56816468787373,16.881415423821636,0.20670345180292493,0.0011074714148386138,0.00018776769746138615,101,12775,12775,30.0,30.0
validation,D0,15,north_pacific_gyre,6,persistence,3000.669511795044,89905.85522460938,119.60062978088375,24.15344239065588,0.1826901340817112,0.00133028743769901,0.000268652607,101,12775,12775,30.0,30.0
validation,D0,15,north_pacific_gyre,6,samudra,2341.827326774597,89905.85522460938,-2451.071493299193,147.36098445034645,0.1613925362307524,-0.02726264587746535,0.0016390588141584157,101,12775,12775,30.0,30.0
validation,D0,15,north_pacific_gyre,6,seasonal_climatology,2139.6127376556396,89905.85522460938,120.16772393443658,156.75830230823428,0.15426720072582936,0.001336595081980198,0.0017435827946534655,101,12775,12775,30.0,30.0
validation,D0,15,southern_ocean,1,damped_linear,7713.472328186035,729048.181640625,4.050041522067781,1.9395705940047039,0.10286007753958228,5.555245351485147e-06,2.6604148297029707e-06,101,139797,139797,5.0,5.0
validation,D0,15,southern_ocean,1,persistence,8468.061019897461,729048.181640625,3.9009418970174323,2.2983448998090403,0.10777396823574804,5.35073263366337e-06,3.1525281287128704e-06,101,139797,139797,5.0,5.0
validation,D0,15,southern_ocean,1,samudra,3102.6137199401855,729048.181640625,-578.332479383911,17.253773443708003,0.06523576187212038,-0.0007932705875247525,2.366616346930693e-05,101,139797,139797,5.0,5.0
validation,D0,15,southern_ocean,1,seasonal_climatology,32178.952270507812,729048.181640625,-211.26552837893752,-43.63485004650718,0.2100911867294575,-0.00028978266964950494,-5.9851805608118816e-05,101,139797,139797,5.0,5.0
validation,D0,15,southern_ocean,2,damped_linear,23997.80450439453,729048.181640625,11.343809198329334,4.254177408391806,0.1814293898310659,1.55597524059406e-05,5.835248637227722e-06,101,139797,139797,10.0,10.0
validation,D0,15,southern_ocean,2,persistence,22069.481521606445,729048.181640625,11.045612671187493,4.971717104102136,0.17398746066045723,1.5150730705247527e-05,6.819463005742575e-06,101,139797,139797,10.0,10.0
validation,D0,15,southern_ocean,2,samudra,10018.399475097656,729048.181640625,-1568.5728922094286,72.47998286224094,0.11722522010636273,-0.0021515352917821783,9.941727403960392e-05,101,139797,139797,10.0,10.0
validation,D0,15,southern_ocean,2,seasonal_climatology,32148.590545654297,729048.181640625,-223.17566369895314,-42.160790660789694,0.209992049938285,-0.0003061192241049505,-5.782990990514851e-05,101,139797,139797,10.0,10.0
validation,D0,15,southern_ocean,4,damped_linear,49684.424377441406,729048.181640625,33.32915310148102,5.332302419149441,0.26105500004527793,4.571598138613862e-05,7.314060378217816e-06,101,139797,139797,20.0,20.0
validation,D0,15,southern_ocean,4,persistence,36848.827880859375,729048.181640625,32.73274262179086,6.767386666752822,0.22481936843315914,4.489791408316831e-05,9.282495776237624e-06,101,139797,139797,20.0,20.0
validation,D0,15,southern_ocean,4,samudra,22238.027099609375,729048.181640625,-3569.843500364092,505.144183307638,0.1746505718701799,-0.004896581035742574,0.0006928817546336634,101,139797,139797,20.0,20.0
validation,D0,15,southern_ocean,4,seasonal_climatology,32106.42510986328,729048.181640625,-239.49103692595304,-42.055437279537585,0.209854294108742,-0.000328498229550495,-5.768540178633664e-05,101,139797,139797,20.0,20.0
validation,D0,15,southern_ocean,6,damped_linear,72295.03210449219,729048.181640625,61.36263680555876,2.963686772467847,0.3149025024724467,8.416815013168318e-05,4.065145277227725e-06,101,139797,139797,30.0,30.0
validation,D0,15,southern_ocean,6,persistence,43892.99398803711,729048.181640625,60.468064454284715,5.11629473432358,0.24536888376775084,8.294110866336633e-05,7.017773122772278e-06,101,139797,139797,30.0,30.0
validation,D0,15,southern_ocean,6,samudra,30344.602081298828,729048.181640625,-5574.710098540956,1052.1023359626424,0.20401523872777405,-0.007646559224653465,0.001443117701212871,101,139797,139797,30.0,30.0
validation,D0,15,southern_ocean,6,seasonal_climatology,32104.740264892578,729048.181640625,-249.6511403763595,-44.688506382432585,0.20984878778735136,-0.00034243435024356437,-6.129705485564357e-05,101,139797,139797,30.0,30.0
validation,D0,16,global_outside_5deg,1,damped_linear,23308.219940185547,3291852.396484375,-42.38830939783398,-19.718529573282378,0.0841461745615657,-1.2876734522818747e-05,-5.990101377067006e-06,101,624498,624500,5.0,5.0
validation,D0,16,global_outside_5deg,1,persistence,26807.716751098633,3291852.396484375,-61.33764371706911,-31.15288953548479,0.09024221285862764,-1.863316951348619e-05,-9.463634994313652e-06,101,624498,624500,5.0,5.0
validation,D0,16,global_outside_5deg,1,samudra,9290.362617492676,3291852.396484375,-4741.413576450363,-1568.520381791112,0.05312465906823397,-0.0014403481703839718,-0.0004764856357065878,101,624498,624500,5.0,5.0
validation,D0,16,global_outside_5deg,1,seasonal_climatology,118059.32983398438,3291852.396484375,48.68692818909186,-13.286149910131,0.1893781980962683,1.4790131003774171e-05,-4.036070974603938e-06,101,624498,624500,5.0,5.0
validation,D0,16,global_outside_5deg,2,damped_linear,75772.49407958984,3291852.17578125,-77.7321104948594,-28.450913800599825,0.15171748294542903,-2.3613487588157376e-05,-8.642828499383517e-06,101,624498,624500,10.0,10.0
validation,D0,16,global_outside_5deg,2,persistence,74323.9965209961,3291852.17578125,-115.65236110846257,-51.3453876497031,0.1502603392071909,-3.513291452129529e-05,-1.559771973585581e-05,101,624498,624500,10.0,10.0
validation,D0,16,global_outside_5deg,2,samudra,29913.325134277344,3291852.17578125,-10652.783258033465,-3631.259093947448,0.0953261785841589,-0.0032361062068363556,-0.0011031051517632767,101,624498,624500,10.0,10.0
validation,D0,16,global_outside_5deg,2,seasonal_climatology,118061.29052734375,3291852.17578125,53.3688523798194,-11.823880937821695,0.18937977700593914,1.6212408556029238e-05,-3.5918626677139756e-06,101,624498,624500,10.0,10.0
validation,D0,16,global_outside_5deg,4,damped_linear,173624.68139648438,3291851.955078125,-219.07443716085012,-17.515050908587916,0.22966011777705767,-6.65505132522434e-05,-5.320728619514189e-06,101,624498,624500,20.0,20.0
validation,D0,16,global_outside_5deg,4,persistence,138396.12060546875,3291851.955078125,-294.9055416691649,-63.3450187115002,0.20504151901050696,-8.958651412443788e-05,-1.9242973127567896e-05,101,624498,624500,20.0,20.0
validation,D0,16,global_outside_5deg,4,samudra,67105.19122314453,3291851.955078125,-19042.878733922185,-5649.015861624778,0.14277688790145007,-0.005784852719316852,-0.0017160601201735121,101,624498,624500,20.0,20.0
validation,D0,16,global_outside_5deg,4,seasonal_climatology,118092.82580566406,3291851.955078125,13.767332437254678,-1.3598777590770013,0.18940507422412745,4.18224532121401e-06,-4.131041667834444e-07,101,624498,624500,20.0,20.0
validation,D0,16,global_outside_5deg,6,damped_linear,256358.62182617188,3291851.955078125,-374.64985825096977,8.61254348292578,0.27906400092010747,-0.0001138112720023821,2.6163216330672987e-06,101,624498,624500,30.0,30.0
validation,D0,16,global_outside_5deg,6,persistence,169591.798828125,3291851.955078125,-488.27496878706677,-60.083382915558495,0.22697722164259318,-0.00014832834995323434,-1.825215220352537e-05,101,624498,624500,30.0,30.0
validation,D0,16,global_outside_5deg,6,samudra,93492.16876220703,3291851.955078125,-24529.515791705715,-5536.287628395255,0.16852621600081355,-0.00745158534662096,-0.0016818154959413606,101,624498,624500,30.0,30.0
validation,D0,16,global_outside_5deg,6,seasonal_climatology,118200.52233886719,3291851.955078125,-18.49519093598833,3.3841302695268904,0.18949141994927138,-5.618475918231075e-06,1.028032340368896e-06,101,624498,624500,30.0,30.0
validation,D0,16,gulf_stream,1,damped_linear,2828.736198425293,136393.5340576172,2.5005051599312615,-1.3047807437117092,0.14401221587348187,1.8333018329702965e-05,-9.56629471277228e-06,101,21273,21273,5.0,5.0
validation,D0,16,gulf_stream,1,persistence,3072.414545059204,136393.5340576172,2.8892000143927534,-2.311430176615482,0.15008697863213236,2.118282244356436e-05,-1.6946772386138602e-05,101,21273,21273,5.0,5.0
validation,D0,16,gulf_stream,1,samudra,1209.7616086006165,136393.5340576172,-167.3464664820979,36.97928927080764,0.09417876864363714,-0.001226938414920792,0.00027112201121782175,101,21273,21273,5.0,5.0
validation,D0,16,gulf_stream,1,seasonal_climatology,10825.894264221191,136393.5340576172,-91.97005442971056,40.22459435735748,0.2817312351730781,-0.0006742992258772277,0.0002949156984257426,101,21273,21273,5.0,5.0
validation,D0,16,gulf_stream,2,damped_linear,8617.659622192383,136393.5340576172,6.29053933388407,-1.1891107297961052,0.25136093144118443,4.6120509871287124e-05,-8.718233881188129e-06,101,21273,21273,10.0,10.0
validation,D0,16,gulf_stream,2,persistence,7888.272773742676,136393.5340576172,7.067928655233347,-3.2024082343421645,0.24048836445962604,5.182011525742575e-05,-2.347917924752474e-05,101,21273,21273,10.0,10.0
validation,D0,16,gulf_stream,2,samudra,3451.6888465881348,136393.5340576172,-370.2306304890232,38.94164596174124,0.15908122565936794,-0.0027144294855841584,0.00028550947250396036,101,21273,21273,10.0,10.0
validation,D0,16,gulf_stream,2,seasonal_climatology,10830.488822937012,136393.5340576172,-90.01319924611184,36.925775265019276,0.28179101283943353,-0.0006599521001346534,0.0002707296611980198,101,21273,21273,10.0,10.0
validation,D0,16,gulf_stream,4,damped_linear,17735.895126342773,136393.5340576172,15.775456274996547,4.072355539427937,0.36060327348169624,0.00011566132063366337,2.985739439603961e-05,101,21273,21273,20.0,20.0
validation,D0,16,gulf_stream,4,persistence,13225.385307312012,136393.5340576172,17.330242072278693,0.045767169054759194,0.31139187431557996,0.00012706058386138613,3.3555233663368246e-07,101,21273,21273,20.0,20.0
validation,D0,16,gulf_stream,4,samudra,7197.873443603516,136393.5340576172,-642.5738323917394,14.324705310228925,0.22972338762507777,-0.00471117518019802,0.00010502481227722782,101,21273,21273,20.0,20.0
validation,D0,16,gulf_stream,4,seasonal_climatology,10824.214958190918,136393.5340576172,-84.41181254676114,36.0632939799361,0.281709383338058,-0.0006188842684514852,0.00026440618486138614,101,21273,21273,20.0,20.0
validation,D0,16,gulf_stream,6,damped_linear,26212.689651489258,136393.5340576172,25.409862253126338,7.828140849040899,0.4383882462232819,0.00018629814403366338,5.739378265346531e-05,101,21273,21273,30.0,30.0
validation,D0,16,gulf_stream,6,persistence,16120.06916809082,136393.5340576172,27.742050704563322,1.7882443513610888,0.343784711544396,0.0002033971104,1.3110917344554433e-05,101,21273,21273,30.0,30.0
validation,D0,16,gulf_stream,6,samudra,9570.16287612915,136393.5340576172,-776.5988213736704,2.9588060820618356,0.2648882983223419,-0.0056938096570297025,2.1693155049505038e-05,101,21273,21273,30.0,30.0
validation,D0,16,gulf_stream,6,seasonal_climatology,10801.966682434082,136393.5340576172,-78.87811609071711,34.4001652158701,0.2814197192844355,-0.0005783127230752476,0.0002522125807029703,101,21273,21273,30.0,30.0
validation,D0,16,kuroshio,1,damped_linear,2265.2826957702637,144167.02026367188,6.759786750801456,3.15385459724883,0.12535112690158273,4.688857922178218e-05,2.187639441725743e-05,101,21916,21916,5.0,5.0
validation,D0,16,kuroshio,1,persistence,2579.627290725708,144167.02026367188,8.515103713915284,3.700370326376877,0.13376593214902457,5.906415835148515e-05,2.5667245668316832e-05,101,21916,21916,5.0,5.0
validation,D0,16,kuroshio,1,samudra,877.3885388374329,144167.02026367188,-210.23513449864456,20.297241259094267,0.07801228835507623,-0.001458274812881188,0.00014078976746534656,101,21916,21916,5.0,5.0
validation,D0,16,kuroshio,1,seasonal_climatology,14252.209091186523,144167.02026367188,75.72944136669885,8.963358019630428,0.3144185289396885,0.0005252896343990099,6.217342914653465e-05,101,21916,21916,5.0,5.0
validation,D0,16,kuroshio,2,damped_linear,7260.69979095459,144167.02026367188,14.63838817100051,4.576180961211411,0.22441727210442336,0.000101537703590099,3.174221783069305e-05,101,21916,21916,10.0,10.0
validation,D0,16,kuroshio,2,persistence,7052.369152069092,144167.02026367188,18.1490290632073,5.669211298085037,0.22117424702642008,0.00012588891016831682,3.932391255445543e-05,101,21916,21916,10.0,10.0
validation,D0,16,kuroshio,2,samudra,2674.1256256103516,144167.02026367188,-478.343284955667,-5.476156102187765,0.13619398949863912,-0.003317979965742574,-3.798480465346541e-05,101,21916,21916,10.0,10.0
validation,D0,16,kuroshio,2,seasonal_climatology,14251.726150512695,144167.02026367188,77.45285289484815,8.028871390990778,0.3144132018082378,0.0005372439046960396,5.569145686930691e-05,101,21916,21916,10.0,10.0
validation,D0,16,kuroshio,4,damped_linear,16261.953788757324,144167.02026367188,28.385679118754087,4.988475860205355,0.33585622340064725,0.0001968944011386139,3.460205982673267e-05,101,21916,21916,20.0,20.0
validation,D0,16,kuroshio,4,persistence,13027.807411193848,144167.02026367188,35.40695308274914,7.17453500635315,0.30060950174801143,0.00024559676004950494,4.976543867821783e-05,101,21916,21916,20.0,20.0
validation,D0,16,kuroshio,4,samudra,5898.268405914307,144167.02026367188,-965.047593839827,-103.58962514584229,0.20226898943625618,-0.006693955330940594,-0.00071853899009901,101,21916,21916,20.0,20.0
validation,D0,16,kuroshio,4,seasonal_climatology,14242.020416259766,144167.02026367188,78.38518087215368,2.633230143046675,0.3143061224734114,0.0005437109037059406,1.8265135384158405e-05,101,21916,21916,20.0,20.0
validation,D0,16,kuroshio,6,damped_linear,24306.57066345215,144167.02026367188,47.135949825663644,13.029675059741836,0.4106093966610863,0.0003269537633465347,9.03790272970297e-05,101,21916,21916,30.0,30.0
validation,D0,16,kuroshio,6,persistence,16415.450653076172,144167.02026367188,57.66786597737031,16.308760170077612,0.3374375769227926,0.0004000073378217822,0.00011312407054158417,101,21916,21916,30.0,30.0
validation,D0,16,kuroshio,6,samudra,8496.7236328125,144167.02026367188,-1381.637117908365,-177.988307946343,0.24276875163855172,-0.00958358656079208,-0.0012345979518811878,101,21916,21916,30.0,30.0
validation,D0,16,kuroshio,6,seasonal_climatology,14217.09896850586,144167.02026367188,83.81592804564069,3.7721830042017053,0.3140310072504044,0.0005813807339039604,2.616536706732673e-05,101,21916,21916,30.0,30.0
validation,D0,16,north_pacific_gyre,1,damped_linear,258.4911754131317,89905.85522460938,10.924156174408942,3.1264586015971614,0.05362025467658208,0.00012150661541584158,3.4774805198019794e-05,101,12775,12775,5.0,5.0
validation,D0,16,north_pacific_gyre,1,persistence,330.4799106121063,89905.85522460938,14.2628992698588,4.338461261340275,0.06062874017168834,0.00015864260713861387,4.825560304722773e-05,101,12775,12775,5.0,5.0
validation,D0,16,north_pacific_gyre,1,samudra,93.87258964776993,89905.85522460938,-5.493731349807474,-65.35576981104359,0.03231286090413447,-6.11053789108911e-05,-0.0007269356333663367,101,12775,12775,5.0,5.0
validation,D0,16,north_pacific_gyre,1,seasonal_climatology,2186.406183242798,89905.85522460938,55.815024020718155,143.5159642720514,0.1559449929747618,0.0006208163403960396,0.0015962916309900988,101,12775,12775,5.0,5.0
validation,D0,16,north_pacific_gyre,2,damped_linear,928.9277086257935,89905.85522460938,24.2150427816159,5.575300413286533,0.10164756289476067,0.0002693377725079208,6.201265089306932e-05,101,12775,12775,10.0,10.0
validation,D0,16,north_pacific_gyre,2,persistence,1026.458164691925,89905.85522460938,30.8925329921975,7.999310283842756,0.10685051961347855,0.0003436098006633663,8.89742972118812e-05,101,12775,12775,10.0,10.0
validation,D0,16,north_pacific_gyre,2,samudra,366.16913771629333,89905.85522460938,-40.79606733015298,-139.02834023102764,0.06381854233815006,-0.00045376429853465343,-0.0015463769282178217,101,12775,12775,10.0,10.0
validation,D0,16,north_pacific_gyre,2,seasonal_climatology,2177.5168075561523,89905.85522460938,65.16635251451432,145.57305731999327,0.15562765360052327,0.0007248287928712871,0.0016191721546534653,101,12775,12775,10.0,10.0
validation,D0,16,north_pacific_gyre,4,damped_linear,2487.1751079559326,89905.85522460938,59.19824845463385,10.917006714815736,0.1663256360768145,0.0006584470867524753,0.0001214270937920792,101,12775,12775,20.0,20.0
validation,D0,16,north_pacific_gyre,4,persistence,2255.5700454711914,89905.85522460938,72.55322225952725,15.765025153272456,0.15839233855311424,0.0008069910694722773,0.00017535037194059405,101,12775,12775,20.0,20.0
validation,D0,16,north_pacific_gyre,4,samudra,942.6222820281982,89905.85522460938,-97.39747846821984,-152.75436665881784,0.10239408335084976,-0.001083327423168317,-0.001699048035049505,101,12775,12775,20.0,20.0
validation,D0,16,north_pacific_gyre,4,seasonal_climatology,2159.17488861084,89905.85522460938,90.73926299030045,150.61330699875847,0.15497081679433902,0.001009269782970297,0.001675233572079208,101,12775,12775,20.0,20.0
validation,D0,16,north_pacific_gyre,6,damped_linear,3841.3460693359375,89905.85522460938,99.56816468787373,16.881415423821636,0.20670345180292493,0.0011074714148386138,0.00018776769746138615,101,12775,12775,30.0,30.0
validation,D0,16,north_pacific_gyre,6,persistence,3000.669511795044,89905.85522460938,119.60062978088375,24.15344239065588,0.1826901340817112,0.00133028743769901,0.000268652607,101,12775,12775,30.0,30.0
validation,D0,16,north_pacific_gyre,6,samudra,1374.8554525375366,89905.85522460938,-117.17786239197768,-63.79427827159053,0.12366150619376154,-0.0013033396111881187,-0.0007095675594455445,101,12775,12775,30.0,30.0
validation,D0,16,north_pacific_gyre,6,seasonal_climatology,2139.6127376556396,89905.85522460938,120.16772393443658,156.75830230823428,0.15426720072582936,0.001336595081980198,0.0017435827946534655,101,12775,12775,30.0,30.0
validation,D0,16,southern_ocean,1,damped_linear,7713.472328186035,729048.181640625,4.050041522067781,1.9395705940047039,0.10286007753958228,5.555245351485147e-06,2.6604148297029707e-06,101,139797,139797,5.0,5.0
validation,D0,16,southern_ocean,1,persistence,8468.061019897461,729048.181640625,3.9009418970174323,2.2983448998090403,0.10777396823574804,5.35073263366337e-06,3.1525281287128704e-06,101,139797,139797,5.0,5.0
validation,D0,16,southern_ocean,1,samudra,2866.7711639404297,729048.181640625,-1465.0839173132324,-212.38258584427592,0.06270734280497699,-0.0020095844886633663,-0.00029131488314851486,101,139797,139797,5.0,5.0
validation,D0,16,southern_ocean,1,seasonal_climatology,32178.952270507812,729048.181640625,-211.26552837893752,-43.63485004650718,0.2100911867294575,-0.00028978266964950494,-5.9851805608118816e-05,101,139797,139797,5.0,5.0
validation,D0,16,southern_ocean,2,damped_linear,23997.80450439453,729048.181640625,11.343809198329334,4.254177408391806,0.1814293898310659,1.55597524059406e-05,5.835248637227722e-06,101,139797,139797,10.0,10.0
validation,D0,16,southern_ocean,2,persistence,22069.481521606445,729048.181640625,11.045612671187493,4.971717104102136,0.17398746066045723,1.5150730705247527e-05,6.819463005742575e-06,101,139797,139797,10.0,10.0
validation,D0,16,southern_ocean,2,samudra,8760.661911010742,729048.181640625,-3189.826921300441,-500.2863126032843,0.10962013805713831,-0.004375330741683168,-0.0006862184492079208,101,139797,139797,10.0,10.0
validation,D0,16,southern_ocean,2,seasonal_climatology,32148.590545654297,729048.181640625,-223.17566369895314,-42.160790660789694,0.209992049938285,-0.0003061192241049505,-5.782990990514851e-05,101,139797,139797,10.0,10.0
validation,D0,16,southern_ocean,4,damped_linear,49684.424377441406,729048.181640625,33.32915310148102,5.332302419149441,0.26105500004527793,4.571598138613862e-05,7.314060378217816e-06,101,139797,139797,20.0,20.0
validation,D0,16,southern_ocean,4,persistence,36848.827880859375,729048.181640625,32.73274262179086,6.767386666752822,0.22481936843315914,4.489791408316831e-05,9.282495776237624e-06,101,139797,139797,20.0,20.0
validation,D0,16,southern_ocean,4,samudra,19174.631896972656,729048.181640625,-5567.456187152818,-897.2341442256335,0.1621755584664806,-0.007636609386534653,-0.0012306925204950496,101,139797,139797,20.0,20.0
validation,D0,16,southern_ocean,4,seasonal_climatology,32106.42510986328,729048.181640625,-239.49103692595304,-42.055437279537585,0.209854294108742,-0.000328498229550495,-5.768540178633664e-05,101,139797,139797,20.0,20.0
validation,D0,16,southern_ocean,6,damped_linear,72295.03210449219,729048.181640625,61.36263680555876,2.963686772467847,0.3149025024724467,8.416815013168318e-05,4.065145277227725e-06,101,139797,139797,30.0,30.0
validation,D0,16,southern_ocean,6,persistence,43892.99398803711,729048.181640625,60.468064454284715,5.11629473432358,0.24536888376775084,8.294110866336633e-05,7.017773122772278e-06,101,139797,139797,30.0,30.0
validation,D0,16,southern_ocean,6,samudra,26219.40528869629,729048.181640625,-7219.957533428189,-993.1503581144442,0.1896414655221639,-0.009903265264554456,-0.0013622561349504948,101,139797,139797,30.0,30.0
validation,D0,16,southern_ocean,6,seasonal_climatology,32104.740264892578,729048.181640625,-249.6511403763595,-44.688506382432585,0.20984878778735136,-0.00034243435024356437,-6.129705485564357e-05,101,139797,139797,30.0,30.0
validation,D0,17,global_outside_5deg,1,damped_linear,23308.219940185547,3291852.396484375,-42.38830939783398,-19.718529573282378,0.0841461745615657,-1.2876734522818747e-05,-5.990101377067006e-06,101,624498,624500,5.0,5.0
validation,D0,17,global_outside_5deg,1,persistence,26807.716751098633,3291852.396484375,-61.33764371706911,-31.15288953548479,0.09024221285862764,-1.863316951348619e-05,-9.463634994313652e-06,101,624498,624500,5.0,5.0
validation,D0,17,global_outside_5deg,1,samudra,10362.160247802734,3291852.396484375,2726.1178269662337,13260.357202915564,0.05610544034728807,0.000828140967036574,0.004028235657551757,101,624498,624500,5.0,5.0
validation,D0,17,global_outside_5deg,1,seasonal_climatology,118059.32983398438,3291852.396484375,48.68692818909186,-13.286149910131,0.1893781980962683,1.4790131003774171e-05,-4.036070974603938e-06,101,624498,624500,5.0,5.0
validation,D0,17,global_outside_5deg,2,damped_linear,75772.49407958984,3291852.17578125,-77.7321104948594,-28.450913800599825,0.15171748294542903,-2.3613487588157376e-05,-8.642828499383517e-06,101,624498,624500,10.0,10.0
validation,D0,17,global_outside_5deg,2,persistence,74323.9965209961,3291852.17578125,-115.65236110846257,-51.3453876497031,0.1502603392071909,-3.513291452129529e-05,-1.559771973585581e-05,101,624498,624500,10.0,10.0
validation,D0,17,global_outside_5deg,2,samudra,33848.0832824707,3291852.17578125,9019.288401364873,31310.51206495491,0.10140208342821495,0.002739882570584853,0.00951151825568353,101,624498,624500,10.0,10.0
validation,D0,17,global_outside_5deg,2,seasonal_climatology,118061.29052734375,3291852.17578125,53.3688523798194,-11.823880937821695,0.18937977700593914,1.6212408556029238e-05,-3.5918626677139756e-06,101,624498,624500,10.0,10.0
validation,D0,17,global_outside_5deg,4,damped_linear,173624.68139648438,3291851.955078125,-219.07443716085012,-17.515050908587916,0.22966011777705767,-6.65505132522434e-05,-5.320728619514189e-06,101,624498,624500,20.0,20.0
validation,D0,17,global_outside_5deg,4,persistence,138396.12060546875,3291851.955078125,-294.9055416691649,-63.3450187115002,0.20504151901050696,-8.958651412443788e-05,-1.9242973127567896e-05,101,624498,624500,20.0,20.0
validation,D0,17,global_outside_5deg,4,samudra,77258.61895751953,3291851.955078125,25720.53999687133,67717.4083425799,0.1531980800716179,0.007813395118572672,0.020571219260974567,101,624498,624500,20.0,20.0
validation,D0,17,global_outside_5deg,4,seasonal_climatology,118092.82580566406,3291851.955078125,13.767332437254678,-1.3598777590770013,0.18940507422412745,4.18224532121401e-06,-4.131041667834444e-07,101,624498,624500,20.0,20.0
validation,D0,17,global_outside_5deg,6,damped_linear,256358.62182617188,3291851.955078125,-374.64985825096977,8.61254348292578,0.27906400092010747,-0.0001138112720023821,2.6163216330672987e-06,101,624498,624500,30.0,30.0
validation,D0,17,global_outside_5deg,6,persistence,169591.798828125,3291851.955078125,-488.27496878706677,-60.083382915558495,0.22697722164259318,-0.00014832834995323434,-1.825215220352537e-05,101,624498,624500,30.0,30.0
validation,D0,17,global_outside_5deg,6,samudra,115954.80010986328,3291851.955078125,46680.363975958615,105510.46373832927,0.1876826894204394,0.014180578170882766,0.032052007556283076,101,624498,624500,30.0,30.0
validation,D0,17,global_outside_5deg,6,seasonal_climatology,118200.52233886719,3291851.955078125,-18.49519093598833,3.3841302695268904,0.18949141994927138,-5.618475918231075e-06,1.028032340368896e-06,101,624498,624500,30.0,30.0
validation,D0,17,gulf_stream,1,damped_linear,2828.736198425293,136393.5340576172,2.5005051599312615,-1.3047807437117092,0.14401221587348187,1.8333018329702965e-05,-9.56629471277228e-06,101,21273,21273,5.0,5.0
validation,D0,17,gulf_stream,1,persistence,3072.414545059204,136393.5340576172,2.8892000143927534,-2.311430176615482,0.15008697863213236,2.118282244356436e-05,-1.6946772386138602e-05,101,21273,21273,5.0,5.0
validation,D0,17,gulf_stream,1,samudra,1262.4253969192505,136393.5340576172,83.51184131978673,593.5291060654878,0.09620684446352631,0.000612285926138614,0.004351592692178217,101,21273,21273,5.0,5.0
validation,D0,17,gulf_stream,1,seasonal_climatology,10825.894264221191,136393.5340576172,-91.97005442971056,40.22459435735748,0.2817312351730781,-0.0006742992258772277,0.0002949156984257426,101,21273,21273,5.0,5.0
validation,D0,17,gulf_stream,2,damped_linear,8617.659622192383,136393.5340576172,6.29053933388407,-1.1891107297961052,0.25136093144118443,4.6120509871287124e-05,-8.718233881188129e-06,101,21273,21273,10.0,10.0
validation,D0,17,gulf_stream,2,persistence,7888.272773742676,136393.5340576172,7.067928655233347,-3.2024082343421645,0.24048836445962604,5.182011525742575e-05,-2.347917924752474e-05,101,21273,21273,10.0,10.0
validation,D0,17,gulf_stream,2,samudra,3556.8060913085938,136393.5340576172,340.00039738559974,1451.4576393163588,0.16148537759849693,0.002492789703960396,0.01064168950049505,101,21273,21273,10.0,10.0
validation,D0,17,gulf_stream,2,seasonal_climatology,10830.488822937012,136393.5340576172,-90.01319924611184,36.925775265019276,0.28179101283943353,-0.0006599521001346534,0.0002707296611980198,101,21273,21273,10.0,10.0
validation,D0,17,gulf_stream,4,damped_linear,17735.895126342773,136393.5340576172,15.775456274996547,4.072355539427937,0.36060327348169624,0.00011566132063366337,2.985739439603961e-05,101,21273,21273,20.0,20.0
validation,D0,17,gulf_stream,4,persistence,13225.385307312012,136393.5340576172,17.330242072278693,0.045767169054759194,0.31139187431557996,0.00012706058386138613,3.3555233663368246e-07,101,21273,21273,20.0,20.0
validation,D0,17,gulf_stream,4,samudra,7286.440216064453,136393.5340576172,1031.712246153693,3110.8426160636554,0.23113239088760204,0.007564231349250495,0.022807845236633664,101,21273,21273,20.0,20.0
validation,D0,17,gulf_stream,4,seasonal_climatology,10824.214958190918,136393.5340576172,-84.41181254676114,36.0632939799361,0.281709383338058,-0.0006188842684514852,0.00026440618486138614,101,21273,21273,20.0,20.0
validation,D0,17,gulf_stream,6,damped_linear,26212.689651489258,136393.5340576172,25.409862253126338,7.828140849040899,0.4383882462232819,0.00018629814403366338,5.739378265346531e-05,101,21273,21273,30.0,30.0
validation,D0,17,gulf_stream,6,persistence,16120.06916809082,136393.5340576172,27.742050704563322,1.7882443513610888,0.343784711544396,0.0002033971104,1.3110917344554433e-05,101,21273,21273,30.0,30.0
validation,D0,17,gulf_stream,6,samudra,9886.890502929688,136393.5340576172,1905.544572881995,4629.331296569211,0.26923590161467753,0.013970930411386138,0.03394098795485149,101,21273,21273,30.0,30.0
validation,D0,17,gulf_stream,6,seasonal_climatology,10801.966682434082,136393.5340576172,-78.87811609071711,34.4001652158701,0.2814197192844355,-0.0005783127230752476,0.0002522125807029703,101,21273,21273,30.0,30.0
validation,D0,17,kuroshio,1,damped_linear,2265.2826957702637,144167.02026367188,6.759786750801456,3.15385459724883,0.12535112690158273,4.688857922178218e-05,2.187639441725743e-05,101,21916,21916,5.0,5.0
validation,D0,17,kuroshio,1,persistence,2579.627290725708,144167.02026367188,8.515103713915284,3.700370326376877,0.13376593214902457,5.906415835148515e-05,2.5667245668316832e-05,101,21916,21916,5.0,5.0
validation,D0,17,kuroshio,1,samudra,929.414671421051,144167.02026367188,174.27621774119206,563.7801577137491,0.08029191215418745,0.0012088494124554456,0.003910604219207921,101,21916,21916,5.0,5.0
validation,D0,17,kuroshio,1,seasonal_climatology,14252.209091186523,144167.02026367188,75.72944136669885,8.963358019630428,0.3144185289396885,0.0005252896343990099,6.217342914653465e-05,101,21916,21916,5.0,5.0
validation,D0,17,kuroshio,2,damped_linear,7260.69979095459,144167.02026367188,14.63838817100051,4.576180961211411,0.22441727210442336,0.000101537703590099,3.174221783069305e-05,101,21916,21916,10.0,10.0
validation,D0,17,kuroshio,2,persistence,7052.369152069092,144167.02026367188,18.1490290632073,5.669211298085037,0.22117424702642008,0.00012588891016831682,3.932391255445543e-05,101,21916,21916,10.0,10.0
validation,D0,17,kuroshio,2,samudra,2834.6126403808594,144167.02026367188,629.706237519819,1474.3060300624834,0.14022127075426608,0.004367893824594059,0.010226375126336633,101,21916,21916,10.0,10.0
validation,D0,17,kuroshio,2,seasonal_climatology,14251.726150512695,144167.02026367188,77.45285289484815,8.028871390990778,0.3144132018082378,0.0005372439046960396,5.569145686930691e-05,101,21916,21916,10.0,10.0
validation,D0,17,kuroshio,4,damped_linear,16261.953788757324,144167.02026367188,28.385679118754087,4.988475860205355,0.33585622340064725,0.0001968944011386139,3.460205982673267e-05,101,21916,21916,20.0,20.0
validation,D0,17,kuroshio,4,persistence,13027.807411193848,144167.02026367188,35.40695308274914,7.17453500635315,0.30060950174801143,0.00024559676004950494,4.976543867821783e-05,101,21916,21916,20.0,20.0
validation,D0,17,kuroshio,4,samudra,6212.200817108154,144167.02026367188,1770.1129560665183,3439.29020226598,0.20758204306890898,0.012278210042970297,0.023856289711584155,101,21916,21916,20.0,20.0
validation,D0,17,kuroshio,4,seasonal_climatology,14242.020416259766,144167.02026367188,78.38518087215368,2.633230143046675,0.3143061224734114,0.0005437109037059406,1.8265135384158405e-05,101,21916,21916,20.0,20.0
validation,D0,17,kuroshio,6,damped_linear,24306.57066345215,144167.02026367188,47.135949825663644,13.029675059741836,0.4106093966610863,0.0003269537633465347,9.03790272970297e-05,101,21916,21916,30.0,30.0
validation,D0,17,kuroshio,6,persistence,16415.450653076172,144167.02026367188,57.66786597737031,16.308760170077612,0.3374375769227926,0.0004000073378217822,0.00011312407054158417,101,21916,21916,30.0,30.0
validation,D0,17,kuroshio,6,samudra,9434.8091506958,144167.02026367188,3150.0986448572453,5444.9410609157985,0.25581947224896434,0.021850341632198022,0.0377682846670297,101,21916,21916,30.0,30.0
validation,D0,17,kuroshio,6,seasonal_climatology,14217.09896850586,144167.02026367188,83.81592804564069,3.7721830042017053,0.3140310072504044,0.0005813807339039604,2.616536706732673e-05,101,21916,21916,30.0,30.0
validation,D0,17,north_pacific_gyre,1,damped_linear,258.4911754131317,89905.85522460938,10.924156174408942,3.1264586015971614,0.05362025467658208,0.00012150661541584158,3.4774805198019794e-05,101,12775,12775,5.0,5.0
validation,D0,17,north_pacific_gyre,1,persistence,330.4799106121063,89905.85522460938,14.2628992698588,4.338461261340275,0.06062874017168834,0.00015864260713861387,4.825560304722773e-05,101,12775,12775,5.0,5.0
validation,D0,17,north_pacific_gyre,1,samudra,128.1426756978035,89905.85522460938,237.5929163175779,558.0964990267288,0.037753124977326157,0.0026426856818613864,0.0062075656544554455,101,12775,12775,5.0,5.0
validation,D0,17,north_pacific_gyre,1,seasonal_climatology,2186.406183242798,89905.85522460938,55.815024020718155,143.5159642720514,0.1559449929747618,0.0006208163403960396,0.0015962916309900988,101,12775,12775,5.0,5.0
validation,D0,17,north_pacific_gyre,2,damped_linear,928.9277086257935,89905.85522460938,24.2150427816159,5.575300413286533,0.10164756289476067,0.0002693377725079208,6.201265089306932e-05,101,12775,12775,10.0,10.0
validation,D0,17,north_pacific_gyre,2,persistence,1026.458164691925,89905.85522460938,30.8925329921975,7.999310283842756,0.10685051961347855,0.0003436098006633663,8.89742972118812e-05,101,12775,12775,10.0,10.0
validation,D0,17,north_pacific_gyre,2,samudra,532.8847689628601,89905.85522460938,703.7334002846228,1310.4218975064011,0.07698793400509076,0.007827447929019802,0.01457549004158416,101,12775,12775,10.0,10.0
validation,D0,17,north_pacific_gyre,2,seasonal_climatology,2177.5168075561523,89905.85522460938,65.16635251451432,145.57305731999327,0.15562765360052327,0.0007248287928712871,0.0016191721546534653,101,12775,12775,10.0,10.0
validation,D0,17,north_pacific_gyre,4,damped_linear,2487.1751079559326,89905.85522460938,59.19824845463385,10.917006714815736,0.1663256360768145,0.0006584470867524753,0.0001214270937920792,101,12775,12775,20.0,20.0
validation,D0,17,north_pacific_gyre,4,persistence,2255.5700454711914,89905.85522460938,72.55322225952725,15.765025153272456,0.15839233855311424,0.0008069910694722773,0.00017535037194059405,101,12775,12775,20.0,20.0
validation,D0,17,north_pacific_gyre,4,samudra,1520.9111280441284,89905.85522460938,1760.4467886736638,2716.934749424452,0.13006424684867446,0.019581002641881187,0.0302197753709901,101,12775,12775,20.0,20.0
validation,D0,17,north_pacific_gyre,4,seasonal_climatology,2159.17488861084,89905.85522460938,90.73926299030045,150.61330699875847,0.15497081679433902,0.001009269782970297,0.001675233572079208,101,12775,12775,20.0,20.0
validation,D0,17,north_pacific_gyre,6,damped_linear,3841.3460693359375,89905.85522460938,99.56816468787373,16.881415423821636,0.20670345180292493,0.0011074714148386138,0.00018776769746138615,101,12775,12775,30.0,30.0
validation,D0,17,north_pacific_gyre,6,persistence,3000.669511795044,89905.85522460938,119.60062978088375,24.15344239065588,0.1826901340817112,0.00133028743769901,0.000268652607,101,12775,12775,30.0,30.0
validation,D0,17,north_pacific_gyre,6,samudra,2574.553044319153,89905.85522460938,2856.0587452393897,4083.3839081878796,0.16922204293979032,0.0317672162519802,0.045418442413861386,101,12775,12775,30.0,30.0
validation,D0,17,north_pacific_gyre,6,seasonal_climatology,2139.6127376556396,89905.85522460938,120.16772393443658,156.75830230823428,0.15426720072582936,0.001336595081980198,0.0017435827946534655,101,12775,12775,30.0,30.0
validation,D0,17,southern_ocean,1,damped_linear,7713.472328186035,729048.181640625,4.050041522067781,1.9395705940047039,0.10286007753958228,5.555245351485147e-06,2.6604148297029707e-06,101,139797,139797,5.0,5.0
validation,D0,17,southern_ocean,1,persistence,8468.061019897461,729048.181640625,3.9009418970174323,2.2983448998090403,0.10777396823574804,5.35073263366337e-06,3.1525281287128704e-06,101,139797,139797,5.0,5.0
validation,D0,17,southern_ocean,1,samudra,3163.5099601745605,729048.181640625,194.04565819341843,1194.8048549646915,0.0658728551349616,0.00026616300963366337,0.0016388558192079207,101,139797,139797,5.0,5.0
validation,D0,17,southern_ocean,1,seasonal_climatology,32178.952270507812,729048.181640625,-211.26552837893752,-43.63485004650718,0.2100911867294575,-0.00028978266964950494,-5.9851805608118816e-05,101,139797,139797,5.0,5.0
validation,D0,17,southern_ocean,2,damped_linear,23997.80450439453,729048.181640625,11.343809198329334,4.254177408391806,0.1814293898310659,1.55597524059406e-05,5.835248637227722e-06,101,139797,139797,10.0,10.0
validation,D0,17,southern_ocean,2,persistence,22069.481521606445,729048.181640625,11.045612671187493,4.971717104102136,0.17398746066045723,1.5150730705247527e-05,6.819463005742575e-06,101,139797,139797,10.0,10.0
validation,D0,17,southern_ocean,2,samudra,9643.873420715332,729048.181640625,733.742216650934,3002.5222580823465,0.11501318629226964,0.0010064385799574257,0.004118414027623762,101,139797,139797,10.0,10.0
validation,D0,17,southern_ocean,2,seasonal_climatology,32148.590545654297,729048.181640625,-223.17566369895314,-42.160790660789694,0.209992049938285,-0.0003061192241049505,-5.782990990514851e-05,101,139797,139797,10.0,10.0
validation,D0,17,southern_ocean,4,damped_linear,49684.424377441406,729048.181640625,33.32915310148102,5.332302419149441,0.26105500004527793,4.571598138613862e-05,7.314060378217816e-06,101,139797,139797,20.0,20.0
validation,D0,17,southern_ocean,4,persistence,36848.827880859375,729048.181640625,32.73274262179086,6.767386666752822,0.22481936843315914,4.489791408316831e-05,9.282495776237624e-06,101,139797,139797,20.0,20.0
validation,D0,17,southern_ocean,4,samudra,20063.551208496094,729048.181640625,2665.9718651801354,7690.290153023362,0.16589213131437472,0.003656784191108911,0.010548397687128713,101,139797,139797,20.0,20.0
validation,D0,17,southern_ocean,4,seasonal_climatology,32106.42510986328,729048.181640625,-239.49103692595304,-42.055437279537585,0.209854294108742,-0.000328498229550495,-5.768540178633664e-05,101,139797,139797,20.0,20.0
validation,D0,17,southern_ocean,6,damped_linear,72295.03210449219,729048.181640625,61.36263680555876,2.963686772467847,0.3149025024724467,8.416815013168318e-05,4.065145277227725e-06,101,139797,139797,30.0,30.0
validation,D0,17,southern_ocean,6,persistence,43892.99398803711,729048.181640625,60.468064454284715,5.11629473432358,0.24536888376775084,8.294110866336633e-05,7.017773122772278e-06,101,139797,139797,30.0,30.0
validation,D0,17,southern_ocean,6,samudra,27432.88232421875,729048.181640625,5756.648204745454,13536.860757800845,0.19398029020561552,0.007896114892970298,0.018567854771049504,101,139797,139797,30.0,30.0
validation,D0,17,southern_ocean,6,seasonal_climatology,32104.740264892578,729048.181640625,-249.6511403763595,-44.688506382432585,0.20984878778735136,-0.00034243435024356437,-6.129705485564357e-05,101,139797,139797,30.0,30.0
validation,D4,15,global_outside_5deg,1,damped_linear,23308.219940185547,3291852.396484375,-42.38830939783398,-19.718529573282378,0.0841461745615657,-1.2876734522818747e-05,-5.990101377067006e-06,101,624498,624500,5.0,5.0
validation,D4,15,global_outside_5deg,1,persistence,26807.716751098633,3291852.396484375,-61.33764371706911,-31.15288953548479,0.09024221285862764,-1.863316951348619e-05,-9.463634994313652e-06,101,624498,624500,5.0,5.0
validation,D4,15,global_outside_5deg,1,samudra,11005.381088256836,3291852.396484375,7855.870687050759,-9267.134461369153,0.05782056964705319,0.002386458972291909,-0.0028151731442352173,101,624498,624500,5.0,5.0
validation,D4,15,global_outside_5deg,1,seasonal_climatology,118059.32983398438,3291852.396484375,48.68692818909186,-13.286149910131,0.1893781980962683,1.4790131003774171e-05,-4.036070974603938e-06,101,624498,624500,5.0,5.0
validation,D4,15,global_outside_5deg,2,damped_linear,75772.49407958984,3291852.17578125,-77.7321104948594,-28.450913800599825,0.15171748294542903,-2.3613487588157376e-05,-8.642828499383517e-06,101,624498,624500,10.0,10.0
validation,D4,15,global_outside_5deg,2,persistence,74323.9965209961,3291852.17578125,-115.65236110846257,-51.3453876497031,0.1502603392071909,-3.513291452129529e-05,-1.559771973585581e-05,101,624498,624500,10.0,10.0
validation,D4,15,global_outside_5deg,2,samudra,33479.73416137695,3291852.17578125,17239.987055045134,-20049.17119889607,0.10084882398589476,0.005237169269593218,-0.006090544206815068,101,624498,624500,10.0,10.0
validation,D4,15,global_outside_5deg,2,seasonal_climatology,118061.29052734375,3291852.17578125,53.3688523798194,-11.823880937821695,0.18937977700593914,1.6212408556029238e-05,-3.5918626677139756e-06,101,624498,624500,10.0,10.0
validation,D4,15,global_outside_5deg,4,damped_linear,173624.68139648438,3291851.955078125,-219.07443716085012,-17.515050908587916,0.22966011777705767,-6.65505132522434e-05,-5.320728619514189e-06,101,624498,624500,20.0,20.0
validation,D4,15,global_outside_5deg,4,persistence,138396.12060546875,3291851.955078125,-294.9055416691649,-63.3450187115002,0.20504151901050696,-8.958651412443788e-05,-1.9242973127567896e-05,101,624498,624500,20.0,20.0
validation,D4,15,global_outside_5deg,4,samudra,68571.71759033203,3291851.955078125,32792.55477153964,-35919.00359341881,0.14432858912592392,0.009961734372942474,-0.010911488148186285,101,624498,624500,20.0,20.0
validation,D4,15,global_outside_5deg,4,seasonal_climatology,118092.82580566406,3291851.955078125,13.767332437254678,-1.3598777590770013,0.18940507422412745,4.18224532121401e-06,-4.131041667834444e-07,101,624498,624500,20.0,20.0
validation,D4,15,global_outside_5deg,6,damped_linear,256358.62182617188,3291851.955078125,-374.64985825096977,8.61254348292578,0.27906400092010747,-0.0001138112720023821,2.6163216330672987e-06,101,624498,624500,30.0,30.0
validation,D4,15,global_outside_5deg,6,persistence,169591.798828125,3291851.955078125,-488.27496878706677,-60.083382915558495,0.22697722164259318,-0.00014832834995323434,-1.825215220352537e-05,101,624498,624500,30.0,30.0
validation,D4,15,global_outside_5deg,6,samudra,92349.46563720703,3291851.955078125,45592.14726895064,-49674.337185060904,0.16749314822744465,0.01384999929860716,-0.015090088455658386,101,624498,624500,30.0,30.0
validation,D4,15,global_outside_5deg,6,seasonal_climatology,118200.52233886719,3291851.955078125,-18.49519093598833,3.3841302695268904,0.18949141994927138,-5.618475918231075e-06,1.028032340368896e-06,101,624498,624500,30.0,30.0
validation,D4,15,gulf_stream,1,damped_linear,2828.736198425293,136393.5340576172,2.5005051599312615,-1.3047807437117092,0.14401221587348187,1.8333018329702965e-05,-9.56629471277228e-06,101,21273,21273,5.0,5.0
validation,D4,15,gulf_stream,1,persistence,3072.414545059204,136393.5340576172,2.8892000143927534,-2.311430176615482,0.15008697863213236,2.118282244356436e-05,-1.6946772386138602e-05,101,21273,21273,5.0,5.0
validation,D4,15,gulf_stream,1,samudra,1412.5059356689453,136393.5340576172,289.2459964443329,-348.4826004387683,0.10176495608900449,0.0021206723503633665,-0.002554978891386139,101,21273,21273,5.0,5.0
validation,D4,15,gulf_stream,1,seasonal_climatology,10825.894264221191,136393.5340576172,-91.97005442971056,40.22459435735748,0.2817312351730781,-0.0006742992258772277,0.0002949156984257426,101,21273,21273,5.0,5.0
validation,D4,15,gulf_stream,2,damped_linear,8617.659622192383,136393.5340576172,6.29053933388407,-1.1891107297961052,0.25136093144118443,4.6120509871287124e-05,-8.718233881188129e-06,101,21273,21273,10.0,10.0
validation,D4,15,gulf_stream,2,persistence,7888.272773742676,136393.5340576172,7.067928655233347,-3.2024082343421645,0.24048836445962604,5.182011525742575e-05,-2.347917924752474e-05,101,21273,21273,10.0,10.0
validation,D4,15,gulf_stream,2,samudra,3730.6956939697266,136393.5340576172,638.4145177421221,-759.236198369053,0.16538572512082625,0.004680680225445545,-0.005566511665049505,101,21273,21273,10.0,10.0
validation,D4,15,gulf_stream,2,seasonal_climatology,10830.488822937012,136393.5340576172,-90.01319924611184,36.925775265019276,0.28179101283943353,-0.0006599521001346534,0.0002707296611980198,101,21273,21273,10.0,10.0
validation,D4,15,gulf_stream,4,damped_linear,17735.895126342773,136393.5340576172,15.775456274996547,4.072355539427937,0.36060327348169624,0.00011566132063366337,2.985739439603961e-05,101,21273,21273,20.0,20.0
validation,D4,15,gulf_stream,4,persistence,13225.385307312012,136393.5340576172,17.330242072278693,0.045767169054759194,0.31139187431557996,0.00012706058386138613,3.3555233663368246e-07,101,21273,21273,20.0,20.0
validation,D4,15,gulf_stream,4,samudra,7017.778259277344,136393.5340576172,1230.138602203219,-1418.0065140186869,0.226831272761926,0.009019038994059406,-0.010396435020297029,101,21273,21273,20.0,20.0
validation,D4,15,gulf_stream,4,seasonal_climatology,10824.214958190918,136393.5340576172,-84.41181254676114,36.0632939799361,0.281709383338058,-0.0006188842684514852,0.00026440618486138614,101,21273,21273,20.0,20.0
validation,D4,15,gulf_stream,6,damped_linear,26212.689651489258,136393.5340576172,25.409862253126338,7.828140849040899,0.4383882462232819,0.00018629814403366338,5.739378265346531e-05,101,21273,21273,30.0,30.0
validation,D4,15,gulf_stream,6,persistence,16120.06916809082,136393.5340576172,27.742050704563322,1.7882443513610888,0.343784711544396,0.0002033971104,1.3110917344554433e-05,101,21273,21273,30.0,30.0
validation,D4,15,gulf_stream,6,samudra,9077.950561523438,136393.5340576172,1699.0036809509209,-1993.1855255161051,0.2579865206466047,0.012456629214059406,-0.01461348984970297,101,21273,21273,30.0,30.0
validation,D4,15,gulf_stream,6,seasonal_climatology,10801.966682434082,136393.5340576172,-78.87811609071711,34.4001652158701,0.2814197192844355,-0.0005783127230752476,0.0002522125807029703,101,21273,21273,30.0,30.0
validation,D4,15,kuroshio,1,damped_linear,2265.2826957702637,144167.02026367188,6.759786750801456,3.15385459724883,0.12535112690158273,4.688857922178218e-05,2.187639441725743e-05,101,21916,21916,5.0,5.0
validation,D4,15,kuroshio,1,persistence,2579.627290725708,144167.02026367188,8.515103713915284,3.700370326376877,0.13376593214902457,5.906415835148515e-05,2.5667245668316832e-05,101,21916,21916,5.0,5.0
validation,D4,15,kuroshio,1,samudra,1084.1020817756653,144167.02026367188,220.8104832496106,-350.24741214122054,0.08671657732228977,0.0015316296532019802,-0.0024294558596039606,101,21916,21916,5.0,5.0
validation,D4,15,kuroshio,1,seasonal_climatology,14252.209091186523,144167.02026367188,75.72944136669885,8.963358019630428,0.3144185289396885,0.0005252896343990099,6.217342914653465e-05,101,21916,21916,5.0,5.0
validation,D4,15,kuroshio,2,damped_linear,7260.69979095459,144167.02026367188,14.63838817100051,4.576180961211411,0.22441727210442336,0.000101537703590099,3.174221783069305e-05,101,21916,21916,10.0,10.0
validation,D4,15,kuroshio,2,persistence,7052.369152069092,144167.02026367188,18.1490290632073,5.669211298085037,0.22117424702642008,0.00012588891016831682,3.932391255445543e-05,101,21916,21916,10.0,10.0
validation,D4,15,kuroshio,2,samudra,3074.250026702881,144167.02026367188,497.959760289839,-763.1627909741683,0.14602816625578682,0.003454047669009901,-0.005293601751485148,101,21916,21916,10.0,10.0
validation,D4,15,kuroshio,2,seasonal_climatology,14251.726150512695,144167.02026367188,77.45285289484815,8.028871390990778,0.3144132018082378,0.0005372439046960396,5.569145686930691e-05,101,21916,21916,10.0,10.0
validation,D4,15,kuroshio,4,damped_linear,16261.953788757324,144167.02026367188,28.385679118754087,4.988475860205355,0.33585622340064725,0.0001968944011386139,3.460205982673267e-05,101,21916,21916,20.0,20.0
validation,D4,15,kuroshio,4,persistence,13027.807411193848,144167.02026367188,35.40695308274914,7.17453500635315,0.30060950174801143,0.00024559676004950494,4.976543867821783e-05,101,21916,21916,20.0,20.0
validation,D4,15,kuroshio,4,samudra,6030.845611572266,144167.02026367188,993.899194275599,-1461.4598070935344,0.20452958834146356,0.006894081548316832,-0.010137268595970297,101,21916,21916,20.0,20.0
validation,D4,15,kuroshio,4,seasonal_climatology,14242.020416259766,144167.02026367188,78.38518087215368,2.633230143046675,0.3143061224734114,0.0005437109037059406,1.8265135384158405e-05,101,21916,21916,20.0,20.0
validation,D4,15,kuroshio,6,damped_linear,24306.57066345215,144167.02026367188,47.135949825663644,13.029675059741836,0.4106093966610863,0.0003269537633465347,9.03790272970297e-05,101,21916,21916,30.0,30.0
validation,D4,15,kuroshio,6,persistence,16415.450653076172,144167.02026367188,57.66786597737031,16.308760170077612,0.3374375769227926,0.0004000073378217822,0.00011312407054158417,101,21916,21916,30.0,30.0
validation,D4,15,kuroshio,6,samudra,8335.50798034668,144167.02026367188,1492.5137207861537,-2141.068994545462,0.24045459166721794,0.010352670937198018,-0.014851309201158416,101,21916,21916,30.0,30.0
validation,D4,15,kuroshio,6,seasonal_climatology,14217.09896850586,144167.02026367188,83.81592804564069,3.7721830042017053,0.3140310072504044,0.0005813807339039604,2.616536706732673e-05,101,21916,21916,30.0,30.0
validation,D4,15,north_pacific_gyre,1,damped_linear,258.4911754131317,89905.85522460938,10.924156174408942,3.1264586015971614,0.05362025467658208,0.00012150661541584158,3.4774805198019794e-05,101,12775,12775,5.0,5.0
validation,D4,15,north_pacific_gyre,1,persistence,330.4799106121063,89905.85522460938,14.2628992698588,4.338461261340275,0.06062874017168834,0.00015864260713861387,4.825560304722773e-05,101,12775,12775,5.0,5.0
validation,D4,15,north_pacific_gyre,1,samudra,114.93793785572052,89905.85522460938,383.0907890133692,-252.25053943011218,0.03575507655287971,0.004261021577029703,-0.0028057187020792077,101,12775,12775,5.0,5.0
validation,D4,15,north_pacific_gyre,1,seasonal_climatology,2186.406183242798,89905.85522460938,55.815024020718155,143.5159642720514,0.1559449929747618,0.0006208163403960396,0.0015962916309900988,101,12775,12775,5.0,5.0
validation,D4,15,north_pacific_gyre,2,damped_linear,928.9277086257935,89905.85522460938,24.2150427816159,5.575300413286533,0.10164756289476067,0.0002693377725079208,6.201265089306932e-05,101,12775,12775,10.0,10.0
validation,D4,15,north_pacific_gyre,2,persistence,1026.458164691925,89905.85522460938,30.8925329921975,7.999310283842756,0.10685051961347855,0.0003436098006633663,8.89742972118812e-05,101,12775,12775,10.0,10.0
validation,D4,15,north_pacific_gyre,2,samudra,457.77721905708313,89905.85522460938,855.1820335768217,-547.6808082712761,0.07135642770662351,0.009511972623366336,-0.006091714570792079,101,12775,12775,10.0,10.0
validation,D4,15,north_pacific_gyre,2,seasonal_climatology,2177.5168075561523,89905.85522460938,65.16635251451432,145.57305731999327,0.15562765360052327,0.0007248287928712871,0.0016191721546534653,101,12775,12775,10.0,10.0
validation,D4,15,north_pacific_gyre,4,damped_linear,2487.1751079559326,89905.85522460938,59.19824845463385,10.917006714815736,0.1663256360768145,0.0006584470867524753,0.0001214270937920792,101,12775,12775,20.0,20.0
validation,D4,15,north_pacific_gyre,4,persistence,2255.5700454711914,89905.85522460938,72.55322225952725,15.765025153272456,0.15839233855311424,0.0008069910694722773,0.00017535037194059405,101,12775,12775,20.0,20.0
validation,D4,15,north_pacific_gyre,4,samudra,1115.414623260498,89905.85522460938,1604.7667832735617,-965.2475857331176,0.1113843509821872,0.017849413469950497,-0.010736203813663366,101,12775,12775,20.0,20.0
validation,D4,15,north_pacific_gyre,4,seasonal_climatology,2159.17488861084,89905.85522460938,90.73926299030045,150.61330699875847,0.15497081679433902,0.001009269782970297,0.001675233572079208,101,12775,12775,20.0,20.0
validation,D4,15,north_pacific_gyre,6,damped_linear,3841.3460693359375,89905.85522460938,99.56816468787373,16.881415423821636,0.20670345180292493,0.0011074714148386138,0.00018776769746138615,101,12775,12775,30.0,30.0
validation,D4,15,north_pacific_gyre,6,persistence,3000.669511795044,89905.85522460938,119.60062978088375,24.15344239065588,0.1826901340817112,0.00133028743769901,0.000268652607,101,12775,12775,30.0,30.0
validation,D4,15,north_pacific_gyre,6,samudra,1595.3723812103271,89905.85522460938,2140.6548911698796,-1239.3125492321662,0.13321006689097875,0.02380996082871287,-0.013784558815841584,101,12775,12775,30.0,30.0
validation,D4,15,north_pacific_gyre,6,seasonal_climatology,2139.6127376556396,89905.85522460938,120.16772393443658,156.75830230823428,0.15426720072582936,0.001336595081980198,0.0017435827946534655,101,12775,12775,30.0,30.0
validation,D4,15,southern_ocean,1,damped_linear,7713.472328186035,729048.181640625,4.050041522067781,1.9395705940047039,0.10286007753958228,5.555245351485147e-06,2.6604148297029707e-06,101,139797,139797,5.0,5.0
validation,D4,15,southern_ocean,1,persistence,8468.061019897461,729048.181640625,3.9009418970174323,2.2983448998090403,0.10777396823574804,5.35073263366337e-06,3.1525281287128704e-06,101,139797,139797,5.0,5.0
validation,D4,15,southern_ocean,1,samudra,3304.7832431793213,729048.181640625,1082.2774865051204,-1688.4844125663788,0.06732763732665605,0.0014845074903960397,-0.0023160121032970295,101,139797,139797,5.0,5.0
validation,D4,15,southern_ocean,1,seasonal_climatology,32178.952270507812,729048.181640625,-211.26552837893752,-43.63485004650718,0.2100911867294575,-0.00028978266964950494,-5.9851805608118816e-05,101,139797,139797,5.0,5.0
validation,D4,15,southern_ocean,2,damped_linear,23997.80450439453,729048.181640625,11.343809198329334,4.254177408391806,0.1814293898310659,1.55597524059406e-05,5.835248637227722e-06,101,139797,139797,10.0,10.0
validation,D4,15,southern_ocean,2,persistence,22069.481521606445,729048.181640625,11.045612671187493,4.971717104102136,0.17398746066045723,1.5150730705247527e-05,6.819463005742575e-06,101,139797,139797,10.0,10.0
validation,D4,15,southern_ocean,2,samudra,9373.516632080078,729048.181640625,2397.6643291607784,-3561.502882965887,0.11338958390553569,0.0032887597686138614,-0.004885140615742574,101,139797,139797,10.0,10.0
validation,D4,15,southern_ocean,2,seasonal_climatology,32148.590545654297,729048.181640625,-223.17566369895314,-42.160790660789694,0.209992049938285,-0.0003061192241049505,-5.782990990514851e-05,101,139797,139797,10.0,10.0
validation,D4,15,southern_ocean,4,damped_linear,49684.424377441406,729048.181640625,33.32915310148102,5.332302419149441,0.26105500004527793,4.571598138613862e-05,7.314060378217816e-06,101,139797,139797,20.0,20.0
validation,D4,15,southern_ocean,4,persistence,36848.827880859375,729048.181640625,32.73274262179086,6.767386666752822,0.22481936843315914,4.489791408316831e-05,9.282495776237624e-06,101,139797,139797,20.0,20.0
validation,D4,15,southern_ocean,4,samudra,18876.222442626953,729048.181640625,4927.024523498327,-6422.354940610758,0.1609086635371525,0.006758160362475248,-0.008809232506633664,101,139797,139797,20.0,20.0
validation,D4,15,southern_ocean,4,seasonal_climatology,32106.42510986328,729048.181640625,-239.49103692595304,-42.055437279537585,0.209854294108742,-0.000328498229550495,-5.768540178633664e-05,101,139797,139797,20.0,20.0
validation,D4,15,southern_ocean,6,damped_linear,72295.03210449219,729048.181640625,61.36263680555876,2.963686772467847,0.3149025024724467,8.416815013168318e-05,4.065145277227725e-06,101,139797,139797,30.0,30.0
validation,D4,15,southern_ocean,6,persistence,43892.99398803711,729048.181640625,60.468064454284715,5.11629473432358,0.24536888376775084,8.294110866336633e-05,7.017773122772278e-06,101,139797,139797,30.0,30.0
validation,D4,15,southern_ocean,6,samudra,24907.490234375,729048.181640625,7208.103308524492,-9103.24946332019,0.18483613080429045,0.009887005399702971,-0.012486485382673268,101,139797,139797,30.0,30.0
validation,D4,15,southern_ocean,6,seasonal_climatology,32104.740264892578,729048.181640625,-249.6511403763595,-44.688506382432585,0.20984878778735136,-0.00034243435024356437,-6.129705485564357e-05,101,139797,139797,30.0,30.0
validation,D4,16,global_outside_5deg,1,damped_linear,23308.219940185547,3291852.396484375,-42.38830939783398,-19.718529573282378,0.0841461745615657,-1.2876734522818747e-05,-5.990101377067006e-06,101,624498,624500,5.0,5.0
validation,D4,16,global_outside_5deg,1,persistence,26807.716751098633,3291852.396484375,-61.33764371706911,-31.15288953548479,0.09024221285862764,-1.863316951348619e-05,-9.463634994313652e-06,101,624498,624500,5.0,5.0
validation,D4,16,global_outside_5deg,1,samudra,9188.351371765137,3291852.396484375,-2964.725068887209,2107.2636527378177,0.05283219086363886,-0.0009006251531974731,0.000640145243142836,101,624498,624500,5.0,5.0
validation,D4,16,global_outside_5deg,1,seasonal_climatology,118059.32983398438,3291852.396484375,48.68692818909186,-13.286149910131,0.1893781980962683,1.4790131003774171e-05,-4.036070974603938e-06,101,624498,624500,5.0,5.0
validation,D4,16,global_outside_5deg,2,damped_linear,75772.49407958984,3291852.17578125,-77.7321104948594,-28.450913800599825,0.15171748294542903,-2.3613487588157376e-05,-8.642828499383517e-06,101,624498,624500,10.0,10.0
validation,D4,16,global_outside_5deg,2,persistence,74323.9965209961,3291852.17578125,-115.65236110846257,-51.3453876497031,0.1502603392071909,-3.513291452129529e-05,-1.559771973585581e-05,101,624498,624500,10.0,10.0
validation,D4,16,global_outside_5deg,2,samudra,29880.507934570312,3291852.17578125,-6864.701211286185,4794.03897420809,0.09527387418965819,-0.0020853613238744524,0.0014563348286046071,101,624498,624500,10.0,10.0
validation,D4,16,global_outside_5deg,2,seasonal_climatology,118061.29052734375,3291852.17578125,53.3688523798194,-11.823880937821695,0.18937977700593914,1.6212408556029238e-05,-3.5918626677139756e-06,101,624498,624500,10.0,10.0
validation,D4,16,global_outside_5deg,4,damped_linear,173624.68139648438,3291851.955078125,-219.07443716085012,-17.515050908587916,0.22966011777705767,-6.65505132522434e-05,-5.320728619514189e-06,101,624498,624500,20.0,20.0
validation,D4,16,global_outside_5deg,4,persistence,138396.12060546875,3291851.955078125,-294.9055416691649,-63.3450187115002,0.20504151901050696,-8.958651412443788e-05,-1.9242973127567896e-05,101,624498,624500,20.0,20.0
validation,D4,16,global_outside_5deg,4,samudra,67113.68963623047,3291851.955078125,-12188.445730530866,10428.958032601817,0.14278592847294952,-0.0037026105356070304,0.003168112714338123,101,624498,624500,20.0,20.0
validation,D4,16,global_outside_5deg,4,seasonal_climatology,118092.82580566406,3291851.955078125,13.767332437254678,-1.3598777590770013,0.18940507422412745,4.18224532121401e-06,-4.131041667834444e-07,101,624498,624500,20.0,20.0
validation,D4,16,global_outside_5deg,6,damped_linear,256358.62182617188,3291851.955078125,-374.64985825096977,8.61254348292578,0.27906400092010747,-0.0001138112720023821,2.6163216330672987e-06,101,624498,624500,30.0,30.0
validation,D4,16,global_outside_5deg,6,persistence,169591.798828125,3291851.955078125,-488.27496878706677,-60.083382915558495,0.22697722164259318,-0.00014832834995323434,-1.825215220352537e-05,101,624498,624500,30.0,30.0
validation,D4,16,global_outside_5deg,6,samudra,92726.8861694336,3291851.955078125,-16719.31369000179,17481.489524650537,0.1678350608529233,-0.005078999274013522,0.005310533329933925,101,624498,624500,30.0,30.0
validation,D4,16,global_outside_5deg,6,seasonal_climatology,118200.52233886719,3291851.955078125,-18.49519093598833,3.3841302695268904,0.18949141994927138,-5.618475918231075e-06,1.028032340368896e-06,101,624498,624500,30.0,30.0
validation,D4,16,gulf_stream,1,damped_linear,2828.736198425293,136393.5340576172,2.5005051599312615,-1.3047807437117092,0.14401221587348187,1.8333018329702965e-05,-9.56629471277228e-06,101,21273,21273,5.0,5.0
validation,D4,16,gulf_stream,1,persistence,3072.414545059204,136393.5340576172,2.8892000143927534,-2.311430176615482,0.15008697863213236,2.118282244356436e-05,-1.6946772386138602e-05,101,21273,21273,5.0,5.0
validation,D4,16,gulf_stream,1,samudra,1148.466012954712,136393.5340576172,-165.44545467222468,112.1560395870668,0.09176185460137692,-0.0012130007174851484,0.0008222973351485148,101,21273,21273,5.0,5.0
validation,D4,16,gulf_stream,1,seasonal_climatology,10825.894264221191,136393.5340576172,-91.97005442971056,40.22459435735748,0.2817312351730781,-0.0006742992258772277,0.0002949156984257426,101,21273,21273,5.0,5.0
validation,D4,16,gulf_stream,2,damped_linear,8617.659622192383,136393.5340576172,6.29053933388407,-1.1891107297961052,0.25136093144118443,4.6120509871287124e-05,-8.718233881188129e-06,101,21273,21273,10.0,10.0
validation,D4,16,gulf_stream,2,persistence,7888.272773742676,136393.5340576172,7.067928655233347,-3.2024082343421645,0.24048836445962604,5.182011525742575e-05,-2.347917924752474e-05,101,21273,21273,10.0,10.0
validation,D4,16,gulf_stream,2,samudra,3254.203996658325,136393.5340576172,-371.6674589541605,265.77230659272453,0.15446336645702655,-0.002724963917990099,0.0019485696915841585,101,21273,21273,10.0,10.0
validation,D4,16,gulf_stream,2,seasonal_climatology,10830.488822937012,136393.5340576172,-90.01319924611184,36.925775265019276,0.28179101283943353,-0.0006599521001346534,0.0002707296611980198,101,21273,21273,10.0,10.0
validation,D4,16,gulf_stream,4,damped_linear,17735.895126342773,136393.5340576172,15.775456274996547,4.072355539427937,0.36060327348169624,0.00011566132063366337,2.985739439603961e-05,101,21273,21273,20.0,20.0
validation,D4,16,gulf_stream,4,persistence,13225.385307312012,136393.5340576172,17.330242072278693,0.045767169054759194,0.31139187431557996,0.00012706058386138613,3.3555233663368246e-07,101,21273,21273,20.0,20.0
validation,D4,16,gulf_stream,4,samudra,6717.258403778076,136393.5340576172,-625.7430320166496,519.554895171942,0.22192137596122163,-0.004587776365940594,0.003809234057623763,101,21273,21273,20.0,20.0
validation,D4,16,gulf_stream,4,seasonal_climatology,10824.214958190918,136393.5340576172,-84.41181254676114,36.0632939799361,0.281709383338058,-0.0006188842684514852,0.00026440618486138614,101,21273,21273,20.0,20.0
validation,D4,16,gulf_stream,6,damped_linear,26212.689651489258,136393.5340576172,25.409862253126338,7.828140849040899,0.4383882462232819,0.00018629814403366338,5.739378265346531e-05,101,21273,21273,30.0,30.0
validation,D4,16,gulf_stream,6,persistence,16120.06916809082,136393.5340576172,27.742050704563322,1.7882443513610888,0.343784711544396,0.0002033971104,1.3110917344554433e-05,101,21273,21273,30.0,30.0
validation,D4,16,gulf_stream,6,samudra,8851.849048614502,136393.5340576172,-794.3560512773294,845.3160163785637,0.25475347009896865,-0.005824000798613861,0.006197625292277228,101,21273,21273,30.0,30.0
validation,D4,16,gulf_stream,6,seasonal_climatology,10801.966682434082,136393.5340576172,-78.87811609071711,34.4001652158701,0.2814197192844355,-0.0005783127230752476,0.0002522125807029703,101,21273,21273,30.0,30.0
validation,D4,16,kuroshio,1,damped_linear,2265.2826957702637,144167.02026367188,6.759786750801456,3.15385459724883,0.12535112690158273,4.688857922178218e-05,2.187639441725743e-05,101,21916,21916,5.0,5.0
validation,D4,16,kuroshio,1,persistence,2579.627290725708,144167.02026367188,8.515103713915284,3.700370326376877,0.13376593214902457,5.906415835148515e-05,2.5667245668316832e-05,101,21916,21916,5.0,5.0
validation,D4,16,kuroshio,1,samudra,846.1069164276123,144167.02026367188,-196.12387634897777,47.59828202049577,0.07660897672342562,-0.0013603934935346536,0.00033016068400000006,101,21916,21916,5.0,5.0
validation,D4,16,kuroshio,1,seasonal_climatology,14252.209091186523,144167.02026367188,75.72944136669885,8.963358019630428,0.3144185289396885,0.0005252896343990099,6.217342914653465e-05,101,21916,21916,5.0,5.0
validation,D4,16,kuroshio,2,damped_linear,7260.69979095459,144167.02026367188,14.63838817100051,4.576180961211411,0.22441727210442336,0.000101537703590099,3.174221783069305e-05,101,21916,21916,10.0,10.0
validation,D4,16,kuroshio,2,persistence,7052.369152069092,144167.02026367188,18.1490290632073,5.669211298085037,0.22117424702642008,0.00012588891016831682,3.932391255445543e-05,101,21916,21916,10.0,10.0
validation,D4,16,kuroshio,2,samudra,2569.0466804504395,144167.02026367188,-432.17868393110894,100.22903295203136,0.1334913228166679,-0.0029977638654158415,0.0006952285811881188,101,21916,21916,10.0,10.0
validation,D4,16,kuroshio,2,seasonal_climatology,14251.726150512695,144167.02026367188,77.45285289484815,8.028871390990778,0.3144132018082378,0.0005372439046960396,5.569145686930691e-05,101,21916,21916,10.0,10.0
validation,D4,16,kuroshio,4,damped_linear,16261.953788757324,144167.02026367188,28.385679118754087,4.988475860205355,0.33585622340064725,0.0001968944011386139,3.460205982673267e-05,101,21916,21916,20.0,20.0
validation,D4,16,kuroshio,4,persistence,13027.807411193848,144167.02026367188,35.40695308274914,7.17453500635315,0.30060950174801143,0.00024559676004950494,4.976543867821783e-05,101,21916,21916,20.0,20.0
validation,D4,16,kuroshio,4,samudra,5648.139945983887,144167.02026367188,-765.5934028235605,142.76422796678668,0.1979337092189861,-0.005310461445504951,0.0009902696726732676,101,21916,21916,20.0,20.0
validation,D4,16,kuroshio,4,seasonal_climatology,14242.020416259766,144167.02026367188,78.38518087215368,2.633230143046675,0.3143061224734114,0.0005437109037059406,1.8265135384158405e-05,101,21916,21916,20.0,20.0
validation,D4,16,kuroshio,6,damped_linear,24306.57066345215,144167.02026367188,47.135949825663644,13.029675059741836,0.4106093966610863,0.0003269537633465347,9.03790272970297e-05,101,21916,21916,30.0,30.0
validation,D4,16,kuroshio,6,persistence,16415.450653076172,144167.02026367188,57.66786597737031,16.308760170077612,0.3374375769227926,0.0004000073378217822,0.00011312407054158417,101,21916,21916,30.0,30.0
validation,D4,16,kuroshio,6,samudra,8201.487968444824,144167.02026367188,-1000.1256382403783,301.83194550769485,0.23851371942563102,-0.006937270649079208,0.002093626856930693,101,21916,21916,30.0,30.0
validation,D4,16,kuroshio,6,seasonal_climatology,14217.09896850586,144167.02026367188,83.81592804564069,3.7721830042017053,0.3140310072504044,0.0005813807339039604,2.616536706732673e-05,101,21916,21916,30.0,30.0
validation,D4,16,north_pacific_gyre,1,damped_linear,258.4911754131317,89905.85522460938,10.924156174408942,3.1264586015971614,0.05362025467658208,0.00012150661541584158,3.4774805198019794e-05,101,12775,12775,5.0,5.0
validation,D4,16,north_pacific_gyre,1,persistence,330.4799106121063,89905.85522460938,14.2628992698588,4.338461261340275,0.06062874017168834,0.00015864260713861387,4.825560304722773e-05,101,12775,12775,5.0,5.0
validation,D4,16,north_pacific_gyre,1,samudra,100.36451733112335,89905.85522460938,-26.76096586376546,17.856505289462415,0.033411510637660846,-0.0002976554285247525,0.00019861337445544554,101,12775,12775,5.0,5.0
validation,D4,16,north_pacific_gyre,1,seasonal_climatology,2186.406183242798,89905.85522460938,55.815024020718155,143.5159642720514,0.1559449929747618,0.0006208163403960396,0.0015962916309900988,101,12775,12775,5.0,5.0
validation,D4,16,north_pacific_gyre,2,damped_linear,928.9277086257935,89905.85522460938,24.2150427816159,5.575300413286533,0.10164756289476067,0.0002693377725079208,6.201265089306932e-05,101,12775,12775,10.0,10.0
validation,D4,16,north_pacific_gyre,2,persistence,1026.458164691925,89905.85522460938,30.8925329921975,7.999310283842756,0.10685051961347855,0.0003436098006633663,8.89742972118812e-05,101,12775,12775,10.0,10.0
validation,D4,16,north_pacific_gyre,2,samudra,403.1144540309906,89905.85522460938,-84.65977840028833,33.43395230310763,0.06696073266389747,-0.0009416492194950494,0.0003718773623762378,101,12775,12775,10.0,10.0
validation,D4,16,north_pacific_gyre,2,seasonal_climatology,2177.5168075561523,89905.85522460938,65.16635251451432,145.57305731999327,0.15562765360052327,0.0007248287928712871,0.0016191721546534653,101,12775,12775,10.0,10.0
validation,D4,16,north_pacific_gyre,4,damped_linear,2487.1751079559326,89905.85522460938,59.19824845463385,10.917006714815736,0.1663256360768145,0.0006584470867524753,0.0001214270937920792,101,12775,12775,20.0,20.0
validation,D4,16,north_pacific_gyre,4,persistence,2255.5700454711914,89905.85522460938,72.55322225952725,15.765025153272456,0.15839233855311424,0.0008069910694722773,0.00017535037194059405,101,12775,12775,20.0,20.0
validation,D4,16,north_pacific_gyre,4,samudra,1049.0883626937866,89905.85522460938,-182.89794674142533,181.74385677255123,0.10802195836076643,-0.0020343274226633664,0.002021490772970297,101,12775,12775,20.0,20.0
validation,D4,16,north_pacific_gyre,4,seasonal_climatology,2159.17488861084,89905.85522460938,90.73926299030045,150.61330699875847,0.15497081679433902,0.001009269782970297,0.001675233572079208,101,12775,12775,20.0,20.0
validation,D4,16,north_pacific_gyre,6,damped_linear,3841.3460693359375,89905.85522460938,99.56816468787373,16.881415423821636,0.20670345180292493,0.0011074714148386138,0.00018776769746138615,101,12775,12775,30.0,30.0
validation,D4,16,north_pacific_gyre,6,persistence,3000.669511795044,89905.85522460938,119.60062978088375,24.15344239065588,0.1826901340817112,0.00133028743769901,0.000268652607,101,12775,12775,30.0,30.0
validation,D4,16,north_pacific_gyre,6,samudra,1500.5960636138916,89905.85522460938,-250.75006570209214,529.608874283479,0.12919268169977086,-0.0027890293137821784,0.005890705037623762,101,12775,12775,30.0,30.0
validation,D4,16,north_pacific_gyre,6,seasonal_climatology,2139.6127376556396,89905.85522460938,120.16772393443658,156.75830230823428,0.15426720072582936,0.001336595081980198,0.0017435827946534655,101,12775,12775,30.0,30.0
validation,D4,16,southern_ocean,1,damped_linear,7713.472328186035,729048.181640625,4.050041522067781,1.9395705940047039,0.10286007753958228,5.555245351485147e-06,2.6604148297029707e-06,101,139797,139797,5.0,5.0
validation,D4,16,southern_ocean,1,persistence,8468.061019897461,729048.181640625,3.9009418970174323,2.2983448998090403,0.10777396823574804,5.35073263366337e-06,3.1525281287128704e-06,101,139797,139797,5.0,5.0
validation,D4,16,southern_ocean,1,samudra,2779.6247215270996,729048.181640625,-882.3548903401833,765.8271324715213,0.06174687277118162,-0.0012102833702356435,0.0010504479014653465,101,139797,139797,5.0,5.0
validation,D4,16,southern_ocean,1,seasonal_climatology,32178.952270507812,729048.181640625,-211.26552837893752,-43.63485004650718,0.2100911867294575,-0.00028978266964950494,-5.9851805608118816e-05,101,139797,139797,5.0,5.0
validation,D4,16,southern_ocean,2,damped_linear,23997.80450439453,729048.181640625,11.343809198329334,4.254177408391806,0.1814293898310659,1.55597524059406e-05,5.835248637227722e-06,101,139797,139797,10.0,10.0
validation,D4,16,southern_ocean,2,persistence,22069.481521606445,729048.181640625,11.045612671187493,4.971717104102136,0.17398746066045723,1.5150730705247527e-05,6.819463005742575e-06,101,139797,139797,10.0,10.0
validation,D4,16,southern_ocean,2,samudra,8546.744689941406,729048.181640625,-1974.1946923971389,1778.658194048929,0.10827351846077753,-0.002707907024683168,0.002439699101980198,101,139797,139797,10.0,10.0
validation,D4,16,southern_ocean,2,seasonal_climatology,32148.590545654297,729048.181640625,-223.17566369895314,-42.160790660789694,0.209992049938285,-0.0003061192241049505,-5.782990990514851e-05,101,139797,139797,10.0,10.0
validation,D4,16,southern_ocean,4,damped_linear,49684.424377441406,729048.181640625,33.32915310148102,5.332302419149441,0.26105500004527793,4.571598138613862e-05,7.314060378217816e-06,101,139797,139797,20.0,20.0
validation,D4,16,southern_ocean,4,persistence,36848.827880859375,729048.181640625,32.73274262179086,6.767386666752822,0.22481936843315914,4.489791408316831e-05,9.282495776237624e-06,101,139797,139797,20.0,20.0
validation,D4,16,southern_ocean,4,samudra,18662.902923583984,729048.181640625,-3335.2363267789324,3441.940616193692,0.15999686863303814,-0.004574781764455445,0.004721142858415842,101,139797,139797,20.0,20.0
validation,D4,16,southern_ocean,4,seasonal_climatology,32106.42510986328,729048.181640625,-239.49103692595304,-42.055437279537585,0.209854294108742,-0.000328498229550495,-5.768540178633664e-05,101,139797,139797,20.0,20.0
validation,D4,16,southern_ocean,6,damped_linear,72295.03210449219,729048.181640625,61.36263680555876,2.963686772467847,0.3149025024724467,8.416815013168318e-05,4.065145277227725e-06,101,139797,139797,30.0,30.0
validation,D4,16,southern_ocean,6,persistence,43892.99398803711,729048.181640625,60.468064454284715,5.11629473432358,0.24536888376775084,8.294110866336633e-05,7.017773122772278e-06,101,139797,139797,30.0,30.0
validation,D4,16,southern_ocean,6,samudra,25223.14500427246,729048.181640625,-4296.022830491019,4838.939889513803,0.18600366548939992,-0.005892645971386138,0.006637338946,101,139797,139797,30.0,30.0
validation,D4,16,southern_ocean,6,seasonal_climatology,32104.740264892578,729048.181640625,-249.6511403763595,-44.688506382432585,0.20984878778735136,-0.00034243435024356437,-6.129705485564357e-05,101,139797,139797,30.0,30.0
validation,D4,17,global_outside_5deg,1,damped_linear,23308.219940185547,3291852.396484375,-42.38830939783398,-19.718529573282378,0.0841461745615657,-1.2876734522818747e-05,-5.990101377067006e-06,101,624498,624500,5.0,5.0
validation,D4,17,global_outside_5deg,1,persistence,26807.716751098633,3291852.396484375,-61.33764371706911,-31.15288953548479,0.09024221285862764,-1.863316951348619e-05,-9.463634994313652e-06,101,624498,624500,5.0,5.0
validation,D4,17,global_outside_5deg,1,samudra,10996.628059387207,3291852.396484375,10354.29837969033,6214.761819049513,0.057797571543540344,0.003145432155690969,0.0018879223824515158,101,624498,624500,5.0,5.0
validation,D4,17,global_outside_5deg,1,seasonal_climatology,118059.32983398438,3291852.396484375,48.68692818909186,-13.286149910131,0.1893781980962683,1.4790131003774171e-05,-4.036070974603938e-06,101,624498,624500,5.0,5.0
validation,D4,17,global_outside_5deg,2,damped_linear,75772.49407958984,3291852.17578125,-77.7321104948594,-28.450913800599825,0.15171748294542903,-2.3613487588157376e-05,-8.642828499383517e-06,101,624498,624500,10.0,10.0
validation,D4,17,global_outside_5deg,2,persistence,74323.9965209961,3291852.17578125,-115.65236110846257,-51.3453876497031,0.1502603392071909,-3.513291452129529e-05,-1.559771973585581e-05,101,624498,624500,10.0,10.0
validation,D4,17,global_outside_5deg,2,samudra,33854.43817138672,3291852.17578125,22383.121306374363,13614.2590260435,0.10141160196915339,0.0067995523830173855,0.004135744346664793,101,624498,624500,10.0,10.0
validation,D4,17,global_outside_5deg,2,seasonal_climatology,118061.29052734375,3291852.17578125,53.3688523798194,-11.823880937821695,0.18937977700593914,1.6212408556029238e-05,-3.5918626677139756e-06,101,624498,624500,10.0,10.0
validation,D4,17,global_outside_5deg,4,damped_linear,173624.68139648438,3291851.955078125,-219.07443716085012,-17.515050908587916,0.22966011777705767,-6.65505132522434e-05,-5.320728619514189e-06,101,624498,624500,20.0,20.0
validation,D4,17,global_outside_5deg,4,persistence,138396.12060546875,3291851.955078125,-294.9055416691649,-63.3450187115002,0.20504151901050696,-8.958651412443788e-05,-1.9242973127567896e-05,101,624498,624500,20.0,20.0
validation,D4,17,global_outside_5deg,4,samudra,70394.37176513672,3291851.955078125,39810.462313621894,24001.638267248596,0.146234155367245,0.012093636912258126,0.007291226517712268,101,624498,624500,20.0,20.0
validation,D4,17,global_outside_5deg,4,seasonal_climatology,118092.82580566406,3291851.955078125,13.767332437254678,-1.3598777590770013,0.18940507422412745,4.18224532121401e-06,-4.131041667834444e-07,101,624498,624500,20.0,20.0
validation,D4,17,global_outside_5deg,6,damped_linear,256358.62182617188,3291851.955078125,-374.64985825096977,8.61254348292578,0.27906400092010747,-0.0001138112720023821,2.6163216330672987e-06,101,624498,624500,30.0,30.0
validation,D4,17,global_outside_5deg,6,persistence,169591.798828125,3291851.955078125,-488.27496878706677,-60.083382915558495,0.22697722164259318,-0.00014832834995323434,-1.825215220352537e-05,101,624498,624500,30.0,30.0
validation,D4,17,global_outside_5deg,6,samudra,95602.42071533203,3291851.955078125,54406.718988989785,31579.591433266003,0.1704175419243159,0.016527693143994552,0.009593259923050376,101,624498,624500,30.0,30.0
validation,D4,17,global_outside_5deg,6,seasonal_climatology,118200.52233886719,3291851.955078125,-18.49519093598833,3.3841302695268904,0.18949141994927138,-5.618475918231075e-06,1.028032340368896e-06,101,624498,624500,30.0,30.0
validation,D4,17,gulf_stream,1,damped_linear,2828.736198425293,136393.5340576172,2.5005051599312615,-1.3047807437117092,0.14401221587348187,1.8333018329702965e-05,-9.56629471277228e-06,101,21273,21273,5.0,5.0
validation,D4,17,gulf_stream,1,persistence,3072.414545059204,136393.5340576172,2.8892000143927534,-2.311430176615482,0.15008697863213236,2.118282244356436e-05,-1.6946772386138602e-05,101,21273,21273,5.0,5.0
validation,D4,17,gulf_stream,1,samudra,1424.8300161361694,136393.5340576172,381.78266093871184,221.88362246886697,0.10220794033336239,0.00279912580590099,0.0016267898914851485,101,21273,21273,5.0,5.0
validation,D4,17,gulf_stream,1,seasonal_climatology,10825.894264221191,136393.5340576172,-91.97005442971056,40.22459435735748,0.2817312351730781,-0.0006742992258772277,0.0002949156984257426,101,21273,21273,5.0,5.0
validation,D4,17,gulf_stream,2,damped_linear,8617.659622192383,136393.5340576172,6.29053933388407,-1.1891107297961052,0.25136093144118443,4.6120509871287124e-05,-8.718233881188129e-06,101,21273,21273,10.0,10.0
validation,D4,17,gulf_stream,2,persistence,7888.272773742676,136393.5340576172,7.067928655233347,-3.2024082343421645,0.24048836445962604,5.182011525742575e-05,-2.347917924752474e-05,101,21273,21273,10.0,10.0
validation,D4,17,gulf_stream,2,samudra,3765.9458770751953,136393.5340576172,803.8828192104321,470.01406796632295,0.1661652272666643,0.005893848449376238,0.0034460142939603962,101,21273,21273,10.0,10.0
validation,D4,17,gulf_stream,2,seasonal_climatology,10830.488822937012,136393.5340576172,-90.01319924611184,36.925775265019276,0.28179101283943353,-0.0006599521001346534,0.0002707296611980198,101,21273,21273,10.0,10.0
validation,D4,17,gulf_stream,4,damped_linear,17735.895126342773,136393.5340576172,15.775456274996547,4.072355539427937,0.36060327348169624,0.00011566132063366337,2.985739439603961e-05,101,21273,21273,20.0,20.0
validation,D4,17,gulf_stream,4,persistence,13225.385307312012,136393.5340576172,17.330242072278693,0.045767169054759194,0.31139187431557996,0.00012706058386138613,3.3555233663368246e-07,101,21273,21273,20.0,20.0
validation,D4,17,gulf_stream,4,samudra,7089.027183532715,136393.5340576172,1410.2720466661317,848.9435177031231,0.2279798321844378,0.010339728026039604,0.006224221137524752,101,21273,21273,20.0,20.0
validation,D4,17,gulf_stream,4,seasonal_climatology,10824.214958190918,136393.5340576172,-84.41181254676114,36.0632939799361,0.281709383338058,-0.0006188842684514852,0.00026440618486138614,101,21273,21273,20.0,20.0
validation,D4,17,gulf_stream,6,damped_linear,26212.689651489258,136393.5340576172,25.409862253126338,7.828140849040899,0.4383882462232819,0.00018629814403366338,5.739378265346531e-05,101,21273,21273,30.0,30.0
validation,D4,17,gulf_stream,6,persistence,16120.06916809082,136393.5340576172,27.742050704563322,1.7882443513610888,0.343784711544396,0.0002033971104,1.3110917344554433e-05,101,21273,21273,30.0,30.0
validation,D4,17,gulf_stream,6,samudra,9129.180381774902,136393.5340576172,1971.4525122237958,1140.3671846643483,0.25871344733698365,0.014454149354257427,0.008360859571118812,101,21273,21273,30.0,30.0
validation,D4,17,gulf_stream,6,seasonal_climatology,10801.966682434082,136393.5340576172,-78.87811609071711,34.4001652158701,0.2814197192844355,-0.0005783127230752476,0.0002522125807029703,101,21273,21273,30.0,30.0
validation,D4,17,kuroshio,1,damped_linear,2265.2826957702637,144167.02026367188,6.759786750801456,3.15385459724883,0.12535112690158273,4.688857922178218e-05,2.187639441725743e-05,101,21916,21916,5.0,5.0
validation,D4,17,kuroshio,1,persistence,2579.627290725708,144167.02026367188,8.515103713915284,3.700370326376877,0.13376593214902457,5.906415835148515e-05,2.5667245668316832e-05,101,21916,21916,5.0,5.0
validation,D4,17,kuroshio,1,samudra,1085.0391111373901,144167.02026367188,384.32508678102977,148.4731625289177,0.08675404539375414,0.002665832213762376,0.0010298691216435645,101,21916,21916,5.0,5.0
validation,D4,17,kuroshio,1,seasonal_climatology,14252.209091186523,144167.02026367188,75.72944136669885,8.963358019630428,0.3144185289396885,0.0005252896343990099,6.217342914653465e-05,101,21916,21916,5.0,5.0
validation,D4,17,kuroshio,2,damped_linear,7260.69979095459,144167.02026367188,14.63838817100051,4.576180961211411,0.22441727210442336,0.000101537703590099,3.174221783069305e-05,101,21916,21916,10.0,10.0
validation,D4,17,kuroshio,2,persistence,7052.369152069092,144167.02026367188,18.1490290632073,5.669211298085037,0.22117424702642008,0.00012588891016831682,3.932391255445543e-05,101,21916,21916,10.0,10.0
validation,D4,17,kuroshio,2,samudra,3135.3138904571533,144167.02026367188,827.563257611468,303.5391926584092,0.14747131474974254,0.005740309094950495,0.0021054690046534656,101,21916,21916,10.0,10.0
validation,D4,17,kuroshio,2,seasonal_climatology,14251.726150512695,144167.02026367188,77.45285289484815,8.028871390990778,0.3144132018082378,0.0005372439046960396,5.569145686930691e-05,101,21916,21916,10.0,10.0
validation,D4,17,kuroshio,4,damped_linear,16261.953788757324,144167.02026367188,28.385679118754087,4.988475860205355,0.33585622340064725,0.0001968944011386139,3.460205982673267e-05,101,21916,21916,20.0,20.0
validation,D4,17,kuroshio,4,persistence,13027.807411193848,144167.02026367188,35.40695308274914,7.17453500635315,0.30060950174801143,0.00024559676004950494,4.976543867821783e-05,101,21916,21916,20.0,20.0
validation,D4,17,kuroshio,4,samudra,6214.2785987854,144167.02026367188,1486.5693007856166,506.9526628725899,0.20761675493025175,0.010311438067227723,0.003516426031039604,101,21916,21916,20.0,20.0
validation,D4,17,kuroshio,4,seasonal_climatology,14242.020416259766,144167.02026367188,78.38518087215368,2.633230143046675,0.3143061224734114,0.0005437109037059406,1.8265135384158405e-05,101,21916,21916,20.0,20.0
validation,D4,17,kuroshio,6,damped_linear,24306.57066345215,144167.02026367188,47.135949825663644,13.029675059741836,0.4106093966610863,0.0003269537633465347,9.03790272970297e-05,101,21916,21916,30.0,30.0
validation,D4,17,kuroshio,6,persistence,16415.450653076172,144167.02026367188,57.66786597737031,16.308760170077612,0.3374375769227926,0.0004000073378217822,0.00011312407054158417,101,21916,21916,30.0,30.0
validation,D4,17,kuroshio,6,samudra,8494.74594116211,144167.02026367188,2079.4686934249366,695.6305506689652,0.24274049664902306,0.014424024923465346,0.004825171175742575,101,21916,21916,30.0,30.0
validation,D4,17,kuroshio,6,seasonal_climatology,14217.09896850586,144167.02026367188,83.81592804564069,3.7721830042017053,0.3140310072504044,0.0005813807339039604,2.616536706732673e-05,101,21916,21916,30.0,30.0
validation,D4,17,north_pacific_gyre,1,damped_linear,258.4911754131317,89905.85522460938,10.924156174408942,3.1264586015971614,0.05362025467658208,0.00012150661541584158,3.4774805198019794e-05,101,12775,12775,5.0,5.0
validation,D4,17,north_pacific_gyre,1,persistence,330.4799106121063,89905.85522460938,14.2628992698588,4.338461261340275,0.06062874017168834,0.00015864260713861387,4.825560304722773e-05,101,12775,12775,5.0,5.0
validation,D4,17,north_pacific_gyre,1,samudra,113.39959400892258,89905.85522460938,369.3184641589831,172.83543842767094,0.0355149953018377,0.004107835504554455,0.0019224046976237623,101,12775,12775,5.0,5.0
validation,D4,17,north_pacific_gyre,1,seasonal_climatology,2186.406183242798,89905.85522460938,55.815024020718155,143.5159642720514,0.1559449929747618,0.0006208163403960396,0.0015962916309900988,101,12775,12775,5.0,5.0
validation,D4,17,north_pacific_gyre,2,damped_linear,928.9277086257935,89905.85522460938,24.2150427816159,5.575300413286533,0.10164756289476067,0.0002693377725079208,6.201265089306932e-05,101,12775,12775,10.0,10.0
validation,D4,17,north_pacific_gyre,2,persistence,1026.458164691925,89905.85522460938,30.8925329921975,7.999310283842756,0.10685051961347855,0.0003436098006633663,8.89742972118812e-05,101,12775,12775,10.0,10.0
validation,D4,17,north_pacific_gyre,2,samudra,464.18176555633545,89905.85522460938,824.0538300520985,388.27146740974956,0.07185385111187183,0.009165741519207921,0.004318644947425742,101,12775,12775,10.0,10.0
validation,D4,17,north_pacific_gyre,2,seasonal_climatology,2177.5168075561523,89905.85522460938,65.16635251451432,145.57305731999327,0.15562765360052327,0.0007248287928712871,0.0016191721546534653,101,12775,12775,10.0,10.0
validation,D4,17,north_pacific_gyre,4,damped_linear,2487.1751079559326,89905.85522460938,59.19824845463385,10.917006714815736,0.1663256360768145,0.0006584470867524753,0.0001214270937920792,101,12775,12775,20.0,20.0
validation,D4,17,north_pacific_gyre,4,persistence,2255.5700454711914,89905.85522460938,72.55322225952725,15.765025153272456,0.15839233855311424,0.0008069910694722773,0.00017535037194059405,101,12775,12775,20.0,20.0
validation,D4,17,north_pacific_gyre,4,samudra,1171.106647491455,89905.85522460938,1460.4670395750072,751.3625901779259,0.114131160901342,0.01624440405940594,0.008357215314851485,101,12775,12775,20.0,20.0
validation,D4,17,north_pacific_gyre,4,seasonal_climatology,2159.17488861084,89905.85522460938,90.73926299030045,150.61330699875847,0.15497081679433902,0.001009269782970297,0.001675233572079208,101,12775,12775,20.0,20.0
validation,D4,17,north_pacific_gyre,6,damped_linear,3841.3460693359375,89905.85522460938,99.56816468787373,16.881415423821636,0.20670345180292493,0.0011074714148386138,0.00018776769746138615,101,12775,12775,30.0,30.0
validation,D4,17,north_pacific_gyre,6,persistence,3000.669511795044,89905.85522460938,119.60062978088375,24.15344239065588,0.1826901340817112,0.00133028743769901,0.000268652607,101,12775,12775,30.0,30.0
validation,D4,17,north_pacific_gyre,6,samudra,1702.1270151138306,89905.85522460938,1931.0485485299935,1046.0031420630319,0.13759479135611663,0.02147856269990099,0.011634427362376238,101,12775,12775,30.0,30.0
validation,D4,17,north_pacific_gyre,6,seasonal_climatology,2139.6127376556396,89905.85522460938,120.16772393443658,156.75830230823428,0.15426720072582936,0.001336595081980198,0.0017435827946534655,101,12775,12775,30.0,30.0
validation,D4,17,southern_ocean,1,damped_linear,7713.472328186035,729048.181640625,4.050041522067781,1.9395705940047039,0.10286007753958228,5.555245351485147e-06,2.6604148297029707e-06,101,139797,139797,5.0,5.0
validation,D4,17,southern_ocean,1,persistence,8468.061019897461,729048.181640625,3.9009418970174323,2.2983448998090403,0.10777396823574804,5.35073263366337e-06,3.1525281287128704e-06,101,139797,139797,5.0,5.0
validation,D4,17,southern_ocean,1,samudra,3318.634418487549,729048.181640625,2371.312332023543,1336.1579628106936,0.06746858330194566,0.0032526140133663363,0.0018327430154257427,101,139797,139797,5.0,5.0
validation,D4,17,southern_ocean,1,seasonal_climatology,32178.952270507812,729048.181640625,-211.26552837893752,-43.63485004650718,0.2100911867294575,-0.00028978266964950494,-5.9851805608118816e-05,101,139797,139797,5.0,5.0
validation,D4,17,southern_ocean,2,damped_linear,23997.80450439453,729048.181640625,11.343809198329334,4.254177408391806,0.1814293898310659,1.55597524059406e-05,5.835248637227722e-06,101,139797,139797,10.0,10.0
validation,D4,17,southern_ocean,2,persistence,22069.481521606445,729048.181640625,11.045612671187493,4.971717104102136,0.17398746066045723,1.5150730705247527e-05,6.819463005742575e-06,101,139797,139797,10.0,10.0
validation,D4,17,southern_ocean,2,samudra,9467.944900512695,729048.181640625,5048.161366661783,2892.1772979531042,0.11395929277673762,0.0069243178898019805,0.0039670592023762375,101,139797,139797,10.0,10.0
validation,D4,17,southern_ocean,2,seasonal_climatology,32148.590545654297,729048.181640625,-223.17566369895314,-42.160790660789694,0.209992049938285,-0.0003061192241049505,-5.782990990514851e-05,101,139797,139797,10.0,10.0
validation,D4,17,southern_ocean,4,damped_linear,49684.424377441406,729048.181640625,33.32915310148102,5.332302419149441,0.26105500004527793,4.571598138613862e-05,7.314060378217816e-06,101,139797,139797,20.0,20.0
validation,D4,17,southern_ocean,4,persistence,36848.827880859375,729048.181640625,32.73274262179086,6.767386666752822,0.22481936843315914,4.489791408316831e-05,9.282495776237624e-06,101,139797,139797,20.0,20.0
validation,D4,17,southern_ocean,4,samudra,19296.2060546875,729048.181640625,9114.90263095544,5047.523047732335,0.16268887218978081,0.012502469467029704,0.006923442338712871,101,139797,139797,20.0,20.0
validation,D4,17,southern_ocean,4,seasonal_climatology,32106.42510986328,729048.181640625,-239.49103692595304,-42.055437279537585,0.209854294108742,-0.000328498229550495,-5.768540178633664e-05,101,139797,139797,20.0,20.0
validation,D4,17,southern_ocean,6,damped_linear,72295.03210449219,729048.181640625,61.36263680555876,2.963686772467847,0.3149025024724467,8.416815013168318e-05,4.065145277227725e-06,101,139797,139797,30.0,30.0
validation,D4,17,southern_ocean,6,persistence,43892.99398803711,729048.181640625,60.468064454284715,5.11629473432358,0.24536888376775084,8.294110866336633e-05,7.017773122772278e-06,101,139797,139797,30.0,30.0
validation,D4,17,southern_ocean,6,samudra,25809.09324645996,729048.181640625,12604.872791431548,6588.276016056622,0.18815174815865274,0.017289492119801977,0.009036818391386139,101,139797,139797,30.0,30.0
validation,D4,17,southern_ocean,6,seasonal_climatology,32104.740264892578,729048.181640625,-249.6511403763595,-44.688506382432585,0.20984878778735136,-0.00034243435024356437,-6.129705485564357e-05,101,139797,139797,30.0,30.0
