2026/09/21 20:48:06.649, 0, 0, 0
2026/09/21 20:48:06.655, 1, 0, 0
2026/09/21 20:48:21.660, 0, 0, 3
2026/09/21 20:48:21.661, 1, 0, 3
2026/09/21 20:48:36.662, 0, 0, 1303
2026/09/21 20:48:36.664, 1, 0, 1303
2026/09/21 20:48:51.665, 0, 0, 61333
2026/09/21 20:48:51.665, 1, 0, 61333
2026/09/21 20:49:06.666, 0, 0, 61333
2026/09/21 20:49:06.668, 1, 0, 61333
2026/09/21 20:49:21.670, 0, 0, 61333
2026/09/21 20:49:21.670, 1, 0, 61333
2026/09/21 20:49:36.671, 0, 0, 61333
2026/09/21 20:49:36.671, 1, 0, 61333
2026/09/21 20:49:51.673, 0, 0, 61333
2026/09/21 20:49:51.674, 1, 0, 61333
2026/09/21 20:50:06.675, 0, 0, 61333
2026/09/21 20:50:06.675, 1, 0, 61333
2026/09/21 20:50:21.676, 0, 0, 61333
2026/09/21 20:50:21.676, 1, 0, 61333
2026/09/21 20:50:36.678, 0, 0, 61333
2026/09/21 20:50:36.678, 1, 0, 61333
2026/09/21 20:50:51.678, 0, 0, 61333
2026/09/21 20:50:51.678, 1, 0, 61333
2026/09/21 20:51:06.679, 0, 0, 61333
2026/09/21 20:51:06.680, 1, 0, 61333
2026/09/21 20:51:21.680, 0, 0, 61333
2026/09/21 20:51:21.680, 1, 20, 61333
2026/09/21 20:51:36.682, 0, 37, 61333
2026/09/21 20:51:36.682, 1, 2, 61333
2026/09/21 20:51:51.682, 0, 0, 61449
2026/09/21 20:51:51.682, 1, 0, 61449
2026/09/21 20:52:06.683, 0, 97, 90351
2026/09/21 20:52:06.683, 1, 97, 90351
2026/09/21 20:52:21.684, 0, 97, 90351
2026/09/21 20:52:21.684, 1, 96, 90351
2026/09/21 20:52:36.685, 0, 97, 90351
2026/09/21 20:52:36.685, 1, 98, 90351
2026/09/21 20:52:51.686, 0, 96, 90351
2026/09/21 20:52:51.686, 1, 96, 90351
2026/09/21 20:53:06.687, 0, 98, 90351
2026/09/21 20:53:06.688, 1, 96, 90351
2026/09/21 20:53:21.689, 0, 97, 90351
2026/09/21 20:53:21.689, 1, 96, 90351
2026/09/21 20:53:36.690, 0, 97, 90351
2026/09/21 20:53:36.690, 1, 97, 90351
2026/09/21 20:53:51.691, 0, 97, 90351
2026/09/21 20:53:51.691, 1, 96, 90351
2026/09/21 20:54:06.692, 0, 97, 90351
2026/09/21 20:54:06.692, 1, 96, 90351
2026/09/21 20:54:21.693, 0, 95, 90351
2026/09/21 20:54:21.693, 1, 97, 90351
2026/09/21 20:54:36.694, 0, 96, 90351
2026/09/21 20:54:36.694, 1, 97, 90351
2026/09/21 20:54:51.695, 0, 97, 90351
2026/09/21 20:54:51.695, 1, 96, 90351
2026/09/21 20:55:06.696, 0, 0, 90351
2026/09/21 20:55:06.696, 1, 100, 90351
2026/09/21 20:55:21.697, 0, 96, 90351
2026/09/21 20:55:21.698, 1, 97, 90351
2026/09/21 20:55:36.699, 0, 96, 90351
2026/09/21 20:55:36.699, 1, 98, 90351
2026/09/21 20:55:51.699, 0, 97, 90351
2026/09/21 20:55:51.700, 1, 97, 90351
2026/09/21 20:56:06.701, 0, 96, 90351
2026/09/21 20:56:06.701, 1, 96, 90351
2026/09/21 20:56:21.702, 0, 96, 90351
2026/09/21 20:56:21.703, 1, 95, 90351
2026/09/21 20:56:36.704, 0, 96, 90351
2026/09/21 20:56:36.704, 1, 96, 90351
2026/09/21 20:56:51.705, 0, 98, 90351
2026/09/21 20:56:51.705, 1, 96, 90351
2026/09/21 20:57:06.707, 0, 97, 90351
2026/09/21 20:57:06.707, 1, 95, 90351
2026/09/21 20:57:21.708, 0, 97, 90351
2026/09/21 20:57:21.708, 1, 97, 90351
2026/09/21 20:57:36.709, 0, 95, 90351
2026/09/21 20:57:36.709, 1, 96, 90351
2026/09/21 20:57:51.710, 0, 97, 90351
2026/09/21 20:57:51.710, 1, 98, 90351
2026/09/21 20:58:06.711, 0, 96, 90351
2026/09/21 20:58:06.711, 1, 95, 90351
2026/09/21 20:58:21.712, 0, 98, 90351
2026/09/21 20:58:21.712, 1, 97, 90351
2026/09/21 20:58:36.713, 0, 98, 90351
2026/09/21 20:58:36.713, 1, 98, 90351
2026/09/21 20:58:51.714, 0, 97, 90351
2026/09/21 20:58:51.714, 1, 99, 90351
2026/09/21 20:59:06.715, 0, 98, 90351
2026/09/21 20:59:06.715, 1, 97, 90351
2026/09/21 20:59:21.716, 0, 97, 90351
2026/09/21 20:59:21.716, 1, 98, 90351
2026/09/21 20:59:36.717, 0, 97, 90351
2026/09/21 20:59:36.717, 1, 98, 90351
2026/09/21 20:59:51.718, 0, 98, 90351
2026/09/21 20:59:51.718, 1, 98, 90351
2026/09/21 21:00:06.719, 0, 98, 90351
2026/09/21 21:00:06.719, 1, 98, 90351
2026/09/21 21:00:21.720, 0, 98, 90351
2026/09/21 21:00:21.721, 1, 97, 90351
2026/09/21 21:00:36.721, 0, 98, 90351
2026/09/21 21:00:36.721, 1, 98, 90351
2026/09/21 21:00:51.722, 0, 98, 90351
2026/09/21 21:00:51.722, 1, 97, 90351
2026/09/21 21:01:06.723, 0, 97, 90351
2026/09/21 21:01:06.723, 1, 98, 90351
2026/09/21 21:01:21.724, 0, 97, 90351
2026/09/21 21:01:21.724, 1, 98, 90351
2026/09/21 21:01:36.725, 0, 97, 90351
2026/09/21 21:01:36.725, 1, 97, 90351
2026/09/21 21:01:51.726, 0, 98, 90351
2026/09/21 21:01:51.726, 1, 96, 90351
2026/09/21 21:02:06.727, 0, 97, 90351
2026/09/21 21:02:06.727, 1, 97, 90351
2026/09/21 21:02:21.728, 0, 97, 90351
2026/09/21 21:02:21.728, 1, 98, 90351
2026/09/21 21:02:36.728, 0, 97, 90351
2026/09/21 21:02:36.729, 1, 98, 90351
2026/09/21 21:02:51.729, 0, 98, 90351
2026/09/21 21:02:51.729, 1, 97, 90351
2026/09/21 21:03:06.731, 0, 98, 90351
2026/09/21 21:03:06.731, 1, 98, 90351
2026/09/21 21:03:21.732, 0, 98, 90351
2026/09/21 21:03:21.732, 1, 98, 90351
2026/09/21 21:03:36.733, 0, 98, 90351
2026/09/21 21:03:36.733, 1, 98, 90351
2026/09/21 21:03:51.734, 0, 97, 90351
2026/09/21 21:03:51.734, 1, 98, 90351
2026/09/21 21:04:06.735, 0, 97, 90351
2026/09/21 21:04:06.735, 1, 97, 90351
2026/09/21 21:04:21.736, 0, 96, 90351
2026/09/21 21:04:21.736, 1, 98, 90351
2026/09/21 21:04:36.737, 0, 98, 90351
2026/09/21 21:04:36.737, 1, 97, 90351
2026/09/21 21:04:51.738, 0, 98, 90351
2026/09/21 21:04:51.738, 1, 97, 90351
2026/09/21 21:05:06.739, 0, 97, 90351
2026/09/21 21:05:06.739, 1, 97, 90351
2026/09/21 21:05:21.740, 0, 97, 90351
2026/09/21 21:05:21.740, 1, 98, 90351
2026/09/21 21:05:36.741, 0, 98, 90351
2026/09/21 21:05:36.741, 1, 97, 90351
2026/09/21 21:05:51.743, 0, 98, 90351
2026/09/21 21:05:51.743, 1, 97, 90351
2026/09/21 21:06:06.743, 0, 97, 90351
2026/09/21 21:06:06.743, 1, 97, 90351
2026/09/21 21:06:21.744, 0, 97, 90351
2026/09/21 21:06:21.744, 1, 97, 90351
2026/09/21 21:06:36.746, 0, 97, 90351
2026/09/21 21:06:36.746, 1, 97, 90351
2026/09/21 21:06:51.747, 0, 98, 90351
2026/09/21 21:06:51.747, 1, 97, 90351
2026/09/21 21:07:06.748, 0, 97, 90351
2026/09/21 21:07:06.748, 1, 98, 90351
2026/09/21 21:07:21.749, 0, 91, 90351
2026/09/21 21:07:21.749, 1, 97, 90351
2026/09/21 21:07:36.750, 0, 98, 90351
2026/09/21 21:07:36.750, 1, 97, 90351
2026/09/21 21:07:51.751, 0, 87, 90351
2026/09/21 21:07:51.751, 1, 97, 90351
2026/09/21 21:08:06.752, 0, 98, 90351
2026/09/21 21:08:06.753, 1, 97, 90351
2026/09/21 21:08:21.754, 0, 91, 90351
2026/09/21 21:08:21.754, 1, 98, 90351
2026/09/21 21:08:36.754, 0, 98, 90351
2026/09/21 21:08:36.755, 1, 97, 90351
2026/09/21 21:08:51.755, 0, 99, 90351
2026/09/21 21:08:51.755, 1, 99, 90351
2026/09/21 21:09:06.756, 0, 98, 90351
2026/09/21 21:09:06.756, 1, 98, 90351
2026/09/21 21:09:21.758, 0, 98, 90351
2026/09/21 21:09:21.758, 1, 98, 90351
2026/09/21 21:09:36.759, 0, 97, 90351
2026/09/21 21:09:36.759, 1, 98, 90351
2026/09/21 21:09:51.760, 0, 98, 90351
2026/09/21 21:09:51.760, 1, 97, 90351
2026/09/21 21:10:06.762, 0, 97, 90351
2026/09/21 21:10:06.762, 1, 97, 90351
2026/09/21 21:10:21.762, 0, 97, 90351
2026/09/21 21:10:21.762, 1, 97, 90351
2026/09/21 21:10:36.764, 0, 99, 90351
2026/09/21 21:10:36.764, 1, 98, 90351
2026/09/21 21:10:51.765, 0, 98, 90351
2026/09/21 21:10:51.765, 1, 97, 90351
2026/09/21 21:11:06.766, 0, 97, 90351
2026/09/21 21:11:06.766, 1, 98, 90351
2026/09/21 21:11:21.767, 0, 98, 90351
2026/09/21 21:11:21.768, 1, 98, 90351
2026/09/21 21:11:36.769, 0, 98, 90351
2026/09/21 21:11:36.769, 1, 98, 90351
2026/09/21 21:11:51.770, 0, 97, 90351
2026/09/21 21:11:51.770, 1, 98, 90351
2026/09/21 21:12:06.771, 0, 3, 90351
2026/09/21 21:12:06.771, 1, 100, 90351
2026/09/21 21:12:21.773, 0, 97, 90351
2026/09/21 21:12:21.773, 1, 98, 90351
2026/09/21 21:12:36.774, 0, 96, 90351
2026/09/21 21:12:36.774, 1, 97, 90351
2026/09/21 21:12:51.775, 0, 97, 90351
2026/09/21 21:12:51.775, 1, 97, 90351
2026/09/21 21:13:06.776, 0, 98, 90351
2026/09/21 21:13:06.776, 1, 98, 90351
2026/09/21 21:13:21.777, 0, 98, 90351
2026/09/21 21:13:21.777, 1, 98, 90351
2026/09/21 21:13:36.778, 0, 99, 90351
2026/09/21 21:13:36.778, 1, 98, 90351
2026/09/21 21:13:51.779, 0, 98, 90351
2026/09/21 21:13:51.779, 1, 98, 90351
2026/09/21 21:14:06.780, 0, 97, 90351
2026/09/21 21:14:06.780, 1, 98, 90351
2026/09/21 21:14:21.781, 0, 97, 90351
2026/09/21 21:14:21.781, 1, 98, 90351
2026/09/21 21:14:36.782, 0, 98, 90351
2026/09/21 21:14:36.782, 1, 98, 90351
2026/09/21 21:14:51.783, 0, 96, 90351
2026/09/21 21:14:51.783, 1, 99, 90351
2026/09/21 21:15:06.784, 0, 98, 90351
2026/09/21 21:15:06.784, 1, 98, 90351
2026/09/21 21:15:21.785, 0, 98, 90351
2026/09/21 21:15:21.785, 1, 96, 90351
2026/09/21 21:15:36.786, 0, 98, 90351
2026/09/21 21:15:36.786, 1, 98, 90351
2026/09/21 21:15:51.787, 0, 97, 90351
2026/09/21 21:15:51.787, 1, 99, 90351
2026/09/21 21:16:06.788, 0, 99, 90351
2026/09/21 21:16:06.788, 1, 98, 90351
2026/09/21 21:16:21.789, 0, 97, 90351
2026/09/21 21:16:21.789, 1, 98, 90351
2026/09/21 21:16:36.790, 0, 97, 90351
2026/09/21 21:16:36.790, 1, 98, 90351
2026/09/21 21:16:51.791, 0, 98, 90351
2026/09/21 21:16:51.791, 1, 98, 90351
2026/09/21 21:17:06.792, 0, 97, 90351
2026/09/21 21:17:06.793, 1, 97, 90351
2026/09/21 21:17:21.794, 0, 97, 90351
2026/09/21 21:17:21.794, 1, 98, 90351
2026/09/21 21:17:36.794, 0, 97, 90351
2026/09/21 21:17:36.794, 1, 97, 90351
2026/09/21 21:17:51.796, 0, 98, 90351
2026/09/21 21:17:51.796, 1, 97, 90351
2026/09/21 21:18:06.797, 0, 98, 90351
2026/09/21 21:18:06.797, 1, 98, 90351
2026/09/21 21:18:21.798, 0, 97, 90351
2026/09/21 21:18:21.798, 1, 98, 90351
2026/09/21 21:18:36.799, 0, 98, 90351
2026/09/21 21:18:36.799, 1, 98, 90351
2026/09/21 21:18:51.800, 0, 98, 90351
2026/09/21 21:18:51.800, 1, 98, 90351
2026/09/21 21:19:06.801, 0, 98, 90351
2026/09/21 21:19:06.801, 1, 98, 90351
2026/09/21 21:19:21.802, 0, 98, 90351
2026/09/21 21:19:21.802, 1, 98, 90351
2026/09/21 21:19:36.803, 0, 98, 90351
2026/09/21 21:19:36.803, 1, 98, 90351
2026/09/21 21:19:51.804, 0, 99, 90351
2026/09/21 21:19:51.804, 1, 97, 90351
2026/09/21 21:20:06.805, 0, 98, 90351
2026/09/21 21:20:06.806, 1, 98, 90351
2026/09/21 21:20:21.807, 0, 98, 90351
2026/09/21 21:20:21.807, 1, 98, 90351
2026/09/21 21:20:36.808, 0, 98, 90351
2026/09/21 21:20:36.808, 1, 97, 90351
2026/09/21 21:20:51.809, 0, 97, 90351
2026/09/21 21:20:51.809, 1, 98, 90351
2026/09/21 21:21:06.810, 0, 98, 90351
2026/09/21 21:21:06.810, 1, 97, 90351
2026/09/21 21:21:21.811, 0, 97, 90351
2026/09/21 21:21:21.811, 1, 97, 90351
2026/09/21 21:21:36.812, 0, 98, 90351
2026/09/21 21:21:36.812, 1, 98, 90351
2026/09/21 21:21:51.813, 0, 98, 90351
2026/09/21 21:21:51.813, 1, 97, 90351
2026/09/21 21:22:06.814, 0, 98, 90351
2026/09/21 21:22:06.814, 1, 98, 90351
2026/09/21 21:22:21.815, 0, 99, 90351
2026/09/21 21:22:21.815, 1, 97, 90351
2026/09/21 21:22:36.816, 0, 97, 90351
2026/09/21 21:22:36.816, 1, 98, 90351
2026/09/21 21:22:51.817, 0, 97, 90351
2026/09/21 21:22:51.817, 1, 97, 90351
2026/09/21 21:23:06.818, 0, 97, 90351
2026/09/21 21:23:06.818, 1, 98, 90351
2026/09/21 21:23:21.819, 0, 98, 90351
2026/09/21 21:23:21.819, 1, 98, 90351
2026/09/21 21:23:36.820, 0, 98, 90351
2026/09/21 21:23:36.820, 1, 97, 90351
2026/09/21 21:23:51.821, 0, 97, 90351
2026/09/21 21:23:51.822, 1, 98, 90351
2026/09/21 21:24:06.822, 0, 98, 90351
2026/09/21 21:24:06.822, 1, 97, 90351
2026/09/21 21:24:21.823, 0, 98, 90351
2026/09/21 21:24:21.823, 1, 98, 90351
2026/09/21 21:24:36.824, 0, 97, 90351
2026/09/21 21:24:36.824, 1, 98, 90351
2026/09/21 21:24:51.826, 0, 97, 90351
2026/09/21 21:24:51.826, 1, 97, 90351
2026/09/21 21:25:06.827, 0, 95, 90351
2026/09/21 21:25:06.827, 1, 96, 90351
2026/09/21 21:25:21.828, 0, 90, 90351
2026/09/21 21:25:21.828, 1, 96, 90351
2026/09/21 21:25:36.829, 0, 97, 90351
2026/09/21 21:25:36.829, 1, 96, 90351
2026/09/21 21:25:51.831, 0, 95, 90351
2026/09/21 21:25:51.831, 1, 98, 90351
2026/09/21 21:26:06.832, 0, 96, 90351
2026/09/21 21:26:06.832, 1, 97, 90351
2026/09/21 21:26:21.833, 0, 97, 90351
2026/09/21 21:26:21.833, 1, 96, 90351
2026/09/21 21:26:36.834, 0, 97, 90351
2026/09/21 21:26:36.834, 1, 95, 90351
2026/09/21 21:26:51.835, 0, 96, 90351
2026/09/21 21:26:51.835, 1, 97, 90351
2026/09/21 21:27:06.837, 0, 97, 90351
2026/09/21 21:27:06.837, 1, 97, 90351
2026/09/21 21:27:21.838, 0, 96, 90351
2026/09/21 21:27:21.838, 1, 98, 90351
2026/09/21 21:27:36.839, 0, 97, 90351
2026/09/21 21:27:36.839, 1, 97, 90351
2026/09/21 21:27:51.840, 0, 97, 90351
2026/09/21 21:27:51.840, 1, 97, 90351
2026/09/21 21:28:06.841, 0, 87, 90351
2026/09/21 21:28:06.841, 1, 94, 90351
2026/09/21 21:28:21.842, 0, 97, 90351
2026/09/21 21:28:21.842, 1, 94, 90351
2026/09/21 21:28:36.844, 0, 96, 90351
2026/09/21 21:28:36.844, 1, 97, 90351
2026/09/21 21:28:51.845, 0, 94, 90351
2026/09/21 21:28:51.846, 1, 98, 90351
2026/09/21 21:29:06.847, 0, 97, 90351
2026/09/21 21:29:06.847, 1, 97, 90351
2026/09/21 21:29:21.848, 0, 96, 90351
2026/09/21 21:29:21.848, 1, 97, 90351
2026/09/21 21:29:36.849, 0, 97, 90351
2026/09/21 21:29:36.849, 1, 96, 90351
2026/09/21 21:29:51.850, 0, 97, 90351
2026/09/21 21:29:51.850, 1, 97, 90351
2026/09/21 21:30:06.851, 0, 95, 90351
2026/09/21 21:30:06.852, 1, 98, 90351
2026/09/21 21:30:21.853, 0, 3, 90351
2026/09/21 21:30:21.853, 1, 100, 90351
2026/09/21 21:30:36.853, 0, 96, 90351
2026/09/21 21:30:36.854, 1, 96, 90351
2026/09/21 21:30:51.855, 0, 97, 90351
2026/09/21 21:30:51.855, 1, 96, 90351
2026/09/21 21:31:06.856, 0, 97, 90351
2026/09/21 21:31:06.856, 1, 95, 90351
2026/09/21 21:31:21.858, 0, 96, 90351
2026/09/21 21:31:21.858, 1, 96, 90351
2026/09/21 21:31:36.859, 0, 96, 90351
2026/09/21 21:31:36.860, 1, 97, 90351
2026/09/21 21:31:51.861, 0, 97, 90351
2026/09/21 21:31:51.861, 1, 96, 90351
2026/09/21 21:32:06.862, 0, 0, 90351
2026/09/21 21:32:06.862, 1, 100, 90351
2026/09/21 21:32:21.863, 0, 96, 90351
2026/09/21 21:32:21.863, 1, 98, 90351
2026/09/21 21:32:36.864, 0, 97, 90351
2026/09/21 21:32:36.865, 1, 97, 90351
2026/09/21 21:32:51.866, 0, 95, 90351
2026/09/21 21:32:51.866, 1, 95, 90351
2026/09/21 21:33:06.867, 0, 96, 90351
2026/09/21 21:33:06.867, 1, 97, 90351
2026/09/21 21:33:21.869, 0, 95, 90351
2026/09/21 21:33:21.869, 1, 96, 90351
2026/09/21 21:33:36.870, 0, 97, 90351
2026/09/21 21:33:36.870, 1, 95, 90351
2026/09/21 21:33:51.871, 0, 97, 90351
2026/09/21 21:33:51.871, 1, 95, 90351
2026/09/21 21:34:06.872, 0, 96, 90351
2026/09/21 21:34:06.872, 1, 96, 90351
2026/09/21 21:34:21.874, 0, 96, 90351
2026/09/21 21:34:21.874, 1, 96, 90351
2026/09/21 21:34:36.874, 0, 95, 90351
2026/09/21 21:34:36.875, 1, 96, 90351
2026/09/21 21:34:51.876, 0, 97, 90351
2026/09/21 21:34:51.876, 1, 96, 90351
2026/09/21 21:35:06.877, 0, 96, 90351
2026/09/21 21:35:06.877, 1, 96, 90351
2026/09/21 21:35:21.879, 0, 96, 90351
2026/09/21 21:35:21.879, 1, 97, 90351
2026/09/21 21:35:36.880, 0, 97, 90351
2026/09/21 21:35:36.880, 1, 95, 90351
2026/09/21 21:35:51.881, 0, 97, 90351
2026/09/21 21:35:51.881, 1, 96, 90351
2026/09/21 21:36:06.882, 0, 96, 90351
2026/09/21 21:36:06.882, 1, 96, 90351
2026/09/21 21:36:21.883, 0, 96, 90351
2026/09/21 21:36:21.883, 1, 97, 90351
2026/09/21 21:36:36.885, 0, 98, 90351
2026/09/21 21:36:36.885, 1, 98, 90351
2026/09/21 21:36:51.886, 0, 96, 90351
2026/09/21 21:36:51.886, 1, 96, 90351
2026/09/21 21:37:06.887, 0, 97, 90351
2026/09/21 21:37:06.887, 1, 97, 90351
2026/09/21 21:37:21.889, 0, 97, 90351
2026/09/21 21:37:21.889, 1, 96, 90351
2026/09/21 21:37:36.890, 0, 96, 90351
2026/09/21 21:37:36.890, 1, 97, 90351
2026/09/21 21:37:51.892, 0, 96, 90351
2026/09/21 21:37:51.892, 1, 97, 90351
2026/09/21 21:38:06.893, 0, 96, 90351
2026/09/21 21:38:06.893, 1, 97, 90351
2026/09/21 21:38:21.894, 0, 96, 90351
2026/09/21 21:38:21.894, 1, 96, 90351
2026/09/21 21:38:36.896, 0, 94, 90351
2026/09/21 21:38:36.896, 1, 96, 90351
2026/09/21 21:38:51.897, 0, 96, 90351
2026/09/21 21:38:51.897, 1, 96, 90351
2026/09/21 21:39:06.898, 0, 97, 90351
2026/09/21 21:39:06.898, 1, 97, 90351
2026/09/21 21:39:21.899, 0, 97, 90351
2026/09/21 21:39:21.899, 1, 96, 90351
2026/09/21 21:39:36.900, 0, 96, 90351
2026/09/21 21:39:36.901, 1, 95, 90351
2026/09/21 21:39:51.902, 0, 96, 90351
2026/09/21 21:39:51.902, 1, 96, 90351
2026/09/21 21:40:06.903, 0, 97, 90351
2026/09/21 21:40:06.903, 1, 96, 90351
2026/09/21 21:40:21.904, 0, 95, 90351
2026/09/21 21:40:21.905, 1, 96, 90351
2026/09/21 21:40:36.905, 0, 96, 90351
2026/09/21 21:40:36.905, 1, 98, 90351
2026/09/21 21:40:51.906, 0, 97, 90351
2026/09/21 21:40:51.907, 1, 94, 90351
2026/09/21 21:41:06.908, 0, 95, 90351
2026/09/21 21:41:06.908, 1, 96, 90351
2026/09/21 21:41:21.909, 0, 94, 90351
2026/09/21 21:41:21.909, 1, 97, 90351
2026/09/21 21:41:36.910, 0, 96, 90351
2026/09/21 21:41:36.910, 1, 96, 90351
2026/09/21 21:41:51.912, 0, 96, 90351
2026/09/21 21:41:51.912, 1, 96, 90351
2026/09/21 21:42:06.913, 0, 97, 90351
2026/09/21 21:42:06.913, 1, 95, 90351
2026/09/21 21:42:21.914, 0, 96, 90351
2026/09/21 21:42:21.914, 1, 95, 90351
2026/09/21 21:42:36.915, 0, 94, 90351
2026/09/21 21:42:36.915, 1, 96, 90351
2026/09/21 21:42:51.916, 0, 94, 90351
2026/09/21 21:42:51.916, 1, 96, 90351
2026/09/21 21:43:06.917, 0, 94, 90351
2026/09/21 21:43:06.917, 1, 95, 90351
2026/09/21 21:43:21.918, 0, 95, 90351
2026/09/21 21:43:21.918, 1, 97, 90351
2026/09/21 21:43:36.919, 0, 97, 90351
2026/09/21 21:43:36.919, 1, 97, 90351
2026/09/21 21:43:51.920, 0, 96, 90351
2026/09/21 21:43:51.920, 1, 97, 90351
2026/09/21 21:44:06.922, 0, 96, 90351
2026/09/21 21:44:06.922, 1, 97, 90351
2026/09/21 21:44:21.923, 0, 98, 90351
2026/09/21 21:44:21.923, 1, 97, 90351
2026/09/21 21:44:36.925, 0, 96, 90351
2026/09/21 21:44:36.925, 1, 96, 90351
2026/09/21 21:44:51.926, 0, 96, 90351
2026/09/21 21:44:51.926, 1, 95, 90351
2026/09/21 21:45:06.927, 0, 95, 90351
2026/09/21 21:45:06.928, 1, 97, 90351
2026/09/21 21:45:21.929, 0, 98, 90351
2026/09/21 21:45:21.929, 1, 97, 90351
2026/09/21 21:45:36.930, 0, 97, 90351
2026/09/21 21:45:36.930, 1, 98, 90351
2026/09/21 21:45:51.931, 0, 95, 90351
2026/09/21 21:45:51.931, 1, 96, 90351
2026/09/21 21:46:06.932, 0, 98, 90351
2026/09/21 21:46:06.933, 1, 97, 90351
2026/09/21 21:46:21.934, 0, 96, 90351
2026/09/21 21:46:21.934, 1, 96, 90351
2026/09/21 21:46:36.935, 0, 94, 90351
2026/09/21 21:46:36.935, 1, 98, 90351
2026/09/21 21:46:51.936, 0, 94, 90351
2026/09/21 21:46:51.936, 1, 98, 90351
2026/09/21 21:47:06.937, 0, 96, 90351
2026/09/21 21:47:06.938, 1, 96, 90351
2026/09/21 21:47:21.939, 0, 3, 90351
2026/09/21 21:47:21.939, 1, 100, 90351
2026/09/21 21:47:36.940, 0, 96, 90351
2026/09/21 21:47:36.940, 1, 97, 90351
2026/09/21 21:47:51.941, 0, 97, 90351
2026/09/21 21:47:51.942, 1, 97, 90351
2026/09/21 21:48:06.943, 0, 96, 90351
2026/09/21 21:48:06.943, 1, 95, 90351
2026/09/21 21:48:21.944, 0, 97, 90351
2026/09/21 21:48:21.944, 1, 97, 90351
2026/09/21 21:48:36.945, 0, 96, 90351
2026/09/21 21:48:36.945, 1, 95, 90351
2026/09/21 21:48:51.946, 0, 90, 90351
2026/09/21 21:48:51.946, 1, 94, 90351
2026/09/21 21:49:06.948, 0, 96, 90351
2026/09/21 21:49:06.948, 1, 97, 90351
2026/09/21 21:49:21.949, 0, 97, 90351
2026/09/21 21:49:21.949, 1, 95, 90351
2026/09/21 21:49:36.951, 0, 96, 90351
2026/09/21 21:49:36.951, 1, 96, 90351
2026/09/21 21:49:51.952, 0, 97, 90351
2026/09/21 21:49:51.952, 1, 94, 90351
2026/09/21 21:50:06.953, 0, 88, 90351
2026/09/21 21:50:06.953, 1, 96, 90351
2026/09/21 21:50:21.955, 0, 96, 90351
2026/09/21 21:50:21.955, 1, 97, 90351
2026/09/21 21:50:36.956, 0, 96, 90351
2026/09/21 21:50:36.956, 1, 97, 90351
2026/09/21 21:50:51.957, 0, 97, 90351
2026/09/21 21:50:51.957, 1, 96, 90351
2026/09/21 21:51:06.958, 0, 95, 90351
2026/09/21 21:51:06.959, 1, 94, 90351
2026/09/21 21:51:21.960, 0, 95, 90351
2026/09/21 21:51:21.960, 1, 95, 90351
2026/09/21 21:51:36.961, 0, 97, 90351
2026/09/21 21:51:36.961, 1, 94, 90351
2026/09/21 21:51:51.962, 0, 96, 90351
2026/09/21 21:51:51.962, 1, 96, 90351
2026/09/21 21:52:06.964, 0, 98, 90351
2026/09/21 21:52:06.964, 1, 96, 90351
2026/09/21 21:52:21.965, 0, 96, 90351
2026/09/21 21:52:21.965, 1, 96, 90351
2026/09/21 21:52:36.965, 0, 96, 90351
2026/09/21 21:52:36.965, 1, 97, 90351
2026/09/21 21:52:51.967, 0, 97, 90351
2026/09/21 21:52:51.967, 1, 95, 90351
2026/09/21 21:53:06.967, 0, 96, 90351
2026/09/21 21:53:06.967, 1, 96, 90351
2026/09/21 21:53:21.968, 0, 96, 90351
2026/09/21 21:53:21.968, 1, 96, 90351
2026/09/21 21:53:36.970, 0, 97, 90351
2026/09/21 21:53:36.970, 1, 95, 90351
2026/09/21 21:53:51.971, 0, 85, 90351
2026/09/21 21:53:51.971, 1, 96, 90351
2026/09/21 21:54:06.973, 0, 96, 90351
2026/09/21 21:54:06.973, 1, 95, 90351
2026/09/21 21:54:21.974, 0, 95, 90351
2026/09/21 21:54:21.974, 1, 97, 90351
2026/09/21 21:54:36.975, 0, 96, 90351
2026/09/21 21:54:36.975, 1, 97, 90351
2026/09/21 21:54:51.977, 0, 96, 90351
2026/09/21 21:54:51.977, 1, 96, 90351
2026/09/21 21:55:06.978, 0, 96, 90351
2026/09/21 21:55:06.978, 1, 96, 90351
2026/09/21 21:55:21.979, 0, 97, 90351
2026/09/21 21:55:21.979, 1, 94, 90351
2026/09/21 21:55:36.980, 0, 95, 90351
2026/09/21 21:55:36.980, 1, 96, 90351
2026/09/21 21:55:51.981, 0, 98, 90351
2026/09/21 21:55:51.981, 1, 97, 90351
2026/09/21 21:56:06.982, 0, 97, 90351
2026/09/21 21:56:06.982, 1, 96, 90351
2026/09/21 21:56:21.983, 0, 93, 90351
2026/09/21 21:56:21.984, 1, 97, 90351
2026/09/21 21:56:36.985, 0, 96, 90351
2026/09/21 21:56:36.985, 1, 97, 90351
2026/09/21 21:56:51.986, 0, 96, 90351
2026/09/21 21:56:51.987, 1, 96, 90351
2026/09/21 21:57:06.988, 0, 97, 90351
2026/09/21 21:57:06.988, 1, 97, 90351
2026/09/21 21:57:21.990, 0, 95, 90351
2026/09/21 21:57:21.990, 1, 96, 90351
2026/09/21 21:57:36.991, 0, 95, 90351
2026/09/21 21:57:36.991, 1, 95, 90351
2026/09/21 21:57:51.992, 0, 96, 90351
2026/09/21 21:57:51.993, 1, 97, 90351
2026/09/21 21:58:06.993, 0, 94, 90351
2026/09/21 21:58:06.994, 1, 95, 90351
2026/09/21 21:58:21.995, 0, 95, 90351
2026/09/21 21:58:21.995, 1, 97, 90351
2026/09/21 21:58:36.997, 0, 96, 90351
2026/09/21 21:58:36.997, 1, 97, 90351
2026/09/21 21:58:51.998, 0, 97, 90351
2026/09/21 21:58:51.998, 1, 97, 90351
2026/09/21 21:59:06.999, 0, 97, 90351
2026/09/21 21:59:07.000, 1, 97, 90351
2026/09/21 21:59:22.000, 0, 95, 90351
2026/09/21 21:59:22.000, 1, 96, 90351
2026/09/21 21:59:37.001, 0, 97, 90351
2026/09/21 21:59:37.001, 1, 97, 90351
2026/09/21 21:59:52.003, 0, 96, 90351
2026/09/21 21:59:52.003, 1, 97, 90351
2026/09/21 22:00:07.004, 0, 95, 90351
2026/09/21 22:00:07.004, 1, 96, 90351
2026/09/21 22:00:22.005, 0, 97, 90351
2026/09/21 22:00:22.005, 1, 97, 90351
2026/09/21 22:00:37.006, 0, 94, 90351
2026/09/21 22:00:37.006, 1, 96, 90351
2026/09/21 22:00:52.008, 0, 97, 90351
2026/09/21 22:00:52.008, 1, 95, 90351
2026/09/21 22:01:07.009, 0, 95, 90351
2026/09/21 22:01:07.009, 1, 96, 90351
2026/09/21 22:01:22.011, 0, 96, 90351
2026/09/21 22:01:22.011, 1, 95, 90351
2026/09/21 22:01:37.012, 0, 96, 90351
2026/09/21 22:01:37.012, 1, 94, 90351
2026/09/21 22:01:52.013, 0, 95, 90351
2026/09/21 22:01:52.013, 1, 95, 90351
2026/09/21 22:02:07.015, 0, 94, 90351
2026/09/21 22:02:07.015, 1, 95, 90351
2026/09/21 22:02:22.016, 0, 94, 90351
2026/09/21 22:02:22.016, 1, 96, 90351
2026/09/21 22:02:37.017, 0, 94, 90351
2026/09/21 22:02:37.017, 1, 95, 90351
2026/09/21 22:02:52.018, 0, 96, 90351
2026/09/21 22:02:52.019, 1, 97, 90351
2026/09/21 22:03:07.020, 0, 96, 90351
2026/09/21 22:03:07.020, 1, 92, 90351
2026/09/21 22:03:22.021, 0, 93, 90351
2026/09/21 22:03:22.021, 1, 93, 90351
2026/09/21 22:03:37.022, 0, 94, 90351
2026/09/21 22:03:37.022, 1, 95, 90351
2026/09/21 22:03:52.024, 0, 96, 90351
2026/09/21 22:03:52.024, 1, 95, 90351
2026/09/21 22:04:07.024, 0, 98, 90351
2026/09/21 22:04:07.025, 1, 96, 90351
2026/09/21 22:04:22.025, 0, 94, 90351
2026/09/21 22:04:22.026, 1, 94, 90351
2026/09/21 22:04:37.027, 0, 94, 90351
2026/09/21 22:04:37.027, 1, 95, 90351
2026/09/21 22:04:52.028, 0, 95, 90351
2026/09/21 22:04:52.029, 1, 96, 90351
2026/09/21 22:05:07.030, 0, 93, 90351
2026/09/21 22:05:07.030, 1, 93, 90351
2026/09/21 22:05:22.031, 0, 96, 90351
2026/09/21 22:05:22.031, 1, 94, 90351
2026/09/21 22:05:37.032, 0, 93, 90351
2026/09/21 22:05:37.032, 1, 94, 90351
2026/09/21 22:05:52.033, 0, 95, 90351
2026/09/21 22:05:52.033, 1, 95, 90351
2026/09/21 22:06:07.034, 0, 97, 90351
2026/09/21 22:06:07.034, 1, 96, 90351
2026/09/21 22:06:22.036, 0, 93, 90351
2026/09/21 22:06:22.036, 1, 95, 90351
2026/09/21 22:06:37.037, 0, 97, 90351
2026/09/21 22:06:37.037, 1, 97, 90351
2026/09/21 22:06:52.038, 0, 96, 90351
2026/09/21 22:06:52.038, 1, 93, 90351
2026/09/21 22:07:07.039, 0, 96, 90351
2026/09/21 22:07:07.039, 1, 93, 90351
2026/09/21 22:07:22.040, 0, 2, 90351
2026/09/21 22:07:22.040, 1, 100, 90351
2026/09/21 22:07:37.041, 0, 97, 90351
2026/09/21 22:07:37.041, 1, 95, 90351
2026/09/21 22:07:52.042, 0, 94, 90351
2026/09/21 22:07:52.043, 1, 93, 90351
2026/09/21 22:08:07.044, 0, 87, 90351
2026/09/21 22:08:07.044, 1, 97, 90351
2026/09/21 22:08:22.045, 0, 96, 90351
2026/09/21 22:08:22.045, 1, 93, 90351
2026/09/21 22:08:37.046, 0, 95, 90351
2026/09/21 22:08:37.046, 1, 96, 90351
2026/09/21 22:08:52.048, 0, 95, 90351
2026/09/21 22:08:52.048, 1, 95, 90351
2026/09/21 22:09:07.049, 0, 94, 90351
2026/09/21 22:09:07.049, 1, 93, 90351
2026/09/21 22:09:22.051, 0, 94, 90351
2026/09/21 22:09:22.051, 1, 93, 90351
2026/09/21 22:09:37.052, 0, 94, 90351
2026/09/21 22:09:37.052, 1, 96, 90351
2026/09/21 22:09:52.053, 0, 97, 90351
2026/09/21 22:09:52.053, 1, 93, 90351
2026/09/21 22:10:07.054, 0, 94, 90351
2026/09/21 22:10:07.054, 1, 95, 90351
2026/09/21 22:10:22.055, 0, 94, 90351
2026/09/21 22:10:22.055, 1, 95, 90351
2026/09/21 22:10:37.056, 0, 97, 90351
2026/09/21 22:10:37.056, 1, 94, 90351
2026/09/21 22:10:52.057, 0, 94, 90351
2026/09/21 22:10:52.057, 1, 94, 90351
2026/09/21 22:11:07.059, 0, 93, 90351
2026/09/21 22:11:07.059, 1, 95, 90351
2026/09/21 22:11:22.060, 0, 94, 90351
2026/09/21 22:11:22.060, 1, 96, 90351
2026/09/21 22:11:37.061, 0, 97, 90351
2026/09/21 22:11:37.062, 1, 95, 90351
2026/09/21 22:11:52.063, 0, 96, 90351
2026/09/21 22:11:52.063, 1, 94, 90351
2026/09/21 22:12:07.064, 0, 96, 90351
2026/09/21 22:12:07.064, 1, 96, 90351
2026/09/21 22:12:22.065, 0, 95, 90351
2026/09/21 22:12:22.065, 1, 94, 90351
2026/09/21 22:12:37.067, 0, 94, 90351
2026/09/21 22:12:37.067, 1, 94, 90351
2026/09/21 22:12:52.068, 0, 91, 90351
2026/09/21 22:12:52.068, 1, 93, 90351
2026/09/21 22:13:07.069, 0, 93, 90351
2026/09/21 22:13:07.069, 1, 94, 90351
2026/09/21 22:13:22.070, 0, 95, 90351
2026/09/21 22:13:22.071, 1, 94, 90351
2026/09/21 22:13:37.072, 0, 94, 90351
2026/09/21 22:13:37.072, 1, 94, 90351
2026/09/21 22:13:52.073, 0, 96, 90351
2026/09/21 22:13:52.073, 1, 93, 90351
2026/09/21 22:14:07.074, 0, 95, 90351
2026/09/21 22:14:07.075, 1, 93, 90351
2026/09/21 22:14:22.076, 0, 95, 90351
2026/09/21 22:14:22.076, 1, 95, 90351
2026/09/21 22:14:37.077, 0, 97, 90351
2026/09/21 22:14:37.078, 1, 95, 90351
2026/09/21 22:14:52.078, 0, 96, 90351
2026/09/21 22:14:52.079, 1, 95, 90351
2026/09/21 22:15:07.080, 0, 94, 90351
2026/09/21 22:15:07.080, 1, 97, 90351
2026/09/21 22:15:22.081, 0, 96, 90351
2026/09/21 22:15:22.081, 1, 95, 90351
2026/09/21 22:15:37.082, 0, 93, 90351
2026/09/21 22:15:37.083, 1, 95, 90351
2026/09/21 22:15:52.084, 0, 92, 90351
2026/09/21 22:15:52.084, 1, 96, 90351
2026/09/21 22:16:07.085, 0, 94, 90351
2026/09/21 22:16:07.085, 1, 95, 90351
2026/09/21 22:16:22.086, 0, 96, 90351
2026/09/21 22:16:22.087, 1, 93, 90351
2026/09/21 22:16:37.088, 0, 94, 90351
2026/09/21 22:16:37.088, 1, 94, 90351
2026/09/21 22:16:52.089, 0, 94, 90351
2026/09/21 22:16:52.089, 1, 95, 90351
2026/09/21 22:17:07.090, 0, 95, 90351
2026/09/21 22:17:07.090, 1, 95, 90351
2026/09/21 22:17:22.092, 0, 96, 90351
2026/09/21 22:17:22.092, 1, 95, 90351
2026/09/21 22:17:37.093, 0, 96, 90351
2026/09/21 22:17:37.093, 1, 96, 90351
2026/09/21 22:17:52.094, 0, 95, 90351
2026/09/21 22:17:52.094, 1, 90, 90351
2026/09/21 22:18:07.096, 0, 96, 90351
2026/09/21 22:18:07.096, 1, 94, 90351
2026/09/21 22:18:22.097, 0, 94, 90351
2026/09/21 22:18:22.097, 1, 96, 90351
2026/09/21 22:18:37.098, 0, 95, 90351
2026/09/21 22:18:37.099, 1, 96, 90351
2026/09/21 22:18:52.100, 0, 95, 90351
2026/09/21 22:18:52.100, 1, 92, 90351
2026/09/21 22:19:07.101, 0, 95, 90351
2026/09/21 22:19:07.101, 1, 96, 90351
2026/09/21 22:19:22.103, 0, 96, 90351
2026/09/21 22:19:22.103, 1, 97, 90351
2026/09/21 22:19:37.104, 0, 96, 90351
2026/09/21 22:19:37.104, 1, 93, 90351
2026/09/21 22:19:52.105, 0, 96, 90351
2026/09/21 22:19:52.105, 1, 93, 90351
2026/09/21 22:20:07.106, 0, 95, 90351
2026/09/21 22:20:07.106, 1, 96, 90351
2026/09/21 22:20:22.108, 0, 94, 90351
2026/09/21 22:20:22.108, 1, 95, 90351
2026/09/21 22:20:37.109, 0, 94, 90351
2026/09/21 22:20:37.109, 1, 96, 90351
2026/09/21 22:20:52.111, 0, 95, 90351
2026/09/21 22:20:52.111, 1, 94, 90351
2026/09/21 22:21:07.112, 0, 94, 90351
2026/09/21 22:21:07.112, 1, 94, 90351
2026/09/21 22:21:22.113, 0, 96, 90351
2026/09/21 22:21:22.114, 1, 93, 90351
2026/09/21 22:21:37.115, 0, 94, 90351
2026/09/21 22:21:37.115, 1, 94, 90351
2026/09/21 22:21:52.116, 0, 95, 90351
2026/09/21 22:21:52.116, 1, 95, 90351
2026/09/21 22:22:07.118, 0, 95, 90351
2026/09/21 22:22:07.118, 1, 94, 90351
2026/09/21 22:22:22.119, 0, 95, 90351
2026/09/21 22:22:22.119, 1, 96, 90351
2026/09/21 22:22:37.121, 0, 96, 90351
2026/09/21 22:22:37.121, 1, 95, 90351
2026/09/21 22:22:52.122, 0, 94, 90351
2026/09/21 22:22:52.122, 1, 96, 90351
2026/09/21 22:23:07.123, 0, 94, 90351
2026/09/21 22:23:07.123, 1, 93, 90351
2026/09/21 22:23:22.125, 0, 96, 90351
2026/09/21 22:23:22.125, 1, 96, 90351
2026/09/21 22:23:37.126, 0, 96, 90351
2026/09/21 22:23:37.126, 1, 96, 90351
2026/09/21 22:23:52.127, 0, 93, 90351
2026/09/21 22:23:52.128, 1, 97, 90351
2026/09/21 22:24:07.128, 0, 97, 90351
2026/09/21 22:24:07.129, 1, 97, 90351
2026/09/21 22:24:22.130, 0, 5, 90351
2026/09/21 22:24:22.130, 1, 100, 90351
2026/09/21 22:24:37.131, 0, 94, 90351
2026/09/21 22:24:37.131, 1, 96, 90351
2026/09/21 22:24:52.132, 0, 88, 90351
2026/09/21 22:24:52.132, 1, 96, 90351
2026/09/21 22:25:07.134, 0, 93, 90351
2026/09/21 22:25:07.134, 1, 96, 90351
2026/09/21 22:25:22.135, 0, 95, 90351
2026/09/21 22:25:22.136, 1, 95, 90351
2026/09/21 22:25:37.137, 0, 88, 90351
2026/09/21 22:25:37.137, 1, 96, 90351
2026/09/21 22:25:52.138, 0, 93, 90351
2026/09/21 22:25:52.138, 1, 94, 90351
2026/09/21 22:26:07.139, 0, 93, 90351
2026/09/21 22:26:07.139, 1, 96, 90351
2026/09/21 22:26:22.141, 0, 94, 90351
2026/09/21 22:26:22.141, 1, 94, 90351
2026/09/21 22:26:37.142, 0, 96, 90351
2026/09/21 22:26:37.142, 1, 93, 90351
2026/09/21 22:26:52.143, 0, 95, 90351
2026/09/21 22:26:52.143, 1, 94, 90351
2026/09/21 22:27:07.145, 0, 94, 90351
2026/09/21 22:27:07.145, 1, 96, 90351
2026/09/21 22:27:22.146, 0, 91, 90351
2026/09/21 22:27:22.146, 1, 95, 90351
2026/09/21 22:27:37.147, 0, 97, 90351
2026/09/21 22:27:37.147, 1, 94, 90351
2026/09/21 22:27:52.148, 0, 97, 90351
2026/09/21 22:27:52.148, 1, 93, 90351
2026/09/21 22:28:07.149, 0, 93, 90351
2026/09/21 22:28:07.150, 1, 96, 90351
2026/09/21 22:28:22.150, 0, 97, 90351
2026/09/21 22:28:22.151, 1, 96, 90351
2026/09/21 22:28:37.152, 0, 96, 90351
2026/09/21 22:28:37.152, 1, 96, 90351
2026/09/21 22:28:52.153, 0, 95, 90351
2026/09/21 22:28:52.153, 1, 96, 90351
2026/09/21 22:29:07.154, 0, 96, 90351
2026/09/21 22:29:07.154, 1, 97, 90351
2026/09/21 22:29:22.156, 0, 95, 90351
2026/09/21 22:29:22.156, 1, 96, 90351
2026/09/21 22:29:37.157, 0, 96, 90351
2026/09/21 22:29:37.157, 1, 97, 90351
2026/09/21 22:29:52.158, 0, 93, 90351
2026/09/21 22:29:52.158, 1, 96, 90351
2026/09/21 22:30:07.159, 0, 92, 90351
2026/09/21 22:30:07.159, 1, 94, 90351
2026/09/21 22:30:22.160, 0, 96, 90351
2026/09/21 22:30:22.160, 1, 94, 90351
2026/09/21 22:30:37.161, 0, 96, 90351
2026/09/21 22:30:37.161, 1, 96, 90351
2026/09/21 22:30:52.162, 0, 95, 90351
2026/09/21 22:30:52.163, 1, 95, 90351
2026/09/21 22:31:07.164, 0, 87, 90351
2026/09/21 22:31:07.164, 1, 96, 90351
2026/09/21 22:31:22.165, 0, 94, 90351
2026/09/21 22:31:22.165, 1, 95, 90351
2026/09/21 22:31:37.166, 0, 94, 90351
2026/09/21 22:31:37.166, 1, 94, 90351
2026/09/21 22:31:52.168, 0, 95, 90351
2026/09/21 22:31:52.168, 1, 93, 90351
2026/09/21 22:32:07.169, 0, 96, 90351
2026/09/21 22:32:07.169, 1, 97, 90351
2026/09/21 22:32:22.170, 0, 94, 90351
2026/09/21 22:32:22.171, 1, 96, 90351
2026/09/21 22:32:37.172, 0, 95, 90351
2026/09/21 22:32:37.172, 1, 95, 90351
2026/09/21 22:32:52.173, 0, 96, 90351
2026/09/21 22:32:52.173, 1, 93, 90351
2026/09/21 22:33:07.174, 0, 86, 90351
2026/09/21 22:33:07.174, 1, 96, 90351
2026/09/21 22:33:22.175, 0, 96, 90351
2026/09/21 22:33:22.175, 1, 97, 90351
2026/09/21 22:33:37.176, 0, 97, 90351
2026/09/21 22:33:37.177, 1, 97, 90351
2026/09/21 22:33:52.178, 0, 96, 90351
2026/09/21 22:33:52.178, 1, 97, 90351
2026/09/21 22:34:07.179, 0, 94, 90351
2026/09/21 22:34:07.179, 1, 96, 90351
2026/09/21 22:34:22.180, 0, 97, 90351
2026/09/21 22:34:22.180, 1, 97, 90351
2026/09/21 22:34:37.181, 0, 97, 90351
2026/09/21 22:34:37.182, 1, 98, 90351
2026/09/21 22:34:52.183, 0, 96, 90351
2026/09/21 22:34:52.183, 1, 97, 90351
2026/09/21 22:35:07.184, 0, 96, 90351
2026/09/21 22:35:07.185, 1, 97, 90351
2026/09/21 22:35:22.186, 0, 98, 90351
2026/09/21 22:35:22.186, 1, 96, 90351
2026/09/21 22:35:37.187, 0, 96, 90351
2026/09/21 22:35:37.187, 1, 96, 90351
2026/09/21 22:35:52.188, 0, 96, 90351
2026/09/21 22:35:52.189, 1, 96, 90351
2026/09/21 22:36:07.190, 0, 96, 90351
2026/09/21 22:36:07.190, 1, 96, 90351
2026/09/21 22:36:22.191, 0, 96, 90351
2026/09/21 22:36:22.191, 1, 93, 90351
2026/09/21 22:36:37.192, 0, 95, 90351
2026/09/21 22:36:37.192, 1, 98, 90351
2026/09/21 22:36:52.193, 0, 95, 90351
2026/09/21 22:36:52.194, 1, 95, 90351
2026/09/21 22:37:07.195, 0, 98, 90351
2026/09/21 22:37:07.195, 1, 98, 90351
2026/09/21 22:37:22.196, 0, 95, 90351
2026/09/21 22:37:22.196, 1, 95, 90351
2026/09/21 22:37:37.197, 0, 97, 90351
2026/09/21 22:37:37.198, 1, 95, 90351
2026/09/21 22:37:52.199, 0, 94, 90351
2026/09/21 22:37:52.199, 1, 94, 90351
2026/09/21 22:38:07.201, 0, 96, 90351
2026/09/21 22:38:07.201, 1, 98, 90351
2026/09/21 22:38:22.202, 0, 88, 90351
2026/09/21 22:38:22.202, 1, 98, 90351
2026/09/21 22:38:37.203, 0, 94, 90351
2026/09/21 22:38:37.203, 1, 96, 90351
2026/09/21 22:38:52.204, 0, 97, 90351
2026/09/21 22:38:52.204, 1, 96, 90351
2026/09/21 22:39:07.206, 0, 98, 90351
2026/09/21 22:39:07.206, 1, 96, 90351
2026/09/21 22:39:22.207, 0, 95, 90351
2026/09/21 22:39:22.207, 1, 96, 90351
2026/09/21 22:39:37.208, 0, 96, 90351
2026/09/21 22:39:37.209, 1, 97, 90351
2026/09/21 22:39:52.210, 0, 97, 90351
2026/09/21 22:39:52.210, 1, 97, 90351
2026/09/21 22:40:07.211, 0, 95, 90351
2026/09/21 22:40:07.211, 1, 96, 90351
2026/09/21 22:40:22.212, 0, 97, 90351
2026/09/21 22:40:22.213, 1, 95, 90351
2026/09/21 22:40:37.214, 0, 97, 90351
2026/09/21 22:40:37.214, 1, 95, 90351
2026/09/21 22:40:52.215, 0, 97, 90351
2026/09/21 22:40:52.215, 1, 94, 90351
2026/09/21 22:41:07.216, 0, 96, 90351
2026/09/21 22:41:07.217, 1, 97, 90351
2026/09/21 22:41:22.218, 0, 96, 90351
2026/09/21 22:41:22.218, 1, 98, 90351
2026/09/21 22:41:37.219, 0, 95, 90351
2026/09/21 22:41:37.219, 1, 95, 90351
2026/09/21 22:41:52.220, 0, 97, 90351
2026/09/21 22:41:52.220, 1, 95, 90351
2026/09/21 22:42:07.222, 0, 94, 90351
2026/09/21 22:42:07.222, 1, 97, 90351
2026/09/21 22:42:22.223, 0, 97, 90351
2026/09/21 22:42:22.223, 1, 97, 90351
2026/09/21 22:42:37.224, 0, 97, 90351
2026/09/21 22:42:37.225, 1, 98, 90351
2026/09/21 22:42:52.225, 0, 95, 90351
2026/09/21 22:42:52.226, 1, 98, 90351
2026/09/21 22:43:07.226, 0, 95, 90351
2026/09/21 22:43:07.226, 1, 96, 90351
2026/09/21 22:43:22.228, 0, 96, 90351
2026/09/21 22:43:22.228, 1, 97, 90351
2026/09/21 22:43:37.229, 0, 98, 90351
2026/09/21 22:43:37.229, 1, 98, 90351
2026/09/21 22:43:52.230, 0, 95, 90351
2026/09/21 22:43:52.230, 1, 97, 90351
2026/09/21 22:44:07.231, 0, 96, 90351
2026/09/21 22:44:07.232, 1, 94, 90351
2026/09/21 22:44:22.233, 0, 2, 90351
2026/09/21 22:44:22.233, 1, 100, 90351
2026/09/21 22:44:37.234, 0, 98, 90351
2026/09/21 22:44:37.234, 1, 96, 90351
2026/09/21 22:44:52.235, 0, 97, 90351
2026/09/21 22:44:52.235, 1, 97, 90351
2026/09/21 22:45:07.236, 0, 96, 90351
2026/09/21 22:45:07.237, 1, 94, 90351
2026/09/21 22:45:22.238, 0, 93, 90351
2026/09/21 22:45:22.238, 1, 97, 90351
2026/09/21 22:45:37.239, 0, 97, 90351
2026/09/21 22:45:37.239, 1, 95, 90351
2026/09/21 22:45:52.241, 0, 96, 90351
2026/09/21 22:45:52.241, 1, 96, 90351
2026/09/21 22:46:07.242, 0, 96, 90351
2026/09/21 22:46:07.242, 1, 96, 90351
2026/09/21 22:46:22.244, 0, 96, 90351
2026/09/21 22:46:22.244, 1, 94, 90351
2026/09/21 22:46:37.245, 0, 98, 90351
2026/09/21 22:46:37.245, 1, 96, 90351
2026/09/21 22:46:52.246, 0, 95, 90351
2026/09/21 22:46:52.246, 1, 98, 90351
2026/09/21 22:47:07.248, 0, 97, 90351
2026/09/21 22:47:07.248, 1, 96, 90351
2026/09/21 22:47:22.249, 0, 97, 90351
2026/09/21 22:47:22.249, 1, 96, 90351
2026/09/21 22:47:37.251, 0, 96, 90351
2026/09/21 22:47:37.251, 1, 95, 90351
2026/09/21 22:47:52.252, 0, 96, 90351
2026/09/21 22:47:52.252, 1, 97, 90351
2026/09/21 22:48:07.253, 0, 98, 90351
2026/09/21 22:48:07.253, 1, 97, 90351
2026/09/21 22:48:22.254, 0, 94, 90351
2026/09/21 22:48:22.254, 1, 94, 90351
2026/09/21 22:48:37.255, 0, 97, 90351
2026/09/21 22:48:37.256, 1, 94, 90351
2026/09/21 22:48:52.256, 0, 94, 90351
2026/09/21 22:48:52.257, 1, 96, 90351
2026/09/21 22:49:07.258, 0, 97, 90351
2026/09/21 22:49:07.258, 1, 96, 90351
2026/09/21 22:49:22.259, 0, 92, 90351
2026/09/21 22:49:22.259, 1, 96, 90351
2026/09/21 22:49:37.260, 0, 97, 90351
2026/09/21 22:49:37.260, 1, 97, 90351
2026/09/21 22:49:52.262, 0, 97, 90351
2026/09/21 22:49:52.262, 1, 97, 90351
2026/09/21 22:50:07.263, 0, 95, 90351
2026/09/21 22:50:07.263, 1, 96, 90351
2026/09/21 22:50:22.264, 0, 95, 90351
2026/09/21 22:50:22.264, 1, 95, 90351
2026/09/21 22:50:37.265, 0, 96, 90351
2026/09/21 22:50:37.266, 1, 96, 90351
2026/09/21 22:50:52.267, 0, 98, 90351
2026/09/21 22:50:52.267, 1, 96, 90351
2026/09/21 22:51:07.268, 0, 98, 90351
2026/09/21 22:51:07.268, 1, 97, 90351
2026/09/21 22:51:22.270, 0, 93, 90351
2026/09/21 22:51:22.270, 1, 95, 90351
2026/09/21 22:51:37.271, 0, 97, 90351
2026/09/21 22:51:37.271, 1, 95, 90351
2026/09/21 22:51:52.272, 0, 96, 90351
2026/09/21 22:51:52.272, 1, 98, 90351
2026/09/21 22:52:07.273, 0, 97, 90351
2026/09/21 22:52:07.273, 1, 98, 90351
2026/09/21 22:52:22.274, 0, 97, 90351
2026/09/21 22:52:22.274, 1, 95, 90351
2026/09/21 22:52:37.275, 0, 95, 90351
2026/09/21 22:52:37.275, 1, 96, 90351
2026/09/21 22:52:52.276, 0, 97, 90351
2026/09/21 22:52:52.276, 1, 96, 90351
2026/09/21 22:53:07.277, 0, 93, 90351
2026/09/21 22:53:07.278, 1, 97, 90351
2026/09/21 22:53:22.279, 0, 97, 90351
2026/09/21 22:53:22.279, 1, 96, 90351
2026/09/21 22:53:37.280, 0, 95, 90351
2026/09/21 22:53:37.280, 1, 96, 90351
2026/09/21 22:53:52.282, 0, 97, 90351
2026/09/21 22:53:52.282, 1, 95, 90351
2026/09/21 22:54:07.283, 0, 94, 90351
2026/09/21 22:54:07.283, 1, 97, 90351
2026/09/21 22:54:22.285, 0, 96, 90351
2026/09/21 22:54:22.285, 1, 95, 90351
2026/09/21 22:54:37.286, 0, 84, 90351
2026/09/21 22:54:37.286, 1, 97, 90351
2026/09/21 22:54:52.288, 0, 96, 90351
2026/09/21 22:54:52.288, 1, 96, 90351
2026/09/21 22:55:07.289, 0, 95, 90351
2026/09/21 22:55:07.289, 1, 96, 90351
2026/09/21 22:55:22.290, 0, 93, 90351
2026/09/21 22:55:22.291, 1, 94, 90351
2026/09/21 22:55:37.292, 0, 93, 90351
2026/09/21 22:55:37.292, 1, 96, 90351
2026/09/21 22:55:52.293, 0, 93, 90351
2026/09/21 22:55:52.293, 1, 96, 90351
2026/09/21 22:56:07.294, 0, 94, 90351
2026/09/21 22:56:07.294, 1, 97, 90351
2026/09/21 22:56:22.295, 0, 94, 90351
2026/09/21 22:56:22.295, 1, 95, 90351
2026/09/21 22:56:37.296, 0, 94, 90351
2026/09/21 22:56:37.296, 1, 95, 90351
2026/09/21 22:56:52.297, 0, 95, 90351
2026/09/21 22:56:52.297, 1, 94, 90351
2026/09/21 22:57:07.298, 0, 96, 90351
2026/09/21 22:57:07.298, 1, 97, 90351
2026/09/21 22:57:22.299, 0, 95, 90351
2026/09/21 22:57:22.299, 1, 95, 90351
2026/09/21 22:57:37.300, 0, 94, 90351
2026/09/21 22:57:37.300, 1, 93, 90351
2026/09/21 22:57:52.301, 0, 94, 90351
2026/09/21 22:57:52.301, 1, 96, 90351
2026/09/21 22:58:07.302, 0, 95, 90351
2026/09/21 22:58:07.303, 1, 94, 90351
2026/09/21 22:58:22.304, 0, 95, 90351
2026/09/21 22:58:22.304, 1, 96, 90351
2026/09/21 22:58:37.305, 0, 95, 90351
2026/09/21 22:58:37.305, 1, 96, 90351
2026/09/21 22:58:52.306, 0, 69, 90351
2026/09/21 22:58:52.306, 1, 96, 90351
2026/09/21 22:59:07.307, 0, 96, 90351
2026/09/21 22:59:07.307, 1, 93, 90351
2026/09/21 22:59:22.308, 0, 94, 90351
2026/09/21 22:59:22.308, 1, 95, 90351
2026/09/21 22:59:37.309, 0, 94, 90351
2026/09/21 22:59:37.309, 1, 96, 90351
2026/09/21 22:59:52.310, 0, 93, 90351
2026/09/21 22:59:52.310, 1, 92, 90351
2026/09/21 23:00:07.311, 0, 94, 90351
2026/09/21 23:00:07.311, 1, 93, 90351
2026/09/21 23:00:22.312, 0, 96, 90351
2026/09/21 23:00:22.312, 1, 96, 90351
2026/09/21 23:00:37.313, 0, 86, 90351
2026/09/21 23:00:37.313, 1, 92, 90351
2026/09/21 23:00:52.315, 0, 95, 90351
2026/09/21 23:00:52.315, 1, 96, 90351
2026/09/21 23:01:07.315, 0, 93, 90351
2026/09/21 23:01:07.315, 1, 95, 90351
2026/09/21 23:01:22.316, 0, 3, 90351
2026/09/21 23:01:22.317, 1, 100, 90351
2026/09/21 23:01:37.317, 0, 95, 90351
2026/09/21 23:01:37.318, 1, 94, 90351
2026/09/21 23:01:52.319, 0, 94, 90351
2026/09/21 23:01:52.319, 1, 96, 90351
2026/09/21 23:02:07.320, 0, 95, 90351
2026/09/21 23:02:07.321, 1, 94, 90351
2026/09/21 23:02:22.321, 0, 95, 90351
2026/09/21 23:02:22.321, 1, 93, 90351
2026/09/21 23:02:37.322, 0, 95, 90351
2026/09/21 23:02:37.323, 1, 95, 90351
2026/09/21 23:02:52.323, 0, 96, 90351
2026/09/21 23:02:52.323, 1, 94, 90351
2026/09/21 23:03:07.325, 0, 97, 90351
2026/09/21 23:03:07.325, 1, 94, 90351
2026/09/21 23:03:22.326, 0, 96, 90351
2026/09/21 23:03:22.326, 1, 97, 90351
2026/09/21 23:03:37.327, 0, 89, 90351
2026/09/21 23:03:37.327, 1, 96, 90351
2026/09/21 23:03:52.328, 0, 95, 90351
2026/09/21 23:03:52.328, 1, 97, 90351
2026/09/21 23:04:07.329, 0, 95, 90351
2026/09/21 23:04:07.329, 1, 96, 90351
2026/09/21 23:04:22.330, 0, 98, 90351
2026/09/21 23:04:22.331, 1, 96, 90351
2026/09/21 23:04:37.332, 0, 96, 90351
2026/09/21 23:04:37.332, 1, 96, 90351
2026/09/21 23:04:52.333, 0, 96, 90351
2026/09/21 23:04:52.333, 1, 97, 90351
2026/09/21 23:05:07.334, 0, 96, 90351
2026/09/21 23:05:07.334, 1, 97, 90351
2026/09/21 23:05:22.335, 0, 98, 90351
2026/09/21 23:05:22.335, 1, 96, 90351
2026/09/21 23:05:37.336, 0, 96, 90351
2026/09/21 23:05:37.336, 1, 96, 90351
2026/09/21 23:05:52.337, 0, 96, 90351
2026/09/21 23:05:52.338, 1, 97, 90351
2026/09/21 23:06:07.338, 0, 95, 90351
2026/09/21 23:06:07.339, 1, 96, 90351
2026/09/21 23:06:22.340, 0, 97, 90351
2026/09/21 23:06:22.340, 1, 95, 90351
2026/09/21 23:06:37.341, 0, 96, 90351
2026/09/21 23:06:37.341, 1, 97, 90351
2026/09/21 23:06:52.342, 0, 97, 90351
2026/09/21 23:06:52.342, 1, 95, 90351
2026/09/21 23:07:07.343, 0, 95, 90351
2026/09/21 23:07:07.344, 1, 96, 90351
2026/09/21 23:07:22.345, 0, 97, 90351
2026/09/21 23:07:22.345, 1, 96, 90351
2026/09/21 23:07:37.346, 0, 96, 90351
2026/09/21 23:07:37.347, 1, 97, 90351
2026/09/21 23:07:52.349, 0, 95, 90351
2026/09/21 23:07:52.350, 1, 97, 90351
2026/09/21 23:08:07.351, 0, 96, 90351
2026/09/21 23:08:07.351, 1, 98, 90351
2026/09/21 23:08:22.352, 0, 97, 90351
2026/09/21 23:08:22.352, 1, 97, 90351
2026/09/21 23:08:37.354, 0, 97, 90351
2026/09/21 23:08:37.354, 1, 96, 90351
2026/09/21 23:08:52.355, 0, 97, 90351
2026/09/21 23:08:52.355, 1, 97, 90351
2026/09/21 23:09:07.356, 0, 96, 90351
2026/09/21 23:09:07.356, 1, 97, 90351
2026/09/21 23:09:22.358, 0, 97, 90351
2026/09/21 23:09:22.358, 1, 97, 90351
2026/09/21 23:09:37.360, 0, 97, 90351
2026/09/21 23:09:37.360, 1, 95, 90351
2026/09/21 23:09:52.361, 0, 96, 90351
2026/09/21 23:09:52.361, 1, 97, 90351
2026/09/21 23:10:07.362, 0, 96, 90351
2026/09/21 23:10:07.362, 1, 96, 90351
2026/09/21 23:10:22.363, 0, 95, 90351
2026/09/21 23:10:22.363, 1, 96, 90351
2026/09/21 23:10:37.364, 0, 96, 90351
2026/09/21 23:10:37.364, 1, 97, 90351
2026/09/21 23:10:52.365, 0, 94, 90351
2026/09/21 23:10:52.365, 1, 96, 90351
2026/09/21 23:11:07.366, 0, 96, 90351
2026/09/21 23:11:07.366, 1, 96, 90351
2026/09/21 23:11:22.367, 0, 95, 90351
2026/09/21 23:11:22.368, 1, 96, 90351
2026/09/21 23:11:37.369, 0, 96, 90351
2026/09/21 23:11:37.369, 1, 97, 90351
2026/09/21 23:11:52.370, 0, 96, 90351
2026/09/21 23:11:52.370, 1, 96, 90351
2026/09/21 23:12:07.371, 0, 97, 90351
2026/09/21 23:12:07.371, 1, 96, 90351
2026/09/21 23:12:22.372, 0, 96, 90351
2026/09/21 23:12:22.372, 1, 96, 90351
2026/09/21 23:12:37.373, 0, 96, 90351
2026/09/21 23:12:37.374, 1, 95, 90351
2026/09/21 23:12:52.375, 0, 95, 90351
2026/09/21 23:12:52.375, 1, 96, 90351
2026/09/21 23:13:07.376, 0, 95, 90351
2026/09/21 23:13:07.376, 1, 96, 90351
2026/09/21 23:13:22.377, 0, 95, 90351
2026/09/21 23:13:22.377, 1, 94, 90351
2026/09/21 23:13:37.378, 0, 94, 90351
2026/09/21 23:13:37.378, 1, 97, 90351
2026/09/21 23:13:52.379, 0, 88, 90351
2026/09/21 23:13:52.380, 1, 94, 90351
2026/09/21 23:14:07.381, 0, 94, 90351
2026/09/21 23:14:07.381, 1, 96, 90351
2026/09/21 23:14:22.382, 0, 95, 90351
2026/09/21 23:14:22.382, 1, 95, 90351
2026/09/21 23:14:37.383, 0, 95, 90351
2026/09/21 23:14:37.383, 1, 95, 90351
2026/09/21 23:14:52.384, 0, 95, 90351
2026/09/21 23:14:52.384, 1, 97, 90351
2026/09/21 23:15:07.386, 0, 94, 90351
2026/09/21 23:15:07.386, 1, 97, 90351
2026/09/21 23:15:22.387, 0, 94, 90351
2026/09/21 23:15:22.387, 1, 97, 90351
2026/09/21 23:15:37.388, 0, 95, 90351
2026/09/21 23:15:37.388, 1, 92, 90351
2026/09/21 23:15:52.389, 0, 85, 90351
2026/09/21 23:15:52.389, 1, 94, 90351
2026/09/21 23:16:07.390, 0, 95, 90351
2026/09/21 23:16:07.390, 1, 91, 90351
2026/09/21 23:16:22.391, 0, 95, 90351
2026/09/21 23:16:22.391, 1, 95, 90351
2026/09/21 23:16:37.392, 0, 95, 90351
2026/09/21 23:16:37.392, 1, 96, 90351
2026/09/21 23:16:52.393, 0, 94, 90351
2026/09/21 23:16:52.393, 1, 96, 90351
2026/09/21 23:17:07.394, 0, 96, 90351
2026/09/21 23:17:07.394, 1, 97, 90351
2026/09/21 23:17:22.395, 0, 97, 90351
2026/09/21 23:17:22.395, 1, 94, 90351
2026/09/21 23:17:37.396, 0, 93, 90351
2026/09/21 23:17:37.396, 1, 97, 90351
2026/09/21 23:17:52.397, 0, 96, 90351
2026/09/21 23:17:52.397, 1, 94, 90351
2026/09/21 23:18:07.398, 0, 96, 90351
2026/09/21 23:18:07.398, 1, 94, 90351
2026/09/21 23:18:22.399, 0, 97, 90351
2026/09/21 23:18:22.399, 1, 95, 90351
2026/09/21 23:18:37.400, 0, 90, 90351
2026/09/21 23:18:37.400, 1, 95, 90351
2026/09/21 23:18:52.401, 0, 95, 90351
2026/09/21 23:18:52.401, 1, 94, 90351
2026/09/21 23:19:07.401, 0, 94, 90351
2026/09/21 23:19:07.402, 1, 93, 90351
2026/09/21 23:19:22.403, 0, 97, 90351
2026/09/21 23:19:22.403, 1, 95, 90351
2026/09/21 23:19:37.404, 0, 96, 90351
2026/09/21 23:19:37.404, 1, 94, 90351
2026/09/21 23:19:52.405, 0, 96, 90351
2026/09/21 23:19:52.405, 1, 93, 90351
2026/09/21 23:20:07.406, 0, 97, 90351
2026/09/21 23:20:07.406, 1, 94, 90351
2026/09/21 23:20:22.408, 0, 86, 90351
2026/09/21 23:20:22.408, 1, 92, 90351
2026/09/21 23:20:37.409, 0, 94, 90351
2026/09/21 23:20:37.409, 1, 96, 90351
2026/09/21 23:20:52.410, 0, 95, 90351
2026/09/21 23:20:52.410, 1, 94, 90351
2026/09/21 23:21:07.411, 0, 96, 90351
2026/09/21 23:21:07.412, 1, 97, 90351
2026/09/21 23:21:22.412, 0, 0, 90351
2026/09/21 23:21:22.414, 1, 100, 90351
2026/09/21 23:21:37.418, 0, 96, 90351
2026/09/21 23:21:37.418, 1, 96, 90351
2026/09/21 23:21:52.419, 0, 95, 90351
2026/09/21 23:21:52.419, 1, 94, 90351
2026/09/21 23:22:07.419, 0, 94, 90351
2026/09/21 23:22:07.420, 1, 97, 90351
2026/09/21 23:22:22.421, 0, 97, 90351
2026/09/21 23:22:22.421, 1, 94, 90351
2026/09/21 23:22:37.422, 0, 95, 90351
2026/09/21 23:22:37.422, 1, 94, 90351
2026/09/21 23:22:52.423, 0, 92, 90351
2026/09/21 23:22:52.423, 1, 96, 90351
2026/09/21 23:23:07.424, 0, 93, 90351
2026/09/21 23:23:07.424, 1, 96, 90351
2026/09/21 23:23:22.425, 0, 93, 90351
2026/09/21 23:23:22.425, 1, 95, 90351
2026/09/21 23:23:37.426, 0, 93, 90351
2026/09/21 23:23:37.426, 1, 96, 90351
2026/09/21 23:23:52.427, 0, 94, 90351
2026/09/21 23:23:52.427, 1, 95, 90351
2026/09/21 23:24:07.428, 0, 96, 90351
2026/09/21 23:24:07.428, 1, 93, 90351
2026/09/21 23:24:22.429, 0, 97, 90351
2026/09/21 23:24:22.430, 1, 94, 90351
2026/09/21 23:24:37.431, 0, 97, 90351
2026/09/21 23:24:37.431, 1, 95, 90351
2026/09/21 23:24:52.432, 0, 95, 90351
2026/09/21 23:24:52.432, 1, 93, 90351
2026/09/21 23:25:07.433, 0, 94, 90351
2026/09/21 23:25:07.433, 1, 96, 90351
2026/09/21 23:25:22.434, 0, 94, 90351
2026/09/21 23:25:22.434, 1, 97, 90351
2026/09/21 23:25:37.435, 0, 93, 90351
2026/09/21 23:25:37.436, 1, 94, 90351
2026/09/21 23:25:52.437, 0, 95, 90351
2026/09/21 23:25:52.437, 1, 94, 90351
2026/09/21 23:26:07.438, 0, 96, 90351
2026/09/21 23:26:07.438, 1, 93, 90351
2026/09/21 23:26:22.439, 0, 95, 90351
2026/09/21 23:26:22.439, 1, 93, 90351
2026/09/21 23:26:37.440, 0, 94, 90351
2026/09/21 23:26:37.441, 1, 95, 90351
2026/09/21 23:26:52.441, 0, 95, 90351
2026/09/21 23:26:52.442, 1, 95, 90351
2026/09/21 23:27:07.442, 0, 96, 90351
2026/09/21 23:27:07.442, 1, 96, 90351
2026/09/21 23:27:22.443, 0, 94, 90351
2026/09/21 23:27:22.444, 1, 95, 90351
2026/09/21 23:27:37.445, 0, 97, 90351
2026/09/21 23:27:37.445, 1, 94, 90351
2026/09/21 23:27:52.446, 0, 95, 90351
2026/09/21 23:27:52.446, 1, 96, 90351
2026/09/21 23:28:07.447, 0, 95, 90351
2026/09/21 23:28:07.447, 1, 94, 90351
2026/09/21 23:28:22.449, 0, 94, 90351
2026/09/21 23:28:22.449, 1, 96, 90351
2026/09/21 23:28:37.450, 0, 94, 90351
2026/09/21 23:28:37.450, 1, 96, 90351
2026/09/21 23:28:52.451, 0, 93, 90351
2026/09/21 23:28:52.451, 1, 96, 90351
2026/09/21 23:29:07.452, 0, 96, 90351
2026/09/21 23:29:07.452, 1, 93, 90351
2026/09/21 23:29:22.453, 0, 95, 90351
2026/09/21 23:29:22.453, 1, 92, 90351
2026/09/21 23:29:37.454, 0, 94, 90351
2026/09/21 23:29:37.454, 1, 96, 90351
2026/09/21 23:29:52.455, 0, 93, 90351
2026/09/21 23:29:52.455, 1, 95, 90351
2026/09/21 23:30:07.456, 0, 95, 90351
2026/09/21 23:30:07.456, 1, 96, 90351
2026/09/21 23:30:22.457, 0, 92, 90351
2026/09/21 23:30:22.457, 1, 95, 90351
2026/09/21 23:30:37.458, 0, 96, 90351
2026/09/21 23:30:37.459, 1, 95, 90351
2026/09/21 23:30:52.460, 0, 95, 90351
2026/09/21 23:30:52.460, 1, 95, 90351
2026/09/21 23:31:07.461, 0, 94, 90351
2026/09/21 23:31:07.461, 1, 96, 90351
2026/09/21 23:31:22.462, 0, 96, 90351
2026/09/21 23:31:22.462, 1, 97, 90351
2026/09/21 23:31:37.464, 0, 97, 90351
2026/09/21 23:31:37.464, 1, 94, 90351
2026/09/21 23:31:52.465, 0, 96, 90351
2026/09/21 23:31:52.465, 1, 93, 90351
2026/09/21 23:32:07.466, 0, 92, 90351
2026/09/21 23:32:07.466, 1, 96, 90351
2026/09/21 23:32:22.467, 0, 95, 90351
2026/09/21 23:32:22.467, 1, 93, 90351
2026/09/21 23:32:37.468, 0, 95, 90351
2026/09/21 23:32:37.469, 1, 95, 90351
2026/09/21 23:32:52.470, 0, 92, 90351
2026/09/21 23:32:52.470, 1, 95, 90351
2026/09/21 23:33:07.471, 0, 93, 90351
2026/09/21 23:33:07.471, 1, 97, 90351
2026/09/21 23:33:22.473, 0, 92, 90351
2026/09/21 23:33:22.473, 1, 96, 90351
2026/09/21 23:33:37.474, 0, 89, 90351
2026/09/21 23:33:37.474, 1, 95, 90351
2026/09/21 23:33:52.475, 0, 95, 90351
2026/09/21 23:33:52.475, 1, 96, 90351
2026/09/21 23:34:07.476, 0, 96, 90351
2026/09/21 23:34:07.476, 1, 97, 90351
2026/09/21 23:34:22.477, 0, 95, 90351
2026/09/21 23:34:22.477, 1, 92, 90351
2026/09/21 23:34:37.478, 0, 96, 90351
2026/09/21 23:34:37.478, 1, 94, 90351
2026/09/21 23:34:52.479, 0, 92, 90351
2026/09/21 23:34:52.479, 1, 93, 90351
2026/09/21 23:35:07.481, 0, 96, 90351
2026/09/21 23:35:07.481, 1, 92, 90351
2026/09/21 23:35:22.482, 0, 95, 90351
2026/09/21 23:35:22.482, 1, 94, 90351
2026/09/21 23:35:37.483, 0, 94, 90351
2026/09/21 23:35:37.484, 1, 96, 90351
2026/09/21 23:35:52.485, 0, 97, 90351
2026/09/21 23:35:52.485, 1, 95, 90351
2026/09/21 23:36:07.485, 0, 85, 90351
2026/09/21 23:36:07.486, 1, 97, 90351
2026/09/21 23:36:22.487, 0, 96, 90351
2026/09/21 23:36:22.487, 1, 92, 90351
2026/09/21 23:36:37.488, 0, 94, 90351
2026/09/21 23:36:37.488, 1, 95, 90351
2026/09/21 23:36:52.489, 0, 94, 90351
2026/09/21 23:36:52.489, 1, 93, 90351
2026/09/21 23:37:07.490, 0, 94, 90351
2026/09/21 23:37:07.490, 1, 95, 90351
2026/09/21 23:37:22.492, 0, 96, 90351
2026/09/21 23:37:22.492, 1, 93, 90351
2026/09/21 23:37:37.493, 0, 96, 90351
2026/09/21 23:37:37.493, 1, 95, 90351
2026/09/21 23:37:52.494, 0, 94, 90351
2026/09/21 23:37:52.494, 1, 94, 90351
2026/09/21 23:38:07.495, 0, 96, 90351
2026/09/21 23:38:07.495, 1, 94, 90351
2026/09/21 23:38:22.496, 0, 97, 90351
2026/09/21 23:38:22.496, 1, 94, 90351
2026/09/21 23:38:37.497, 0, 94, 90351
2026/09/21 23:38:37.497, 1, 96, 90351
2026/09/21 23:38:52.498, 0, 96, 90351
2026/09/21 23:38:52.498, 1, 92, 90351
2026/09/21 23:39:07.499, 0, 94, 90351
2026/09/21 23:39:07.499, 1, 95, 90351
2026/09/21 23:39:22.501, 0, 94, 90351
2026/09/21 23:39:22.501, 1, 97, 90351
2026/09/21 23:39:37.502, 0, 95, 90351
2026/09/21 23:39:37.502, 1, 96, 90351
2026/09/21 23:39:52.503, 0, 93, 90351
2026/09/21 23:39:52.503, 1, 94, 90351
2026/09/21 23:40:07.504, 0, 94, 90351
2026/09/21 23:40:07.505, 1, 95, 90351
2026/09/21 23:40:22.506, 0, 94, 90351
2026/09/21 23:40:22.506, 1, 95, 90351
2026/09/21 23:40:37.507, 0, 96, 90351
2026/09/21 23:40:37.507, 1, 96, 90351
2026/09/21 23:40:52.508, 0, 96, 90351
2026/09/21 23:40:52.508, 1, 95, 90351
2026/09/21 23:41:07.510, 0, 93, 90351
2026/09/21 23:41:07.510, 1, 95, 90351
2026/09/21 23:41:22.511, 0, 0, 90351
2026/09/21 23:41:22.511, 1, 100, 90351
2026/09/21 23:41:37.512, 0, 95, 90351
2026/09/21 23:41:37.512, 1, 94, 90351
2026/09/21 23:41:52.513, 0, 97, 90351
2026/09/21 23:41:52.514, 1, 97, 90351
2026/09/21 23:42:07.515, 0, 96, 90351
2026/09/21 23:42:07.515, 1, 96, 90351
2026/09/21 23:42:22.516, 0, 96, 90351
2026/09/21 23:42:22.516, 1, 93, 90351
2026/09/21 23:42:37.517, 0, 96, 90351
2026/09/21 23:42:37.517, 1, 98, 90351
2026/09/21 23:42:52.519, 0, 95, 90351
2026/09/21 23:42:52.519, 1, 96, 90351
2026/09/21 23:43:07.520, 0, 96, 90351
2026/09/21 23:43:07.520, 1, 94, 90351
2026/09/21 23:43:22.522, 0, 96, 90351
2026/09/21 23:43:22.522, 1, 94, 90351
2026/09/21 23:43:37.523, 0, 87, 90351
2026/09/21 23:43:37.523, 1, 94, 90351
2026/09/21 23:43:52.525, 0, 94, 90351
2026/09/21 23:43:52.525, 1, 97, 90351
2026/09/21 23:44:07.526, 0, 97, 90351
2026/09/21 23:44:07.526, 1, 97, 90351
2026/09/21 23:44:22.527, 0, 95, 90351
2026/09/21 23:44:22.527, 1, 93, 90351
2026/09/21 23:44:37.528, 0, 94, 90351
2026/09/21 23:44:37.529, 1, 96, 90351
2026/09/21 23:44:52.530, 0, 94, 90351
2026/09/21 23:44:52.530, 1, 95, 90351
2026/09/21 23:45:07.531, 0, 94, 90351
2026/09/21 23:45:07.531, 1, 95, 90351
2026/09/21 23:45:22.532, 0, 96, 90351
2026/09/21 23:45:22.532, 1, 92, 90351
2026/09/21 23:45:37.533, 0, 97, 90351
2026/09/21 23:45:37.533, 1, 94, 90351
2026/09/21 23:45:52.534, 0, 96, 90351
2026/09/21 23:45:52.535, 1, 95, 90351
2026/09/21 23:46:07.535, 0, 91, 90351
2026/09/21 23:46:07.536, 1, 97, 90351
2026/09/21 23:46:22.537, 0, 95, 90351
2026/09/21 23:46:22.537, 1, 96, 90351
2026/09/21 23:46:37.538, 0, 95, 90351
2026/09/21 23:46:37.538, 1, 96, 90351
2026/09/21 23:46:52.539, 0, 95, 90351
2026/09/21 23:46:52.539, 1, 96, 90351
2026/09/21 23:47:07.540, 0, 96, 90351
2026/09/21 23:47:07.540, 1, 96, 90351
2026/09/21 23:47:22.541, 0, 96, 90351
2026/09/21 23:47:22.541, 1, 97, 90351
2026/09/21 23:47:37.542, 0, 98, 90351
2026/09/21 23:47:37.542, 1, 96, 90351
2026/09/21 23:47:52.543, 0, 95, 90351
2026/09/21 23:47:52.543, 1, 96, 90351
2026/09/21 23:48:07.544, 0, 94, 90351
2026/09/21 23:48:07.545, 1, 95, 90351
2026/09/21 23:48:22.546, 0, 97, 90351
2026/09/21 23:48:22.546, 1, 97, 90351
2026/09/21 23:48:37.547, 0, 97, 90351
2026/09/21 23:48:37.547, 1, 95, 90351
2026/09/21 23:48:52.548, 0, 95, 90351
2026/09/21 23:48:52.548, 1, 97, 90351
2026/09/21 23:49:07.550, 0, 94, 90351
2026/09/21 23:49:07.550, 1, 95, 90351
2026/09/21 23:49:22.550, 0, 96, 90351
2026/09/21 23:49:22.551, 1, 97, 90351
2026/09/21 23:49:37.551, 0, 97, 90351
2026/09/21 23:49:37.552, 1, 97, 90351
2026/09/21 23:49:52.553, 0, 97, 90351
2026/09/21 23:49:52.553, 1, 98, 90351
2026/09/21 23:50:07.554, 0, 97, 90351
2026/09/21 23:50:07.554, 1, 96, 90351
2026/09/21 23:50:22.555, 0, 97, 90351
2026/09/21 23:50:22.555, 1, 98, 90351
2026/09/21 23:50:37.556, 0, 97, 90351
2026/09/21 23:50:37.556, 1, 97, 90351
2026/09/21 23:50:52.557, 0, 97, 90351
2026/09/21 23:50:52.557, 1, 97, 90351
2026/09/21 23:51:07.558, 0, 96, 90351
2026/09/21 23:51:07.558, 1, 98, 90351
2026/09/21 23:51:22.559, 0, 97, 90351
2026/09/21 23:51:22.559, 1, 97, 90351
2026/09/21 23:51:37.560, 0, 97, 90351
2026/09/21 23:51:37.561, 1, 97, 90351
2026/09/21 23:51:52.561, 0, 96, 90351
2026/09/21 23:51:52.562, 1, 97, 90351
2026/09/21 23:52:07.562, 0, 98, 90351
2026/09/21 23:52:07.563, 1, 97, 90351
2026/09/21 23:52:22.564, 0, 98, 90351
2026/09/21 23:52:22.564, 1, 96, 90351
2026/09/21 23:52:37.565, 0, 97, 90351
2026/09/21 23:52:37.565, 1, 97, 90351
2026/09/21 23:52:52.566, 0, 98, 90351
2026/09/21 23:52:52.566, 1, 96, 90351
2026/09/21 23:53:07.567, 0, 97, 90351
2026/09/21 23:53:07.567, 1, 98, 90351
2026/09/21 23:53:22.568, 0, 98, 90351
2026/09/21 23:53:22.568, 1, 97, 90351
2026/09/21 23:53:37.570, 0, 96, 90351
2026/09/21 23:53:37.570, 1, 98, 90351
2026/09/21 23:53:52.571, 0, 97, 90351
2026/09/21 23:53:52.571, 1, 98, 90351
2026/09/21 23:54:07.572, 0, 97, 90351
2026/09/21 23:54:07.572, 1, 97, 90351
2026/09/21 23:54:22.573, 0, 98, 90351
2026/09/21 23:54:22.573, 1, 98, 90351
2026/09/21 23:54:37.574, 0, 98, 90351
2026/09/21 23:54:37.574, 1, 97, 90351
2026/09/21 23:54:52.575, 0, 90, 90351
2026/09/21 23:54:52.575, 1, 97, 90351
2026/09/21 23:55:07.576, 0, 97, 90351
2026/09/21 23:55:07.576, 1, 97, 90351
2026/09/21 23:55:22.578, 0, 97, 90351
2026/09/21 23:55:22.578, 1, 98, 90351
2026/09/21 23:55:37.579, 0, 97, 90351
2026/09/21 23:55:37.579, 1, 96, 90351
2026/09/21 23:55:52.580, 0, 96, 90351
2026/09/21 23:55:52.580, 1, 97, 90351
2026/09/21 23:56:07.581, 0, 98, 90351
2026/09/21 23:56:07.581, 1, 96, 90351
2026/09/21 23:56:22.582, 0, 97, 90351
2026/09/21 23:56:22.582, 1, 98, 90351
2026/09/21 23:56:37.583, 0, 98, 90351
2026/09/21 23:56:37.583, 1, 97, 90351
2026/09/21 23:56:52.584, 0, 93, 90351
2026/09/21 23:56:52.584, 1, 98, 90351
2026/09/21 23:57:07.585, 0, 96, 90351
2026/09/21 23:57:07.585, 1, 97, 90351
2026/09/21 23:57:22.586, 0, 97, 90351
2026/09/21 23:57:22.586, 1, 97, 90351
2026/09/21 23:57:37.587, 0, 97, 90351
2026/09/21 23:57:37.587, 1, 98, 90351
2026/09/21 23:57:52.589, 0, 97, 90351
2026/09/21 23:57:52.589, 1, 96, 90351
2026/09/21 23:58:07.590, 0, 96, 90351
2026/09/21 23:58:07.590, 1, 97, 90351
2026/09/21 23:58:22.591, 0, 97, 90351
2026/09/21 23:58:22.591, 1, 98, 90351
2026/09/21 23:58:37.592, 0, 98, 90351
2026/09/21 23:58:37.592, 1, 96, 90351
2026/09/21 23:58:52.593, 0, 98, 90351
2026/09/21 23:58:52.593, 1, 97, 90351
2026/09/21 23:59:07.594, 0, 98, 90351
2026/09/21 23:59:07.594, 1, 97, 90351
2026/09/21 23:59:22.595, 0, 97, 90351
2026/09/21 23:59:22.595, 1, 97, 90351
2026/09/21 23:59:37.596, 0, 98, 90351
2026/09/21 23:59:37.596, 1, 97, 90351
2026/09/21 23:59:52.597, 0, 96, 90351
2026/09/21 23:59:52.597, 1, 98, 90351
2026/09/22 00:00:07.598, 0, 97, 90351
2026/09/22 00:00:07.598, 1, 97, 90351
2026/09/22 00:00:22.599, 0, 97, 90351
2026/09/22 00:00:22.599, 1, 97, 90351
2026/09/22 00:00:37.600, 0, 98, 90351
2026/09/22 00:00:37.601, 1, 96, 90351
2026/09/22 00:00:52.602, 0, 97, 90351
2026/09/22 00:00:52.602, 1, 97, 90351
2026/09/22 00:01:07.603, 0, 98, 90351
2026/09/22 00:01:07.603, 1, 97, 90351
2026/09/22 00:01:22.604, 0, 96, 90351
2026/09/22 00:01:22.604, 1, 97, 90351
2026/09/22 00:01:37.605, 0, 97, 90351
2026/09/22 00:01:37.606, 1, 98, 90351
2026/09/22 00:01:52.607, 0, 98, 90351
2026/09/22 00:01:52.607, 1, 98, 90351
2026/09/22 00:02:07.608, 0, 97, 90351
2026/09/22 00:02:07.608, 1, 97, 90351
2026/09/22 00:02:22.609, 0, 98, 90351
2026/09/22 00:02:22.609, 1, 97, 90351
2026/09/22 00:02:37.610, 0, 96, 90351
2026/09/22 00:02:37.610, 1, 97, 90351
2026/09/22 00:02:52.612, 0, 98, 90351
2026/09/22 00:02:52.612, 1, 97, 90351
2026/09/22 00:03:07.613, 0, 97, 90351
2026/09/22 00:03:07.613, 1, 97, 90351
2026/09/22 00:03:22.614, 0, 97, 90351
2026/09/22 00:03:22.614, 1, 96, 90351
2026/09/22 00:03:37.615, 0, 97, 90351
2026/09/22 00:03:37.615, 1, 97, 90351
2026/09/22 00:03:52.616, 0, 97, 90351
2026/09/22 00:03:52.616, 1, 97, 90351
2026/09/22 00:04:07.617, 0, 97, 90351
2026/09/22 00:04:07.617, 1, 96, 90351
2026/09/22 00:04:22.618, 0, 2, 90351
2026/09/22 00:04:22.618, 1, 100, 90351
2026/09/22 00:04:37.619, 0, 97, 90351
2026/09/22 00:04:37.619, 1, 97, 90351
2026/09/22 00:04:52.620, 0, 97, 90351
2026/09/22 00:04:52.620, 1, 97, 90351
2026/09/22 00:05:07.621, 0, 98, 90351
2026/09/22 00:05:07.622, 1, 97, 90351
2026/09/22 00:05:22.622, 0, 97, 90351
2026/09/22 00:05:22.623, 1, 97, 90351
2026/09/22 00:05:37.624, 0, 96, 90351
2026/09/22 00:05:37.624, 1, 97, 90351
2026/09/22 00:05:52.625, 0, 97, 90351
2026/09/22 00:05:52.625, 1, 97, 90351
2026/09/22 00:06:07.626, 0, 97, 90351
2026/09/22 00:06:07.626, 1, 98, 90351
2026/09/22 00:06:22.627, 0, 98, 90351
2026/09/22 00:06:22.627, 1, 96, 90351
2026/09/22 00:06:37.628, 0, 96, 90351
2026/09/22 00:06:37.629, 1, 97, 90351
2026/09/22 00:06:52.629, 0, 97, 90351
2026/09/22 00:06:52.630, 1, 96, 90351
2026/09/22 00:07:07.631, 0, 96, 90351
2026/09/22 00:07:07.631, 1, 97, 90351
2026/09/22 00:07:22.632, 0, 96, 90351
2026/09/22 00:07:22.632, 1, 92, 90351
2026/09/22 00:07:37.633, 0, 94, 90351
2026/09/22 00:07:37.633, 1, 93, 90351
2026/09/22 00:07:52.634, 0, 95, 90351
2026/09/22 00:07:52.634, 1, 95, 90351
2026/09/22 00:08:07.635, 0, 88, 90351
2026/09/22 00:08:07.635, 1, 97, 90351
2026/09/22 00:08:22.637, 0, 94, 90351
2026/09/22 00:08:22.637, 1, 95, 90351
2026/09/22 00:08:37.638, 0, 94, 90351
2026/09/22 00:08:37.638, 1, 97, 90351
2026/09/22 00:08:52.639, 0, 97, 90351
2026/09/22 00:08:52.639, 1, 94, 90351
2026/09/22 00:09:07.640, 0, 94, 90351
2026/09/22 00:09:07.640, 1, 95, 90351
2026/09/22 00:09:22.642, 0, 92, 90351
2026/09/22 00:09:22.642, 1, 94, 90351
2026/09/22 00:09:37.642, 0, 94, 90351
2026/09/22 00:09:37.643, 1, 95, 90351
2026/09/22 00:09:52.644, 0, 95, 90351
2026/09/22 00:09:52.644, 1, 92, 90351
2026/09/22 00:10:07.645, 0, 95, 90351
2026/09/22 00:10:07.645, 1, 95, 90351
2026/09/22 00:10:22.646, 0, 91, 90351
2026/09/22 00:10:22.646, 1, 92, 90351
2026/09/22 00:10:37.647, 0, 93, 90351
2026/09/22 00:10:37.647, 1, 90, 90351
2026/09/22 00:10:52.648, 0, 94, 90351
2026/09/22 00:10:52.649, 1, 96, 90351
2026/09/22 00:11:07.649, 0, 92, 90351
2026/09/22 00:11:07.649, 1, 95, 90351
2026/09/22 00:11:22.650, 0, 93, 90351
2026/09/22 00:11:22.650, 1, 96, 90351
2026/09/22 00:11:37.651, 0, 96, 90351
2026/09/22 00:11:37.651, 1, 95, 90351
2026/09/22 00:11:52.652, 0, 92, 90351
2026/09/22 00:11:52.653, 1, 93, 90351
2026/09/22 00:12:07.653, 0, 96, 90351
2026/09/22 00:12:07.654, 1, 97, 90351
2026/09/22 00:12:22.654, 0, 97, 90351
2026/09/22 00:12:22.655, 1, 95, 90351
2026/09/22 00:12:37.656, 0, 92, 90351
2026/09/22 00:12:37.656, 1, 96, 90351
2026/09/22 00:12:52.657, 0, 95, 90351
2026/09/22 00:12:52.657, 1, 94, 90351
2026/09/22 00:13:07.658, 0, 93, 90351
2026/09/22 00:13:07.658, 1, 94, 90351
2026/09/22 00:13:22.659, 0, 96, 90351
2026/09/22 00:13:22.659, 1, 93, 90351
2026/09/22 00:13:37.660, 0, 96, 90351
2026/09/22 00:13:37.661, 1, 96, 90351
2026/09/22 00:13:52.662, 0, 96, 90351
2026/09/22 00:13:52.662, 1, 93, 90351
2026/09/22 00:14:07.663, 0, 93, 90351
2026/09/22 00:14:07.663, 1, 95, 90351
2026/09/22 00:14:22.664, 0, 95, 90351
2026/09/22 00:14:22.664, 1, 96, 90351
2026/09/22 00:14:37.665, 0, 95, 90351
2026/09/22 00:14:37.665, 1, 94, 90351
2026/09/22 00:14:52.666, 0, 95, 90351
2026/09/22 00:14:52.666, 1, 91, 90351
2026/09/22 00:15:07.668, 0, 95, 90351
2026/09/22 00:15:07.668, 1, 96, 90351
2026/09/22 00:15:22.669, 0, 91, 90351
2026/09/22 00:15:22.669, 1, 93, 90351
2026/09/22 00:15:37.670, 0, 97, 90351
2026/09/22 00:15:37.670, 1, 97, 90351
2026/09/22 00:15:52.671, 0, 95, 90351
2026/09/22 00:15:52.671, 1, 94, 90351
2026/09/22 00:16:07.672, 0, 91, 90351
2026/09/22 00:16:07.672, 1, 95, 90351
2026/09/22 00:16:22.673, 0, 97, 90351
2026/09/22 00:16:22.674, 1, 93, 90351
2026/09/22 00:16:37.675, 0, 95, 90351
2026/09/22 00:16:37.675, 1, 96, 90351
2026/09/22 00:16:52.676, 0, 95, 90351
2026/09/22 00:16:52.676, 1, 97, 90351
2026/09/22 00:17:07.677, 0, 96, 90351
2026/09/22 00:17:07.677, 1, 93, 90351
2026/09/22 00:17:22.678, 0, 95, 90351
2026/09/22 00:17:22.678, 1, 92, 90351
2026/09/22 00:17:37.679, 0, 94, 90351
2026/09/22 00:17:37.679, 1, 95, 90351
2026/09/22 00:17:52.680, 0, 92, 90351
2026/09/22 00:17:52.680, 1, 93, 90351
2026/09/22 00:18:07.681, 0, 94, 90351
2026/09/22 00:18:07.682, 1, 94, 90351
2026/09/22 00:18:22.682, 0, 95, 90351
2026/09/22 00:18:22.683, 1, 95, 90351
2026/09/22 00:18:37.683, 0, 94, 90351
2026/09/22 00:18:37.683, 1, 94, 90351
2026/09/22 00:18:52.684, 0, 92, 90351
2026/09/22 00:18:52.684, 1, 93, 90351
2026/09/22 00:19:07.685, 0, 95, 90351
2026/09/22 00:19:07.686, 1, 97, 90351
2026/09/22 00:19:22.686, 0, 93, 90351
2026/09/22 00:19:22.687, 1, 90, 90351
2026/09/22 00:19:37.687, 0, 95, 90351
2026/09/22 00:19:37.688, 1, 94, 90351
2026/09/22 00:19:52.688, 0, 95, 90351
2026/09/22 00:19:52.689, 1, 92, 90351
2026/09/22 00:20:07.689, 0, 95, 90351
2026/09/22 00:20:07.690, 1, 93, 90351
2026/09/22 00:20:22.691, 0, 93, 90351
2026/09/22 00:20:22.691, 1, 90, 90351
2026/09/22 00:20:37.692, 0, 95, 90351
2026/09/22 00:20:37.693, 1, 95, 90351
2026/09/22 00:20:52.694, 0, 92, 90351
2026/09/22 00:20:52.694, 1, 95, 90351
2026/09/22 00:21:07.695, 0, 94, 90351
2026/09/22 00:21:07.695, 1, 92, 90351
2026/09/22 00:21:22.697, 0, 4, 90351
2026/09/22 00:21:22.697, 1, 100, 90351
2026/09/22 00:21:37.698, 0, 96, 90351
2026/09/22 00:21:37.698, 1, 90, 90351
2026/09/22 00:21:52.699, 0, 95, 90351
2026/09/22 00:21:52.700, 1, 96, 90351
2026/09/22 00:22:07.701, 0, 90, 90351
2026/09/22 00:22:07.701, 1, 95, 90351
2026/09/22 00:22:22.702, 0, 95, 90351
2026/09/22 00:22:22.702, 1, 93, 90351
2026/09/22 00:22:37.703, 0, 91, 90351
2026/09/22 00:22:37.703, 1, 94, 90351
2026/09/22 00:22:52.704, 0, 94, 90351
2026/09/22 00:22:52.704, 1, 96, 90351
2026/09/22 00:23:07.705, 0, 95, 90351
2026/09/22 00:23:07.705, 1, 94, 90351
2026/09/22 00:23:22.706, 0, 94, 90351
2026/09/22 00:23:22.706, 1, 95, 90351
2026/09/22 00:23:37.707, 0, 92, 90351
2026/09/22 00:23:37.707, 1, 93, 90351
2026/09/22 00:23:52.708, 0, 97, 90351
2026/09/22 00:23:52.708, 1, 94, 90351
2026/09/22 00:24:07.709, 0, 96, 90351
2026/09/22 00:24:07.709, 1, 95, 90351
2026/09/22 00:24:22.710, 0, 94, 90351
2026/09/22 00:24:22.710, 1, 97, 90351
2026/09/22 00:24:37.711, 0, 91, 90351
2026/09/22 00:24:37.711, 1, 93, 90351
2026/09/22 00:24:52.712, 0, 91, 90351
2026/09/22 00:24:52.713, 1, 93, 90351
2026/09/22 00:25:07.713, 0, 94, 90351
2026/09/22 00:25:07.714, 1, 95, 90351
2026/09/22 00:25:22.714, 0, 93, 90351
2026/09/22 00:25:22.714, 1, 94, 90351
2026/09/22 00:25:37.715, 0, 95, 90351
2026/09/22 00:25:37.716, 1, 94, 90351
2026/09/22 00:25:52.717, 0, 96, 90351
2026/09/22 00:25:52.717, 1, 97, 90351
2026/09/22 00:26:07.718, 0, 96, 90351
2026/09/22 00:26:07.718, 1, 95, 90351
2026/09/22 00:26:22.719, 0, 95, 90351
2026/09/22 00:26:22.719, 1, 96, 90351
2026/09/22 00:26:37.721, 0, 96, 90351
2026/09/22 00:26:37.721, 1, 95, 90351
2026/09/22 00:26:52.722, 0, 92, 90351
2026/09/22 00:26:52.722, 1, 93, 90351
2026/09/22 00:27:07.723, 0, 94, 90351
2026/09/22 00:27:07.723, 1, 93, 90351
2026/09/22 00:27:22.724, 0, 93, 90351
2026/09/22 00:27:22.725, 1, 93, 90351
2026/09/22 00:27:37.725, 0, 92, 90351
2026/09/22 00:27:37.725, 1, 94, 90351
2026/09/22 00:27:52.726, 0, 93, 90351
2026/09/22 00:27:52.726, 1, 95, 90351
2026/09/22 00:28:07.727, 0, 92, 90351
2026/09/22 00:28:07.727, 1, 94, 90351
2026/09/22 00:28:22.729, 0, 94, 90351
2026/09/22 00:28:22.730, 1, 94, 90351
2026/09/22 00:28:37.731, 0, 94, 90351
2026/09/22 00:28:37.731, 1, 95, 90351
2026/09/22 00:28:52.732, 0, 94, 90351
2026/09/22 00:28:52.732, 1, 91, 90351
2026/09/22 00:29:07.734, 0, 96, 90351
2026/09/22 00:29:07.734, 1, 95, 90351
2026/09/22 00:29:22.735, 0, 91, 90351
2026/09/22 00:29:22.735, 1, 93, 90351
2026/09/22 00:29:37.736, 0, 95, 90351
2026/09/22 00:29:37.736, 1, 97, 90351
2026/09/22 00:29:52.738, 0, 86, 90351
2026/09/22 00:29:52.738, 1, 92, 90351
2026/09/22 00:30:07.739, 0, 90, 90351
2026/09/22 00:30:07.739, 1, 94, 90351
2026/09/22 00:30:22.740, 0, 93, 90351
2026/09/22 00:30:22.740, 1, 92, 90351
2026/09/22 00:30:37.741, 0, 91, 90351
2026/09/22 00:30:37.741, 1, 93, 90351
2026/09/22 00:30:52.742, 0, 96, 90351
2026/09/22 00:30:52.743, 1, 94, 90351
2026/09/22 00:31:07.744, 0, 95, 90351
2026/09/22 00:31:07.744, 1, 96, 90351
2026/09/22 00:31:22.745, 0, 96, 90351
2026/09/22 00:31:22.745, 1, 94, 90351
2026/09/22 00:31:37.747, 0, 90, 90351
2026/09/22 00:31:37.747, 1, 93, 90351
2026/09/22 00:31:52.748, 0, 85, 90351
2026/09/22 00:31:52.748, 1, 94, 90351
2026/09/22 00:32:07.750, 0, 96, 90351
2026/09/22 00:32:07.750, 1, 93, 90351
2026/09/22 00:32:22.751, 0, 96, 90351
2026/09/22 00:32:22.751, 1, 96, 90351
2026/09/22 00:32:37.752, 0, 96, 90351
2026/09/22 00:32:37.752, 1, 94, 90351
2026/09/22 00:32:52.753, 0, 93, 90351
2026/09/22 00:32:52.754, 1, 91, 90351
2026/09/22 00:33:07.755, 0, 96, 90351
2026/09/22 00:33:07.755, 1, 94, 90351
2026/09/22 00:33:22.756, 0, 93, 90351
2026/09/22 00:33:22.756, 1, 90, 90351
2026/09/22 00:33:37.757, 0, 97, 90351
2026/09/22 00:33:37.757, 1, 97, 90351
2026/09/22 00:33:52.758, 0, 94, 90351
2026/09/22 00:33:52.758, 1, 94, 90351
2026/09/22 00:34:07.759, 0, 93, 90351
2026/09/22 00:34:07.760, 1, 94, 90351
2026/09/22 00:34:22.761, 0, 96, 90351
2026/09/22 00:34:22.761, 1, 96, 90351
2026/09/22 00:34:37.762, 0, 96, 90351
2026/09/22 00:34:37.762, 1, 92, 90351
2026/09/22 00:34:52.763, 0, 96, 90351
2026/09/22 00:34:52.763, 1, 93, 90351
2026/09/22 00:35:07.764, 0, 92, 90351
2026/09/22 00:35:07.765, 1, 93, 90351
2026/09/22 00:35:22.765, 0, 93, 90351
2026/09/22 00:35:22.766, 1, 91, 90351
2026/09/22 00:35:37.767, 0, 93, 90351
2026/09/22 00:35:37.767, 1, 95, 90351
2026/09/22 00:35:52.768, 0, 95, 90351
2026/09/22 00:35:52.768, 1, 95, 90351
2026/09/22 00:36:07.769, 0, 94, 90351
2026/09/22 00:36:07.769, 1, 90, 90351
2026/09/22 00:36:22.770, 0, 92, 90351
2026/09/22 00:36:22.770, 1, 95, 90351
2026/09/22 00:36:37.771, 0, 95, 90351
2026/09/22 00:36:37.771, 1, 98, 90351
2026/09/22 00:36:52.772, 0, 95, 90351
2026/09/22 00:36:52.772, 1, 96, 90351
2026/09/22 00:37:07.774, 0, 96, 90351
2026/09/22 00:37:07.774, 1, 93, 90351
2026/09/22 00:37:22.774, 0, 97, 90351
2026/09/22 00:37:22.774, 1, 94, 90351
2026/09/22 00:37:37.776, 0, 96, 90351
2026/09/22 00:37:37.776, 1, 95, 90351
2026/09/22 00:37:52.777, 0, 94, 90351
2026/09/22 00:37:52.777, 1, 95, 90351
2026/09/22 00:38:07.778, 0, 94, 90351
2026/09/22 00:38:07.778, 1, 92, 90351
2026/09/22 00:38:22.779, 0, 94, 90351
2026/09/22 00:38:22.779, 1, 96, 90351
2026/09/22 00:38:37.780, 0, 94, 90351
2026/09/22 00:38:37.780, 1, 97, 90351
2026/09/22 00:38:52.780, 0, 95, 90351
2026/09/22 00:38:52.781, 1, 94, 90351
2026/09/22 00:39:07.782, 0, 93, 90351
2026/09/22 00:39:07.782, 1, 96, 90351
2026/09/22 00:39:22.783, 0, 93, 90351
2026/09/22 00:39:22.783, 1, 94, 90351
2026/09/22 00:39:37.784, 0, 94, 90351
2026/09/22 00:39:37.784, 1, 93, 90351
2026/09/22 00:39:52.785, 0, 95, 90351
2026/09/22 00:39:52.786, 1, 94, 90351
2026/09/22 00:40:07.786, 0, 95, 90351
2026/09/22 00:40:07.786, 1, 95, 90351
2026/09/22 00:40:22.787, 0, 94, 90351
2026/09/22 00:40:22.787, 1, 94, 90351
2026/09/22 00:40:37.788, 0, 96, 90351
2026/09/22 00:40:37.789, 1, 96, 90351
2026/09/22 00:40:52.790, 0, 96, 90351
2026/09/22 00:40:52.790, 1, 94, 90351
2026/09/22 00:41:07.791, 0, 95, 90351
2026/09/22 00:41:07.791, 1, 97, 90351
2026/09/22 00:41:22.792, 0, 5, 90351
2026/09/22 00:41:22.792, 1, 100, 90351
2026/09/22 00:41:37.794, 0, 97, 90351
2026/09/22 00:41:37.794, 1, 97, 90351
2026/09/22 00:41:52.795, 0, 91, 90351
2026/09/22 00:41:52.795, 1, 94, 90351
2026/09/22 00:42:07.796, 0, 94, 90351
2026/09/22 00:42:07.796, 1, 93, 90351
2026/09/22 00:42:22.797, 0, 95, 90351
2026/09/22 00:42:22.797, 1, 94, 90351
2026/09/22 00:42:37.798, 0, 93, 90351
2026/09/22 00:42:37.798, 1, 96, 90351
2026/09/22 00:42:52.799, 0, 95, 90351
2026/09/22 00:42:52.799, 1, 94, 90351
2026/09/22 00:43:07.800, 0, 96, 90351
2026/09/22 00:43:07.800, 1, 96, 90351
2026/09/22 00:43:22.801, 0, 93, 90351
2026/09/22 00:43:22.801, 1, 95, 90351
2026/09/22 00:43:37.802, 0, 94, 90351
2026/09/22 00:43:37.802, 1, 95, 90351
2026/09/22 00:43:52.804, 0, 94, 90351
2026/09/22 00:43:52.804, 1, 95, 90351
2026/09/22 00:44:07.805, 0, 97, 90351
2026/09/22 00:44:07.805, 1, 98, 90351
2026/09/22 00:44:22.806, 0, 93, 90351
2026/09/22 00:44:22.806, 1, 94, 90351
2026/09/22 00:44:37.807, 0, 96, 90351
2026/09/22 00:44:37.807, 1, 96, 90351
2026/09/22 00:44:52.808, 0, 95, 90351
2026/09/22 00:44:52.808, 1, 96, 90351
2026/09/22 00:45:07.809, 0, 95, 90351
2026/09/22 00:45:07.809, 1, 92, 90351
2026/09/22 00:45:22.810, 0, 95, 90351
2026/09/22 00:45:22.811, 1, 96, 90351
2026/09/22 00:45:37.812, 0, 94, 90351
2026/09/22 00:45:37.812, 1, 97, 90351
2026/09/22 00:45:52.814, 0, 96, 90351
2026/09/22 00:45:52.814, 1, 96, 90351
2026/09/22 00:46:07.815, 0, 94, 90351
2026/09/22 00:46:07.815, 1, 92, 90351
2026/09/22 00:46:22.816, 0, 96, 90351
2026/09/22 00:46:22.816, 1, 95, 90351
2026/09/22 00:46:37.817, 0, 93, 90351
2026/09/22 00:46:37.818, 1, 92, 90351
2026/09/22 00:46:52.819, 0, 97, 90351
2026/09/22 00:46:52.819, 1, 93, 90351
2026/09/22 00:47:07.820, 0, 93, 90351
2026/09/22 00:47:07.820, 1, 92, 90351
2026/09/22 00:47:22.821, 0, 95, 90351
2026/09/22 00:47:22.821, 1, 92, 90351
2026/09/22 00:47:37.822, 0, 97, 90351
2026/09/22 00:47:37.822, 1, 96, 90351
2026/09/22 00:47:52.823, 0, 96, 90351
2026/09/22 00:47:52.823, 1, 95, 90351
2026/09/22 00:48:07.824, 0, 91, 90351
2026/09/22 00:48:07.824, 1, 92, 90351
2026/09/22 00:48:22.825, 0, 95, 90351
2026/09/22 00:48:22.825, 1, 95, 90351
2026/09/22 00:48:37.826, 0, 96, 90351
2026/09/22 00:48:37.827, 1, 96, 90351
2026/09/22 00:48:52.827, 0, 95, 90351
2026/09/22 00:48:52.827, 1, 95, 90351
2026/09/22 00:49:07.829, 0, 96, 90351
2026/09/22 00:49:07.829, 1, 97, 90351
2026/09/22 00:49:22.830, 0, 92, 90351
2026/09/22 00:49:22.830, 1, 95, 90351
2026/09/22 00:49:37.831, 0, 97, 90351
2026/09/22 00:49:37.831, 1, 95, 90351
2026/09/22 00:49:52.832, 0, 97, 90351
2026/09/22 00:49:52.832, 1, 98, 90351
2026/09/22 00:50:07.833, 0, 92, 90351
2026/09/22 00:50:07.834, 1, 91, 90351
2026/09/22 00:50:22.834, 0, 93, 90351
2026/09/22 00:50:22.835, 1, 94, 90351
2026/09/22 00:50:37.836, 0, 93, 90351
2026/09/22 00:50:37.836, 1, 93, 90351
2026/09/22 00:50:52.837, 0, 93, 90351
2026/09/22 00:50:52.837, 1, 93, 90351
2026/09/22 00:51:07.838, 0, 95, 90351
2026/09/22 00:51:07.838, 1, 96, 90351
2026/09/22 00:51:22.839, 0, 94, 90351
2026/09/22 00:51:22.839, 1, 97, 90351
2026/09/22 00:51:37.840, 0, 84, 90351
2026/09/22 00:51:37.840, 1, 94, 90351
2026/09/22 00:51:52.841, 0, 96, 90351
2026/09/22 00:51:52.841, 1, 96, 90351
2026/09/22 00:52:07.842, 0, 95, 90351
2026/09/22 00:52:07.842, 1, 96, 90351
2026/09/22 00:52:22.843, 0, 93, 90351
2026/09/22 00:52:22.843, 1, 94, 90351
2026/09/22 00:52:37.844, 0, 95, 90351
2026/09/22 00:52:37.845, 1, 96, 90351
2026/09/22 00:52:52.846, 0, 94, 90351
2026/09/22 00:52:52.846, 1, 94, 90351
2026/09/22 00:53:07.847, 0, 91, 90351
2026/09/22 00:53:07.847, 1, 95, 90351
2026/09/22 00:53:22.849, 0, 95, 90351
2026/09/22 00:53:22.849, 1, 97, 90351
2026/09/22 00:53:37.850, 0, 86, 90351
2026/09/22 00:53:37.850, 1, 95, 90351
2026/09/22 00:53:52.851, 0, 93, 90351
2026/09/22 00:53:52.851, 1, 94, 90351
2026/09/22 00:54:07.852, 0, 96, 90351
2026/09/22 00:54:07.852, 1, 97, 90351
2026/09/22 00:54:22.853, 0, 95, 90351
2026/09/22 00:54:22.853, 1, 96, 90351
2026/09/22 00:54:37.854, 0, 95, 90351
2026/09/22 00:54:37.854, 1, 93, 90351
2026/09/22 00:54:52.856, 0, 96, 90351
2026/09/22 00:54:52.856, 1, 90, 90351
2026/09/22 00:55:07.857, 0, 96, 90351
2026/09/22 00:55:07.857, 1, 95, 90351
2026/09/22 00:55:22.857, 0, 92, 90351
2026/09/22 00:55:22.858, 1, 94, 90351
2026/09/22 00:55:37.859, 0, 97, 90351
2026/09/22 00:55:37.859, 1, 93, 90351
2026/09/22 00:55:52.860, 0, 93, 90351
2026/09/22 00:55:52.860, 1, 96, 90351
2026/09/22 00:56:07.861, 0, 94, 90351
2026/09/22 00:56:07.861, 1, 93, 90351
2026/09/22 00:56:22.863, 0, 92, 90351
2026/09/22 00:56:22.863, 1, 94, 90351
2026/09/22 00:56:37.864, 0, 95, 90351
2026/09/22 00:56:37.864, 1, 94, 90351
2026/09/22 00:56:52.865, 0, 94, 90351
2026/09/22 00:56:52.865, 1, 94, 90351
2026/09/22 00:57:07.866, 0, 95, 90351
2026/09/22 00:57:07.866, 1, 97, 90351
2026/09/22 00:57:22.867, 0, 95, 90351
2026/09/22 00:57:22.867, 1, 96, 90351
2026/09/22 00:57:37.868, 0, 93, 90351
2026/09/22 00:57:37.868, 1, 95, 90351
2026/09/22 00:57:52.870, 0, 95, 90351
2026/09/22 00:57:52.870, 1, 95, 90351
2026/09/22 00:58:07.871, 0, 91, 90351
2026/09/22 00:58:07.871, 1, 95, 90351
2026/09/22 00:58:22.872, 0, 94, 90351
2026/09/22 00:58:22.873, 1, 96, 90351
2026/09/22 00:58:37.874, 0, 92, 90351
2026/09/22 00:58:37.874, 1, 92, 90351
2026/09/22 00:58:52.875, 0, 92, 90351
2026/09/22 00:58:52.875, 1, 93, 90351
2026/09/22 00:59:07.876, 0, 94, 90351
2026/09/22 00:59:07.876, 1, 94, 90351
2026/09/22 00:59:22.877, 0, 95, 90351
2026/09/22 00:59:22.878, 1, 93, 90351
2026/09/22 00:59:37.879, 0, 96, 90351
2026/09/22 00:59:37.879, 1, 95, 90351
2026/09/22 00:59:52.880, 0, 90, 90351
2026/09/22 00:59:52.880, 1, 92, 90351
2026/09/22 01:00:07.881, 0, 95, 90351
2026/09/22 01:00:07.882, 1, 90, 90351
2026/09/22 01:00:22.883, 0, 91, 90351
2026/09/22 01:00:22.883, 1, 92, 90351
2026/09/22 01:00:37.884, 0, 95, 90351
2026/09/22 01:00:37.884, 1, 95, 90351
2026/09/22 01:00:52.885, 0, 97, 90351
2026/09/22 01:00:52.885, 1, 98, 90351
2026/09/22 01:01:07.886, 0, 96, 90351
2026/09/22 01:01:07.886, 1, 91, 90351
2026/09/22 01:01:22.887, 0, 2, 90351
2026/09/22 01:01:22.887, 1, 91, 90351
2026/09/22 01:01:37.888, 0, 96, 90351
2026/09/22 01:01:37.888, 1, 96, 90351
2026/09/22 01:01:52.889, 0, 97, 90351
2026/09/22 01:01:52.889, 1, 95, 90351
2026/09/22 01:02:07.891, 0, 96, 90351
2026/09/22 01:02:07.891, 1, 95, 90351
2026/09/22 01:02:22.892, 0, 93, 90351
2026/09/22 01:02:22.893, 1, 94, 90351
2026/09/22 01:02:37.894, 0, 91, 90351
2026/09/22 01:02:37.894, 1, 95, 90351
2026/09/22 01:02:52.895, 0, 94, 90351
2026/09/22 01:02:52.895, 1, 95, 90351
2026/09/22 01:03:07.896, 0, 89, 90351
2026/09/22 01:03:07.896, 1, 95, 90351
2026/09/22 01:03:22.897, 0, 96, 90351
2026/09/22 01:03:22.897, 1, 97, 90351
2026/09/22 01:03:37.899, 0, 95, 90351
2026/09/22 01:03:37.899, 1, 95, 90351
2026/09/22 01:03:52.900, 0, 93, 90351
2026/09/22 01:03:52.900, 1, 93, 90351
2026/09/22 01:04:07.901, 0, 95, 90351
2026/09/22 01:04:07.901, 1, 92, 90351
2026/09/22 01:04:22.902, 0, 94, 90351
2026/09/22 01:04:22.903, 1, 96, 90351
2026/09/22 01:04:37.904, 0, 96, 90351
2026/09/22 01:04:37.904, 1, 95, 90351
2026/09/22 01:04:52.905, 0, 95, 90351
2026/09/22 01:04:52.905, 1, 94, 90351
2026/09/22 01:05:07.906, 0, 97, 90351
2026/09/22 01:05:07.906, 1, 97, 90351
2026/09/22 01:05:22.907, 0, 95, 90351
2026/09/22 01:05:22.907, 1, 96, 90351
2026/09/22 01:05:37.908, 0, 94, 90351
2026/09/22 01:05:37.909, 1, 93, 90351
2026/09/22 01:05:52.910, 0, 95, 90351
2026/09/22 01:05:52.910, 1, 93, 90351
2026/09/22 01:06:07.911, 0, 96, 90351
2026/09/22 01:06:07.911, 1, 96, 90351
2026/09/22 01:06:22.912, 0, 93, 90351
2026/09/22 01:06:22.913, 1, 93, 90351
2026/09/22 01:06:37.914, 0, 95, 90351
2026/09/22 01:06:37.914, 1, 97, 90351
2026/09/22 01:06:52.915, 0, 96, 90351
2026/09/22 01:06:52.915, 1, 95, 90351
2026/09/22 01:07:07.916, 0, 93, 90351
2026/09/22 01:07:07.916, 1, 92, 90351
2026/09/22 01:07:22.917, 0, 95, 90351
2026/09/22 01:07:22.917, 1, 95, 90351
2026/09/22 01:07:37.919, 0, 93, 90351
2026/09/22 01:07:37.919, 1, 95, 90351
2026/09/22 01:07:52.920, 0, 85, 90351
2026/09/22 01:07:52.920, 1, 95, 90351
2026/09/22 01:08:07.922, 0, 97, 90351
2026/09/22 01:08:07.922, 1, 97, 90351
2026/09/22 01:08:22.923, 0, 94, 90351
2026/09/22 01:08:22.923, 1, 96, 90351
2026/09/22 01:08:37.924, 0, 96, 90351
2026/09/22 01:08:37.924, 1, 94, 90351
2026/09/22 01:08:52.925, 0, 95, 90351
2026/09/22 01:08:52.926, 1, 93, 90351
2026/09/22 01:09:07.926, 0, 96, 90351
2026/09/22 01:09:07.927, 1, 96, 90351
2026/09/22 01:09:22.928, 0, 95, 90351
2026/09/22 01:09:22.928, 1, 96, 90351
2026/09/22 01:09:37.929, 0, 94, 90351
2026/09/22 01:09:37.929, 1, 93, 90351
2026/09/22 01:09:52.930, 0, 96, 90351
2026/09/22 01:09:52.931, 1, 96, 90351
2026/09/22 01:10:07.931, 0, 92, 90351
2026/09/22 01:10:07.931, 1, 91, 90351
2026/09/22 01:10:22.933, 0, 96, 90351
2026/09/22 01:10:22.933, 1, 97, 90351
2026/09/22 01:10:37.934, 0, 80, 90351
2026/09/22 01:10:37.934, 1, 91, 90351
2026/09/22 01:10:52.935, 0, 96, 90351
2026/09/22 01:10:52.935, 1, 98, 90351
2026/09/22 01:11:07.937, 0, 96, 90351
2026/09/22 01:11:07.937, 1, 96, 90351
2026/09/22 01:11:22.937, 0, 94, 90351
2026/09/22 01:11:22.938, 1, 93, 90351
2026/09/22 01:11:37.939, 0, 97, 90351
2026/09/22 01:11:37.939, 1, 95, 90351
2026/09/22 01:11:52.940, 0, 96, 90351
2026/09/22 01:11:52.940, 1, 95, 90351
2026/09/22 01:12:07.941, 0, 94, 90351
2026/09/22 01:12:07.941, 1, 93, 90351
2026/09/22 01:12:22.942, 0, 91, 90351
2026/09/22 01:12:22.942, 1, 93, 90351
2026/09/22 01:12:37.943, 0, 96, 90351
2026/09/22 01:12:37.943, 1, 95, 90351
2026/09/22 01:12:52.944, 0, 95, 90351
2026/09/22 01:12:52.944, 1, 97, 90351
2026/09/22 01:13:07.945, 0, 94, 90351
2026/09/22 01:13:07.945, 1, 95, 90351
2026/09/22 01:13:22.946, 0, 96, 90351
2026/09/22 01:13:22.947, 1, 94, 90351
2026/09/22 01:13:37.947, 0, 95, 90351
2026/09/22 01:13:37.947, 1, 93, 90351
2026/09/22 01:13:52.948, 0, 94, 90351
2026/09/22 01:13:52.948, 1, 93, 90351
2026/09/22 01:14:07.949, 0, 95, 90351
2026/09/22 01:14:07.950, 1, 96, 90351
2026/09/22 01:14:22.950, 0, 93, 90351
2026/09/22 01:14:22.951, 1, 92, 90351
2026/09/22 01:14:37.952, 0, 97, 90351
2026/09/22 01:14:37.952, 1, 96, 90351
2026/09/22 01:14:52.952, 0, 95, 90351
2026/09/22 01:14:52.953, 1, 93, 90351
2026/09/22 01:15:07.954, 0, 93, 90351
2026/09/22 01:15:07.954, 1, 94, 90351
2026/09/22 01:15:22.955, 0, 98, 90351
2026/09/22 01:15:22.955, 1, 98, 90351
2026/09/22 01:15:37.957, 0, 97, 90351
2026/09/22 01:15:37.957, 1, 96, 90351
2026/09/22 01:15:52.958, 0, 98, 90351
2026/09/22 01:15:52.958, 1, 96, 90351
2026/09/22 01:16:07.959, 0, 97, 90351
2026/09/22 01:16:07.960, 1, 98, 90351
2026/09/22 01:16:22.961, 0, 94, 90351
2026/09/22 01:16:22.961, 1, 95, 90351
2026/09/22 01:16:37.962, 0, 97, 90351
2026/09/22 01:16:37.962, 1, 97, 90351
2026/09/22 01:16:52.963, 0, 97, 90351
2026/09/22 01:16:52.963, 1, 97, 90351
2026/09/22 01:17:07.964, 0, 98, 90351
2026/09/22 01:17:07.964, 1, 97, 90351
2026/09/22 01:17:22.965, 0, 97, 90351
2026/09/22 01:17:22.965, 1, 97, 90351
2026/09/22 01:17:37.966, 0, 98, 90351
2026/09/22 01:17:37.966, 1, 98, 90351
2026/09/22 01:17:52.967, 0, 98, 90351
2026/09/22 01:17:52.967, 1, 97, 90351
2026/09/22 01:18:07.968, 0, 97, 90351
2026/09/22 01:18:07.968, 1, 97, 90351
2026/09/22 01:18:22.969, 0, 0, 90351
2026/09/22 01:18:22.969, 1, 100, 90351
2026/09/22 01:18:37.970, 0, 97, 90351
2026/09/22 01:18:37.970, 1, 97, 90351
2026/09/22 01:18:52.971, 0, 96, 90351
2026/09/22 01:18:52.971, 1, 95, 90351
2026/09/22 01:19:07.972, 0, 95, 90351
2026/09/22 01:19:07.972, 1, 94, 90351
2026/09/22 01:19:22.973, 0, 98, 90351
2026/09/22 01:19:22.974, 1, 96, 90351
2026/09/22 01:19:37.975, 0, 93, 90351
2026/09/22 01:19:37.975, 1, 91, 90351
2026/09/22 01:19:52.976, 0, 94, 90351
2026/09/22 01:19:52.977, 1, 94, 90351
2026/09/22 01:20:07.978, 0, 90, 90351
2026/09/22 01:20:07.978, 1, 94, 90351
2026/09/22 01:20:22.979, 0, 96, 90351
2026/09/22 01:20:22.979, 1, 98, 90351
2026/09/22 01:20:37.980, 0, 95, 90351
2026/09/22 01:20:37.980, 1, 96, 90351
2026/09/22 01:20:52.981, 0, 95, 90351
2026/09/22 01:20:52.981, 1, 96, 90351
2026/09/22 01:21:07.982, 0, 82, 90351
2026/09/22 01:21:07.982, 1, 96, 90351
2026/09/22 01:21:22.983, 0, 96, 90351
2026/09/22 01:21:22.984, 1, 96, 90351
2026/09/22 01:21:37.985, 0, 96, 90351
2026/09/22 01:21:37.985, 1, 96, 90351
2026/09/22 01:21:52.986, 0, 96, 90351
2026/09/22 01:21:52.986, 1, 96, 90351
2026/09/22 01:22:07.987, 0, 95, 90351
2026/09/22 01:22:07.987, 1, 96, 90351
2026/09/22 01:22:22.989, 0, 96, 90351
2026/09/22 01:22:22.989, 1, 95, 90351
2026/09/22 01:22:37.990, 0, 94, 90351
2026/09/22 01:22:37.990, 1, 93, 90351
2026/09/22 01:22:52.991, 0, 91, 90351
2026/09/22 01:22:52.991, 1, 94, 90351
2026/09/22 01:23:07.992, 0, 95, 90351
2026/09/22 01:23:07.992, 1, 93, 90351
2026/09/22 01:23:22.993, 0, 95, 90351
2026/09/22 01:23:22.994, 1, 94, 90351
2026/09/22 01:23:37.995, 0, 90, 90351
2026/09/22 01:23:37.995, 1, 93, 90351
2026/09/22 01:23:52.996, 0, 95, 90351
2026/09/22 01:23:52.996, 1, 92, 90351
2026/09/22 01:24:07.997, 0, 94, 90351
2026/09/22 01:24:07.997, 1, 95, 90351
2026/09/22 01:24:22.997, 0, 91, 90351
2026/09/22 01:24:22.998, 1, 93, 90351
2026/09/22 01:24:37.998, 0, 95, 90351
2026/09/22 01:24:37.999, 1, 93, 90351
2026/09/22 01:24:53.000, 0, 95, 90351
2026/09/22 01:24:53.000, 1, 96, 90351
2026/09/22 01:25:08.001, 0, 93, 90351
2026/09/22 01:25:08.001, 1, 95, 90351
2026/09/22 01:25:23.002, 0, 94, 90351
2026/09/22 01:25:23.003, 1, 96, 90351
2026/09/22 01:25:38.004, 0, 95, 90351
2026/09/22 01:25:38.004, 1, 96, 90351
2026/09/22 01:25:53.004, 0, 94, 90351
2026/09/22 01:25:53.005, 1, 94, 90351
2026/09/22 01:26:08.006, 0, 94, 90351
2026/09/22 01:26:08.006, 1, 93, 90351
2026/09/22 01:26:23.007, 0, 98, 90351
2026/09/22 01:26:23.007, 1, 96, 90351
2026/09/22 01:26:38.008, 0, 95, 90351
2026/09/22 01:26:38.009, 1, 96, 90351
2026/09/22 01:26:53.010, 0, 95, 90351
2026/09/22 01:26:53.010, 1, 95, 90351
2026/09/22 01:27:08.011, 0, 94, 90351
2026/09/22 01:27:08.012, 1, 97, 90351
2026/09/22 01:27:23.013, 0, 96, 90351
2026/09/22 01:27:23.013, 1, 95, 90351
2026/09/22 01:27:38.014, 0, 95, 90351
2026/09/22 01:27:38.014, 1, 94, 90351
2026/09/22 01:27:53.015, 0, 94, 90351
2026/09/22 01:27:53.015, 1, 97, 90351
2026/09/22 01:28:08.016, 0, 92, 90351
2026/09/22 01:28:08.016, 1, 92, 90351
2026/09/22 01:28:23.017, 0, 94, 90351
2026/09/22 01:28:23.017, 1, 94, 90351
2026/09/22 01:28:38.018, 0, 93, 90351
2026/09/22 01:28:38.018, 1, 94, 90351
2026/09/22 01:28:53.020, 0, 94, 90351
2026/09/22 01:28:53.020, 1, 94, 90351
2026/09/22 01:29:08.021, 0, 94, 90351
2026/09/22 01:29:08.021, 1, 94, 90351
2026/09/22 01:29:23.022, 0, 94, 90351
2026/09/22 01:29:23.022, 1, 96, 90351
2026/09/22 01:29:38.023, 0, 95, 90351
2026/09/22 01:29:38.023, 1, 95, 90351
2026/09/22 01:29:53.025, 0, 92, 90351
2026/09/22 01:29:53.025, 1, 96, 90351
2026/09/22 01:30:08.026, 0, 94, 90351
2026/09/22 01:30:08.026, 1, 94, 90351
2026/09/22 01:30:23.027, 0, 97, 90351
2026/09/22 01:30:23.027, 1, 94, 90351
2026/09/22 01:30:38.028, 0, 85, 90351
2026/09/22 01:30:38.029, 1, 93, 90351
2026/09/22 01:30:53.030, 0, 92, 90351
2026/09/22 01:30:53.030, 1, 96, 90351
2026/09/22 01:31:08.031, 0, 93, 90351
2026/09/22 01:31:08.032, 1, 96, 90351
2026/09/22 01:31:23.032, 0, 95, 90351
2026/09/22 01:31:23.033, 1, 96, 90351
2026/09/22 01:31:38.033, 0, 87, 90351
2026/09/22 01:31:38.034, 1, 93, 90351
2026/09/22 01:31:53.034, 0, 94, 90351
2026/09/22 01:31:53.034, 1, 95, 90351
2026/09/22 01:32:08.035, 0, 95, 90351
2026/09/22 01:32:08.035, 1, 96, 90351
2026/09/22 01:32:23.036, 0, 95, 90351
2026/09/22 01:32:23.036, 1, 94, 90351
2026/09/22 01:32:38.037, 0, 85, 90351
2026/09/22 01:32:38.037, 1, 94, 90351
2026/09/22 01:32:53.038, 0, 94, 90351
2026/09/22 01:32:53.038, 1, 94, 90351
2026/09/22 01:33:08.039, 0, 96, 90351
2026/09/22 01:33:08.039, 1, 97, 90351
2026/09/22 01:33:23.040, 0, 95, 90351
2026/09/22 01:33:23.040, 1, 92, 90351
2026/09/22 01:33:38.041, 0, 90, 90351
2026/09/22 01:33:38.041, 1, 93, 90351
2026/09/22 01:33:53.042, 0, 96, 90351
2026/09/22 01:33:53.042, 1, 95, 90351
2026/09/22 01:34:08.043, 0, 95, 90351
2026/09/22 01:34:08.043, 1, 93, 90351
2026/09/22 01:34:23.045, 0, 92, 90351
2026/09/22 01:34:23.045, 1, 93, 90351
2026/09/22 01:34:38.046, 0, 95, 90351
2026/09/22 01:34:38.046, 1, 94, 90351
2026/09/22 01:34:53.047, 0, 94, 90351
2026/09/22 01:34:53.047, 1, 94, 90351
2026/09/22 01:35:08.047, 0, 94, 90351
2026/09/22 01:35:08.048, 1, 95, 90351
2026/09/22 01:35:23.049, 0, 96, 90351
2026/09/22 01:35:23.049, 1, 94, 90351
2026/09/22 01:35:38.050, 0, 94, 90351
2026/09/22 01:35:38.050, 1, 95, 90351
2026/09/22 01:35:53.051, 0, 97, 90351
2026/09/22 01:35:53.051, 1, 95, 90351
2026/09/22 01:36:08.052, 0, 92, 90351
2026/09/22 01:36:08.052, 1, 94, 90351
2026/09/22 01:36:23.053, 0, 96, 90351
2026/09/22 01:36:23.053, 1, 95, 90351
2026/09/22 01:36:38.054, 0, 93, 90351
2026/09/22 01:36:38.054, 1, 90, 90351
2026/09/22 01:36:53.055, 0, 96, 90351
2026/09/22 01:36:53.055, 1, 96, 90351
2026/09/22 01:37:08.056, 0, 95, 90351
2026/09/22 01:37:08.056, 1, 94, 90351
2026/09/22 01:37:23.057, 0, 96, 90351
2026/09/22 01:37:23.057, 1, 95, 90351
2026/09/22 01:37:38.058, 0, 98, 90351
2026/09/22 01:37:38.058, 1, 95, 90351
2026/09/22 01:37:53.059, 0, 92, 90351
2026/09/22 01:37:53.059, 1, 94, 90351
2026/09/22 01:38:08.060, 0, 95, 90351
2026/09/22 01:38:08.060, 1, 95, 90351
2026/09/22 01:38:23.061, 0, 0, 90351
2026/09/22 01:38:23.061, 1, 100, 90351
2026/09/22 01:38:38.062, 0, 96, 90351
2026/09/22 01:38:38.062, 1, 94, 90351
2026/09/22 01:38:53.063, 0, 94, 90351
2026/09/22 01:38:53.063, 1, 92, 90351
2026/09/22 01:39:08.064, 0, 95, 90351
2026/09/22 01:39:08.064, 1, 93, 90351
2026/09/22 01:39:23.066, 0, 95, 90351
2026/09/22 01:39:23.066, 1, 94, 90351
2026/09/22 01:39:38.067, 0, 94, 90351
2026/09/22 01:39:38.067, 1, 96, 90351
2026/09/22 01:39:53.068, 0, 97, 90351
2026/09/22 01:39:53.068, 1, 95, 90351
2026/09/22 01:40:08.069, 0, 97, 90351
2026/09/22 01:40:08.069, 1, 93, 90351
2026/09/22 01:40:23.070, 0, 90, 90351
2026/09/22 01:40:23.070, 1, 96, 90351
2026/09/22 01:40:38.071, 0, 94, 90351
2026/09/22 01:40:38.071, 1, 96, 90351
2026/09/22 01:40:53.071, 0, 96, 90351
2026/09/22 01:40:53.072, 1, 94, 90351
2026/09/22 01:41:08.073, 0, 96, 90351
2026/09/22 01:41:08.073, 1, 96, 90351
2026/09/22 01:41:23.074, 0, 93, 90351
2026/09/22 01:41:23.074, 1, 91, 90351
2026/09/22 01:41:38.075, 0, 96, 90351
2026/09/22 01:41:38.075, 1, 93, 90351
2026/09/22 01:41:53.076, 0, 96, 90351
2026/09/22 01:41:53.076, 1, 94, 90351
2026/09/22 01:42:08.078, 0, 92, 90351
2026/09/22 01:42:08.078, 1, 95, 90351
2026/09/22 01:42:23.078, 0, 95, 90351
2026/09/22 01:42:23.079, 1, 95, 90351
2026/09/22 01:42:38.080, 0, 94, 90351
2026/09/22 01:42:38.080, 1, 95, 90351
2026/09/22 01:42:53.081, 0, 94, 90351
2026/09/22 01:42:53.081, 1, 96, 90351
2026/09/22 01:43:08.082, 0, 88, 90351
2026/09/22 01:43:08.083, 1, 95, 90351
2026/09/22 01:43:23.084, 0, 95, 90351
2026/09/22 01:43:23.084, 1, 95, 90351
2026/09/22 01:43:38.084, 0, 96, 90351
2026/09/22 01:43:38.085, 1, 96, 90351
2026/09/22 01:43:53.085, 0, 96, 90351
2026/09/22 01:43:53.085, 1, 98, 90351
2026/09/22 01:44:08.086, 0, 92, 90351
2026/09/22 01:44:08.087, 1, 88, 90351
2026/09/22 01:44:23.087, 0, 95, 90351
2026/09/22 01:44:23.087, 1, 92, 90351
2026/09/22 01:44:38.088, 0, 95, 90351
2026/09/22 01:44:38.089, 1, 97, 90351
2026/09/22 01:44:53.089, 0, 92, 90351
2026/09/22 01:44:53.090, 1, 94, 90351
2026/09/22 01:45:08.090, 0, 92, 90351
2026/09/22 01:45:08.091, 1, 96, 90351
2026/09/22 01:45:23.092, 0, 91, 90351
2026/09/22 01:45:23.092, 1, 95, 90351
2026/09/22 01:45:38.093, 0, 96, 90351
2026/09/22 01:45:38.093, 1, 94, 90351
2026/09/22 01:45:53.094, 0, 97, 90351
2026/09/22 01:45:53.095, 1, 95, 90351
2026/09/22 01:46:08.096, 0, 95, 90351
2026/09/22 01:46:08.096, 1, 96, 90351
2026/09/22 01:46:23.097, 0, 93, 90351
2026/09/22 01:46:23.097, 1, 94, 90351
2026/09/22 01:46:38.098, 0, 93, 90351
2026/09/22 01:46:38.098, 1, 94, 90351
2026/09/22 01:46:53.099, 0, 96, 90351
2026/09/22 01:46:53.099, 1, 94, 90351
2026/09/22 01:47:08.100, 0, 94, 90351
2026/09/22 01:47:08.100, 1, 95, 90351
2026/09/22 01:47:23.102, 0, 95, 90351
2026/09/22 01:47:23.102, 1, 93, 90351
2026/09/22 01:47:38.103, 0, 93, 90351
2026/09/22 01:47:38.103, 1, 92, 90351
2026/09/22 01:47:53.104, 0, 95, 90351
2026/09/22 01:47:53.104, 1, 95, 90351
2026/09/22 01:48:08.105, 0, 96, 90351
2026/09/22 01:48:08.105, 1, 92, 90351
2026/09/22 01:48:23.106, 0, 92, 90351
2026/09/22 01:48:23.107, 1, 94, 90351
2026/09/22 01:48:38.108, 0, 95, 90351
2026/09/22 01:48:38.108, 1, 96, 90351
2026/09/22 01:48:53.109, 0, 94, 90351
2026/09/22 01:48:53.109, 1, 95, 90351
2026/09/22 01:49:08.110, 0, 95, 90351
2026/09/22 01:49:08.110, 1, 93, 90351
2026/09/22 01:49:23.111, 0, 96, 90351
2026/09/22 01:49:23.111, 1, 93, 90351
2026/09/22 01:49:38.112, 0, 94, 90351
2026/09/22 01:49:38.112, 1, 95, 90351
2026/09/22 01:49:53.113, 0, 93, 90351
2026/09/22 01:49:53.113, 1, 96, 90351
2026/09/22 01:50:08.114, 0, 95, 90351
2026/09/22 01:50:08.114, 1, 97, 90351
2026/09/22 01:50:23.116, 0, 94, 90351
2026/09/22 01:50:23.116, 1, 95, 90351
2026/09/22 01:50:38.117, 0, 95, 90351
2026/09/22 01:50:38.117, 1, 93, 90351
2026/09/22 01:50:53.117, 0, 96, 90351
2026/09/22 01:50:53.118, 1, 94, 90351
2026/09/22 01:51:08.118, 0, 96, 90351
2026/09/22 01:51:08.118, 1, 95, 90351
2026/09/22 01:51:23.120, 0, 94, 90351
2026/09/22 01:51:23.120, 1, 95, 90351
2026/09/22 01:51:38.121, 0, 96, 90351
2026/09/22 01:51:38.121, 1, 93, 90351
2026/09/22 01:51:53.122, 0, 97, 90351
2026/09/22 01:51:53.122, 1, 96, 90351
2026/09/22 01:52:08.124, 0, 97, 90351
2026/09/22 01:52:08.124, 1, 98, 90351
2026/09/22 01:52:23.124, 0, 97, 90351
2026/09/22 01:52:23.124, 1, 97, 90351
2026/09/22 01:52:38.125, 0, 98, 90351
2026/09/22 01:52:38.125, 1, 98, 90351
2026/09/22 01:52:53.126, 0, 97, 90351
2026/09/22 01:52:53.126, 1, 97, 90351
2026/09/22 01:53:08.127, 0, 98, 90351
2026/09/22 01:53:08.127, 1, 97, 90351
2026/09/22 01:53:23.128, 0, 97, 90351
2026/09/22 01:53:23.128, 1, 98, 90351
2026/09/22 01:53:38.129, 0, 98, 90351
2026/09/22 01:53:38.129, 1, 98, 90351
2026/09/22 01:53:53.130, 0, 99, 90351
2026/09/22 01:53:53.130, 1, 99, 90351
2026/09/22 01:54:08.131, 0, 98, 90351
2026/09/22 01:54:08.131, 1, 97, 90351
2026/09/22 01:54:23.132, 0, 97, 90351
2026/09/22 01:54:23.132, 1, 98, 90351
2026/09/22 01:54:38.133, 0, 98, 90351
2026/09/22 01:54:38.133, 1, 98, 90351
2026/09/22 01:54:53.135, 0, 98, 90351
2026/09/22 01:54:53.135, 1, 98, 90351
2026/09/22 01:55:08.136, 0, 98, 90351
2026/09/22 01:55:08.136, 1, 98, 90351
2026/09/22 01:55:23.136, 0, 99, 90351
2026/09/22 01:55:23.136, 1, 98, 90351
2026/09/22 01:55:38.137, 0, 98, 90351
2026/09/22 01:55:38.137, 1, 97, 90351
2026/09/22 01:55:53.138, 0, 97, 90351
2026/09/22 01:55:53.138, 1, 98, 90351
2026/09/22 01:56:08.139, 0, 97, 90351
2026/09/22 01:56:08.139, 1, 97, 90351
2026/09/22 01:56:23.140, 0, 98, 90351
2026/09/22 01:56:23.140, 1, 98, 90351
2026/09/22 01:56:38.141, 0, 98, 90351
2026/09/22 01:56:38.141, 1, 97, 90351
2026/09/22 01:56:53.142, 0, 97, 90351
2026/09/22 01:56:53.142, 1, 94, 90351
2026/09/22 01:57:08.143, 0, 96, 90351
2026/09/22 01:57:08.143, 1, 96, 90351
2026/09/22 01:57:23.144, 0, 97, 90351
2026/09/22 01:57:23.144, 1, 97, 90351
2026/09/22 01:57:38.145, 0, 98, 90351
2026/09/22 01:57:38.145, 1, 96, 90351
2026/09/22 01:57:53.146, 0, 98, 90351
2026/09/22 01:57:53.146, 1, 98, 90351
2026/09/22 01:58:08.147, 0, 97, 90351
2026/09/22 01:58:08.148, 1, 96, 90351
2026/09/22 01:58:23.148, 0, 97, 90351
2026/09/22 01:58:23.148, 1, 97, 90351
2026/09/22 01:58:38.149, 0, 98, 90351
2026/09/22 01:58:38.149, 1, 98, 90351
2026/09/22 01:58:53.151, 0, 99, 90351
2026/09/22 01:58:53.151, 1, 99, 90351
2026/09/22 01:59:08.152, 0, 98, 90351
2026/09/22 01:59:08.152, 1, 98, 90351
2026/09/22 01:59:23.153, 0, 98, 90351
2026/09/22 01:59:23.153, 1, 97, 90351
2026/09/22 01:59:38.154, 0, 97, 90351
2026/09/22 01:59:38.154, 1, 97, 90351
2026/09/22 01:59:53.155, 0, 98, 90351
2026/09/22 01:59:53.155, 1, 97, 90351
2026/09/22 02:00:08.157, 0, 99, 90351
2026/09/22 02:00:08.157, 1, 97, 90351
2026/09/22 02:00:23.158, 0, 96, 90351
2026/09/22 02:00:23.158, 1, 97, 90351
2026/09/22 02:00:38.159, 0, 96, 90351
2026/09/22 02:00:38.159, 1, 97, 90351
2026/09/22 02:00:53.160, 0, 95, 90351
2026/09/22 02:00:53.160, 1, 97, 90351
2026/09/22 02:01:08.162, 0, 97, 90351
2026/09/22 02:01:08.162, 1, 94, 90351
2026/09/22 02:01:23.163, 0, 5, 90351
2026/09/22 02:01:23.163, 1, 100, 90351
2026/09/22 02:01:38.164, 0, 98, 90351
2026/09/22 02:01:38.164, 1, 98, 90351
2026/09/22 02:01:53.165, 0, 98, 90351
2026/09/22 02:01:53.165, 1, 97, 90351
2026/09/22 02:02:08.166, 0, 97, 90351
2026/09/22 02:02:08.166, 1, 95, 90351
2026/09/22 02:02:23.167, 0, 97, 90351
2026/09/22 02:02:23.167, 1, 98, 90351
2026/09/22 02:02:38.168, 0, 96, 90351
2026/09/22 02:02:38.168, 1, 97, 90351
2026/09/22 02:02:53.169, 0, 90, 90351
2026/09/22 02:02:53.170, 1, 93, 90351
2026/09/22 02:03:08.171, 0, 95, 90351
2026/09/22 02:03:08.171, 1, 96, 90351
2026/09/22 02:03:23.172, 0, 95, 90351
2026/09/22 02:03:23.173, 1, 95, 90351
2026/09/22 02:03:38.173, 0, 94, 90351
2026/09/22 02:03:38.174, 1, 96, 90351
2026/09/22 02:03:53.175, 0, 95, 90351
2026/09/22 02:03:53.175, 1, 92, 90351
2026/09/22 02:04:08.176, 0, 95, 90351
2026/09/22 02:04:08.177, 1, 96, 90351
2026/09/22 02:04:23.177, 0, 96, 90351
2026/09/22 02:04:23.177, 1, 95, 90351
2026/09/22 02:04:38.179, 0, 94, 90351
2026/09/22 02:04:38.179, 1, 95, 90351
2026/09/22 02:04:53.180, 0, 92, 90351
2026/09/22 02:04:53.180, 1, 92, 90351
2026/09/22 02:05:08.181, 0, 93, 90351
2026/09/22 02:05:08.181, 1, 91, 90351
2026/09/22 02:05:23.182, 0, 94, 90351
2026/09/22 02:05:23.182, 1, 95, 90351
2026/09/22 02:05:38.183, 0, 93, 90351
2026/09/22 02:05:38.183, 1, 95, 90351
2026/09/22 02:05:53.185, 0, 95, 90351
2026/09/22 02:05:53.185, 1, 95, 90351
2026/09/22 02:06:08.186, 0, 94, 90351
2026/09/22 02:06:08.186, 1, 93, 90351
2026/09/22 02:06:23.187, 0, 92, 90351
2026/09/22 02:06:23.187, 1, 94, 90351
2026/09/22 02:06:38.188, 0, 92, 90351
2026/09/22 02:06:38.189, 1, 94, 90351
2026/09/22 02:06:53.190, 0, 95, 90351
2026/09/22 02:06:53.190, 1, 91, 90351
2026/09/22 02:07:08.191, 0, 98, 90351
2026/09/22 02:07:08.191, 1, 96, 90351
2026/09/22 02:07:23.192, 0, 78, 90351
2026/09/22 02:07:23.192, 1, 96, 90351
2026/09/22 02:07:38.193, 0, 97, 90351
2026/09/22 02:07:38.193, 1, 95, 90351
2026/09/22 02:07:53.195, 0, 92, 90351
2026/09/22 02:07:53.195, 1, 93, 90351
2026/09/22 02:08:08.195, 0, 96, 90351
2026/09/22 02:08:08.196, 1, 96, 90351
2026/09/22 02:08:23.197, 0, 93, 90351
2026/09/22 02:08:23.197, 1, 90, 90351
2026/09/22 02:08:38.198, 0, 93, 90351
2026/09/22 02:08:38.198, 1, 95, 90351
2026/09/22 02:08:53.199, 0, 92, 90351
2026/09/22 02:08:53.199, 1, 93, 90351
2026/09/22 02:09:08.200, 0, 94, 90351
2026/09/22 02:09:08.200, 1, 92, 90351
2026/09/22 02:09:23.202, 0, 92, 90351
2026/09/22 02:09:23.202, 1, 92, 90351
2026/09/22 02:09:38.203, 0, 94, 90351
2026/09/22 02:09:38.203, 1, 95, 90351
2026/09/22 02:09:53.204, 0, 90, 90351
2026/09/22 02:09:53.205, 1, 95, 90351
2026/09/22 02:10:08.206, 0, 94, 90351
2026/09/22 02:10:08.206, 1, 89, 90351
2026/09/22 02:10:23.208, 0, 94, 90351
2026/09/22 02:10:23.208, 1, 94, 90351
2026/09/22 02:10:38.209, 0, 97, 90351
2026/09/22 02:10:38.209, 1, 97, 90351
2026/09/22 02:10:53.210, 0, 94, 90351
2026/09/22 02:10:53.210, 1, 95, 90351
2026/09/22 02:11:08.212, 0, 94, 90351
2026/09/22 02:11:08.212, 1, 97, 90351
2026/09/22 02:11:23.213, 0, 96, 90351
2026/09/22 02:11:23.214, 1, 95, 90351
2026/09/22 02:11:38.214, 0, 95, 90351
2026/09/22 02:11:38.215, 1, 97, 90351
2026/09/22 02:11:53.216, 0, 95, 90351
2026/09/22 02:11:53.216, 1, 92, 90351
2026/09/22 02:12:08.217, 0, 95, 90351
2026/09/22 02:12:08.217, 1, 96, 90351
2026/09/22 02:12:23.218, 0, 95, 90351
2026/09/22 02:12:23.219, 1, 95, 90351
2026/09/22 02:12:38.219, 0, 93, 90351
2026/09/22 02:12:38.220, 1, 95, 90351
2026/09/22 02:12:53.220, 0, 95, 90351
2026/09/22 02:12:53.220, 1, 94, 90351
2026/09/22 02:13:08.221, 0, 97, 90351
2026/09/22 02:13:08.222, 1, 97, 90351
2026/09/22 02:13:23.223, 0, 92, 90351
2026/09/22 02:13:23.223, 1, 93, 90351
2026/09/22 02:13:38.224, 0, 96, 90351
2026/09/22 02:13:38.224, 1, 97, 90351
2026/09/22 02:13:53.225, 0, 90, 90351
2026/09/22 02:13:53.225, 1, 90, 90351
2026/09/22 02:14:08.226, 0, 94, 90351
2026/09/22 02:14:08.227, 1, 92, 90351
2026/09/22 02:14:23.227, 0, 93, 90351
2026/09/22 02:14:23.228, 1, 92, 90351
2026/09/22 02:14:38.229, 0, 95, 90351
2026/09/22 02:14:38.229, 1, 94, 90351
2026/09/22 02:14:53.230, 0, 94, 90351
2026/09/22 02:14:53.230, 1, 95, 90351
2026/09/22 02:15:08.231, 0, 94, 90351
2026/09/22 02:15:08.231, 1, 96, 90351
2026/09/22 02:15:23.232, 0, 92, 90351
2026/09/22 02:15:23.233, 1, 93, 90351
2026/09/22 02:15:38.234, 0, 95, 90351
2026/09/22 02:15:38.234, 1, 97, 90351
2026/09/22 02:15:53.235, 0, 86, 90351
2026/09/22 02:15:53.235, 1, 96, 90351
2026/09/22 02:16:08.235, 0, 92, 90351
2026/09/22 02:16:08.236, 1, 95, 90351
2026/09/22 02:16:23.236, 0, 96, 90351
2026/09/22 02:16:23.237, 1, 96, 90351
2026/09/22 02:16:38.237, 0, 94, 90351
2026/09/22 02:16:38.237, 1, 91, 90351
2026/09/22 02:16:53.238, 0, 97, 90351
2026/09/22 02:16:53.238, 1, 96, 90351
2026/09/22 02:17:08.239, 0, 94, 90351
2026/09/22 02:17:08.240, 1, 96, 90351
2026/09/22 02:17:23.241, 0, 93, 90351
2026/09/22 02:17:23.241, 1, 96, 90351
2026/09/22 02:17:38.242, 0, 92, 90351
2026/09/22 02:17:38.242, 1, 95, 90351
2026/09/22 02:17:53.243, 0, 95, 90351
2026/09/22 02:17:53.244, 1, 93, 90351
2026/09/22 02:18:08.244, 0, 94, 90351
2026/09/22 02:18:08.245, 1, 91, 90351
2026/09/22 02:18:23.246, 0, 3, 90351
2026/09/22 02:18:23.246, 1, 100, 90351
2026/09/22 02:18:38.246, 0, 95, 90351
2026/09/22 02:18:38.247, 1, 94, 90351
2026/09/22 02:18:53.248, 0, 95, 90351
2026/09/22 02:18:53.248, 1, 97, 90351
2026/09/22 02:19:08.249, 0, 92, 90351
2026/09/22 02:19:08.249, 1, 95, 90351
2026/09/22 02:19:23.250, 0, 96, 90351
2026/09/22 02:19:23.250, 1, 95, 90351
2026/09/22 02:19:38.251, 0, 96, 90351
2026/09/22 02:19:38.251, 1, 96, 90351
2026/09/22 02:19:53.252, 0, 91, 90351
2026/09/22 02:19:53.252, 1, 94, 90351
2026/09/22 02:20:08.253, 0, 96, 90351
2026/09/22 02:20:08.253, 1, 95, 90351
2026/09/22 02:20:23.254, 0, 91, 90351
2026/09/22 02:20:23.255, 1, 93, 90351
2026/09/22 02:20:38.255, 0, 95, 90351
2026/09/22 02:20:38.256, 1, 94, 90351
2026/09/22 02:20:53.257, 0, 96, 90351
2026/09/22 02:20:53.257, 1, 93, 90351
2026/09/22 02:21:08.258, 0, 95, 90351
2026/09/22 02:21:08.258, 1, 93, 90351
2026/09/22 02:21:23.259, 0, 94, 90351
2026/09/22 02:21:23.259, 1, 94, 90351
2026/09/22 02:21:38.260, 0, 94, 90351
2026/09/22 02:21:38.261, 1, 93, 90351
2026/09/22 02:21:53.262, 0, 94, 90351
2026/09/22 02:21:53.262, 1, 95, 90351
2026/09/22 02:22:08.263, 0, 96, 90351
2026/09/22 02:22:08.263, 1, 95, 90351
2026/09/22 02:22:23.264, 0, 94, 90351
2026/09/22 02:22:23.264, 1, 95, 90351
2026/09/22 02:22:38.265, 0, 95, 90351
2026/09/22 02:22:38.265, 1, 94, 90351
2026/09/22 02:22:53.266, 0, 94, 90351
2026/09/22 02:22:53.266, 1, 92, 90351
2026/09/22 02:23:08.267, 0, 96, 90351
2026/09/22 02:23:08.267, 1, 96, 90351
2026/09/22 02:23:23.268, 0, 96, 90351
2026/09/22 02:23:23.268, 1, 97, 90351
2026/09/22 02:23:38.269, 0, 94, 90351
2026/09/22 02:23:38.270, 1, 94, 90351
2026/09/22 02:23:53.271, 0, 93, 90351
2026/09/22 02:23:53.271, 1, 95, 90351
2026/09/22 02:24:08.272, 0, 96, 90351
2026/09/22 02:24:08.272, 1, 94, 90351
2026/09/22 02:24:23.273, 0, 91, 90351
2026/09/22 02:24:23.273, 1, 91, 90351
2026/09/22 02:24:38.274, 0, 96, 90351
2026/09/22 02:24:38.274, 1, 94, 90351
2026/09/22 02:24:53.276, 0, 94, 90351
2026/09/22 02:24:53.276, 1, 97, 90351
2026/09/22 02:25:08.276, 0, 95, 90351
2026/09/22 02:25:08.277, 1, 93, 90351
2026/09/22 02:25:23.278, 0, 95, 90351
2026/09/22 02:25:23.278, 1, 92, 90351
2026/09/22 02:25:38.279, 0, 96, 90351
2026/09/22 02:25:38.279, 1, 93, 90351
2026/09/22 02:25:53.280, 0, 94, 90351
2026/09/22 02:25:53.281, 1, 92, 90351
2026/09/22 02:26:08.282, 0, 93, 90351
2026/09/22 02:26:08.282, 1, 94, 90351
2026/09/22 02:26:23.283, 0, 95, 90351
2026/09/22 02:26:23.283, 1, 91, 90351
2026/09/22 02:26:38.284, 0, 96, 90351
2026/09/22 02:26:38.284, 1, 97, 90351
2026/09/22 02:26:53.285, 0, 96, 90351
2026/09/22 02:26:53.285, 1, 95, 90351
2026/09/22 02:27:08.287, 0, 94, 90351
2026/09/22 02:27:08.287, 1, 94, 90351
2026/09/22 02:27:23.288, 0, 94, 90351
2026/09/22 02:27:23.288, 1, 94, 90351
2026/09/22 02:27:38.289, 0, 92, 90351
2026/09/22 02:27:38.289, 1, 93, 90351
2026/09/22 02:27:53.291, 0, 98, 90351
2026/09/22 02:27:53.291, 1, 96, 90351
2026/09/22 02:28:08.292, 0, 95, 90351
2026/09/22 02:28:08.292, 1, 95, 90351
2026/09/22 02:28:23.293, 0, 97, 90351
2026/09/22 02:28:23.293, 1, 94, 90351
2026/09/22 02:28:38.294, 0, 94, 90351
2026/09/22 02:28:38.294, 1, 94, 90351
2026/09/22 02:28:53.295, 0, 93, 90351
2026/09/22 02:28:53.295, 1, 96, 90351
2026/09/22 02:29:08.296, 0, 89, 90351
2026/09/22 02:29:08.296, 1, 94, 90351
2026/09/22 02:29:23.297, 0, 96, 90351
2026/09/22 02:29:23.297, 1, 96, 90351
2026/09/22 02:29:38.298, 0, 97, 90351
2026/09/22 02:29:38.299, 1, 97, 90351
2026/09/22 02:29:53.300, 0, 94, 90351
2026/09/22 02:29:53.300, 1, 95, 90351
2026/09/22 02:30:08.301, 0, 96, 90351
2026/09/22 02:30:08.301, 1, 97, 90351
2026/09/22 02:30:23.302, 0, 93, 90351
2026/09/22 02:30:23.302, 1, 95, 90351
2026/09/22 02:30:38.303, 0, 0, 90351
2026/09/22 02:30:38.303, 1, 100, 90351
2026/09/22 02:30:53.304, 0, 97, 90351
2026/09/22 02:30:53.305, 1, 94, 90351
2026/09/22 02:31:08.306, 0, 95, 90351
2026/09/22 02:31:08.306, 1, 95, 90351
2026/09/22 02:31:23.307, 0, 95, 90351
2026/09/22 02:31:23.307, 1, 94, 90351
2026/09/22 02:31:38.308, 0, 92, 90351
2026/09/22 02:31:38.308, 1, 96, 90351
2026/09/22 02:31:53.309, 0, 96, 90351
2026/09/22 02:31:53.309, 1, 93, 90351
2026/09/22 02:32:08.310, 0, 94, 90351
2026/09/22 02:32:08.310, 1, 97, 90351
2026/09/22 02:32:23.312, 0, 0, 90335
2026/09/22 02:32:23.312, 1, 0, 90335
