scope,checkpoint,metric,control,stochastic_depth_0_1,percent_change
validation,epoch70_ema,val/reduced/weighted_rmse/so_14,0.007719099599966982,0.022832646662766715,195.79417090128464
validation,epoch70_ema,val/reduced/weighted_rmse/vo_13,0.006093440684335149,0.006133741609063148,0.6613820797764403
validation,epoch70_ema,rollout_val/360d/weighted_rmse/so/depth_4,0.10335800051689148,0.16725455224514008,61.820615151902224
validation,epoch70_ema,rollout_val/360d/weighted_rmse/thetao/depth_11,0.1357475221157074,0.2019072324037552,48.737324451237576
validation,epoch70_ema,val/reduced/weighted_rmse/thetao_13,0.047029705700064914,0.045582936555816356,-3.076287896580565
validation,epoch70_ema,rollout_val/360d/weighted_rmse/so/depth_0,0.20899280905723572,0.28506606817245483,36.39994096370338
validation,epoch70_ema,rollout_val/360d/weighted_rmse/vo_11,0.015710892155766487,0.015081925317645073,-4.003380787580291
validation,epoch70_ema,rollout_val/360d/weighted_rmse/uo_14,0.008772740140557289,0.008644823916256428,-1.458110262601886
validation,epoch70_ema,rollout_val/360d/weighted_rmse/thetao/depth_18,0.0200529582798481,0.029450247064232826,46.86235643260868
validation,epoch70_ema,rollout_val/360d/weighted_rmse/so_8,0.04513351619243622,0.08124438673257828,80.00899018409243
validation,epoch70_ema,rollout_val/360d/weighted_rmse/so/depth_11,0.023086542263627052,0.061973512172698975,168.43999185767422
validation,epoch70_ema,val/reduced/weighted_rmse/so_18,0.0016007474106567174,0.001677450554757519,4.791708147716678
validation,epoch70_ema,rollout_val/360d/weighted_rmse/thetao_14,0.04743820056319237,0.11051056534051895,132.9569082058835
validation,epoch70_ema,rollout_val/360d/weighted_rmse/vo/depth_3,0.04318610206246376,0.04162666201591492,-3.610976615331696
validation,epoch70_ema,val/reduced/weighted_rmse/so_15,0.0050358006125245415,0.013923723746958482,176.49473873784407
validation,epoch70_ema,val/reduced/weighted_rmse/thetao_12,0.04940024259254329,0.04706705898963126,-4.723020536875278
validation,epoch70_ema,rollout_val/360d/weighted_rmse/uo_9,0.0224651750177145,0.021441813558340073,-4.555323778103104
validation,epoch70_ema,val/reduced/weighted_rmse/vo_11,0.007692908474205052,0.007801243942223357,1.4082510975083506
validation,epoch70_ema,rollout_val/360d/weighted_rmse/uo/mean_depths,0.0267958901822567,0.02616165578365326,-2.366909232309833
validation,epoch70_ema,rollout_val/360d/weighted_rmse/uo/depth_12,0.012228828854858875,0.011934671550989151,-2.405441333434366
validation,epoch70_ema,rollout_val/360d/weighted_rmse/vo/depth_17,0.00885416567325592,0.00866846926510334,-2.0972773156196722
validation,epoch70_ema,rollout_val/360d/weighted_rmse/vo/depth_band/middle,0.013746289536356926,0.013264923356473446,-3.501789909272146
validation,epoch70_ema,rollout_val/360d/weighted_rmse/uo/depth_18,0.007412161212414503,0.007219789084047079,-2.5953581263886027
validation,epoch70_ema,val/reduced/weighted_rmse/uo_8,0.010321967338191919,0.01042263115957907,0.975238712630766
validation,epoch70_ema,rollout_val/360d/weighted_rmse/uo_0,0.06147652864456177,0.060736674815416336,-1.203473659716603
validation,epoch70_ema,rollout_val/360d/weighted_rmse/uo_5,0.03950856998562813,0.0383588932454586,-2.9099426797470462
validation,epoch70_ema,rollout_val/360d/weighted_rmse/thetao_15,0.040947046130895615,0.0938682109117508,129.24293638100744
validation,epoch70_ema,rollout_val/360d/weighted_rmse/so_15,0.004627211019396782,0.02403244376182556,419.3721155375038
validation,epoch70_ema,rollout_val/360d/weighted_rmse/uo/depth_band/deep,0.008076010271906853,0.007927325554192066,-1.8410664760048712
validation,epoch70_ema,rollout_val/360d/weighted_rmse/so_5,0.08972896635532379,0.1474412977695465,64.318506897409
validation,epoch70_ema,rollout_val/360d/weighted_rmse/uo/depth_0,0.06147652864456177,0.060736674815416336,-1.203473659716603
validation,epoch70_ema,val/reduced/weighted_rmse/so_7,0.028848324904177127,0.03043936230696042,5.515181238661504
validation,epoch70_ema,val/reduced/weighted_rmse/zos,0.028728887155594504,0.030562675476039202,6.383081636657106
validation,epoch70_ema,val/reduced/weighted_rmse/uo_18,0.005074695904780907,0.0050964133488186035,0.42795557497812275
validation,epoch70_ema,rollout_val/360d/weighted_rmse/thetao_0,0.4692153334617615,0.948307991027832,102.10507274590461
validation,epoch70_ema,rollout_val/360d/weighted_rmse/so/depth_10,0.025442780926823616,0.06586951017379761,158.8927301746061
validation,epoch70_ema,rollout_val/360d/weighted_rmse/vo_15,0.008820882067084312,0.008690512739121914,-1.4779624868682895
validation,epoch70_ema,rollout_val/360d/weighted_rmse/uo/depth_14,0.008772740140557289,0.008644823916256428,-1.458110262601886
validation,epoch70_ema,rollout_val/360d/weighted_rmse/uo/depth_band/upper,0.03016745299100876,0.02901996113359928,-3.803741262981264
validation,epoch70_ema,rollout_val/360d/weighted_rmse/uo/depth_10,0.01854110136628151,0.01787545718252659,-3.59010055878044
validation,epoch70_ema,rollout_val/360d/weighted_rmse/uo_12,0.012228828854858875,0.011934671550989151,-2.405441333434366
validation,epoch70_ema,rollout_val/360d/weighted_rmse/so_10,0.025442780926823616,0.06586951017379761,158.8927301746061
validation,epoch70_ema,val/reduced/weighted_rmse/vo_18,0.005198893652313382,0.00528149766699656,1.588876792015581
validation,epoch70_ema,rollout_val/360d/weighted_rmse/uo_17,0.008202494122087955,0.008071628399193287,-1.5954381794955341
validation,epoch70_ema,val/reduced/weighted_rmse/thetao_15,0.033982114885509784,0.0348352270847551,2.5104741188697766
validation,epoch70_ema,rollout_val/360d/weighted_rmse/thetao/depth_17,0.030552955344319344,0.04039781540632248,32.22228406730405
validation,epoch70_ema,rollout_val/360d/weighted_rmse/thetao_3,0.5084340572357178,0.9364316463470459,84.17956724580745
validation,epoch70_ema,rollout_val/360d/weighted_rmse/thetao/depth_6,0.46430888772010803,0.6911038160324097,48.84570041851468
validation,epoch70_ema,rollout_val/360d/weighted_rmse/vo_6,0.032384902238845825,0.030708756297826767,-5.175701716364967
validation,epoch70_ema,rollout_val/360d/weighted_rmse/thetao/depth_1,0.4628753662109375,0.9454892873764038,104.26433472061976
validation,epoch70_ema,rollout_val/360d/weighted_rmse/so/depth_14,0.007047079969197512,0.04047448933124542,474.3441185307631
validation,epoch70_ema,rollout_val/360d/weighted_rmse/thetao/depth_3,0.5084340572357178,0.9364316463470459,84.17956724580745
validation,epoch70_ema,rollout_val/360d/weighted_rmse/thetao/depth_2,0.4682425260543823,0.9380278587341309,100.3294887882924
validation,epoch70_ema,rollout_val/360d/weighted_rmse/thetao_6,0.46430888772010803,0.6911038160324097,48.84570041851468
validation,epoch70_ema,rollout_val/360d/weighted_rmse/so/depth_13,0.010524960234761238,0.04957398772239685,371.0135394019515
validation,epoch70_ema,rollout_val/360d/weighted_rmse/vo/depth_4,0.040598176419734955,0.0390331968665123,-3.854802582861605
validation,epoch70_ema,rollout_val/360d/weighted_rmse/vo/depth_band/deep,0.008650709874927998,0.008457634598016739,-2.231900961918065
validation,epoch70_ema,val/reduced/weighted_rmse/ocean_heat_content,455842124.7458283,559445419.4165404,22.727889557920953
validation,epoch70_ema,rollout_val/360d/weighted_rmse/uo/depth_11,0.015046853572130203,0.014592478983104229,-3.0197315794151636
validation,epoch70_ema,rollout_val/360d/weighted_rmse/so/depth_5,0.08972896635532379,0.1474412977695465,64.318506897409
validation,epoch70_ema,rollout_val/360d/weighted_rmse/so/depth_band/middle,0.01760004460811615,0.05665968358516693,221.92920442394035
validation,epoch70_ema,val/reduced/weighted_rmse/uo_7,0.01189760374040159,0.012008672312107432,0.9335373250722423
validation,epoch70_ema,val/reduced/weighted_rmse/so_3,0.07483205344500446,0.08298165351257125,10.89052042859695
validation,epoch70_ema,rollout_val/360d/weighted_rmse/so/depth_12,0.017427319660782814,0.05577528849244118,220.04513360682694
validation,epoch70_ema,rollout_val/360d/weighted_rmse/vo/depth_8,0.026590663939714432,0.025065980851650238,-5.73390379240214
validation,epoch70_ema,rollout_val/360d/weighted_rmse/thetao/depth_0,0.4692153334617615,0.948307991027832,102.10507274590461
validation,epoch70_ema,rollout_val/360d/weighted_rmse/vo_3,0.04318610206246376,0.04162666201591492,-3.610976615331696
validation,epoch70_ema,val/reduced/weighted_rmse/thetao_6,0.2796999640767852,0.28325798164847005,1.2720836713114636
validation,epoch70_ema,rollout_val/360d/weighted_rmse/uo/depth_5,0.03950856998562813,0.0383588932454586,-2.9099426797470462
validation,epoch70_ema,val/reduced/weighted_rmse/thetao_10,0.09401010116124718,0.09738711387561831,3.5921807046870757
validation,epoch70_ema,rollout_val/360d/weighted_rmse/so/depth_3,0.11384490132331848,0.18315383791923523,60.88014113085312
validation,epoch70_ema,rollout_val/360d/weighted_rmse/zos/depth_band/surface,0.036599814891815186,0.059694111347198486,63.09948977514603
validation,epoch70_ema,rollout_val/360d/weighted_rmse/zos,0.036599814891815186,0.059694111347198486,63.09948977514603
validation,epoch70_ema,val/reduced/weighted_rmse/so_2,0.09237108206869113,0.10061368542040472,8.923359093686955
validation,epoch70_ema,rollout_val/360d/weighted_rmse/thetao_12,0.09009717404842377,0.15014751255512238,66.65063487387945
validation,epoch70_ema,val/reduced/weighted_rmse/thetao_5,0.34144408969915946,0.3425802663881847,0.33275629108890925
validation,epoch70_ema,val/reduced/weighted_rmse/uo_5,0.018949728988297727,0.019141138779462823,1.010092499387727
validation,epoch70_ema,rollout_val/360d/weighted_rmse/vo_8,0.026590663939714432,0.025065980851650238,-5.73390379240214
validation,epoch70_ema,rollout_val/360d/weighted_rmse/vo_9,0.02312285639345646,0.021864917129278183,-5.440241649964406
validation,epoch70_ema,rollout_val/360d/weighted_rmse/vo_16,0.00884315837174654,0.008710786700248718,-1.496882289485424
validation,epoch70_ema,rollout_val/360d/weighted_rmse/thetao/depth_9,0.2500729560852051,0.3281526267528534,31.22275670666481
validation,epoch70_ema,val/reduced/weighted_rmse/vo_10,0.00901044912353104,0.009136182009813235,1.395411977343497
validation,epoch70_ema,rollout_val/360d/weighted_rmse/so_12,0.017427319660782814,0.05577528849244118,220.04513360682694
validation,epoch70_ema,rollout_val/360d/weighted_rmse/so/depth_band/deep,0.003726721741259098,0.014290893450379372,283.4709013061731
validation,epoch70_ema,rollout_val/360d/weighted_rmse/so/depth_9,0.0349709615111351,0.07346589118242264,110.07684092137522
validation,epoch70_ema,rollout_val/360d/weighted_rmse/uo/depth_6,0.03325933218002319,0.03196796774864197,-3.8827130514570762
validation,epoch70_ema,rollout_val/360d/weighted_rmse/thetao/depth_16,0.04100716859102249,0.06031353771686554,47.08047346158326
validation,epoch70_ema,rollout_val/360d/weighted_rmse/vo_10,0.019327349960803986,0.018404562026262283,-4.774518681625384
validation,epoch70_ema,val/reduced/weighted_rmse/uo_6,0.014462378259376187,0.01461848355276546,1.0793888155156361
validation,epoch70_ema,rollout_val/360d/weighted_rmse/vo/depth_0,0.05385500192642212,0.052113089710474014,-3.2344483402450552
validation,epoch70_ema,rollout_val/360d/weighted_rmse/uo/depth_15,0.008176533505320549,0.00802531000226736,-1.8494818489373954
validation,epoch70_ema,rollout_val/360d/weighted_rmse/so/depth_1,0.1852024793624878,0.2629968225955963,42.00502255741698
validation,epoch70_ema,rollout_val/360d/weighted_rmse/uo_11,0.015046853572130203,0.014592478983104229,-3.0197315794151636
validation,epoch70_ema,val/reduced/weighted_rmse/vo_14,0.005872993731276388,0.005894890811952684,0.3728435901384275
validation,epoch70_ema,val/reduced/weighted_rmse/uo_0,0.04885391303732401,0.04785286435910295,-2.049065501582781
validation,epoch70_ema,rollout_val/360d/weighted_rmse/vo/depth_14,0.00934579223394394,0.00916558038443327,-1.9282672351321861
validation,epoch70_ema,rollout_val/360d/weighted_rmse/so_9,0.0349709615111351,0.07346589118242264,110.07684092137522
validation,epoch70_ema,val/reduced/weighted_rmse/vo_4,0.022273731053445663,0.022434734599641525,0.7228404877904548
validation,epoch70_ema,val/reduced/weighted_rmse/so_17,0.0016852350176825655,0.001480321912033146,-12.159319234370269
validation,epoch70_ema,rollout_val/360d/weighted_rmse/thetao/mean_depths,0.26362836360931396,0.44894087314605713,70.29308493200239
validation,epoch70_ema,rollout_val/360d/weighted_rmse/thetao/depth_band/middle,0.10465913265943527,0.17080740630626678,63.203537011987734
validation,epoch70_ema,rollout_val/360d/weighted_rmse/so/depth_6,0.07499054819345474,0.11922267824411392,58.98360675608425
validation,epoch70_ema,rollout_val/360d/weighted_rmse/thetao_10,0.1786339432001114,0.25234559178352356,41.26407739924212
validation,epoch70_ema,rollout_val/360d/weighted_rmse/so/depth_8,0.04513351619243622,0.08124438673257828,80.00899018409243
validation,epoch70_ema,rollout_val/360d/weighted_rmse/vo/depth_9,0.02312285639345646,0.021864917129278183,-5.440241649964406
validation,epoch70_ema,val/reduced/weighted_rmse/vo_17,0.006093849593121054,0.006141568523048577,0.7830670776874715
validation,epoch70_ema,val/mean/loss,0.7066900730133057,0.6231886148452759,-11.815852713479059
validation,epoch70_ema,val/reduced/weighted_rmse/vo_8,0.012024301137448411,0.012222577800427131,1.6489662119423043
validation,epoch70_ema,val/reduced/weighted_rmse/so_13,0.010332185627323635,0.026739446852454007,158.79758472148526
validation,epoch70_ema,rollout_val/360d/weighted_rmse/thetao/depth_7,0.36915791034698486,0.5444436073303223,47.48257915388567
validation,epoch70_ema,rollout_val/360d/weighted_rmse/so_7,0.05809556320309639,0.09197002649307251,58.30817608490053
validation,epoch70_ema,rollout_val/360d/weighted_rmse/thetao/depth_band/upper,0.35580307245254517,0.5323851704597473,49.62916615363224
validation,epoch70_ema,val/reduced/weighted_rmse/vo_3,0.02544940111969058,0.02556834692616586,0.46738155415080307
validation,epoch70_ema,rollout_val/360d/weighted_rmse/uo_15,0.008176533505320549,0.00802531000226736,-1.8494818489373954
validation,epoch70_ema,val/reduced/weighted_rmse/thetao_4,0.3772267011414412,0.368713863544257,-2.2566900941596635
validation,epoch70_ema,val/reduced/weighted_rmse/thetao_7,0.2046153491086355,0.20730504819468454,1.3145148190329747
validation,epoch70_ema,val/reduced/weighted_rmse/uo_17,0.005776760711125935,0.005778821643590804,0.03567626508917954
validation,epoch70_ema,val/reduced/weighted_rmse/so_1,0.11730352378159498,0.12589675932647412,7.3256414367216305
validation,epoch70_ema,val/reduced/weighted_rmse/so_12,0.013403936246460676,0.02621885171225569,95.60561338225409
validation,epoch70_ema,val/reduced/weighted_rmse/uo_4,0.024051942532338492,0.024073423248132646,0.08930969199378858
validation,epoch70_ema,rollout_val/360d/weighted_rmse/thetao/depth_8,0.3000909686088562,0.4204714596271515,40.1146664214348
validation,epoch70_ema,rollout_val/360d/weighted_rmse/so_11,0.023086542263627052,0.061973512172698975,168.43999185767422
validation,epoch70_ema,rollout_val/360d/weighted_rmse/uo_1,0.056149452924728394,0.055527761578559875,-1.1072081984519588
validation,epoch70_ema,val/reduced/weighted_rmse/so_4,0.0660454103076491,0.07313115961640133,10.728602147743182
validation,epoch70_ema,rollout_val/360d/weighted_rmse/uo/depth_1,0.056149452924728394,0.055527761578559875,-1.1072081984519588
validation,epoch70_ema,rollout_val/360d/weighted_rmse/uo/depth_2,0.05170891433954239,0.0511079840362072,-1.1621406308963134
validation,epoch70_ema,rollout_val/360d/weighted_rmse/thetao/depth_15,0.040947046130895615,0.0938682109117508,129.24293638100744
validation,epoch70_ema,rollout_val/360d/weighted_rmse/uo_10,0.01854110136628151,0.01787545718252659,-3.59010055878044
validation,epoch70_ema,rollout_val/360d/weighted_rmse/so/depth_15,0.004627211019396782,0.02403244376182556,419.3721155375038
validation,epoch70_ema,rollout_val/360d/weighted_rmse/uo/depth_13,0.010140572674572468,0.009988311678171158,-1.501502935658705
validation,epoch70_ema,rollout_val/360d/weighted_rmse/thetao/depth_12,0.09009717404842377,0.15014751255512238,66.65063487387945
validation,epoch70_ema,val/reduced/weighted_rmse/uo_10,0.007862815347229544,0.007906056458493498,0.5499443819342753
validation,epoch70_ema,rollout_val/360d/weighted_rmse/vo/depth_5,0.0369393453001976,0.03536568209528923,-4.260127493109501
validation,epoch70_ema,rollout_val/360d/weighted_rmse/thetao_2,0.4682425260543823,0.9380278587341309,100.3294887882924
validation,epoch70_ema,val/reduced/weighted_rmse/vo_7,0.013425253555565208,0.013620168473570804,1.4518527877247944
validation,epoch70_ema,rollout_val/360d/weighted_rmse/uo/depth_7,0.02937530167400837,0.028012840077280998,-4.638119505451388
validation,epoch70_ema,val/reduced/weighted_rmse/thetao_16,0.019332617048876247,0.01761499089903308,-8.88460235621854
validation,epoch70_ema,rollout_val/360d/weighted_rmse/vo/depth_7,0.029341068118810654,0.027705512940883636,-5.574286427829323
validation,epoch70_ema,rollout_val/360d/weighted_rmse/vo/depth_18,0.0077016158029437065,0.007382575888186693,-4.142506234017418
validation,epoch70_ema,rollout_val/360d/weighted_rmse/so/depth_2,0.14035743474960327,0.21174748241901398,50.86303251179396
validation,epoch70_ema,rollout_val/360d/weighted_rmse/thetao_7,0.36915791034698486,0.5444436073303223,47.48257915388567
validation,epoch70_ema,rollout_val/360d/weighted_rmse/uo_7,0.02937530167400837,0.028012840077280998,-4.638119505451388
validation,epoch70_ema,rollout_val/360d/weighted_rmse/uo/depth_9,0.0224651750177145,0.021441813558340073,-4.555323778103104
validation,epoch70_ema,rollout_val/360d/weighted_rmse/so/depth_7,0.05809556320309639,0.09197002649307251,58.30817608490053
validation,epoch70_ema,rollout_val/360d/weighted_rmse/thetao_1,0.4628753662109375,0.9454892873764038,104.26433472061976
validation,epoch70_ema,rollout_val/360d/weighted_rmse/uo/depth_8,0.026265880092978477,0.02495933137834072,-4.9743191928567025
validation,epoch70_ema,val/reduced/weighted_rmse/so_11,0.015664064661941025,0.025538566031890492,63.0392020402057
validation,epoch70_ema,rollout_val/360d/normalized_rmse/channel_mean,0.2855368436111012,0.2974929699910544,4.187244710261395
validation,epoch70_ema,val/reduced/weighted_rmse/thetao_8,0.15549391410072394,0.15764346210297311,1.3824000859974372
validation,epoch70_ema,rollout_val/360d/weighted_rmse/so/depth_17,0.002705963794142008,0.0038758725859224796,43.23445843263472
validation,epoch70_ema,rollout_val/360d/weighted_rmse/vo_2,0.046427372843027115,0.044769108295440674,-3.5717389247785003
validation,epoch70_ema,val/reduced/weighted_rmse/so_9,0.02120459325918381,0.029309278907056403,38.22136811967574
validation,epoch70_ema,rollout_val/360d/weighted_rmse/uo_16,0.008114921860396862,0.007981672883033752,-1.6420241581548978
validation,epoch70_ema,rollout_val/360d/weighted_rmse/vo/depth_15,0.008820882067084312,0.008690512739121914,-1.4779624868682895
validation,epoch70_ema,val/reduced/weighted_rmse/thetao_17,0.016233578260710268,0.014094684304522672,-13.1757393338492
validation,epoch70_ema,rollout_val/360d/weighted_rmse/thetao/depth_band/deep,0.03473491594195366,0.06171875074505806,77.68504420220196
validation,epoch70_ema,rollout_val/360d/weighted_rmse/vo/depth_6,0.032384902238845825,0.030708756297826767,-5.175701716364967
validation,epoch70_ema,val/reduced/weighted_rmse/so_16,0.0035873903129019255,0.005475013976097261,52.61829626975805
validation,epoch70_ema,rollout_val/360d/weighted_rmse/thetao/depth_13,0.06066824495792389,0.12790630757808685,110.82908804564156
validation,epoch70_ema,rollout_val/360d/weighted_rmse/uo_6,0.03325933218002319,0.03196796774864197,-3.8827130514570762
validation,epoch70_ema,rollout_val/360d/weighted_rmse/uo/depth_band/middle,0.013180102221667767,0.012837677262723446,-2.59804478891964
validation,epoch70_ema,val/reduced/weighted_rmse/uo_15,0.0055156480938994105,0.005511894042669758,-0.06806183363664564
validation,epoch70_ema,val/reduced/weighted_rmse/so_5,0.053026027853302016,0.05774496794452626,8.899290183076358
validation,epoch70_ema,rollout_val/360d/weighted_rmse/so/mean_depths,0.060594670474529266,0.10213850438594818,68.56021096588304
validation,epoch70_ema,rollout_val/360d/weighted_rmse/vo/depth_band/upper,0.029556570574641228,0.02806800790131092,-5.036317287119418
validation,epoch70_ema,val/reduced/weighted_rmse/vo_0,0.041393927699635034,0.0407625442012143,-1.5253046364728018
validation,epoch70_ema,val/reduced/weighted_rmse/thetao_14,0.039593010222588605,0.042910824566984716,8.37979816574601
validation,epoch70_ema,rollout_val/360d/weighted_rmse/vo_18,0.0077016158029437065,0.007382575888186693,-4.142506234017418
validation,epoch70_ema,val/reduced/weighted_rmse/so_6,0.03919390590050077,0.04203947886857446,7.26024340441489
validation,epoch70_ema,val/reduced/weighted_rmse/vo_15,0.005976660780863845,0.006033613736924815,0.9529226795558232
validation,epoch70_ema,rollout_val/360d/weighted_rmse/vo/depth_1,0.050322964787483215,0.048724621534347534,-3.176170680494639
validation,epoch70_ema,rollout_val/360d/weighted_rmse/thetao_18,0.0200529582798481,0.029450247064232826,46.86235643260868
validation,epoch70_ema,rollout_val/360d/weighted_rmse/so_0,0.20899280905723572,0.28506606817245483,36.39994096370338
validation,epoch70_ema,val/reduced/weighted_rmse/vo_5,0.01892652768006578,0.019137047704668207,1.1123013590292885
validation,epoch70_ema,rollout_val/360d/weighted_rmse/thetao/depth_4,0.545529305934906,0.8999050855636597,64.95998945857524
validation,epoch70_ema,rollout_val/360d/weighted_rmse/vo_5,0.0369393453001976,0.03536568209528923,-4.260127493109501
validation,epoch70_ema,rollout_val/360d/weighted_rmse/so/depth_18,0.0016698645194992423,0.0027933018282055855,67.27715306168902
validation,epoch70_ema,val/reduced/weighted_rmse/uo_9,0.009044296089087436,0.00911277478661481,0.757147895788135
validation,epoch70_ema,rollout_val/360d/weighted_rmse/so_14,0.007047079969197512,0.04047448933124542,474.3441185307631
validation,epoch70_ema,rollout_val/360d/weighted_rmse/so_13,0.010524960234761238,0.04957398772239685,371.0135394019515
validation,epoch70_ema,val/reduced/weighted_rmse/thetao_2,0.3610950749088651,0.3796023071830965,5.125307311073768
validation,epoch70_ema,rollout_val/360d/weighted_rmse/so_3,0.11384490132331848,0.18315383791923523,60.88014113085312
validation,epoch70_ema,rollout_val/360d/weighted_rmse/thetao_8,0.3000909686088562,0.4204714596271515,40.1146664214348
validation,epoch70_ema,rollout_val/360d/weighted_rmse/vo/depth_13,0.010599140077829361,0.010360280983150005,-2.2535705059600675
validation,epoch70_ema,rollout_val/360d/weighted_rmse/vo_0,0.05385500192642212,0.052113089710474014,-3.2344483402450552
validation,epoch70_ema,val/reduced/weighted_rmse/vo_16,0.006339486306366468,0.006384679303588617,0.7128810606746416
validation,epoch70_ema,val/reduced/weighted_rmse/uo_14,0.005388169904298526,0.005373209103844782,-0.2776601465705131
validation,epoch70_ema,rollout_val/360d/weighted_rmse/thetao/depth_10,0.1786339432001114,0.25234559178352356,41.26407739924212
validation,epoch70_ema,rollout_val/360d/weighted_rmse/vo_14,0.00934579223394394,0.00916558038443327,-1.9282672351321861
validation,epoch70_ema,rollout_val/360d/weighted_rmse/so_18,0.0016698645194992423,0.0027933018282055855,67.27715306168902
validation,epoch70_ema,rollout_val/360d/weighted_rmse/thetao/depth_14,0.04743820056319237,0.11051056534051895,132.9569082058835
validation,epoch70_ema,val/reduced/weighted_rmse/so_8,0.025358085361407934,0.02900052344288205,14.364010648128378
validation,epoch70_ema,rollout_val/360d/weighted_rmse/so_17,0.002705963794142008,0.0038758725859224796,43.23445843263472
validation,epoch70_ema,rollout_val/360d/weighted_rmse/thetao/depth_5,0.5258663892745972,0.8106966018676758,54.163988876715564
validation,epoch70_ema,val/reduced/weighted_rmse/vo_2,0.030410206974670097,0.030191370379644693,-0.7196156054040781
validation,epoch70_ema,val/reduced/weighted_rmse/uo_16,0.0058748340784019635,0.005838891382581351,-0.6118078458207221
validation,epoch70_ema,rollout_val/360d/weighted_rmse/vo_1,0.050322964787483215,0.048724621534347534,-3.176170680494639
validation,epoch70_ema,val/reduced/weighted_rmse/thetao_18,0.01729279650867264,0.016217680457595574,-6.217132379588675
validation,epoch70_ema,val/reduced/weighted_rmse/thetao_11,0.06556796208198831,0.06817542846895017,3.9767384926519433
validation,epoch70_ema,rollout_val/360d/weighted_rmse/uo/depth_16,0.008114921860396862,0.007981672883033752,-1.6420241581548978
validation,epoch70_ema,rollout_val/360d/weighted_rmse/vo_7,0.029341068118810654,0.027705512940883636,-5.574286427829323
validation,epoch70_ema,rollout_val/360d/weighted_rmse/uo/depth_17,0.008202494122087955,0.008071628399193287,-1.5954381794955341
validation,epoch70_ema,rollout_val/360d/weighted_rmse/vo/depth_2,0.046427372843027115,0.044769108295440674,-3.5717389247785003
validation,epoch70_ema,rollout_val/360d/weighted_rmse/vo/mean_depths,0.02551000379025936,0.024513836950063705,-3.9050046734059207
validation,epoch70_ema,rollout_val/360d/weighted_rmse/so/depth_16,0.004091731272637844,0.01270010694861412,210.38467832777923
validation,epoch70_ema,val/reduced/weighted_rmse/thetao_3,0.37318940963288744,0.38221589652125687,2.4187414367543125
validation,epoch70_ema,rollout_val/360d/weighted_rmse/vo/depth_11,0.015710892155766487,0.015081925317645073,-4.003380787580291
validation,epoch70_ema,rollout_val/360d/weighted_rmse/vo_13,0.010599140077829361,0.010360280983150005,-2.2535705059600675
validation,epoch70_ema,rollout_val/360d/weighted_rmse/so_16,0.004091731272637844,0.01270010694861412,210.38467832777923
validation,epoch70_ema,rollout_val/360d/weighted_rmse/so/depth_band/upper,0.06106084957718849,0.10416416823863983,70.59076144520951
validation,epoch70_ema,rollout_val/360d/weighted_rmse/thetao_11,0.1357475221157074,0.2019072324037552,48.737324451237576
validation,epoch70_ema,val/reduced/weighted_rmse/uo_2,0.0342319611550241,0.03360770037978536,-1.8236196647095193
validation,epoch70_ema,rollout_val/360d/weighted_rmse/vo_4,0.040598176419734955,0.0390331968665123,-3.854802582861605
validation,epoch70_ema,rollout_val/360d/weighted_rmse/so_1,0.1852024793624878,0.2629968225955963,42.00502255741698
validation,epoch70_ema,rollout_val/360d/weighted_rmse/thetao_9,0.2500729560852051,0.3281526267528534,31.22275670666481
validation,epoch70_ema,rollout_val/360d/weighted_rmse/vo/depth_12,0.012718609534204006,0.012320698238909245,-3.128575448634252
validation,epoch70_ema,rollout_val/360d/weighted_rmse/uo_13,0.010140572674572468,0.009988311678171158,-1.501502935658705
validation,epoch70_ema,val/reduced/weighted_rmse/uo_1,0.04135303950655346,0.04051861019487068,-2.017818573047203
validation,epoch70_ema,rollout_val/360d/weighted_rmse/vo_17,0.00885416567325592,0.00866846926510334,-2.0972773156196722
validation,epoch70_ema,val/reduced/weighted_rmse/uo_12,0.006080258087824609,0.006075735060778166,-0.07438873450948957
validation,epoch70_ema,rollout_val/360d/weighted_rmse/thetao_13,0.06066824495792389,0.12790630757808685,110.82908804564156
validation,epoch70_ema,rollout_val/360d/weighted_rmse/so_2,0.14035743474960327,0.21174748241901398,50.86303251179396
validation,epoch70_ema,rollout_val/360d/weighted_rmse/vo/depth_10,0.019327349960803986,0.018404562026262283,-4.774518681625384
validation,epoch70_ema,val/reduced/weighted_rmse/vo_6,0.01543734661506407,0.01565063371765682,1.3816305865971712
validation,epoch70_ema,val/reduced/weighted_rmse/vo_9,0.010561935643841024,0.010711559127488392,1.4166293820831788
validation,epoch70_ema,val/reduced/weighted_rmse/uo_13,0.0055735803012146425,0.005571386464436131,-0.03936135589601708
validation,epoch70_ema,rollout_val/360d/weighted_rmse/uo/depth_3,0.04779911786317825,0.04705774411559105,-1.551019727412828
validation,epoch70_ema,rollout_val/360d/weighted_rmse/uo_18,0.007412161212414503,0.007219789084047079,-2.5953581263886027
validation,epoch70_ema,val/reduced/weighted_rmse/thetao_1,0.3661918032905004,0.3865871800463669,5.569588552392268
validation,epoch70_ema,val/reduced/weighted_rmse/uo_3,0.02816061909867068,0.028007021179692337,-0.5454351640500454
validation,epoch70_ema,rollout_val/360d/weighted_rmse/so_4,0.10335800051689148,0.16725455224514008,61.820615151902224
validation,epoch70_ema,rollout_val/360d/weighted_rmse/uo_8,0.026265880092978477,0.02495933137834072,-4.9743191928567025
validation,epoch70_ema,val/reduced/weighted_rmse/thetao_0,0.3878678832249493,0.40603695589162514,4.684345740515572
validation,epoch70_ema,val/reduced/weighted_rmse/vo_1,0.036363258344339545,0.035947578080885764,-1.1431326079679782
validation,epoch70_ema,rollout_val/360d/weighted_rmse/vo/depth_16,0.00884315837174654,0.008710786700248718,-1.496882289485424
validation,epoch70_ema,rollout_val/360d/weighted_rmse/thetao_17,0.030552955344319344,0.04039781540632248,32.22228406730405
validation,epoch70_ema,val/reduced/weighted_rmse/thetao_9,0.11978356292641693,0.11928638641017075,-0.41506238760954384
validation,epoch70_ema,rollout_val/360d/weighted_rmse/thetao_5,0.5258663892745972,0.8106966018676758,54.163988876715564
validation,epoch70_ema,val/reduced/weighted_rmse/uo_11,0.006850365269016422,0.006887756268780203,0.5458249056133901
validation,epoch70_ema,rollout_val/360d/weighted_rmse/vo_12,0.012718609534204006,0.012320698238909245,-3.128575448634252
validation,epoch70_ema,rollout_val/360d/weighted_rmse/uo_2,0.05170891433954239,0.0511079840362072,-1.1621406308963134
validation,epoch70_ema,val/reduced/weighted_rmse/so_10,0.018023858232973124,0.02637115394660449,46.3124798571745
validation,epoch70_ema,rollout_val/360d/weighted_rmse/so_6,0.07499054819345474,0.11922267824411392,58.98360675608425
validation,epoch70_ema,val/reduced/weighted_rmse/vo_12,0.006699170279291309,0.006733255349413447,0.5087953985511096
validation,epoch70_ema,val/reduced/weighted_rmse/so_0,0.14157962476716582,0.14907861592805435,5.296659864172515
validation,epoch70_ema,rollout_val/360d/weighted_rmse/thetao_4,0.545529305934906,0.8999050855636597,64.95998945857524
validation,epoch70_ema,rollout_val/360d/weighted_rmse/uo/depth_4,0.044477373361587524,0.04356629028916359,-2.048419237838317
validation,epoch70_ema,rollout_val/360d/weighted_rmse/uo_4,0.044477373361587524,0.04356629028916359,-2.048419237838317
validation,epoch70_ema,rollout_val/360d/weighted_rmse/thetao_16,0.04100716859102249,0.06031353771686554,47.08047346158326
validation,epoch70_ema,rollout_val/360d/weighted_rmse/uo_3,0.04779911786317825,0.04705774411559105,-1.551019727412828
post_training,epoch_0070,inference/mean_step_20/weighted_bias/ocean_heat_content,-110695141.98388177,-586378885.6985086,429.7241371115372
post_training,epoch_0070,inference/mean_step_20/weighted_bias/so_0,0.004874450358232201,-0.01886625020291369,-487.0436421831947
post_training,epoch_0070,inference/mean_step_20/weighted_bias/so_1,0.003127519917307118,-0.016130936691069776,-615.7740675544271
post_training,epoch_0070,inference/mean_step_20/weighted_bias/so_10,0.00015065633180796423,-0.0005306460086262896,-452.2228387338433
post_training,epoch_0070,inference/mean_step_20/weighted_bias/so_11,0.0022318776038366935,0.0016508969737486017,-26.03102558533501
post_training,epoch_0070,inference/mean_step_20/weighted_bias/so_12,0.0023301358968813427,0.003563161082778817,52.91644953188168
post_training,epoch_0070,inference/mean_step_20/weighted_bias/so_13,0.0011178633194204267,0.0012390887343110293,10.844386141362406
post_training,epoch_0070,inference/mean_step_20/weighted_bias/so_14,0.00032085783599635745,-4.2357896445399636e-05,-113.20145300920142
post_training,epoch_0070,inference/mean_step_20/weighted_bias/so_15,0.00021290669214716224,0.0009573948555844494,349.6781411279891
post_training,epoch_0070,inference/mean_step_20/weighted_bias/so_16,0.00048494117007449574,0.0016471276997136637,239.6551584722401
post_training,epoch_0070,inference/mean_step_20/weighted_bias/so_17,0.00045099945620133,0.0011474871802704546,154.432054072856
post_training,epoch_0070,inference/mean_step_20/weighted_bias/so_18,0.00016374895208511124,0.0006183476097134136,277.61927746079084
post_training,epoch_0070,inference/mean_step_20/weighted_bias/so_2,0.002771096251160699,-0.020504116004854033,-839.9279615879707
post_training,epoch_0070,inference/mean_step_20/weighted_bias/so_3,-0.00020796214041332383,-0.02142360299905875,10201.684218329083
post_training,epoch_0070,inference/mean_step_20/weighted_bias/so_4,-0.00386384511339493,-0.021319309084904713,451.7640707438376
post_training,epoch_0070,inference/mean_step_20/weighted_bias/so_5,-0.005581469547367192,-0.022513594890605688,303.3632128518101
post_training,epoch_0070,inference/mean_step_20/weighted_bias/so_6,-0.00503301724375035,-0.020164214289379888,300.63868873921314
post_training,epoch_0070,inference/mean_step_20/weighted_bias/so_7,-0.004952930080404003,-0.012639234894037371,155.1870244250734
post_training,epoch_0070,inference/mean_step_20/weighted_bias/so_8,-0.002876170081868189,-0.003933070538499322,36.7467996171017
post_training,epoch_0070,inference/mean_step_20/weighted_bias/so_9,-0.0008813510308878028,0.0007585224337821017,-186.06360090349318
post_training,epoch_0070,inference/mean_step_20/weighted_bias/thetao_0,-0.06418903365451416,-0.27719548111717124,331.8424274917826
post_training,epoch_0070,inference/mean_step_20/weighted_bias/thetao_1,-0.06079620957002658,-0.27756469533090716,356.54934295073326
post_training,epoch_0070,inference/mean_step_20/weighted_bias/thetao_10,-0.01115206142836104,-0.050602948189184295,353.75420960733663
post_training,epoch_0070,inference/mean_step_20/weighted_bias/thetao_11,-0.004747097461266004,-0.03806339047711362,701.8244998694948
post_training,epoch_0070,inference/mean_step_20/weighted_bias/thetao_12,-0.0020459249052876285,-0.0203581594496215,895.058977824967
post_training,epoch_0070,inference/mean_step_20/weighted_bias/thetao_13,-0.008412312454416331,-0.024743863606714503,194.13866568549017
post_training,epoch_0070,inference/mean_step_20/weighted_bias/thetao_14,-0.00434432949990077,-0.01581204996180424,263.9698591500807
post_training,epoch_0070,inference/mean_step_20/weighted_bias/thetao_15,-0.00048183613653220603,-0.010599332925013704,2099.7795767867324
post_training,epoch_0070,inference/mean_step_20/weighted_bias/thetao_16,0.0002304425024888896,-0.010937662241313007,-4846.373660753119
post_training,epoch_0070,inference/mean_step_20/weighted_bias/thetao_17,0.002129009734358983,-0.004694770874417287,-320.51429820403433
post_training,epoch_0070,inference/mean_step_20/weighted_bias/thetao_18,0.005045864562283951,-0.002492155429148202,-149.39005790556052
post_training,epoch_0070,inference/mean_step_20/weighted_bias/thetao_2,-0.07666532334153604,-0.28968540525527037,277.8571492678013
post_training,epoch_0070,inference/mean_step_20/weighted_bias/thetao_3,-0.0659550781613559,-0.2702507598036679,309.74973775713306
post_training,epoch_0070,inference/mean_step_20/weighted_bias/thetao_4,-0.07481818252871274,-0.24277495606139177,224.48657245613094
post_training,epoch_0070,inference/mean_step_20/weighted_bias/thetao_5,-0.043228288377621264,-0.18295206903802444,323.2230234050544
post_training,epoch_0070,inference/mean_step_20/weighted_bias/thetao_6,-0.03462381423149588,-0.17530386897059133,406.3101014767013
post_training,epoch_0070,inference/mean_step_20/weighted_bias/thetao_7,-0.03358618583549503,-0.14803557332055273,340.76327703785785
post_training,epoch_0070,inference/mean_step_20/weighted_bias/thetao_8,-0.021037299772807484,-0.09069802888389002,331.12961199100755
post_training,epoch_0070,inference/mean_step_20/weighted_bias/thetao_9,-0.010508949542603556,-0.04970967016807771,373.0222556170187
post_training,epoch_0070,inference/mean_step_20/weighted_bias/uo_0,-0.0042832022971524475,-0.001824305711293551,-57.407902201902
post_training,epoch_0070,inference/mean_step_20/weighted_bias/uo_1,-0.0032742644227304724,-0.0013117167544955044,-59.93858207085063
post_training,epoch_0070,inference/mean_step_20/weighted_bias/uo_10,0.00021188419183279392,0.000448721271438891,111.77666325999178
post_training,epoch_0070,inference/mean_step_20/weighted_bias/uo_11,3.5181425869542465e-05,0.00016586391684990414,371.4530828424925
post_training,epoch_0070,inference/mean_step_20/weighted_bias/uo_12,2.8241395029835028e-05,0.00019268440937210003,582.2765276592839
post_training,epoch_0070,inference/mean_step_20/weighted_bias/uo_13,-9.165040705202178e-06,0.00010175133277136451,-1210.2114659851902
post_training,epoch_0070,inference/mean_step_20/weighted_bias/uo_14,-1.9788207516032425e-05,-2.142460686347194e-05,8.269568358395784
post_training,epoch_0070,inference/mean_step_20/weighted_bias/uo_15,-0.00013372243377140992,5.934305765570772e-05,-144.3777876172602
post_training,epoch_0070,inference/mean_step_20/weighted_bias/uo_16,2.9783128596321216e-05,-6.673629789360982e-05,-324.07416896374355
post_training,epoch_0070,inference/mean_step_20/weighted_bias/uo_17,-0.0002666454305500703,-0.0002639733954944122,-1.0020929479818474
post_training,epoch_0070,inference/mean_step_20/weighted_bias/uo_18,2.9394235607658163e-05,-6.134051924052485e-05,-308.6821377472515
post_training,epoch_0070,inference/mean_step_20/weighted_bias/uo_2,-0.0018443288140005559,-0.0006513512848000145,-64.68355968547927
post_training,epoch_0070,inference/mean_step_20/weighted_bias/uo_3,-0.0004894510570062754,0.00012408932672251005,-125.35275487635103
post_training,epoch_0070,inference/mean_step_20/weighted_bias/uo_4,-1.655567721321061e-05,0.00036575026150442865,-2309.2135331835175
post_training,epoch_0070,inference/mean_step_20/weighted_bias/uo_5,-0.00024983024998354784,-2.1020786849270763e-05,-91.58597213481752
post_training,epoch_0070,inference/mean_step_20/weighted_bias/uo_6,-3.0653266713632624e-05,0.000478741264897719,-1661.795254548858
post_training,epoch_0070,inference/mean_step_20/weighted_bias/uo_7,0.0002667577330604308,0.000735836096804241,175.8443357432289
post_training,epoch_0070,inference/mean_step_20/weighted_bias/uo_8,-0.0001288100839681944,0.00025116468570229227,-294.98837200068084
post_training,epoch_0070,inference/mean_step_20/weighted_bias/uo_9,2.8287461331298008e-05,0.0004106858459249656,1351.8299861379633
post_training,epoch_0070,inference/mean_step_20/weighted_bias/vo_0,-0.0020865267306805282,-0.002184394103177742,4.69044422283984
post_training,epoch_0070,inference/mean_step_20/weighted_bias/vo_1,0.001348175006244173,0.0009656367498360349,-28.374525164491526
post_training,epoch_0070,inference/mean_step_20/weighted_bias/vo_10,-0.0001527937539175767,-0.00018506890977381462,21.123347668811434
post_training,epoch_0070,inference/mean_step_20/weighted_bias/vo_11,-3.999736855629984e-05,-3.206818643391572e-05,-19.824259466527394
post_training,epoch_0070,inference/mean_step_20/weighted_bias/vo_12,-0.00011087158134394296,-9.513646863911412e-05,-14.192196516089883
post_training,epoch_0070,inference/mean_step_20/weighted_bias/vo_13,-5.311763356834602e-05,-2.728475637713576e-06,-94.86333359673701
post_training,epoch_0070,inference/mean_step_20/weighted_bias/vo_14,-2.466702717729999e-05,0.00035544165457352756,-1540.9586206668037
post_training,epoch_0070,inference/mean_step_20/weighted_bias/vo_15,0.0001221707205240283,-0.0004216938619891928,-445.16769663010615
post_training,epoch_0070,inference/mean_step_20/weighted_bias/vo_16,8.301646254827605e-05,0.0003299256549694447,297.42196287583926
post_training,epoch_0070,inference/mean_step_20/weighted_bias/vo_17,0.00012972073230697902,-7.133511945486697e-05,-154.9913018422184
post_training,epoch_0070,inference/mean_step_20/weighted_bias/vo_18,0.00012465935777361453,0.00010777149191610229,-13.547210702128876
post_training,epoch_0070,inference/mean_step_20/weighted_bias/vo_2,0.0008433200264061329,0.0009403040037805744,11.500257830677342
post_training,epoch_0070,inference/mean_step_20/weighted_bias/vo_3,0.0008462012557463875,0.0015405447092950593,82.05417432714985
post_training,epoch_0070,inference/mean_step_20/weighted_bias/vo_4,-8.764077259721493e-06,0.0004859768200442019,-5645.099679548528
post_training,epoch_0070,inference/mean_step_20/weighted_bias/vo_5,-0.0003317209573167687,8.875450250835844e-06,-102.67557718469999
post_training,epoch_0070,inference/mean_step_20/weighted_bias/vo_6,-0.0004374955013621677,-0.00034915418161065117,-20.19250928900085
post_training,epoch_0070,inference/mean_step_20/weighted_bias/vo_7,-0.0002253655761156056,-0.00028721259104647225,27.442973322217167
post_training,epoch_0070,inference/mean_step_20/weighted_bias/vo_8,-4.272588783733559e-05,-5.945183043952326e-05,39.147091959483824
post_training,epoch_0070,inference/mean_step_20/weighted_bias/vo_9,-0.000162576046923192,-0.00015380256794907989,-5.396538506227233
post_training,epoch_0070,inference/mean_step_20/weighted_bias/zos,0.0010656906501469797,-0.00962954851310823,-1003.5969783332645
post_training,epoch_0070,inference/mean_step_20/weighted_grad_mag_percent_diff/ocean_heat_content,-0.39426640038099536,-2.6157402020868687,563.444868636834
post_training,epoch_0070,inference/mean_step_20/weighted_grad_mag_percent_diff/so_0,-0.7852378323721799,-1.4852782576182426,89.15011432030238
post_training,epoch_0070,inference/mean_step_20/weighted_grad_mag_percent_diff/so_1,-1.41262217695361,-2.7426433944261204,94.15265023948352
post_training,epoch_0070,inference/mean_step_20/weighted_grad_mag_percent_diff/so_10,1.14981491974259,2.6101802931037907,127.0087340393995
post_training,epoch_0070,inference/mean_step_20/weighted_grad_mag_percent_diff/so_11,5.792875361043864,7.179109957412649,23.92999175661512
post_training,epoch_0070,inference/mean_step_20/weighted_grad_mag_percent_diff/so_12,7.957033449004083,10.619138625082076,33.456000821652786
post_training,epoch_0070,inference/mean_step_20/weighted_grad_mag_percent_diff/so_13,7.236533612406966,14.418691293478002,99.24859146314608
post_training,epoch_0070,inference/mean_step_20/weighted_grad_mag_percent_diff/so_14,23.77830970366669,38.392012347147315,61.458122236616106
post_training,epoch_0070,inference/mean_step_20/weighted_grad_mag_percent_diff/so_15,20.071487509226532,34.84740135908629,73.61643646524712
post_training,epoch_0070,inference/mean_step_20/weighted_grad_mag_percent_diff/so_16,16.67761845932771,24.28778362397156,45.631006508531314
post_training,epoch_0070,inference/mean_step_20/weighted_grad_mag_percent_diff/so_17,28.891084529825207,32.77886969945846,13.456695146282115
post_training,epoch_0070,inference/mean_step_20/weighted_grad_mag_percent_diff/so_18,37.58476032485467,41.717463552052955,10.99568865539724
post_training,epoch_0070,inference/mean_step_20/weighted_grad_mag_percent_diff/so_2,-3.411595414492248,-4.503421459418928,32.00338587303377
post_training,epoch_0070,inference/mean_step_20/weighted_grad_mag_percent_diff/so_3,-5.030139006758538,-6.337225552908986,25.985097914674647
post_training,epoch_0070,inference/mean_step_20/weighted_grad_mag_percent_diff/so_4,-6.134501021016868,-7.042815698528843,14.80665948868667
post_training,epoch_0070,inference/mean_step_20/weighted_grad_mag_percent_diff/so_5,-4.847421909975657,-5.1376647180677395,5.9875705783889455
post_training,epoch_0070,inference/mean_step_20/weighted_grad_mag_percent_diff/so_6,-3.707714293247243,-3.6423856842367917,-1.7619644838717141
post_training,epoch_0070,inference/mean_step_20/weighted_grad_mag_percent_diff/so_7,-2.654941975646053,-2.138439261021332,-19.454388056787387
post_training,epoch_0070,inference/mean_step_20/weighted_grad_mag_percent_diff/so_8,-0.9612643319108162,-0.7614591068744891,-20.785669290272224
post_training,epoch_0070,inference/mean_step_20/weighted_grad_mag_percent_diff/so_9,-0.6726127884758878,0.5801486589354624,-186.25299263935418
post_training,epoch_0070,inference/mean_step_20/weighted_grad_mag_percent_diff/thetao_0,-0.619696088595859,-3.3994264246779005,448.5634792984582
post_training,epoch_0070,inference/mean_step_20/weighted_grad_mag_percent_diff/thetao_1,-0.02403887236901938,-3.0954920797098247,12777.02697610395
post_training,epoch_0070,inference/mean_step_20/weighted_grad_mag_percent_diff/thetao_10,-1.6484909167885433,-2.744564436474526,66.48950919434027
post_training,epoch_0070,inference/mean_step_20/weighted_grad_mag_percent_diff/thetao_11,-0.02336420695970943,-1.0407565067325883,4354.491044901837
post_training,epoch_0070,inference/mean_step_20/weighted_grad_mag_percent_diff/thetao_12,1.5758189182380082,2.283201590526104,44.889845152960284
post_training,epoch_0070,inference/mean_step_20/weighted_grad_mag_percent_diff/thetao_13,1.381711387380157,3.2650580866172594,136.3053613394682
post_training,epoch_0070,inference/mean_step_20/weighted_grad_mag_percent_diff/thetao_14,1.9031477187271122,3.3445973818435677,75.74029324852117
post_training,epoch_0070,inference/mean_step_20/weighted_grad_mag_percent_diff/thetao_15,0.07704014959270875,1.8487927742740853,2299.7782767143785
post_training,epoch_0070,inference/mean_step_20/weighted_grad_mag_percent_diff/thetao_16,3.670964087855736,7.06353406665709,92.41632164217121
post_training,epoch_0070,inference/mean_step_20/weighted_grad_mag_percent_diff/thetao_17,15.898638730344405,17.965603525601725,13.00089165063092
post_training,epoch_0070,inference/mean_step_20/weighted_grad_mag_percent_diff/thetao_18,30.563392177849288,31.6742540242592,3.634615686458398
post_training,epoch_0070,inference/mean_step_20/weighted_grad_mag_percent_diff/thetao_2,-0.7825749228372202,-3.937479170974302,403.1440512684712
post_training,epoch_0070,inference/mean_step_20/weighted_grad_mag_percent_diff/thetao_3,-4.187670875155083,-7.2623607387695674,73.42243350250438
post_training,epoch_0070,inference/mean_step_20/weighted_grad_mag_percent_diff/thetao_4,-4.787752078871178,-7.697970548422774,60.78465262214967
post_training,epoch_0070,inference/mean_step_20/weighted_grad_mag_percent_diff/thetao_5,-5.483532214667871,-8.29944035408301,51.352085283330354
post_training,epoch_0070,inference/mean_step_20/weighted_grad_mag_percent_diff/thetao_6,-5.0743113622825895,-7.630197542029181,50.369123951370455
post_training,epoch_0070,inference/mean_step_20/weighted_grad_mag_percent_diff/thetao_7,-4.3053659490686265,-5.801427280073181,34.74876116693855
post_training,epoch_0070,inference/mean_step_20/weighted_grad_mag_percent_diff/thetao_8,-2.781551290521459,-3.9247440930647834,41.09910920711475
post_training,epoch_0070,inference/mean_step_20/weighted_grad_mag_percent_diff/thetao_9,-1.2480807000050065,-2.318143199187942,85.73664340604283
post_training,epoch_0070,inference/mean_step_20/weighted_grad_mag_percent_diff/uo_0,-9.827726324876348,-13.166876086827699,33.976828938542546
post_training,epoch_0070,inference/mean_step_20/weighted_grad_mag_percent_diff/uo_1,-9.393862281499171,-12.842875139246718,36.71559955206325
post_training,epoch_0070,inference/mean_step_20/weighted_grad_mag_percent_diff/uo_10,-6.829042831355597,-8.775017082557774,28.49556371600457
post_training,epoch_0070,inference/mean_step_20/weighted_grad_mag_percent_diff/uo_11,-7.4808195274221,-9.018303975422082,20.55235315280759
post_training,epoch_0070,inference/mean_step_20/weighted_grad_mag_percent_diff/uo_12,-8.86504330423932,-10.172328503408098,14.746517916541091
post_training,epoch_0070,inference/mean_step_20/weighted_grad_mag_percent_diff/uo_13,-11.118970112500206,-12.802603866667624,15.141993702048339
post_training,epoch_0070,inference/mean_step_20/weighted_grad_mag_percent_diff/uo_14,-15.630545547913236,-18.02408732949146,15.31323250516854
post_training,epoch_0070,inference/mean_step_20/weighted_grad_mag_percent_diff/uo_15,-22.739104491133702,-25.343496142353704,11.453360673176416
post_training,epoch_0070,inference/mean_step_20/weighted_grad_mag_percent_diff/uo_16,-29.23814957662075,-32.11921223556127,9.853779054623413
post_training,epoch_0070,inference/mean_step_20/weighted_grad_mag_percent_diff/uo_17,-27.789070292530653,-30.683891306728167,10.417120773470433
post_training,epoch_0070,inference/mean_step_20/weighted_grad_mag_percent_diff/uo_18,-24.982625036397163,-26.865175282389345,7.535438102479208
post_training,epoch_0070,inference/mean_step_20/weighted_grad_mag_percent_diff/uo_2,-9.05143460329483,-12.362606424124946,36.58173500612612
post_training,epoch_0070,inference/mean_step_20/weighted_grad_mag_percent_diff/uo_3,-8.336679373940543,-12.180562988501816,46.1080898298283
post_training,epoch_0070,inference/mean_step_20/weighted_grad_mag_percent_diff/uo_4,-6.5253740465039325,-10.784007302640322,65.26266886444643
post_training,epoch_0070,inference/mean_step_20/weighted_grad_mag_percent_diff/uo_5,-5.77348550717625,-9.435361763780426,63.42574606020204
post_training,epoch_0070,inference/mean_step_20/weighted_grad_mag_percent_diff/uo_6,-5.987987077065765,-8.9768604198478,49.91449220439272
post_training,epoch_0070,inference/mean_step_20/weighted_grad_mag_percent_diff/uo_7,-6.996298077069065,-9.273077172285037,32.54262568769475
post_training,epoch_0070,inference/mean_step_20/weighted_grad_mag_percent_diff/uo_8,-6.728424069019784,-8.967949891546132,33.28455221539877
post_training,epoch_0070,inference/mean_step_20/weighted_grad_mag_percent_diff/uo_9,-6.554916084448909,-8.638641464631831,31.788742271261405
post_training,epoch_0070,inference/mean_step_20/weighted_grad_mag_percent_diff/vo_0,-14.995285049563144,-20.23474592997326,34.940722120935995
post_training,epoch_0070,inference/mean_step_20/weighted_grad_mag_percent_diff/vo_1,-14.397717050581752,-19.469592084483974,35.22693921601472
post_training,epoch_0070,inference/mean_step_20/weighted_grad_mag_percent_diff/vo_10,-10.940364410055786,-13.977134909843087,27.757489476274365
post_training,epoch_0070,inference/mean_step_20/weighted_grad_mag_percent_diff/vo_11,-11.755031377079078,-14.64546832502131,24.588934348386715
post_training,epoch_0070,inference/mean_step_20/weighted_grad_mag_percent_diff/vo_12,-13.077762465523223,-15.784167807696322,20.69471248853134
post_training,epoch_0070,inference/mean_step_20/weighted_grad_mag_percent_diff/vo_13,-16.22217781883174,-18.795779161974217,15.864709238699604
post_training,epoch_0070,inference/mean_step_20/weighted_grad_mag_percent_diff/vo_14,-20.113732495089035,-23.287877471010592,15.780984343391037
post_training,epoch_0070,inference/mean_step_20/weighted_grad_mag_percent_diff/vo_15,-25.762653972721782,-29.45082451497538,14.315957300667614
post_training,epoch_0070,inference/mean_step_20/weighted_grad_mag_percent_diff/vo_16,-28.898319290165883,-33.2841407012168,15.176735252362628
post_training,epoch_0070,inference/mean_step_20/weighted_grad_mag_percent_diff/vo_17,-29.867383666914495,-33.08990669894617,10.78943863302435
post_training,epoch_0070,inference/mean_step_20/weighted_grad_mag_percent_diff/vo_18,-26.911582702930694,-30.23168661630452,12.337081583136555
post_training,epoch_0070,inference/mean_step_20/weighted_grad_mag_percent_diff/vo_2,-13.16950129986869,-18.185427419093223,38.08744161993853
post_training,epoch_0070,inference/mean_step_20/weighted_grad_mag_percent_diff/vo_3,-13.021089343665961,-17.720787152044057,36.092969523047145
post_training,epoch_0070,inference/mean_step_20/weighted_grad_mag_percent_diff/vo_4,-12.458380131826422,-16.997274987777203,36.43246399550477
post_training,epoch_0070,inference/mean_step_20/weighted_grad_mag_percent_diff/vo_5,-11.34784081595734,-15.493379461900421,36.53151919538404
post_training,epoch_0070,inference/mean_step_20/weighted_grad_mag_percent_diff/vo_6,-10.544044043031262,-14.193096444133852,34.607712052514714
post_training,epoch_0070,inference/mean_step_20/weighted_grad_mag_percent_diff/vo_7,-10.52705318083641,-14.128884249062411,34.21499831294501
post_training,epoch_0070,inference/mean_step_20/weighted_grad_mag_percent_diff/vo_8,-10.311275478659423,-13.360147110857767,29.56832681377193
post_training,epoch_0070,inference/mean_step_20/weighted_grad_mag_percent_diff/vo_9,-10.261347052608022,-13.173413436861225,28.37898737196567
post_training,epoch_0070,inference/mean_step_20/weighted_grad_mag_percent_diff/zos,-0.75110438044792,-4.449942810005359,492.4533161891083
post_training,epoch_0070,inference/mean_step_20/weighted_rmse/ocean_heat_content,897720319.5320078,1969592346.2417538,119.39932776262943
post_training,epoch_0070,inference/mean_step_20/weighted_rmse/so_0,0.20404347242653273,0.26664421574036024,30.680100945825316
post_training,epoch_0070,inference/mean_step_20/weighted_rmse/so_1,0.1817497809771684,0.24700992116415088,35.90658532632869
post_training,epoch_0070,inference/mean_step_20/weighted_rmse/so_10,0.025570676242138546,0.0657405944508982,157.09368742686064
post_training,epoch_0070,inference/mean_step_20/weighted_rmse/so_11,0.02293829398003514,0.061516403212312575,168.18212054416412
post_training,epoch_0070,inference/mean_step_20/weighted_rmse/so_12,0.017488058788008277,0.05604539563509642,220.47808344244166
post_training,epoch_0070,inference/mean_step_20/weighted_rmse/so_13,0.01133174196924228,0.050459520330161114,345.2935874036249
post_training,epoch_0070,inference/mean_step_20/weighted_rmse/so_14,0.007288405071684105,0.04127780531226761,466.34894611764076
post_training,epoch_0070,inference/mean_step_20/weighted_rmse/so_15,0.004767420482811735,0.024443665121895927,412.7230797036706
post_training,epoch_0070,inference/mean_step_20/weighted_rmse/so_16,0.004356059542791088,0.012056031673077864,176.7646207460498
post_training,epoch_0070,inference/mean_step_20/weighted_rmse/so_17,0.00287745896875238,0.0031740094423630834,10.3059844408236
post_training,epoch_0070,inference/mean_step_20/weighted_rmse/so_18,0.001966885016388978,0.002283227260024648,16.08341316344184
post_training,epoch_0070,inference/mean_step_20/weighted_rmse/so_2,0.13965003540325213,0.2038867057530698,45.998320132414186
post_training,epoch_0070,inference/mean_step_20/weighted_rmse/so_3,0.11239004233311657,0.17734996733149147,57.79864803844279
post_training,epoch_0070,inference/mean_step_20/weighted_rmse/so_4,0.10358656279909374,0.1617316564382075,56.13188821786299
post_training,epoch_0070,inference/mean_step_20/weighted_rmse/so_5,0.08932061802151721,0.13972766013979676,56.43382595733559
post_training,epoch_0070,inference/mean_step_20/weighted_rmse/so_6,0.07314937170108916,0.11016214325244454,50.598891953031334
post_training,epoch_0070,inference/mean_step_20/weighted_rmse/so_7,0.0565095829049683,0.08571451483831984,51.681379390934865
post_training,epoch_0070,inference/mean_step_20/weighted_rmse/so_8,0.04335429912869719,0.07711346323304134,77.86808870818118
post_training,epoch_0070,inference/mean_step_20/weighted_rmse/so_9,0.03357832692198471,0.07105360357750162,111.60555063564158
post_training,epoch_0070,inference/mean_step_20/weighted_rmse/thetao_0,0.47135475946247607,0.8323323266929425,76.58298977231468
post_training,epoch_0070,inference/mean_step_20/weighted_rmse/thetao_1,0.4669096866078373,0.8282336410925828,77.38626223623959
post_training,epoch_0070,inference/mean_step_20/weighted_rmse/thetao_10,0.17714489872021388,0.23364882849651955,31.897012098298738
post_training,epoch_0070,inference/mean_step_20/weighted_rmse/thetao_11,0.1361282462784593,0.18700161696455864,37.371649218219204
post_training,epoch_0070,inference/mean_step_20/weighted_rmse/thetao_12,0.09269298207184513,0.1410724344634823,52.19322036067291
post_training,epoch_0070,inference/mean_step_20/weighted_rmse/thetao_13,0.06319294665802473,0.12521307823176425,98.14407280193464
post_training,epoch_0070,inference/mean_step_20/weighted_rmse/thetao_14,0.047151143043784774,0.10837865187170755,129.85371058993547
post_training,epoch_0070,inference/mean_step_20/weighted_rmse/thetao_15,0.04171843557977598,0.09330735466837596,123.65976425446057
post_training,epoch_0070,inference/mean_step_20/weighted_rmse/thetao_16,0.04266846985535982,0.04867580308028335,14.079092232010094
post_training,epoch_0070,inference/mean_step_20/weighted_rmse/thetao_17,0.029618182105718666,0.031496615961945966,6.342164584991905
post_training,epoch_0070,inference/mean_step_20/weighted_rmse/thetao_18,0.020413955409847754,0.024729483534843093,21.140087936674522
post_training,epoch_0070,inference/mean_step_20/weighted_rmse/thetao_2,0.4567811693445702,0.8133186638869061,78.0543328994773
post_training,epoch_0070,inference/mean_step_20/weighted_rmse/thetao_3,0.499019825106589,0.8194990123894957,64.2217345201573
post_training,epoch_0070,inference/mean_step_20/weighted_rmse/thetao_4,0.5212007763742902,0.7650106935965109,46.778502311196355
post_training,epoch_0070,inference/mean_step_20/weighted_rmse/thetao_5,0.5272575054141828,0.7020597547219773,33.1531078292532
post_training,epoch_0070,inference/mean_step_20/weighted_rmse/thetao_6,0.44561332470955894,0.5949713556444883,33.517406830748996
post_training,epoch_0070,inference/mean_step_20/weighted_rmse/thetao_7,0.35462591669604904,0.48358618272832,36.36515549505177
post_training,epoch_0070,inference/mean_step_20/weighted_rmse/thetao_8,0.2849197559247855,0.368569006235218,29.358880376310093
post_training,epoch_0070,inference/mean_step_20/weighted_rmse/thetao_9,0.23232592025196164,0.28520150743861994,22.759228556724874
post_training,epoch_0070,inference/mean_step_20/weighted_rmse/uo_0,0.06065967476766507,0.05891148895398714,-2.8819571162781887
post_training,epoch_0070,inference/mean_step_20/weighted_rmse/uo_1,0.0544411303662758,0.05298038701411626,-2.683161320001559
post_training,epoch_0070,inference/mean_step_20/weighted_rmse/uo_10,0.018958897808477756,0.018072610574674335,-4.674782483436902
post_training,epoch_0070,inference/mean_step_20/weighted_rmse/uo_11,0.01550435135172486,0.01492710925115433,-3.723097390374308
post_training,epoch_0070,inference/mean_step_20/weighted_rmse/uo_12,0.012541257886085906,0.012184701209912014,-2.843069486430694
post_training,epoch_0070,inference/mean_step_20/weighted_rmse/uo_13,0.010233178462992713,0.009989845415912418,-2.377883352276955
post_training,epoch_0070,inference/mean_step_20/weighted_rmse/uo_14,0.009002764906185484,0.008874407719261297,-1.4257529576941153
post_training,epoch_0070,inference/mean_step_20/weighted_rmse/uo_15,0.008453775796220203,0.008395185589751105,-0.6930655352285764
post_training,epoch_0070,inference/mean_step_20/weighted_rmse/uo_16,0.00850930851149447,0.008399791229403758,-1.2870291627430697
post_training,epoch_0070,inference/mean_step_20/weighted_rmse/uo_17,0.008031458870594432,0.007960191411260802,-0.8873538479361676
post_training,epoch_0070,inference/mean_step_20/weighted_rmse/uo_18,0.007487936389231032,0.00729495298835344,-2.577257482517281
post_training,epoch_0070,inference/mean_step_20/weighted_rmse/uo_2,0.04910232211108955,0.04813043389227442,-1.9793121323596896
post_training,epoch_0070,inference/mean_step_20/weighted_rmse/uo_3,0.045364372827736005,0.044312233653207515,-2.3193072205005882
post_training,epoch_0070,inference/mean_step_20/weighted_rmse/uo_4,0.042734386762163214,0.04157228962323227,-2.7193490464682557
post_training,epoch_0070,inference/mean_step_20/weighted_rmse/uo_5,0.03686939904269777,0.0355619126141241,-3.546264551422429
post_training,epoch_0070,inference/mean_step_20/weighted_rmse/uo_6,0.030821016916398564,0.0299524419355497,-2.8181256420086953
post_training,epoch_0070,inference/mean_step_20/weighted_rmse/uo_7,0.027441705065133493,0.02651981372888371,-3.3594535545865445
post_training,epoch_0070,inference/mean_step_20/weighted_rmse/uo_8,0.02478569623365237,0.02379129192184516,-4.01200879101018
post_training,epoch_0070,inference/mean_step_20/weighted_rmse/uo_9,0.022057729515218175,0.021032417694487583,-4.648310788393717
post_training,epoch_0070,inference/mean_step_20/weighted_rmse/vo_0,0.05389649332761227,0.05274625141163955,-2.1341683752613028
post_training,epoch_0070,inference/mean_step_20/weighted_rmse/vo_1,0.05019115345952802,0.048940104887335495,-2.492567884898922
post_training,epoch_0070,inference/mean_step_20/weighted_rmse/vo_10,0.019381450061711023,0.018116296064845817,-6.527653982735682
post_training,epoch_0070,inference/mean_step_20/weighted_rmse/vo_11,0.015755072214076248,0.014880115237745352,-5.553493912577389
post_training,epoch_0070,inference/mean_step_20/weighted_rmse/vo_12,0.012686456897493113,0.012131816066352368,-4.3719127855969315
post_training,epoch_0070,inference/mean_step_20/weighted_rmse/vo_13,0.010459047850734515,0.010249220780952775,-2.0061775486284295
post_training,epoch_0070,inference/mean_step_20/weighted_rmse/vo_14,0.009230967246442996,0.009172883753702553,-0.6292243400909503
post_training,epoch_0070,inference/mean_step_20/weighted_rmse/vo_15,0.008837844923717279,0.008855038883295785,0.1945492337432242
post_training,epoch_0070,inference/mean_step_20/weighted_rmse/vo_16,0.008881798595607279,0.008810447061221227,-0.8033455568485892
post_training,epoch_0070,inference/mean_step_20/weighted_rmse/vo_17,0.008581516075813238,0.008473038883350813,-1.2640795810913374
post_training,epoch_0070,inference/mean_step_20/weighted_rmse/vo_18,0.007406543210630446,0.007032501255492674,-5.05015557866344
post_training,epoch_0070,inference/mean_step_20/weighted_rmse/vo_2,0.04594824796004312,0.044583943727654764,-2.9692192694153685
post_training,epoch_0070,inference/mean_step_20/weighted_rmse/vo_3,0.04184381971567633,0.04024464537076169,-3.82176951287152
post_training,epoch_0070,inference/mean_step_20/weighted_rmse/vo_4,0.03927614323516765,0.03748649530153031,-4.55657757158523
post_training,epoch_0070,inference/mean_step_20/weighted_rmse/vo_5,0.035371424087978255,0.03337003462346347,-5.658210027215171
post_training,epoch_0070,inference/mean_step_20/weighted_rmse/vo_6,0.03028702986022224,0.02846572294609039,-6.013488026186032
post_training,epoch_0070,inference/mean_step_20/weighted_rmse/vo_7,0.027433048522745477,0.025754286018003017,-6.119489430241609
post_training,epoch_0070,inference/mean_step_20/weighted_rmse/vo_8,0.025290740045619632,0.023544310620452154,-6.905410525817968
post_training,epoch_0070,inference/mean_step_20/weighted_rmse/vo_9,0.02260540129420249,0.020970146057316875,-7.233913769560029
post_training,epoch_0070,inference/mean_step_20/weighted_rmse/zos,0.034907601461970805,0.05297160918543331,51.748063364198416
post_training,epoch_0070,inference/time_mean/bias/ocean_heat_content,-221115508.11447814,-1143343236.9331462,417.07962353377906
post_training,epoch_0070,inference/time_mean/bias/so_0,-0.006637689831782473,-0.05760677492887186,767.8738595624051
post_training,epoch_0070,inference/time_mean/bias/so_1,-0.007103770603103769,-0.056357039145615455,693.3397950799822
post_training,epoch_0070,inference/time_mean/bias/so_10,0.000871672874251671,0.0009006954497691621,3.329526061299881
post_training,epoch_0070,inference/time_mean/bias/so_11,0.003586462410358605,0.0032799014805695763,-8.547724601925388
post_training,epoch_0070,inference/time_mean/bias/so_12,0.004047413800570526,0.004900086837969847,21.067108020413606
post_training,epoch_0070,inference/time_mean/bias/so_13,0.0014735934359041464,0.0017698083482716584,20.101535820547724
post_training,epoch_0070,inference/time_mean/bias/so_14,0.0003579403784691122,0.0001820820012373457,-49.130633985442316
post_training,epoch_0070,inference/time_mean/bias/so_15,0.0002176833202745968,0.0007687822124518636,253.165420061621
post_training,epoch_0070,inference/time_mean/bias/so_16,0.0007557028199550735,0.0015079164791989362,99.53828930909398
post_training,epoch_0070,inference/time_mean/bias/so_17,0.0007794984335237545,0.0016448538907729326,111.01439336283248
post_training,epoch_0070,inference/time_mean/bias/so_18,0.0002865413539842526,0.0009254570904939306,222.97505320812814
post_training,epoch_0070,inference/time_mean/bias/so_2,-0.006691967968047041,-0.05943783938753301,788.1967109128159
post_training,epoch_0070,inference/time_mean/bias/so_3,-0.006236326650406947,-0.05888811668630596,844.2756928465775
post_training,epoch_0070,inference/time_mean/bias/so_4,-0.008149642154179949,-0.05758897165238109,606.6441760616902
post_training,epoch_0070,inference/time_mean/bias/so_5,-0.01079697397295959,-0.056335918334137,421.7750684147903
post_training,epoch_0070,inference/time_mean/bias/so_6,-0.010028603531920007,-0.05104481331411241,408.99223557539244
post_training,epoch_0070,inference/time_mean/bias/so_7,-0.009817702468196346,-0.0341028903777826,247.36121295441737
post_training,epoch_0070,inference/time_mean/bias/so_8,-0.005742285617927714,-0.014530881768436598,153.05048782440275
post_training,epoch_0070,inference/time_mean/bias/so_9,-0.0014587469186470765,-0.0025787360476452544,76.77748036218088
post_training,epoch_0070,inference/time_mean/bias/thetao_0,-0.20044989223429116,-0.5868460732180838,192.76447429174098
post_training,epoch_0070,inference/time_mean/bias/thetao_1,-0.19970140839123288,-0.585924313065253,193.40019070740607
post_training,epoch_0070,inference/time_mean/bias/thetao_10,-0.010673190052203801,-0.07789238278249246,629.7947699002065
post_training,epoch_0070,inference/time_mean/bias/thetao_11,-0.004365332637930663,-0.05594749933929199,1181.631984998359
post_training,epoch_0070,inference/time_mean/bias/thetao_12,-0.001477518743225821,-0.03331548079173216,2154.8262717124994
post_training,epoch_0070,inference/time_mean/bias/thetao_13,-0.011845909543603777,-0.03841801336077967,224.3145933148169
post_training,epoch_0070,inference/time_mean/bias/thetao_14,-0.00924269719511822,-0.031377434348525364,239.48352614102953
post_training,epoch_0070,inference/time_mean/bias/thetao_15,-0.0022586192603309537,-0.021860166143025245,867.85529668343
post_training,epoch_0070,inference/time_mean/bias/thetao_16,0.0011917206397127498,-0.018369805304868363,-1641.4523079247992
post_training,epoch_0070,inference/time_mean/bias/thetao_17,0.005911476903021094,0.0011848551671652676,-79.95669801974967
post_training,epoch_0070,inference/time_mean/bias/thetao_18,0.010056643403928039,0.003793761501108715,-62.276066190962844
post_training,epoch_0070,inference/time_mean/bias/thetao_2,-0.19285298239874388,-0.5807501944034645,201.1362267671351
post_training,epoch_0070,inference/time_mean/bias/thetao_3,-0.17067426203524907,-0.5808732597934361,240.34027911804844
post_training,epoch_0070,inference/time_mean/bias/thetao_4,-0.14557244625450064,-0.5438627904845181,273.60283795306736
post_training,epoch_0070,inference/time_mean/bias/thetao_5,-0.10517615832314524,-0.4539881590267509,331.6455043279951
post_training,epoch_0070,inference/time_mean/bias/thetao_6,-0.08113177477593674,-0.4002729738023384,393.3615404171551
post_training,epoch_0070,inference/time_mean/bias/thetao_7,-0.07595022009248446,-0.3163060089592263,316.46490105500806
post_training,epoch_0070,inference/time_mean/bias/thetao_8,-0.054874591457687576,-0.20836990437881292,279.72019261315455
post_training,epoch_0070,inference/time_mean/bias/thetao_9,-0.023977934449427453,-0.11683447842713865,387.2583110674424
post_training,epoch_0070,inference/time_mean/bias/uo_0,0.00022642726337289174,0.0015034221125397196,563.9757466236779
post_training,epoch_0070,inference/time_mean/bias/uo_1,0.0006528291094934669,0.0016329299934528757,150.13130843994898
post_training,epoch_0070,inference/time_mean/bias/uo_10,-4.794337350023814e-05,0.0004531886977718641,-1045.2582592453846
post_training,epoch_0070,inference/time_mean/bias/uo_11,-0.00011161820390248706,8.321226014008005e-05,-174.5507965822284
post_training,epoch_0070,inference/time_mean/bias/uo_12,-6.440466996482902e-05,-2.0014208679714396e-06,-96.89242896661933
post_training,epoch_0070,inference/time_mean/bias/uo_13,2.8627030726727686e-05,4.5501182632705634e-05,58.944820603498215
post_training,epoch_0070,inference/time_mean/bias/uo_14,-2.848051556210072e-05,-0.0001090749562823313,282.98097534258943
post_training,epoch_0070,inference/time_mean/bias/uo_15,-0.00010246917222106492,-2.3493106313453866e-05,-77.07300078235207
post_training,epoch_0070,inference/time_mean/bias/uo_16,-2.9215568863687005e-05,-4.7585310576218795e-05,62.87654982259869
post_training,epoch_0070,inference/time_mean/bias/uo_17,-1.6052833248105e-05,1.390224805864408e-05,-186.60308023996456
post_training,epoch_0070,inference/time_mean/bias/uo_18,0.00013155833473796772,0.0001717982002203684,30.587089417442638
post_training,epoch_0070,inference/time_mean/bias/uo_2,0.000627346460898428,0.0007550378361771293,20.354203496395517
post_training,epoch_0070,inference/time_mean/bias/uo_3,0.00048699830142604356,0.0007021231692074546,44.17363821423519
post_training,epoch_0070,inference/time_mean/bias/uo_4,0.00027591854113118657,0.0004743803483277453,71.92768067811697
post_training,epoch_0070,inference/time_mean/bias/uo_5,0.0002454587294333386,0.00046102056981985837,87.81999356232382
post_training,epoch_0070,inference/time_mean/bias/uo_6,-7.381448342294829e-05,0.00041982453916579774,-668.7563194884839
post_training,epoch_0070,inference/time_mean/bias/uo_7,-0.0001894342418087545,0.0004568328596501217,-341.1564325901136
post_training,epoch_0070,inference/time_mean/bias/uo_8,-0.0001833721483570046,0.0004047948273578141,-320.7504416481639
post_training,epoch_0070,inference/time_mean/bias/uo_9,-0.00010352723641540414,0.0005316191944447388,-613.5066025636106
post_training,epoch_0070,inference/time_mean/bias/vo_0,-0.0009937930318503247,-0.0006178783888351375,-37.82625063442825
post_training,epoch_0070,inference/time_mean/bias/vo_1,0.0006723963594177973,0.00045043830622415573,-33.0100022233652
post_training,epoch_0070,inference/time_mean/bias/vo_10,-6.215665955001479e-05,-6.922610551659547e-05,11.37359378345002
post_training,epoch_0070,inference/time_mean/bias/vo_11,-4.358225866458588e-05,-7.732743670865586e-05,77.42870396822887
post_training,epoch_0070,inference/time_mean/bias/vo_12,-6.537328741080119e-05,-9.181682534007019e-05,40.450066038594116
post_training,epoch_0070,inference/time_mean/bias/vo_13,-2.173996652568616e-05,-6.046483462668439e-05,178.12754244696794
post_training,epoch_0070,inference/time_mean/bias/vo_14,2.2282120356134934e-05,7.659983793848802e-05,243.77266038506878
post_training,epoch_0070,inference/time_mean/bias/vo_15,5.6608722391566166e-05,-7.075868797043255e-05,-224.99608714181915
post_training,epoch_0070,inference/time_mean/bias/vo_16,4.613312084905725e-05,3.058737870152949e-05,-33.697573156587005
post_training,epoch_0070,inference/time_mean/bias/vo_17,5.818747398015136e-05,6.804405205190794e-06,-88.30606530967148
post_training,epoch_0070,inference/time_mean/bias/vo_18,0.00014864357657610615,9.522548884355934e-05,-35.9370306897833
post_training,epoch_0070,inference/time_mean/bias/vo_2,4.513525164581918e-05,4.5826199766368335e-05,1.530839189667299
post_training,epoch_0070,inference/time_mean/bias/vo_3,-0.00023531613915461321,0.000151705450089611,-164.4687825640101
post_training,epoch_0070,inference/time_mean/bias/vo_4,3.899249773066027e-05,0.0002906840446108851,645.4871104148755
post_training,epoch_0070,inference/time_mean/bias/vo_5,7.729110654049535e-05,0.0001571730266754486,103.35202031698233
post_training,epoch_0070,inference/time_mean/bias/vo_6,-4.006011705970587e-05,-5.197688857963146e-05,29.74722091342057
post_training,epoch_0070,inference/time_mean/bias/vo_7,-5.249545883570023e-05,-0.00011663150645594907,122.17446812110207
post_training,epoch_0070,inference/time_mean/bias/vo_8,-8.41991309161974e-06,-5.3229017383947676e-05,532.1801282833432
post_training,epoch_0070,inference/time_mean/bias/vo_9,-5.933651265121505e-05,-7.863735312189072e-05,32.52776344327417
post_training,epoch_0070,inference/time_mean/bias/zos,0.0007016243602493031,-0.017367917522919583,-2575.386903149766
post_training,epoch_0070,inference/time_mean/rmse/ocean_heat_content,957519813.6570334,2876586375.3530717,200.4205588568023
post_training,epoch_0070,inference/time_mean/rmse/so_0,0.110552421686799,0.2526090781129237,128.4971005235678
post_training,epoch_0070,inference/time_mean/rmse/so_1,0.10220172369400565,0.2455493386539833,140.25948856710454
post_training,epoch_0070,inference/time_mean/rmse/so_10,0.022856534758449447,0.07389861993954853,223.31506381224392
post_training,epoch_0070,inference/time_mean/rmse/so_11,0.02988856292453426,0.07072343073202887,136.6237243008261
post_training,epoch_0070,inference/time_mean/rmse/so_12,0.02340843906423447,0.06222161784134599,165.80848757409802
post_training,epoch_0070,inference/time_mean/rmse/so_13,0.010190425867959745,0.05242023322049206,414.40669800964133
post_training,epoch_0070,inference/time_mean/rmse/so_14,0.005964445168731231,0.04229284472577709,609.082630979634
post_training,epoch_0070,inference/time_mean/rmse/so_15,0.003445363917395124,0.02473695611630225,617.9780339432093
post_training,epoch_0070,inference/time_mean/rmse/so_16,0.0035291687842320778,0.014196900833087722,302.2732178896586
post_training,epoch_0070,inference/time_mean/rmse/so_17,0.003286980999142968,0.005836448288328824,77.5625806735905
post_training,epoch_0070,inference/time_mean/rmse/so_18,0.0022212314561698993,0.0036192945484401825,62.94090102077805
post_training,epoch_0070,inference/time_mean/rmse/so_2,0.07880122340105221,0.2064625605472038,162.0042578481681
post_training,epoch_0070,inference/time_mean/rmse/so_3,0.0722887266009453,0.18962518896710923,162.31640517600368
post_training,epoch_0070,inference/time_mean/rmse/so_4,0.0716407224732228,0.1769916180144502,147.0544850808903
post_training,epoch_0070,inference/time_mean/rmse/so_5,0.07061197079025654,0.1616407990489632,128.91415894494105
post_training,epoch_0070,inference/time_mean/rmse/so_6,0.06947251434883511,0.14136418415476537,103.48217633947736
post_training,epoch_0070,inference/time_mean/rmse/so_7,0.060037862897536216,0.11636393102240282,93.81757678649495
post_training,epoch_0070,inference/time_mean/rmse/so_8,0.047287732950712945,0.10022344185644526,111.94385013319659
post_training,epoch_0070,inference/time_mean/rmse/so_9,0.033001521278514016,0.08306966211531458,151.71464495304326
post_training,epoch_0070,inference/time_mean/rmse/thetao_0,0.32926188378948396,1.1508180202909142,249.51449801784474
post_training,epoch_0070,inference/time_mean/rmse/thetao_1,0.3297964221068928,1.1495846809947678,248.5740305036321
post_training,epoch_0070,inference/time_mean/rmse/thetao_10,0.16129359546008273,0.28275532904676176,75.3047467509264
post_training,epoch_0070,inference/time_mean/rmse/thetao_11,0.15886706834396988,0.24435039786848267,53.80808648110078
post_training,epoch_0070,inference/time_mean/rmse/thetao_12,0.12111554851584573,0.19011587207352426,56.970656867108296
post_training,epoch_0070,inference/time_mean/rmse/thetao_13,0.06383572407705149,0.15054551905869504,135.83271159732195
post_training,epoch_0070,inference/time_mean/rmse/thetao_14,0.04623398372124326,0.1277677797753556,176.3503585278328
post_training,epoch_0070,inference/time_mean/rmse/thetao_15,0.03052540140355783,0.10393293091916987,240.48014486406123
post_training,epoch_0070,inference/time_mean/rmse/thetao_16,0.037847023652709276,0.08402215062259366,122.00464531529667
post_training,epoch_0070,inference/time_mean/rmse/thetao_17,0.033686964245551794,0.06629517671723384,96.79771746125152
post_training,epoch_0070,inference/time_mean/rmse/thetao_18,0.023481987479638207,0.0430671209547965,83.40492256944192
post_training,epoch_0070,inference/time_mean/rmse/thetao_2,0.3300497927781003,1.1367775374541451,244.42607216494315
post_training,epoch_0070,inference/time_mean/rmse/thetao_3,0.33640337386045,1.1173349260104957,232.1414149888993
post_training,epoch_0070,inference/time_mean/rmse/thetao_4,0.36263240549676784,1.0600266332892312,192.31437048134387
post_training,epoch_0070,inference/time_mean/rmse/thetao_5,0.37229994025871493,0.922860937705225,147.88103298214867
post_training,epoch_0070,inference/time_mean/rmse/thetao_6,0.39524466611922043,0.8120158278181157,105.44637219042991
post_training,epoch_0070,inference/time_mean/rmse/thetao_7,0.3824590474192595,0.6944924862757774,81.58610469854055
post_training,epoch_0070,inference/time_mean/rmse/thetao_8,0.32787300022945404,0.5494844693943718,67.59064302636335
post_training,epoch_0070,inference/time_mean/rmse/thetao_9,0.2441907731747264,0.3873131775989406,58.61089776795352
post_training,epoch_0070,inference/time_mean/rmse/uo_0,0.017739523360325762,0.01931998836032625,8.909286726018696
post_training,epoch_0070,inference/time_mean/rmse/uo_1,0.017348561942919467,0.018595980969917675,7.190330997476835
post_training,epoch_0070,inference/time_mean/rmse/uo_10,0.008296184242913427,0.008510685814714227,2.5855449387352625
post_training,epoch_0070,inference/time_mean/rmse/uo_11,0.006759336446658647,0.0071251434697394145,5.411877718582825
post_training,epoch_0070,inference/time_mean/rmse/uo_12,0.00551014033914225,0.005843725053383312,6.0540148473421596
post_training,epoch_0070,inference/time_mean/rmse/uo_13,0.0044976983302230135,0.004804809313874863,6.828181018459323
post_training,epoch_0070,inference/time_mean/rmse/uo_14,0.0036496059864707035,0.0039639040791223865,8.611836286349916
post_training,epoch_0070,inference/time_mean/rmse/uo_15,0.0030416409523253735,0.003285768888305595,8.026191776303593
post_training,epoch_0070,inference/time_mean/rmse/uo_16,0.0026844604554671298,0.0027516639942962167,2.503428154146259
post_training,epoch_0070,inference/time_mean/rmse/uo_17,0.003182342038928608,0.003183301168724899,0.03013911718345863
post_training,epoch_0070,inference/time_mean/rmse/uo_18,0.0033885804532054332,0.0030820580594357345,-9.045746382670162
post_training,epoch_0070,inference/time_mean/rmse/uo_2,0.01697881325298416,0.017884184279349697,5.332357526262399
post_training,epoch_0070,inference/time_mean/rmse/uo_3,0.016822334956349213,0.017860566003149645,6.171741613125925
post_training,epoch_0070,inference/time_mean/rmse/uo_4,0.016760920156886242,0.018390252477624307,9.7210195233145
post_training,epoch_0070,inference/time_mean/rmse/uo_5,0.01625943628267632,0.01750546626823619,7.663426725854339
post_training,epoch_0070,inference/time_mean/rmse/uo_6,0.014257612595774337,0.01534124831375691,7.600400913570482
post_training,epoch_0070,inference/time_mean/rmse/uo_7,0.012694166370222141,0.013576850965531025,6.953466415718923
post_training,epoch_0070,inference/time_mean/rmse/uo_8,0.01141643701164648,0.011910217106508383,4.325168126957402
post_training,epoch_0070,inference/time_mean/rmse/uo_9,0.009955795303066381,0.010139948771604831,1.849711278030508
post_training,epoch_0070,inference/time_mean/rmse/vo_0,0.011695179311792384,0.01225500374392749,4.786796484348277
post_training,epoch_0070,inference/time_mean/rmse/vo_1,0.011159510567724218,0.01185585025050193,6.239876547916712
post_training,epoch_0070,inference/time_mean/rmse/vo_10,0.006147372069251863,0.005780670122073319,-5.96518224450292
post_training,epoch_0070,inference/time_mean/rmse/vo_11,0.005215259165598513,0.0048932759771337505,-6.173867457798932
post_training,epoch_0070,inference/time_mean/rmse/vo_12,0.004281564677935912,0.004069636493740206,-4.949783551976483
post_training,epoch_0070,inference/time_mean/rmse/vo_13,0.0036041075543912487,0.0035120616401866653,-2.553916963228098
post_training,epoch_0070,inference/time_mean/rmse/vo_14,0.003062783398550704,0.003146135892214316,2.7214622393164856
post_training,epoch_0070,inference/time_mean/rmse/vo_15,0.002716486515635008,0.002884542343747528,6.1865143502556785
post_training,epoch_0070,inference/time_mean/rmse/vo_16,0.002554340523815312,0.0027609829472023664,8.089854170202848
post_training,epoch_0070,inference/time_mean/rmse/vo_17,0.0036756008184623498,0.0037612360869868603,2.329830489055529
post_training,epoch_0070,inference/time_mean/rmse/vo_18,0.003415748121863965,0.002768319160697552,-18.95423602877113
post_training,epoch_0070,inference/time_mean/rmse/vo_2,0.01068383452259215,0.011333022250867944,6.076355141059286
post_training,epoch_0070,inference/time_mean/rmse/vo_3,0.01034138498283155,0.010938852626582982,5.777443202659294
post_training,epoch_0070,inference/time_mean/rmse/vo_4,0.01008350397777838,0.010735570630250128,6.466667280627325
post_training,epoch_0070,inference/time_mean/rmse/vo_5,0.00973878914822858,0.01027750928745314,5.531695275716597
post_training,epoch_0070,inference/time_mean/rmse/vo_6,0.009246583772440892,0.009534992046680697,3.1190792333423145
post_training,epoch_0070,inference/time_mean/rmse/vo_7,0.00864715941023638,0.008700215964684174,0.6135720637344466
post_training,epoch_0070,inference/time_mean/rmse/vo_8,0.008009022113730821,0.007895450872476327,-1.4180412994463487
post_training,epoch_0070,inference/time_mean/rmse/vo_9,0.007110841751550393,0.006902993411623296,-2.922977998797105
post_training,epoch_0070,inference/time_mean/rmse/zos,0.022424247604916164,0.0631262113494892,181.5087153053455
post_training,epoch_0070,inference/time_mean_norm/rmse/channel_mean,0.11153438637608741,0.14330123908405196,28.481667170202172
post_training,epoch_0070,inference/time_mean_norm/rmse/ocean_heat_content,431681533.2979432,1395598764.042005,223.2935987277394
post_training,epoch_0070,inference/time_mean_norm/rmse/so_0,0.03923452484792129,0.0896497309041119,128.49704756616083
post_training,epoch_0070,inference/time_mean_norm/rmse/so_1,0.036959504729274284,0.08879871469655469,140.25948222791104
post_training,epoch_0070,inference/time_mean_norm/rmse/so_10,0.03460225709858915,0.11187439822600431,223.3153198857823
post_training,epoch_0070,inference/time_mean_norm/rmse/so_11,0.04822380031114096,0.11410892032108193,136.62365799636032
post_training,epoch_0070,inference/time_mean_norm/rmse/so_12,0.041299114329223646,0.10977641251661369,165.80815182018287
post_training,epoch_0070,inference/time_mean_norm/rmse/so_13,0.019875335248986915,0.10223999516604551,414.40639307584456
post_training,epoch_0070,inference/time_mean_norm/rmse/so_14,0.01418375974520807,0.10057468806674028,609.0834156346949
post_training,epoch_0070,inference/time_mean_norm/rmse/so_15,0.014263016592815984,0.10240600228780274,617.9827746914544
post_training,epoch_0070,inference/time_mean_norm/rmse/so_16,0.02340532254554039,0.09415350738396239,302.27391526335634
post_training,epoch_0070,inference/time_mean_norm/rmse/so_17,0.051744610356297925,0.09187818268284813,77.56087455331564
post_training,epoch_0070,inference/time_mean_norm/rmse/so_18,0.04382415472102512,0.07140660611794317,62.9389239165064
post_training,epoch_0070,inference/time_mean_norm/rmse/so_2,0.03413964088016538,0.08944730838908745,162.00424516197828
post_training,epoch_0070,inference/time_mean_norm/rmse/so_3,0.035300085077367684,0.09259791993871493,162.31642143571833
post_training,epoch_0070,inference/time_mean_norm/rmse/so_4,0.03866116258601969,0.09551413436729703,147.05448046157827
post_training,epoch_0070,inference/time_mean_norm/rmse/so_5,0.04394358144183628,0.1005930688599243,128.91413389477435
post_training,epoch_0070,inference/time_mean_norm/rmse/so_6,0.05548145296121131,0.11289486635410968,103.48217346261235
post_training,epoch_0070,inference/time_mean_norm/rmse/so_7,0.06437280247528551,0.1247657854850733,93.81754512392763
post_training,epoch_0070,inference/time_mean_norm/rmse/so_8,0.05952782266745975,0.12616548908788278,111.94373224883596
post_training,epoch_0070,inference/time_mean_norm/rmse/so_9,0.04653484000302269,0.11713505300026689,151.71474317448676
post_training,epoch_0070,inference/time_mean_norm/rmse/thetao_0,0.028294097133902678,0.09889196640966287,249.51447979291802
post_training,epoch_0070,inference/time_mean_norm/rmse/thetao_1,0.028377412439876598,0.0989162957975117,248.5740498965023
post_training,epoch_0070,inference/time_mean_norm/rmse/thetao_10,0.0583798964200342,0.10234272658900628,75.30474164028386
post_training,epoch_0070,inference/time_mean_norm/rmse/thetao_11,0.07219220299236737,0.11103743974438535,53.80807780048622
post_training,epoch_0070,inference/time_mean_norm/rmse/thetao_12,0.06609112800586366,0.10374367332800365,56.970650158670956
post_training,epoch_0070,inference/time_mean_norm/rmse/thetao_13,0.04136113915762472,0.09754310367994093,135.83273010980247
post_training,epoch_0070,inference/time_mean_norm/rmse/thetao_14,0.03402860887601125,0.09403818352670272,176.35036116035798
post_training,epoch_0070,inference/time_mean_norm/rmse/thetao_15,0.026039142258691646,0.08865810975223025,240.48014666319096
post_training,epoch_0070,inference/time_mean_norm/rmse/thetao_16,0.041490861773947105,0.09211165652829419,122.0046838991733
post_training,epoch_0070,inference/time_mean_norm/rmse/thetao_17,0.04962595900122983,0.09766275896640815,96.79772629479638
post_training,epoch_0070,inference/time_mean_norm/rmse/thetao_18,0.04647099486735921,0.08523007212828021,83.40487947708004
post_training,epoch_0070,inference/time_mean_norm/rmse/thetao_2,0.028659296725276513,0.09871008780574243,244.42606443543164
post_training,epoch_0070,inference/time_mean_norm/rmse/thetao_3,0.029953437081668047,0.09948777139618742,232.14142044845806
post_training,epoch_0070,inference/time_mean_norm/rmse/thetao_4,0.03393578960614104,0.0991991889865054,192.3143682165988
post_training,epoch_0070,inference/time_mean_norm/rmse/thetao_5,0.038812249321051234,0.09620820967209812,147.88104620341107
post_training,epoch_0070,inference/time_mean_norm/rmse/thetao_6,0.0499350941761266,0.10258983597422758,105.44636526043564
post_training,epoch_0070,inference/time_mean_norm/rmse/thetao_7,0.06120803972020934,0.11114529754911272,81.5861087157401
post_training,epoch_0070,inference/time_mean_norm/rmse/thetao_8,0.06802516422084072,0.11400381024403476,67.59064318305263
post_training,epoch_0070,inference/time_mean_norm/rmse/thetao_9,0.06686335028766341,0.10605255990130798,58.61089736760492
post_training,epoch_0070,inference/time_mean_norm/rmse/uo_0,0.1397423238942663,0.1521923682131397,8.90928672997704
post_training,epoch_0070,inference/time_mean_norm/rmse/uo_1,0.15071358906908972,0.16155039454211098,7.190330706047665
post_training,epoch_0070,inference/time_mean_norm/rmse/uo_10,0.19178206307439913,0.1967406746283119,2.585545005837786
post_training,epoch_0070,inference/time_mean_norm/rmse/uo_11,0.19187925667556743,0.2022635278564915,5.411877949101052
post_training,epoch_0070,inference/time_mean_norm/rmse/uo_12,0.19822115359335823,0.21022149107343524,6.05401455018022
post_training,epoch_0070,inference/time_mean_norm/rmse/uo_13,0.20597429177919466,0.22003859246821758,6.828182569550911
post_training,epoch_0070,inference/time_mean_norm/rmse/uo_14,0.21280088232963354,0.23112694626775543,8.611836444237287
post_training,epoch_0070,inference/time_mean_norm/rmse/uo_15,0.21882998511154086,0.2363937016555752,8.026192815889388
post_training,epoch_0070,inference/time_mean_norm/rmse/uo_16,0.21834838579981045,0.22381458179346975,2.503428625605175
post_training,epoch_0070,inference/time_mean_norm/rmse/uo_17,0.2536183713466853,0.253694808639312,0.030138704945081862
post_training,epoch_0070,inference/time_mean_norm/rmse/uo_18,0.2610619037188068,0.23744691296656775,-9.045743716660793
post_training,epoch_0070,inference/time_mean_norm/rmse/uo_2,0.16009517097400403,0.16863201622161803,5.332356495000212
post_training,epoch_0070,inference/time_mean_norm/rmse/uo_3,0.1662719897045698,0.17653386986531058,6.171743165504884
post_training,epoch_0070,inference/time_mean_norm/rmse/uo_4,0.1618803216264418,0.17761673948682533,9.72101964110077
post_training,epoch_0070,inference/time_mean_norm/rmse/uo_5,0.16205937046630445,0.1744786686340004,7.663424911476002
post_training,epoch_0070,inference/time_mean_norm/rmse/uo_6,0.16656223400452966,0.17922163060812485,7.600400342403502
post_training,epoch_0070,inference/time_mean_norm/rmse/uo_7,0.18980648592249708,0.2030046179680331,6.953467359869436
post_training,epoch_0070,inference/time_mean_norm/rmse/uo_8,0.1974631954952186,0.2060038086711961,4.32516710496782
post_training,epoch_0070,inference/time_mean_norm/rmse/uo_9,0.19564408609605866,0.19926293616889487,1.8497109445257731
post_training,epoch_0070,inference/time_mean_norm/rmse/vo_0,0.13392757330594893,0.14033841521827506,4.786797635525719
post_training,epoch_0070,inference/time_mean_norm/rmse/vo_1,0.1326358424474247,0.14091215445253166,6.239875928248861
post_training,epoch_0070,inference/time_mean_norm/rmse/vo_10,0.1606371514203012,0.1510548540718304,-5.96518131935686
post_training,epoch_0070,inference/time_mean_norm/rmse/vo_11,0.16914977835112766,0.1587066959006563,-6.173867061648286
post_training,epoch_0070,inference/time_mean_norm/rmse/vo_12,0.176484895168851,0.1677492798927961,-4.94978069805756
post_training,epoch_0070,inference/time_mean_norm/rmse/vo_13,0.18803242750425114,0.18323023001909206,-2.5539198471766333
post_training,epoch_0070,inference/time_mean_norm/rmse/vo_14,0.19617009313469036,0.20150878862064125,2.7214624821966904
post_training,epoch_0070,inference/time_mean_norm/rmse/vo_15,0.20376067971553785,0.21636636349789462,6.186514395198839
post_training,epoch_0070,inference/time_mean_norm/rmse/vo_16,0.2036576724371144,0.22013327917287903,8.089853202487118
post_training,epoch_0070,inference/time_mean_norm/rmse/vo_17,0.286913180694687,0.29359777598986053,2.3298320694045804
post_training,epoch_0070,inference/time_mean_norm/rmse/vo_18,0.2821860107191672,0.2286998027054388,-18.954237978493605
post_training,epoch_0070,inference/time_mean_norm/rmse/vo_2,0.134049067458618,0.1421943634127472,6.07635406090663
post_training,epoch_0070,inference/time_mean_norm/rmse/vo_3,0.13752597995153176,0.14547146659302526,5.777444119499253
post_training,epoch_0070,inference/time_mean_norm/rmse/vo_4,0.13921028374529443,0.14821255222283147,6.466669153557669
post_training,epoch_0070,inference/time_mean_norm/rmse/vo_5,0.1430751221407657,0.15098960280807777,5.531695901349876
post_training,epoch_0070,inference/time_mean_norm/rmse/vo_6,0.14832178552047517,0.15294806248213969,3.119081222917086
post_training,epoch_0070,inference/time_mean_norm/rmse/vo_7,0.1510318732988405,0.15195856318191764,0.6135723955721151
post_training,epoch_0070,inference/time_mean_norm/rmse/vo_8,0.15412990469906954,0.15194427902649874,-1.418041279424731
post_training,epoch_0070,inference/time_mean_norm/rmse/vo_9,0.15623704347320425,0.15167027355626778,-2.922975125114746
post_training,epoch_0070,inference/time_mean_norm/rmse/zos,0.03293567240557698,0.0927167870865016,181.5087117237719
post_training,ema_latest,inference/mean_step_20/weighted_bias/ocean_heat_content,-103367845.66032016,-637437942.7946849,516.6694669146793
post_training,ema_latest,inference/mean_step_20/weighted_bias/so_0,0.005262866308059518,-0.020956678908548868,-498.1989600696478
post_training,ema_latest,inference/mean_step_20/weighted_bias/so_1,0.004122128740519688,-0.018427893972623035,-547.0479971059754
post_training,ema_latest,inference/mean_step_20/weighted_bias/so_10,0.0010224370585814506,-0.00015628838198685155,-115.28586827669267
post_training,ema_latest,inference/mean_step_20/weighted_bias/so_11,0.0029898104946345064,0.001954317658866599,-34.63406251420268
post_training,ema_latest,inference/mean_step_20/weighted_bias/so_12,0.0025678189968486773,0.004016179526763826,56.40430776829015
post_training,ema_latest,inference/mean_step_20/weighted_bias/so_13,0.0014131404047953214,0.0014982004046498578,6.019217875725258
post_training,ema_latest,inference/mean_step_20/weighted_bias/so_14,0.000552691632122489,6.393919906185008e-05,-88.43130683627219
post_training,ema_latest,inference/mean_step_20/weighted_bias/so_15,0.0004291376743341196,0.0009829672865133096,129.05639502254172
post_training,ema_latest,inference/mean_step_20/weighted_bias/so_16,0.0005727365481990148,0.00169550731295392,196.03616501958663
post_training,ema_latest,inference/mean_step_20/weighted_bias/so_17,0.0005875385546021678,0.001222386560489983,108.0521441384696
post_training,ema_latest,inference/mean_step_20/weighted_bias/so_18,0.0001960681467396365,0.0007445564182411741,279.743691477784
post_training,ema_latest,inference/mean_step_20/weighted_bias/so_2,0.002792182007134437,-0.022204663335938495,-895.2441237427327
post_training,ema_latest,inference/mean_step_20/weighted_bias/so_3,-0.001451747017703775,-0.021148058940470726,1356.7316951627402
post_training,ema_latest,inference/mean_step_20/weighted_bias/so_4,-0.003546579562715436,-0.020596534476812683,480.743618255189
post_training,ema_latest,inference/mean_step_20/weighted_bias/so_5,-0.004421597531895803,-0.024679129098952004,458.14960364270394
post_training,ema_latest,inference/mean_step_20/weighted_bias/so_6,-0.003850848474228266,-0.02183875483184824,467.1154026964113
post_training,ema_latest,inference/mean_step_20/weighted_bias/so_7,-0.0037912787950748336,-0.013385424853391524,253.0583103194688
post_training,ema_latest,inference/mean_step_20/weighted_bias/so_8,-0.0011446869279851078,-0.005200099426919363,354.28136722698866
post_training,ema_latest,inference/mean_step_20/weighted_bias/so_9,-5.9116230889322e-05,0.00028705656097125426,-585.5799442097119
post_training,ema_latest,inference/mean_step_20/weighted_bias/thetao_0,-0.058959601286660286,-0.30248220301775597,413.0329860052718
post_training,ema_latest,inference/mean_step_20/weighted_bias/thetao_1,-0.05210293322268826,-0.30229515780532257,480.18836773221807
post_training,ema_latest,inference/mean_step_20/weighted_bias/thetao_10,-0.010386726790990414,-0.053999853375763615,419.8928831227544
post_training,ema_latest,inference/mean_step_20/weighted_bias/thetao_11,-0.0038788485793428557,-0.04178989064446035,977.3787578874833
post_training,ema_latest,inference/mean_step_20/weighted_bias/thetao_12,-0.0030076166352292206,-0.022471776633451943,647.16226696689
post_training,ema_latest,inference/mean_step_20/weighted_bias/thetao_13,-0.00932258491568812,-0.027031586038515132,189.95805651527152
post_training,ema_latest,inference/mean_step_20/weighted_bias/thetao_14,-0.004232390519431757,-0.017652205907789733,317.0741293069461
post_training,ema_latest,inference/mean_step_20/weighted_bias/thetao_15,-0.00035430007741996366,-0.011035222057074807,3014.6541478156078
post_training,ema_latest,inference/mean_step_20/weighted_bias/thetao_16,0.0008944273803051553,-0.010364811172612353,-1258.8208725314457
post_training,ema_latest,inference/mean_step_20/weighted_bias/thetao_17,0.005192435087722005,-0.003399660382423798,-165.473334283227
post_training,ema_latest,inference/mean_step_20/weighted_bias/thetao_18,0.006804035528314239,-0.0012751175372005589,-118.74060668693305
post_training,ema_latest,inference/mean_step_20/weighted_bias/thetao_2,-0.0662692998040451,-0.31533888014068373,375.8445933080997
post_training,ema_latest,inference/mean_step_20/weighted_bias/thetao_3,-0.06393252810636635,-0.29447613954105095,360.6045596243632
post_training,ema_latest,inference/mean_step_20/weighted_bias/thetao_4,-0.08130140941781817,-0.26514058374277066,226.12052563588395
post_training,ema_latest,inference/mean_step_20/weighted_bias/thetao_5,-0.04903029923571313,-0.20881915573854878,325.8981874343675
post_training,ema_latest,inference/mean_step_20/weighted_bias/thetao_6,-0.03887057746562915,-0.19499556330014178,401.6533738727301
post_training,ema_latest,inference/mean_step_20/weighted_bias/thetao_7,-0.03538395920954778,-0.15935850105254035,350.3693329194775
post_training,ema_latest,inference/mean_step_20/weighted_bias/thetao_8,-0.018729263526222204,-0.10315485557149386,450.7683493644598
post_training,ema_latest,inference/mean_step_20/weighted_bias/thetao_9,-0.009825212626954603,-0.05838157260421189,494.20162006516995
post_training,ema_latest,inference/mean_step_20/weighted_bias/uo_0,-0.004433224500147008,-0.001855508128781054,-58.14540570369211
post_training,ema_latest,inference/mean_step_20/weighted_bias/uo_1,-0.0034447761108488306,-0.0012942828227955033,-62.42766492953361
post_training,ema_latest,inference/mean_step_20/weighted_bias/uo_10,0.0001559694674393084,0.00042696620011580135,173.74986087065056
post_training,ema_latest,inference/mean_step_20/weighted_bias/uo_11,5.3247082505686846e-05,0.00014609709125834662,174.37576742865355
post_training,ema_latest,inference/mean_step_20/weighted_bias/uo_12,1.348331038412479e-05,0.00012864841873983456,854.1308111641844
post_training,ema_latest,inference/mean_step_20/weighted_bias/uo_13,-1.3813603893840477e-05,5.0688894751589904e-05,-466.94909699989455
post_training,ema_latest,inference/mean_step_20/weighted_bias/uo_14,-3.901787555274081e-05,-8.167336342347692e-05,109.322937926434
post_training,ema_latest,inference/mean_step_20/weighted_bias/uo_15,-0.00011185695838841084,5.584036120258467e-05,-149.92122261065353
post_training,ema_latest,inference/mean_step_20/weighted_bias/uo_16,7.337193182141075e-05,-5.370164351041634e-05,-173.1909903110192
post_training,ema_latest,inference/mean_step_20/weighted_bias/uo_17,-0.0003181642145058529,-0.00021237162530504436,-33.25093909920608
post_training,ema_latest,inference/mean_step_20/weighted_bias/uo_18,7.591617378991914e-06,-2.750683752271355e-05,-462.33171601656994
post_training,ema_latest,inference/mean_step_20/weighted_bias/uo_2,-0.0019897869118656823,-0.0005922104433474164,-70.23749428564979
post_training,ema_latest,inference/mean_step_20/weighted_bias/uo_3,-0.0006749309899906911,0.0002321855173692744,-134.4013715198463
post_training,ema_latest,inference/mean_step_20/weighted_bias/uo_4,-0.00013225003901759378,0.0003950672618252951,-398.72752005217757
post_training,ema_latest,inference/mean_step_20/weighted_bias/uo_5,-0.00033779800306424124,2.0756801656365475e-05,-106.14473782203444
post_training,ema_latest,inference/mean_step_20/weighted_bias/uo_6,-0.00011874957351982184,0.0005105049947857364,-529.9004869272412
post_training,ema_latest,inference/mean_step_20/weighted_bias/uo_7,0.00028104762307111,0.0007113862508039978,153.11946887521074
post_training,ema_latest,inference/mean_step_20/weighted_bias/uo_8,-0.0001611553537856649,0.00026000951355344945,-261.3409095296081
post_training,ema_latest,inference/mean_step_20/weighted_bias/uo_9,-4.7490908627694685e-05,0.0003949134555842269,-931.5559061633328
post_training,ema_latest,inference/mean_step_20/weighted_bias/vo_0,-0.002169742755719945,-0.0021793924556145995,0.4447393530507604
post_training,ema_latest,inference/mean_step_20/weighted_bias/vo_1,0.001506985902232418,0.0010451024088779784,-30.649489996569645
post_training,ema_latest,inference/mean_step_20/weighted_bias/vo_10,-0.0001654941245733732,-0.00016022216329814637,-3.1855881825517463
post_training,ema_latest,inference/mean_step_20/weighted_bias/vo_11,-5.754641077007712e-05,-2.5467156316895102e-05,-55.74501350110705
post_training,ema_latest,inference/mean_step_20/weighted_bias/vo_12,-0.00010415074066701199,-9.705127482474035e-05,-6.81652938500924
post_training,ema_latest,inference/mean_step_20/weighted_bias/vo_13,-7.350695379459223e-05,-9.79610707106171e-06,-86.67322400757355
post_training,ema_latest,inference/mean_step_20/weighted_bias/vo_14,-6.091491121120683e-05,0.00035850221126574954,-688.5294817597863
post_training,ema_latest,inference/mean_step_20/weighted_bias/vo_15,9.858786264851e-05,-0.0004232209875205312,-529.2830538678156
post_training,ema_latest,inference/mean_step_20/weighted_bias/vo_16,8.782570741176825e-05,0.0003254377294869206,270.54951115977394
post_training,ema_latest,inference/mean_step_20/weighted_bias/vo_17,0.00010894348282959529,-8.804016329976331e-05,-180.8126938969557
post_training,ema_latest,inference/mean_step_20/weighted_bias/vo_18,9.420161793215881e-05,8.222337326248344e-05,-12.71554027692151
post_training,ema_latest,inference/mean_step_20/weighted_bias/vo_2,0.000985012523171492,0.0009445104417320654,-4.111834163186079
post_training,ema_latest,inference/mean_step_20/weighted_bias/vo_3,0.0008683558348338707,0.0014807842556580038,70.52735713364555
post_training,ema_latest,inference/mean_step_20/weighted_bias/vo_4,2.4729528422324598e-05,0.0005180657404622853,1994.927697831072
post_training,ema_latest,inference/mean_step_20/weighted_bias/vo_5,-0.0004279788957311735,9.464581765541683e-05,-122.1145992476383
post_training,ema_latest,inference/mean_step_20/weighted_bias/vo_6,-0.00045695293111384146,-0.00034298982079752286,-24.939791947176893
post_training,ema_latest,inference/mean_step_20/weighted_bias/vo_7,-0.00023467137083872026,-0.0002739984806214822,16.758375613610667
post_training,ema_latest,inference/mean_step_20/weighted_bias/vo_8,-7.559551539655249e-05,-3.869209233012904e-05,-48.816947503881195
post_training,ema_latest,inference/mean_step_20/weighted_bias/vo_9,-0.00017332813978809719,-0.00012658637896325624,-26.967208487891938
post_training,ema_latest,inference/mean_step_20/weighted_bias/zos,0.0007539902604149281,-0.010864772977945485,-1540.9699366629081
post_training,ema_latest,inference/mean_step_20/weighted_grad_mag_percent_diff/ocean_heat_content,-0.4248248286133808,-2.797122477586305,558.4178440596453
post_training,ema_latest,inference/mean_step_20/weighted_grad_mag_percent_diff/so_0,-0.823388292679907,-1.7299605794182615,110.10264474221584
post_training,ema_latest,inference/mean_step_20/weighted_grad_mag_percent_diff/so_1,-1.4632015176450608,-2.97849519527352,103.56014939536409
post_training,ema_latest,inference/mean_step_20/weighted_grad_mag_percent_diff/so_10,0.7477141374668727,2.136116622841655,185.68626909723176
post_training,ema_latest,inference/mean_step_20/weighted_grad_mag_percent_diff/so_11,5.4617654457714035,6.452163186379505,18.133289509436644
post_training,ema_latest,inference/mean_step_20/weighted_grad_mag_percent_diff/so_12,7.658584566644537,10.057106791854087,31.318087622298307
post_training,ema_latest,inference/mean_step_20/weighted_grad_mag_percent_diff/so_13,6.891476412758214,13.93002926221494,102.13417891739755
post_training,ema_latest,inference/mean_step_20/weighted_grad_mag_percent_diff/so_14,23.858406376551343,37.338090325977895,56.49867697230076
post_training,ema_latest,inference/mean_step_20/weighted_grad_mag_percent_diff/so_15,19.236616181107976,33.95224534789873,76.49801310296338
post_training,ema_latest,inference/mean_step_20/weighted_grad_mag_percent_diff/so_16,15.93384900114847,23.767942076968076,49.166356950256926
post_training,ema_latest,inference/mean_step_20/weighted_grad_mag_percent_diff/so_17,28.453015749138366,32.38377834972741,13.81492434842544
post_training,ema_latest,inference/mean_step_20/weighted_grad_mag_percent_diff/so_18,37.68114390310085,41.305398866053565,9.618219054794853
post_training,ema_latest,inference/mean_step_20/weighted_grad_mag_percent_diff/so_2,-3.57065423368528,-4.783453729630376,33.965750155913675
post_training,ema_latest,inference/mean_step_20/weighted_grad_mag_percent_diff/so_3,-5.314388637076942,-6.732406619305276,26.682617306819356
post_training,ema_latest,inference/mean_step_20/weighted_grad_mag_percent_diff/so_4,-6.462327830981082,-7.574682176118441,17.212904919564952
post_training,ema_latest,inference/mean_step_20/weighted_grad_mag_percent_diff/so_5,-5.045756445581123,-5.761049032912666,14.176121956064058
post_training,ema_latest,inference/mean_step_20/weighted_grad_mag_percent_diff/so_6,-3.7724987646962402,-4.105391607619523,8.824200183670229
post_training,ema_latest,inference/mean_step_20/weighted_grad_mag_percent_diff/so_7,-2.5882818522659274,-2.5863904360354506,-0.07307613074754027
post_training,ema_latest,inference/mean_step_20/weighted_grad_mag_percent_diff/so_8,-0.8989758463358084,-1.2789409035031616,42.26643671418719
post_training,ema_latest,inference/mean_step_20/weighted_grad_mag_percent_diff/so_9,-0.8324133327744115,-0.02938833807836289,-96.46950175816956
post_training,ema_latest,inference/mean_step_20/weighted_grad_mag_percent_diff/thetao_0,-0.6785547625073048,-3.729491078576279,449.6227105967929
post_training,ema_latest,inference/mean_step_20/weighted_grad_mag_percent_diff/thetao_1,-0.11425525519153727,-3.4686337750178784,2935.863662641222
post_training,ema_latest,inference/mean_step_20/weighted_grad_mag_percent_diff/thetao_10,-2.063130030812333,-3.152267868846708,52.790557151918364
post_training,ema_latest,inference/mean_step_20/weighted_grad_mag_percent_diff/thetao_11,-0.41698405185840254,-1.4969018905850764,258.9830076027433
post_training,ema_latest,inference/mean_step_20/weighted_grad_mag_percent_diff/thetao_12,1.372489996776038,1.6884489612383717,23.02085736176711
post_training,ema_latest,inference/mean_step_20/weighted_grad_mag_percent_diff/thetao_13,1.003045553200651,2.645278933877816,163.7247057660451
post_training,ema_latest,inference/mean_step_20/weighted_grad_mag_percent_diff/thetao_14,1.558200363005005,2.633767420880753,69.02623586876248
post_training,ema_latest,inference/mean_step_20/weighted_grad_mag_percent_diff/thetao_15,-0.5335665395925023,0.9922781799846694,-285.97084081443643
post_training,ema_latest,inference/mean_step_20/weighted_grad_mag_percent_diff/thetao_16,3.0121080069771007,6.556202230158309,117.66159164850136
post_training,ema_latest,inference/mean_step_20/weighted_grad_mag_percent_diff/thetao_17,15.365447150478978,17.343040973040246,12.870395525714473
post_training,ema_latest,inference/mean_step_20/weighted_grad_mag_percent_diff/thetao_18,29.6380785259651,31.55492401784096,6.467509323172105
post_training,ema_latest,inference/mean_step_20/weighted_grad_mag_percent_diff/thetao_2,-0.8687694737451869,-4.34720856000405,400.38689104298595
post_training,ema_latest,inference/mean_step_20/weighted_grad_mag_percent_diff/thetao_3,-4.319311797975369,-7.679933846848429,77.80457179424545
post_training,ema_latest,inference/mean_step_20/weighted_grad_mag_percent_diff/thetao_4,-5.088229069230739,-8.085077499809966,58.89767126841057
post_training,ema_latest,inference/mean_step_20/weighted_grad_mag_percent_diff/thetao_5,-5.742889295414525,-8.783691810549408,52.94900108143903
post_training,ema_latest,inference/mean_step_20/weighted_grad_mag_percent_diff/thetao_6,-5.319304700484873,-8.034324747850231,51.04088222503733
post_training,ema_latest,inference/mean_step_20/weighted_grad_mag_percent_diff/thetao_7,-4.358877850856825,-6.107903575744386,40.12559619085805
post_training,ema_latest,inference/mean_step_20/weighted_grad_mag_percent_diff/thetao_8,-2.972902123585895,-4.3914679440677125,47.71653292005298
post_training,ema_latest,inference/mean_step_20/weighted_grad_mag_percent_diff/thetao_9,-1.5765540978147712,-2.819586852576085,78.84491604089297
post_training,ema_latest,inference/mean_step_20/weighted_grad_mag_percent_diff/uo_0,-10.004142070057165,-13.062061545059098,30.566533877546775
post_training,ema_latest,inference/mean_step_20/weighted_grad_mag_percent_diff/uo_1,-9.570391080485544,-12.760176288953991,33.32972687994498
post_training,ema_latest,inference/mean_step_20/weighted_grad_mag_percent_diff/uo_10,-6.96040174518133,-8.532715538459234,22.589411514449043
post_training,ema_latest,inference/mean_step_20/weighted_grad_mag_percent_diff/uo_11,-7.716012794514211,-8.799136502986121,14.037349824535927
post_training,ema_latest,inference/mean_step_20/weighted_grad_mag_percent_diff/uo_12,-9.002929326974947,-10.032993756448162,11.44143635990671
post_training,ema_latest,inference/mean_step_20/weighted_grad_mag_percent_diff/uo_13,-11.298738484032622,-12.640558795353206,11.87584183151813
post_training,ema_latest,inference/mean_step_20/weighted_grad_mag_percent_diff/uo_14,-15.833329129024786,-17.908390304373732,13.105653008532858
post_training,ema_latest,inference/mean_step_20/weighted_grad_mag_percent_diff/uo_15,-22.85283184143134,-25.380641652633305,11.06125415327801
post_training,ema_latest,inference/mean_step_20/weighted_grad_mag_percent_diff/uo_16,-29.457115567748787,-32.1689760819316,9.206130545761603
post_training,ema_latest,inference/mean_step_20/weighted_grad_mag_percent_diff/uo_17,-27.687626819501588,-30.694189109988447,10.85886598402579
post_training,ema_latest,inference/mean_step_20/weighted_grad_mag_percent_diff/uo_18,-23.70788847975778,-26.63690210938151,12.354595105019882
post_training,ema_latest,inference/mean_step_20/weighted_grad_mag_percent_diff/uo_2,-9.153925494838948,-12.250135779034649,33.8238527934422
post_training,ema_latest,inference/mean_step_20/weighted_grad_mag_percent_diff/uo_3,-8.426719908629313,-12.13980149118653,44.06318974426653
post_training,ema_latest,inference/mean_step_20/weighted_grad_mag_percent_diff/uo_4,-6.56596834639767,-10.730318909025266,63.42325066054133
post_training,ema_latest,inference/mean_step_20/weighted_grad_mag_percent_diff/uo_5,-5.7368414705464925,-9.431132770837003,64.3959105242382
post_training,ema_latest,inference/mean_step_20/weighted_grad_mag_percent_diff/uo_6,-6.001924055620537,-8.964948403939,49.3679080384851
post_training,ema_latest,inference/mean_step_20/weighted_grad_mag_percent_diff/uo_7,-6.976648882614485,-9.149114389549528,31.139097631080958
post_training,ema_latest,inference/mean_step_20/weighted_grad_mag_percent_diff/uo_8,-6.87080986497909,-8.841625440307437,28.683890459168527
post_training,ema_latest,inference/mean_step_20/weighted_grad_mag_percent_diff/uo_9,-6.64651209051379,-8.468269527620315,27.40922475273342
post_training,ema_latest,inference/mean_step_20/weighted_grad_mag_percent_diff/vo_0,-15.26679842605895,-20.496506880240307,34.25543659012848
post_training,ema_latest,inference/mean_step_20/weighted_grad_mag_percent_diff/vo_1,-14.615529453219226,-19.727385958748915,34.97551369515217
post_training,ema_latest,inference/mean_step_20/weighted_grad_mag_percent_diff/vo_10,-10.954967942597962,-13.996275450670748,27.76190239906391
post_training,ema_latest,inference/mean_step_20/weighted_grad_mag_percent_diff/vo_11,-11.82470606138149,-14.656955756068214,23.95196700860598
post_training,ema_latest,inference/mean_step_20/weighted_grad_mag_percent_diff/vo_12,-13.139989107615845,-15.853535055444032,20.6510517292243
post_training,ema_latest,inference/mean_step_20/weighted_grad_mag_percent_diff/vo_13,-16.18925960912717,-18.911058157659976,16.81237199382677
post_training,ema_latest,inference/mean_step_20/weighted_grad_mag_percent_diff/vo_14,-20.12144279948934,-23.36052877016888,16.097682472162212
post_training,ema_latest,inference/mean_step_20/weighted_grad_mag_percent_diff/vo_15,-25.8696478857691,-29.540258365316536,14.188869117026659
post_training,ema_latest,inference/mean_step_20/weighted_grad_mag_percent_diff/vo_16,-29.046617241855785,-33.43658919341452,15.11353943561058
post_training,ema_latest,inference/mean_step_20/weighted_grad_mag_percent_diff/vo_17,-29.70861494574805,-33.23930423302096,11.884395464818631
post_training,ema_latest,inference/mean_step_20/weighted_grad_mag_percent_diff/vo_18,-25.7824123384341,-30.441966980025867,18.072609267231844
post_training,ema_latest,inference/mean_step_20/weighted_grad_mag_percent_diff/vo_2,-13.339215311071737,-18.470752862985428,38.46956085681023
post_training,ema_latest,inference/mean_step_20/weighted_grad_mag_percent_diff/vo_3,-13.206708041967595,-18.051159109661643,36.68174576358925
post_training,ema_latest,inference/mean_step_20/weighted_grad_mag_percent_diff/vo_4,-12.55486097862655,-17.286131465173966,37.684770023355505
post_training,ema_latest,inference/mean_step_20/weighted_grad_mag_percent_diff/vo_5,-11.33963244749979,-15.738687883631096,38.7936333606759
post_training,ema_latest,inference/mean_step_20/weighted_grad_mag_percent_diff/vo_6,-10.47149730260898,-14.30942605450959,36.65119362580924
post_training,ema_latest,inference/mean_step_20/weighted_grad_mag_percent_diff/vo_7,-10.496640008801098,-14.158383761021197,34.884913164115794
post_training,ema_latest,inference/mean_step_20/weighted_grad_mag_percent_diff/vo_8,-10.3086173326441,-13.347119406943765,29.47536004346285
post_training,ema_latest,inference/mean_step_20/weighted_grad_mag_percent_diff/vo_9,-10.231681663303938,-13.16687330803678,28.68728466465045
post_training,ema_latest,inference/mean_step_20/weighted_grad_mag_percent_diff/zos,-0.9437575915724637,-4.875283677079101,416.5821944760236
post_training,ema_latest,inference/mean_step_20/weighted_rmse/ocean_heat_content,890914672.2311703,2055842355.3607042,130.75636976683035
post_training,ema_latest,inference/mean_step_20/weighted_rmse/so_0,0.2037919897070948,0.2663502772007647,30.697127783865973
post_training,ema_latest,inference/mean_step_20/weighted_rmse/so_1,0.18162069864922234,0.24663768894199925,35.79822717142449
post_training,ema_latest,inference/mean_step_20/weighted_rmse/so_10,0.025932527626814174,0.0666602742549316,157.0527455488181
post_training,ema_latest,inference/mean_step_20/weighted_rmse/so_11,0.02312390139798713,0.06230182266976067,169.42608687642937
post_training,ema_latest,inference/mean_step_20/weighted_rmse/so_12,0.0176742398647498,0.05630822293583958,218.58922005547132
post_training,ema_latest,inference/mean_step_20/weighted_rmse/so_13,0.011302147212925917,0.05065228892790338,348.16518466485667
post_training,ema_latest,inference/mean_step_20/weighted_rmse/so_14,0.007294914236643417,0.041379562178714066,467.23850118564104
post_training,ema_latest,inference/mean_step_20/weighted_rmse/so_15,0.004797252890874429,0.02461135566124084,413.0301908423001
post_training,ema_latest,inference/mean_step_20/weighted_rmse/so_16,0.004317825048987248,0.012256979903546511,183.86930374637117
post_training,ema_latest,inference/mean_step_20/weighted_rmse/so_17,0.002866525421915448,0.0033032593687541095,15.235655804748816
post_training,ema_latest,inference/mean_step_20/weighted_rmse/so_18,0.001920235848559791,0.0023677252881923985,23.30387905049436
post_training,ema_latest,inference/mean_step_20/weighted_rmse/so_2,0.13953358235398988,0.20405914074262899,46.24374813580068
post_training,ema_latest,inference/mean_step_20/weighted_rmse/so_3,0.11261205138141271,0.17751211105901177,57.63154021391994
post_training,ema_latest,inference/mean_step_20/weighted_rmse/so_4,0.10329819270220292,0.16349569235590222,58.27546259908141
post_training,ema_latest,inference/mean_step_20/weighted_rmse/so_5,0.0891485777046097,0.1430448955236546,60.45673325000005
post_training,ema_latest,inference/mean_step_20/weighted_rmse/so_6,0.07307392022222232,0.11248325270464185,53.93077634616195
post_training,ema_latest,inference/mean_step_20/weighted_rmse/so_7,0.05657748903536116,0.08656116841688265,52.99577604580783
post_training,ema_latest,inference/mean_step_20/weighted_rmse/so_8,0.043529027960876314,0.0789018549917908,81.26261643771923
post_training,ema_latest,inference/mean_step_20/weighted_rmse/so_9,0.033894103022899864,0.07248721676405503,113.86380018695439
post_training,ema_latest,inference/mean_step_20/weighted_rmse/thetao_0,0.46923993131029473,0.8707726900997322,85.57088431673041
post_training,ema_latest,inference/mean_step_20/weighted_rmse/thetao_1,0.46468047068287455,0.8679048173167032,86.77454123287502
post_training,ema_latest,inference/mean_step_20/weighted_rmse/thetao_10,0.1760173313550935,0.2398540154788712,36.26727188301415
post_training,ema_latest,inference/mean_step_20/weighted_rmse/thetao_11,0.13622673872662747,0.19275432687840288,41.49522236248491
post_training,ema_latest,inference/mean_step_20/weighted_rmse/thetao_12,0.09306293362761019,0.1436482594822775,54.35604045868967
post_training,ema_latest,inference/mean_step_20/weighted_rmse/thetao_13,0.06458014784254736,0.12822117121211576,98.54580005721165
post_training,ema_latest,inference/mean_step_20/weighted_rmse/thetao_14,0.0479342667641522,0.11086887258569053,131.2935610993933
post_training,ema_latest,inference/mean_step_20/weighted_rmse/thetao_15,0.04192511382403203,0.09490791500615513,126.37485351739856
post_training,ema_latest,inference/mean_step_20/weighted_rmse/thetao_16,0.04258613673167792,0.05021881254704553,17.922912011152214
post_training,ema_latest,inference/mean_step_20/weighted_rmse/thetao_17,0.030121644544040146,0.03251336308566518,7.940199075545684
post_training,ema_latest,inference/mean_step_20/weighted_rmse/thetao_18,0.021032352870796377,0.02531994400084277,20.385694155976974
post_training,ema_latest,inference/mean_step_20/weighted_rmse/thetao_2,0.4537096779887062,0.8540349797335055,88.23380262008965
post_training,ema_latest,inference/mean_step_20/weighted_rmse/thetao_3,0.4972852312622728,0.8529639870703343,71.52409390989398
post_training,ema_latest,inference/mean_step_20/weighted_rmse/thetao_4,0.5221098709375516,0.7932261636399808,51.92705746313246
post_training,ema_latest,inference/mean_step_20/weighted_rmse/thetao_5,0.5266123017858199,0.7313588636601046,38.87994283079963
post_training,ema_latest,inference/mean_step_20/weighted_rmse/thetao_6,0.4449164827504239,0.616327546386716,38.526570779452385
post_training,ema_latest,inference/mean_step_20/weighted_rmse/thetao_7,0.35265340856096583,0.4956442190522152,40.54712276133563
post_training,ema_latest,inference/mean_step_20/weighted_rmse/thetao_8,0.2832350922733614,0.3799758876900971,34.15565304435064
post_training,ema_latest,inference/mean_step_20/weighted_rmse/thetao_9,0.23084958192506128,0.2935132125173876,27.14478842446779
post_training,ema_latest,inference/mean_step_20/weighted_rmse/uo_0,0.06009822113901477,0.058759147107584134,-2.228142540747069
post_training,ema_latest,inference/mean_step_20/weighted_rmse/uo_1,0.05403887071850726,0.052919364260651386,-2.0716688616375323
post_training,ema_latest,inference/mean_step_20/weighted_rmse/uo_10,0.018665271189366894,0.01797009979279042,-3.7244109100996847
post_training,ema_latest,inference/mean_step_20/weighted_rmse/uo_11,0.015280684944418478,0.01485871935734816,-2.7614311047257645
post_training,ema_latest,inference/mean_step_20/weighted_rmse/uo_12,0.01238621904764761,0.012113730321329908,-2.199934663431069
post_training,ema_latest,inference/mean_step_20/weighted_rmse/uo_13,0.01013354002548094,0.009930274007399882,-2.0058737378047753
post_training,ema_latest,inference/mean_step_20/weighted_rmse/uo_14,0.008930450971507051,0.008825061342828289,-1.1801154165115735
post_training,ema_latest,inference/mean_step_20/weighted_rmse/uo_15,0.008409638187276051,0.008352774970819885,-0.6761672165896626
post_training,ema_latest,inference/mean_step_20/weighted_rmse/uo_16,0.008461202069012241,0.008360059071854628,-1.1953738527062607
post_training,ema_latest,inference/mean_step_20/weighted_rmse/uo_17,0.008017911679416052,0.007951009111176716,-0.8344138837434678
post_training,ema_latest,inference/mean_step_20/weighted_rmse/uo_18,0.007501664806624133,0.007312536069026915,-2.5211568694753383
post_training,ema_latest,inference/mean_step_20/weighted_rmse/uo_2,0.04878862879520657,0.04818807252042483,-1.2309349322003227
post_training,ema_latest,inference/mean_step_20/weighted_rmse/uo_3,0.045074091008117864,0.04448757719973682,-1.3012216003988053
post_training,ema_latest,inference/mean_step_20/weighted_rmse/uo_4,0.042333517781602416,0.041635339305401295,-1.6492333091783329
post_training,ema_latest,inference/mean_step_20/weighted_rmse/uo_5,0.036438175690664355,0.035533860272921575,-2.481780167645631
post_training,ema_latest,inference/mean_step_20/weighted_rmse/uo_6,0.030485372222489007,0.029842599992330857,-2.1084611513582763
post_training,ema_latest,inference/mean_step_20/weighted_rmse/uo_7,0.027045445425760112,0.026378236663458426,-2.466991213486125
post_training,ema_latest,inference/mean_step_20/weighted_rmse/uo_8,0.0243950855944836,0.023658754302442932,-3.0183591247868957
post_training,ema_latest,inference/mean_step_20/weighted_rmse/uo_9,0.021705181623267226,0.020916361536573086,-3.634247804904578
post_training,ema_latest,inference/mean_step_20/weighted_rmse/vo_0,0.0535445507326117,0.05244797316615582,-2.0479722986787463
post_training,ema_latest,inference/mean_step_20/weighted_rmse/vo_1,0.04988445847919235,0.04868739144986936,-2.3996793105859004
post_training,ema_latest,inference/mean_step_20/weighted_rmse/vo_10,0.019066845040142884,0.018040602467742767,-5.3823407608311165
post_training,ema_latest,inference/mean_step_20/weighted_rmse/vo_11,0.015508744505824595,0.014820102068741826,-4.440349357900231
post_training,ema_latest,inference/mean_step_20/weighted_rmse/vo_12,0.012512556781816649,0.012080020802441065,-3.456815316947437
post_training,ema_latest,inference/mean_step_20/weighted_rmse/vo_13,0.010342397062878195,0.010210770956806456,-1.272684710048333
post_training,ema_latest,inference/mean_step_20/weighted_rmse/vo_14,0.009145502673198183,0.009141476767212005,-0.04402060914570072
post_training,ema_latest,inference/mean_step_20/weighted_rmse/vo_15,0.008769309166509148,0.008846716769269253,0.8827103856223095
post_training,ema_latest,inference/mean_step_20/weighted_rmse/vo_16,0.008825241135676835,0.008799307339190461,-0.293859352823056
post_training,ema_latest,inference/mean_step_20/weighted_rmse/vo_17,0.00854489424333549,0.008480663997908705,-0.7516798171830041
post_training,ema_latest,inference/mean_step_20/weighted_rmse/vo_18,0.007402710118963756,0.007024969799704374,-5.102730124359633
post_training,ema_latest,inference/mean_step_20/weighted_rmse/vo_2,0.045614965782041654,0.04441694437424073,-2.626377960087345
post_training,ema_latest,inference/mean_step_20/weighted_rmse/vo_3,0.04159151198246504,0.040168554839147434,-3.421268127779342
post_training,ema_latest,inference/mean_step_20/weighted_rmse/vo_4,0.03901944631668599,0.03741968756482716,-4.099901210475975
post_training,ema_latest,inference/mean_step_20/weighted_rmse/vo_5,0.03501282118548549,0.033209720098775666,-5.149830906677389
post_training,ema_latest,inference/mean_step_20/weighted_rmse/vo_6,0.029907590549305526,0.028281508950844764,-5.437019728419812
post_training,ema_latest,inference/mean_step_20/weighted_rmse/vo_7,0.027031621958032156,0.025614903782865104,-5.24096621862562
post_training,ema_latest,inference/mean_step_20/weighted_rmse/vo_8,0.024863579856151577,0.023417769384752523,-5.814973064071227
post_training,ema_latest,inference/mean_step_20/weighted_rmse/vo_9,0.022220695285520602,0.02086053288899701,-6.12115138183772
post_training,ema_latest,inference/mean_step_20/weighted_rmse/zos,0.03464943262602955,0.05514209617602723,59.14285457766215
post_training,ema_latest,inference/time_mean/bias/ocean_heat_content,-197518514.1576824,-1200550283.2913368,507.81658287127306
post_training,ema_latest,inference/time_mean/bias/so_0,-0.006578827535956903,-0.05980609814719712,809.0692501106614
post_training,ema_latest,inference/time_mean/bias/so_1,-0.006820128440403262,-0.05861320305617709,759.4149445770761
post_training,ema_latest,inference/time_mean/bias/so_10,0.0018567112744124596,0.00109824795757398,-40.849825564746936
post_training,ema_latest,inference/time_mean/bias/so_11,0.004210950135724628,0.003358197833293035,-20.250828790325958
post_training,ema_latest,inference/time_mean/bias/so_12,0.00427404109255749,0.0051591181014841656,20.70820073461357
post_training,ema_latest,inference/time_mean/bias/so_13,0.0018416906721248558,0.0019293289511295509,4.758577557629806
post_training,ema_latest,inference/time_mean/bias/so_14,0.0005789986144845217,0.00024944265353318596,-56.91826417317718
post_training,ema_latest,inference/time_mean/bias/so_15,0.0004388892789080718,0.0008025907184056359,82.86860877586935
post_training,ema_latest,inference/time_mean/bias/so_16,0.0008283658708165534,0.0015748342215775207,90.11336379963886
post_training,ema_latest,inference/time_mean/bias/so_17,0.0008988725337528118,0.0017593927563983268,95.7332870159938
post_training,ema_latest,inference/time_mean/bias/so_18,0.0003491809353024072,0.0010646534871358608,204.90023351756608
post_training,ema_latest,inference/time_mean/bias/so_2,-0.006251487431375687,-0.06042321895284586,866.54147698653
post_training,ema_latest,inference/time_mean/bias/so_3,-0.00664837394014832,-0.05852900796308859,780.3507216951585
post_training,ema_latest,inference/time_mean/bias/so_4,-0.007510660008724593,-0.05688134695470546,657.341523762632
post_training,ema_latest,inference/time_mean/bias/so_5,-0.009043957613063654,-0.05864710414880501,548.4672602190383
post_training,ema_latest,inference/time_mean/bias/so_6,-0.007634944612184278,-0.053087839880801034,595.3271120799022
post_training,ema_latest,inference/time_mean/bias/so_7,-0.0075365893379506065,-0.03526060822720492,367.8589564333778
post_training,ema_latest,inference/time_mean/bias/so_8,-0.003564283632250004,-0.01616879834463561,353.63388587649604
post_training,ema_latest,inference/time_mean/bias/so_9,-0.00046214811184062997,-0.0032612379829690926,605.6694378735704
post_training,ema_latest,inference/time_mean/bias/thetao_0,-0.18589564970063777,-0.615670191823875,231.19128544177153
post_training,ema_latest,inference/time_mean/bias/thetao_1,-0.1825142105728743,-0.615022406445603,236.9723401345983
post_training,ema_latest,inference/time_mean/bias/thetao_10,-0.008567655528922573,-0.08269536689764137,865.2041520399542
post_training,ema_latest,inference/time_mean/bias/thetao_11,-0.0030986564582994544,-0.06024356527054338,1844.183425341869
post_training,ema_latest,inference/time_mean/bias/thetao_12,-0.001524892604432069,-0.03601299338930038,2261.6740801699316
post_training,ema_latest,inference/time_mean/bias/thetao_13,-0.01159432520053798,-0.040449641835776276,248.87448071492253
post_training,ema_latest,inference/time_mean/bias/thetao_14,-0.008843075360993309,-0.03260922499679339,268.7543492010965
post_training,ema_latest,inference/time_mean/bias/thetao_15,-0.0021308095736249566,-0.02184175745164148,925.045021479045
post_training,ema_latest,inference/time_mean/bias/thetao_16,0.0021928432856477584,-0.01719659289490535,-884.2144036218958
post_training,ema_latest,inference/time_mean/bias/thetao_17,0.009060211057082728,0.0034608382630825956,-61.80179201921439
post_training,ema_latest,inference/time_mean/bias/thetao_18,0.012382498279400855,0.006029085056952027,-51.30962330128624
post_training,ema_latest,inference/time_mean/bias/thetao_2,-0.17568814058428367,-0.6137108287411589,249.3183015655747
post_training,ema_latest,inference/time_mean/bias/thetao_3,-0.16436394659385148,-0.613988567910333,273.55428646862447
post_training,ema_latest,inference/time_mean/bias/thetao_4,-0.15088922074798747,-0.5718099970348459,278.9601365825018
post_training,ema_latest,inference/time_mean/bias/thetao_5,-0.1086472652162936,-0.48410016692151897,345.57050373774115
post_training,ema_latest,inference/time_mean/bias/thetao_6,-0.07827831046544868,-0.4245100844049219,442.308695577042
post_training,ema_latest,inference/time_mean/bias/thetao_7,-0.07200820859043577,-0.33235807527824063,361.5558167383501
post_training,ema_latest,inference/time_mean/bias/thetao_8,-0.049564544934598755,-0.22497491679397008,353.90292010312663
post_training,ema_latest,inference/time_mean/bias/thetao_9,-0.021624803491822258,-0.12841800920669144,493.845901329252
post_training,ema_latest,inference/time_mean/bias/uo_0,-3.0136118698987008e-05,0.0017528527268947907,-5916.451495970882
post_training,ema_latest,inference/time_mean/bias/uo_1,0.0004597183578072201,0.0018454148976096408,301.42292911946396
post_training,ema_latest,inference/time_mean/bias/uo_10,-0.0001124503205344174,0.0004660504454262319,-514.4500817884187
post_training,ema_latest,inference/time_mean/bias/uo_11,-9.624174081276983e-05,8.398674297915833e-05,-187.2664420550616
post_training,ema_latest,inference/time_mean/bias/uo_12,-8.918914671439029e-05,-3.9139244699589244e-05,-56.116583529020026
post_training,ema_latest,inference/time_mean/bias/uo_13,-7.256967405937342e-06,1.5199099626740624e-05,-309.4414757093351
post_training,ema_latest,inference/time_mean/bias/uo_14,-6.2774319895372e-05,-0.00013521307630035015,115.39552563168218
post_training,ema_latest,inference/time_mean/bias/uo_15,-8.790946490155654e-05,-3.107428310704362e-05,-64.65194829494018
post_training,ema_latest,inference/time_mean/bias/uo_16,2.893558475492961e-05,-1.4275429953155623e-05,-149.33520464183323
post_training,ema_latest,inference/time_mean/bias/uo_17,-3.521557757394115e-05,4.272550894847371e-05,-221.32559478476298
post_training,ema_latest,inference/time_mean/bias/uo_18,0.00013608216159278897,0.00019457732993778855,42.98518458285516
post_training,ema_latest,inference/time_mean/bias/uo_2,0.00039667338611166304,0.0009444767136269883,138.0993398334819
post_training,ema_latest,inference/time_mean/bias/uo_3,0.0002751900245383573,0.0008637265050319787,213.86548494296468
post_training,ema_latest,inference/time_mean/bias/uo_4,0.00019941537659912804,0.0005211180209208688,161.3228878375006
post_training,ema_latest,inference/time_mean/bias/uo_5,0.00013940402030518495,0.0005175706542861262,271.2738364023178
post_training,ema_latest,inference/time_mean/bias/uo_6,-0.00011436720578748744,0.0004922100267351951,-530.3768928741689
post_training,ema_latest,inference/time_mean/bias/uo_7,-0.0001555928390126474,0.000486064337511144,-412.3950566077364
post_training,ema_latest,inference/time_mean/bias/uo_8,-0.00021319821603672887,0.00044191877679056765,-307.28071041384123
post_training,ema_latest,inference/time_mean/bias/uo_9,-0.00020403436867704516,0.0005403701282348903,-364.8426986779922
post_training,ema_latest,inference/time_mean/bias/vo_0,-0.0010558024334814597,-0.0005245887109280931,-50.313742960575865
post_training,ema_latest,inference/time_mean/bias/vo_1,0.0007076807294558626,0.0005241593190886433,-25.932797478932258
post_training,ema_latest,inference/time_mean/bias/vo_10,-6.297308080526598e-05,-5.357070018637333e-05,-14.930793441673895
post_training,ema_latest,inference/time_mean/bias/vo_11,-6.028161079719418e-05,-6.422376719569697e-05,6.539567119009826
post_training,ema_latest,inference/time_mean/bias/vo_12,-6.893587793079995e-05,-8.587075843751695e-05,24.566134522456906
post_training,ema_latest,inference/time_mean/bias/vo_13,-5.146073386639358e-05,-5.096776419717439e-05,-0.9579530492104582
post_training,ema_latest,inference/time_mean/bias/vo_14,-1.5173360294454899e-05,9.220968230508958e-05,-707.7077227170806
post_training,ema_latest,inference/time_mean/bias/vo_15,3.0862499690274385e-05,-4.225707760568853e-05,-236.92046344193204
post_training,ema_latest,inference/time_mean/bias/vo_16,6.0612013124313175e-05,2.057594562486398e-05,-66.05302387389209
post_training,ema_latest,inference/time_mean/bias/vo_17,4.030544257866394e-05,-1.3940311425855094e-05,-134.58667250371423
post_training,ema_latest,inference/time_mean/bias/vo_18,0.00013666071904883445,7.630524545728518e-05,-44.16446365248656
post_training,ema_latest,inference/time_mean/bias/vo_2,0.00010907107040668965,8.120037581919516e-05,-25.552783596579697
post_training,ema_latest,inference/time_mean/bias/vo_3,-0.0002514044759052997,0.00015858151171364604,-163.07823722811574
post_training,ema_latest,inference/time_mean/bias/vo_4,5.045023679027223e-05,0.0003110135023743345,516.4758030120958
post_training,ema_latest,inference/time_mean/bias/vo_5,7.099575721649529e-06,0.00020939409930348135,2849.3889143960046
post_training,ema_latest,inference/time_mean/bias/vo_6,-6.439231648045038e-05,-3.066578258714496e-05,-52.37664326541949
post_training,ema_latest,inference/time_mean/bias/vo_7,-3.7768853876149795e-05,-7.581314699946859e-05,100.72927615985438
post_training,ema_latest,inference/time_mean/bias/vo_8,1.2247501596278022e-05,-2.740434818454065e-05,-323.7545998186989
post_training,ema_latest,inference/time_mean/bias/vo_9,-2.9778729926502492e-05,-5.430189612069689e-05,82.35128312967186
post_training,ema_latest,inference/time_mean/bias/zos,0.0005160679799319281,-0.019120861300597265,-3805.105149736165
post_training,ema_latest,inference/time_mean/rmse/ocean_heat_content,960511108.536686,2957051884.8731,207.86233064790812
post_training,ema_latest,inference/time_mean/rmse/so_0,0.11665120116728458,0.2531274890730287,116.99518439594047
post_training,ema_latest,inference/time_mean/rmse/so_1,0.10807915818566399,0.2461241629472326,127.72583269424409
post_training,ema_latest,inference/time_mean/rmse/so_10,0.0234887858394963,0.07435809730021396,216.56850127681406
post_training,ema_latest,inference/time_mean/rmse/so_11,0.030124694802869487,0.07081928341423684,135.08713989524318
post_training,ema_latest,inference/time_mean/rmse/so_12,0.0233317896218845,0.061994076528449335,165.70647829903623
post_training,ema_latest,inference/time_mean/rmse/so_13,0.010124709727242012,0.052365976973865726,417.2096621493
post_training,ema_latest,inference/time_mean/rmse/so_14,0.005856845074158963,0.042284892825919684,621.9739004619607
post_training,ema_latest,inference/time_mean/rmse/so_15,0.0035073631567453067,0.024825358301538578,607.8068962945805
post_training,ema_latest,inference/time_mean/rmse/so_16,0.0034995698751229976,0.014290834186990875,308.35973267967967
post_training,ema_latest,inference/time_mean/rmse/so_17,0.0031808086070880155,0.006067280532436726,90.74648247985075
post_training,ema_latest,inference/time_mean/rmse/so_18,0.0020949496897458434,0.0037440294935595876,78.71691677778708
post_training,ema_latest,inference/time_mean/rmse/so_2,0.0798521762445229,0.2077544873133779,160.1738576005659
post_training,ema_latest,inference/time_mean/rmse/so_3,0.07293569437093401,0.19126199464472918,162.23373383135979
post_training,ema_latest,inference/time_mean/rmse/so_4,0.07183079865207746,0.1802034281569982,150.87209322262828
post_training,ema_latest,inference/time_mean/rmse/so_5,0.07096648862548753,0.16759279110858016,136.15764898982113
post_training,ema_latest,inference/time_mean/rmse/so_6,0.06999795023032862,0.14516956609242795,107.39116733382441
post_training,ema_latest,inference/time_mean/rmse/so_7,0.06028689100456293,0.11798833256825253,95.71142349888694
post_training,ema_latest,inference/time_mean/rmse/so_8,0.04801820976193774,0.10236395331721085,113.17736297272573
post_training,ema_latest,inference/time_mean/rmse/so_9,0.033720847544828916,0.08441898763553134,150.34657721252017
post_training,ema_latest,inference/time_mean/rmse/thetao_0,0.3279029595232495,1.200195223128359,266.0214671051973
post_training,ema_latest,inference/time_mean/rmse/thetao_1,0.3267615483057039,1.1992871487395274,267.0221159613084
post_training,ema_latest,inference/time_mean/rmse/thetao_10,0.16281419704617126,0.28961682958829343,77.88180321041855
post_training,ema_latest,inference/time_mean/rmse/thetao_11,0.1603446933699083,0.24589749336586006,53.355554336048485
post_training,ema_latest,inference/time_mean/rmse/thetao_12,0.12025707093338583,0.18895998845402548,57.13004398610071
post_training,ema_latest,inference/time_mean/rmse/thetao_13,0.06401384619263878,0.15172053926253873,137.0120658052034
post_training,ema_latest,inference/time_mean/rmse/thetao_14,0.04668866190963437,0.12906938485562156,176.44695644830128
post_training,ema_latest,inference/time_mean/rmse/thetao_15,0.03121395897690756,0.104924306715472,236.14546233336245
post_training,ema_latest,inference/time_mean/rmse/thetao_16,0.037066279120961096,0.08399937256531968,126.61938170593925
post_training,ema_latest,inference/time_mean/rmse/thetao_17,0.03340610015616458,0.06846626381607834,104.95138162196986
post_training,ema_latest,inference/time_mean/rmse/thetao_18,0.023848616840869256,0.04424070396921234,85.50637240058832
post_training,ema_latest,inference/time_mean/rmse/thetao_2,0.3273791306396878,1.1884933005945855,263.0327010375736
post_training,ema_latest,inference/time_mean/rmse/thetao_3,0.33931372325246567,1.1655724520884079,243.50878618050064
post_training,ema_latest,inference/time_mean/rmse/thetao_4,0.37012302868614355,1.1004872808554178,197.3301295955318
post_training,ema_latest,inference/time_mean/rmse/thetao_5,0.3754049900175492,0.9648730941395116,157.02191494428627
post_training,ema_latest,inference/time_mean/rmse/thetao_6,0.394493683058144,0.8506036084994691,115.61906946279281
post_training,ema_latest,inference/time_mean/rmse/thetao_7,0.3781810101630599,0.7219839866385654,90.90963513140662
post_training,ema_latest,inference/time_mean/rmse/thetao_8,0.32769702168256715,0.5752879560885948,75.5548320624847
post_training,ema_latest,inference/time_mean/rmse/thetao_9,0.24697783131564033,0.40516615623127167,64.04960480581148
post_training,ema_latest,inference/time_mean/rmse/uo_0,0.017896393973457776,0.019227518494914907,7.437948244944348
post_training,ema_latest,inference/time_mean/rmse/uo_1,0.01749121602371407,0.01850643439420128,5.804161180736722
post_training,ema_latest,inference/time_mean/rmse/uo_10,0.008251121441373355,0.008390326812986171,1.6871085052124313
post_training,ema_latest,inference/time_mean/rmse/uo_11,0.006689441554711777,0.006990806095140255,4.505077710353977
post_training,ema_latest,inference/time_mean/rmse/uo_12,0.005467137725336905,0.005730158122104347,4.810934166675573
post_training,ema_latest,inference/time_mean/rmse/uo_13,0.0044896258324276204,0.004728674130417548,5.324459251444336
post_training,ema_latest,inference/time_mean/rmse/uo_14,0.003638055614527835,0.0039131175663163036,7.560685732512296
post_training,ema_latest,inference/time_mean/rmse/uo_15,0.00303266142690551,0.0032499462560037426,7.164823187003355
post_training,ema_latest,inference/time_mean/rmse/uo_16,0.002698194440528067,0.002731424418798542,1.2315635141539882
post_training,ema_latest,inference/time_mean/rmse/uo_17,0.0032235641677993343,0.0031743216914538594,-1.5275785987871826
post_training,ema_latest,inference/time_mean/rmse/uo_18,0.003558424967104296,0.0030631149481085656,-13.91936105368533
post_training,ema_latest,inference/time_mean/rmse/uo_2,0.017067205572884485,0.01777213318711017,4.13030481888399
post_training,ema_latest,inference/time_mean/rmse/uo_3,0.016875319731586402,0.017751153482344777,5.190027594671487
post_training,ema_latest,inference/time_mean/rmse/uo_4,0.01680257843502206,0.018335794944263184,9.124888273370013
post_training,ema_latest,inference/time_mean/rmse/uo_5,0.016376538568067436,0.01751193707222205,6.933079902297079
post_training,ema_latest,inference/time_mean/rmse/uo_6,0.014487456567475214,0.015256350756110107,5.30730970652975
post_training,ema_latest,inference/time_mean/rmse/uo_7,0.012983699646173017,0.01340861436329935,3.27267827126283
post_training,ema_latest,inference/time_mean/rmse/uo_8,0.011645119671621518,0.011744347408667305,0.8520971861508686
post_training,ema_latest,inference/time_mean/rmse/uo_9,0.010037388341511893,0.010019020105656818,-0.18299815878507486
post_training,ema_latest,inference/time_mean/rmse/vo_0,0.01188506469990139,0.012164089075750327,2.3476891619382823
post_training,ema_latest,inference/time_mean/rmse/vo_1,0.011400370891618888,0.011766932413750686,3.215347339280683
post_training,ema_latest,inference/time_mean/rmse/vo_10,0.00612944379791489,0.005684499682013451,-7.259127101431284
post_training,ema_latest,inference/time_mean/rmse/vo_11,0.005156195315788058,0.004798864786838866,-6.930120118899696
post_training,ema_latest,inference/time_mean/rmse/vo_12,0.004232527732152356,0.003989725125344685,-5.736586318459858
post_training,ema_latest,inference/time_mean/rmse/vo_13,0.0035831064757609397,0.0034469212767228342,-3.8007578049765844
post_training,ema_latest,inference/time_mean/rmse/vo_14,0.0030667619342458997,0.003106659950177139,1.3009818429564612
post_training,ema_latest,inference/time_mean/rmse/vo_15,0.002719675101248564,0.002859451443380672,5.13945000518401
post_training,ema_latest,inference/time_mean/rmse/vo_16,0.002583298217245074,0.002751621695015466,6.515836098470218
post_training,ema_latest,inference/time_mean/rmse/vo_17,0.0038488930544274954,0.003768880372805078,-2.078849177957187
post_training,ema_latest,inference/time_mean/rmse/vo_18,0.0038768063920593355,0.0027851919835747774,-28.15756832016312
post_training,ema_latest,inference/time_mean/rmse/vo_2,0.010906985138146936,0.011255338429100602,3.1938550070569782
post_training,ema_latest,inference/time_mean/rmse/vo_3,0.010566341419389747,0.010867294713328314,2.8482260982623853
post_training,ema_latest,inference/time_mean/rmse/vo_4,0.01035134688160363,0.010668940454115037,3.0681376650205205
post_training,ema_latest,inference/time_mean/rmse/vo_5,0.010032850640860983,0.010220171844709667,1.8670785657445732
post_training,ema_latest,inference/time_mean/rmse/vo_6,0.009594739702694399,0.009462303843106817,-1.3802965342602391
post_training,ema_latest,inference/time_mean/rmse/vo_7,0.00899121163452919,0.00861494991872503,-4.184772098558909
post_training,ema_latest,inference/time_mean/rmse/vo_8,0.008279340206760848,0.007811053824788283,-5.656083338502816
post_training,ema_latest,inference/time_mean/rmse/vo_9,0.007234422780856663,0.006813628359062152,-5.816558342539702
post_training,ema_latest,inference/time_mean/rmse/zos,0.0227454557245604,0.0653885711840403,187.4797145235219
post_training,ema_latest,inference/time_mean_norm/rmse/channel_mean,0.1131387820325048,0.14354866142648737,26.878386745621686
post_training,ema_latest,inference/time_mean_norm/rmse/ocean_heat_content,430079870.77163285,1419840891.5338612,230.1342350634632
post_training,ema_latest,inference/time_mean_norm/rmse/so_0,0.04139894731006647,0.0898337134263863,116.99516355707561
post_training,ema_latest,inference/time_mean_norm/rmse/so_1,0.03908497877332297,0.0890065851063139,127.72581155158358
post_training,ema_latest,inference/time_mean_norm/rmse/so_10,0.03555941717245326,0.11256998885452715,216.5687117665458
post_training,ema_latest,inference/time_mean_norm/rmse/so_11,0.048604775696036995,0.11426357287373427,135.0871313311107
post_training,ema_latest,inference/time_mean_norm/rmse/so_12,0.041163877878915144,0.10937496351215975,165.70617042905843
post_training,ema_latest,inference/time_mean_norm/rmse/so_13,0.019747164285275516,0.10213423776753873,417.2096423165689
post_training,ema_latest,inference/time_mean_norm/rmse/so_14,0.013927877583756226,0.10055579697135364,621.9750200032604
post_training,ema_latest,inference/time_mean_norm/rmse/so_15,0.014519738955407077,0.10277189984481508,607.808178648717
post_training,ema_latest,inference/time_mean_norm/rmse/so_16,0.023209050353986786,0.09477652930590358,308.3602209498552
post_training,ema_latest,inference/time_mean_norm/rmse/so_17,0.05007345451531035,0.09551155612800452,90.7428937198673
post_training,ema_latest,inference/time_mean_norm/rmse/so_18,0.04133374091372626,0.07386686183112504,78.70838738091344
post_training,ema_latest,inference/time_mean_norm/rmse/so_2,0.0345949436966417,0.09000702496043103,160.17393105099478
post_training,ema_latest,inference/time_mean_norm/rmse/so_3,0.03561601714955795,0.09339722612762663,162.23377458359587
post_training,ema_latest,inference/time_mean_norm/rmse/so_4,0.03876372578782305,0.09724740264430844,150.8721766751766
post_training,ema_latest,inference/time_mean_norm/rmse/so_5,0.044164222579912094,0.10429714759040905,136.15755355297063
post_training,ema_latest,inference/time_mean_norm/rmse/so_6,0.055901075508675305,0.11593388592109233,107.39115458181212
post_training,ema_latest,inference/time_mean_norm/rmse/so_7,0.06463982981442373,0.12650749968687017,95.7113749371928
post_training,ema_latest,inference/time_mean_norm/rmse/so_8,0.060447364286054926,0.1288600308692475,113.17725328674952
post_training,ema_latest,inference/time_mean_norm/rmse/so_9,0.0475491358791801,0.11903771770363829,150.34675289600844
post_training,ema_latest,inference/time_mean_norm/rmse/thetao_0,0.028177321195764833,0.10313504490141366,266.0214687722525
post_training,ema_latest,inference/time_mean_norm/rmse/thetao_1,0.02811627531616284,0.10319295740748732,267.0221473047183
post_training,ema_latest,inference/time_mean_norm/rmse/thetao_10,0.05893027516062664,0.10482623418574802,77.88179997466915
post_training,ema_latest,inference/time_mean_norm/rmse/thetao_11,0.07286366153466414,0.1117404717080197,53.355553858435066
post_training,ema_latest,inference/time_mean_norm/rmse/thetao_12,0.06562266677309514,0.1031129253877776,57.130044324948436
post_training,ema_latest,inference/time_mean_norm/rmse/thetao_13,0.04147654890923904,0.09830443083783667,137.01207892911032
post_training,ema_latest,inference/time_mean_norm/rmse/thetao_14,0.034363256243296246,0.0949961771024073,176.4469595949296
post_training,ema_latest,inference/time_mean_norm/rmse/thetao_15,0.026626506111245084,0.08950378663717898,236.14544192630342
post_training,ema_latest,inference/time_mean_norm/rmse/thetao_16,0.040634950666991264,0.09208667745244227,126.61939030541625
post_training,ema_latest,inference/time_mean_norm/rmse/thetao_17,0.04921220396817125,0.10086109443701947,104.95138665655563
post_training,ema_latest,inference/time_mean_norm/rmse/thetao_18,0.04719654922538661,0.08755259774854662,85.50635414135922
post_training,ema_latest,inference/time_mean_norm/rmse/thetao_2,0.028427394047269565,0.10320073600288653,263.03269948445694
post_training,ema_latest,inference/time_mean_norm/rmse/thetao_3,0.03021257539031158,0.10378285410519195,243.50879646781956
post_training,ema_latest,inference/time_mean_norm/rmse/thetao_4,0.03463677576569206,0.10298556889483597,197.33012561995972
post_training,ema_latest,inference/time_mean_norm/rmse/thetao_5,0.03913595029679183,0.10058797440292781,157.02192904505375
post_training,ema_latest,inference/time_mean_norm/rmse/thetao_6,0.04984021463582075,0.10746500563008146,115.61906668203852
post_training,ema_latest,inference/time_mean_norm/rmse/thetao_7,0.06052339000911366,0.11554498698696711,90.90964166013875
post_training,ema_latest,inference/time_mean_norm/rmse/thetao_8,0.06798865173762368,0.1193573661732873,75.5548361716329
post_training,ema_latest,inference/time_mean_norm/rmse/thetao_9,0.06762649255141136,0.11094099246117023,64.04960286359685
post_training,ema_latest,inference/time_mean_norm/rmse/uo_0,0.14097806565992466,0.15146394235506047,7.43794904976951
post_training,ema_latest,inference/time_mean_norm/rmse/uo_1,0.15195287844686028,0.1607724700412462,5.804162240645039
post_training,ema_latest,inference/time_mean_norm/rmse/uo_10,0.19074034827592182,0.19395834536080925,1.6871087391705508
post_training,ema_latest,inference/time_mean_norm/rmse/uo_11,0.1898951276700577,0.1984500547015454,4.505079796650624
post_training,ema_latest,inference/time_mean_norm/rmse/uo_12,0.19667418456865743,0.20613604712181546,4.810932646757693
post_training,ema_latest,inference/time_mean_norm/rmse/uo_13,0.20560460933736402,0.2165519422868895,5.324458914032748
post_training,ema_latest,inference/time_mean_norm/rmse/uo_14,0.21212740302078878,0.2281656900375076,7.560686072768763
post_training,ema_latest,inference/time_mean_norm/rmse/uo_15,0.2181839575313411,0.2338164522443245,7.164823156504485
post_training,ema_latest,inference/time_mean_norm/rmse/uo_16,0.2194654790741241,0.222168336122239,1.231563642499789
post_training,ema_latest,inference/time_mean_norm/rmse/uo_17,0.25690358928355683,0.2529791865978662,-1.527577990107043
post_training,ema_latest,inference/time_mean_norm/rmse/uo_18,0.2741470147337472,0.23598749593852048,-13.919363241028693
post_training,ema_latest,inference/time_mean_norm/rmse/uo_2,0.16092863217588713,0.16757547551240776,4.130304997097078
post_training,ema_latest,inference/time_mean_norm/rmse/uo_3,0.16679569116271922,0.17545243532980762,5.1900286552625685
post_training,ema_latest,inference/time_mean_norm/rmse/uo_4,0.16228266580070205,0.17709077519451938,9.124886703551581
post_training,ema_latest,inference/time_mean_norm/rmse/uo_5,0.16322653907259127,0.1745431636225027,6.93307878376237
post_training,ema_latest,inference/time_mean_norm/rmse/uo_6,0.16924735138586613,0.17822982812041835,5.307307122386273
post_training,ema_latest,inference/time_mean_norm/rmse/uo_7,0.19413566178634167,0.2004891012704029,3.2726802616273476
post_training,ema_latest,inference/time_mean_norm/rmse/uo_8,0.20141858199746354,0.20313486364719588,0.8520969777028542
post_training,ema_latest,inference/time_mean_norm/rmse/uo_9,0.1972474940093448,0.19688653313443794,-0.18299896620728173
post_training,ema_latest,inference/time_mean_norm/rmse/vo_0,0.13610205001878994,0.13929730382193414,2.3476896951243997
post_training,ema_latest,inference/time_mean_norm/rmse/vo_1,0.13549857576790425,0.13985532526008362,3.2153470746748347
post_training,ema_latest,inference/time_mean_norm/rmse/vo_10,0.1601686717301968,0.14854182346722342,-7.259127604278781
post_training,ema_latest,inference/time_mean_norm/rmse/vo_11,0.16723412362027232,0.1556445997167176,-6.930119076576924
post_training,ema_latest,inference/time_mean_norm/rmse/vo_12,0.17446361292524432,0.16445535498714786,-5.736587572782225
post_training,ema_latest,inference/time_mean_norm/rmse/vo_13,0.18693676295870534,0.17983174637262886,-3.8007593977895104
post_training,ema_latest,inference/time_mean_norm/rmse/vo_14,0.19642491744747154,0.19898036949562942,1.3009816073061398
post_training,ema_latest,inference/time_mean_norm/rmse/vo_15,0.20399985079021324,0.21448432087476466,5.139449878977276
post_training,ema_latest,inference/time_mean_norm/rmse/vo_16,0.20596646914785102,0.219386908321818,6.515836888155446
post_training,ema_latest,inference/time_mean_norm/rmse/vo_17,0.3004401801280346,0.29419447300533674,-2.0788521428912077
post_training,ema_latest,inference/time_mean_norm/rmse/vo_18,0.32027551351796363,0.23009372086097735,-28.157567110396087
post_training,ema_latest,inference/time_mean_norm/rmse/vo_2,0.1368489179617846,0.14121966997860566,3.1938520829529526
post_training,ema_latest,inference/time_mean_norm/rmse/vo_3,0.14051758442279508,0.14451984302500764,2.848226162335954
post_training,ema_latest,inference/time_mean_norm/rmse/vo_4,0.14290805661218678,0.14729267374195448,3.0681385176668963
post_training,ema_latest,inference/time_mean_norm/rmse/vo_5,0.1473952597808908,0.1501472418595127,1.8670763786520883
post_training,ema_latest,inference/time_mean_norm/rmse/vo_6,0.1539064558646112,0.15178209059710843,-1.3802963985939276
post_training,ema_latest,inference/time_mean_norm/rmse/vo_7,0.1570411179345458,0.1504692994798948,-4.184775644166095
post_training,ema_latest,inference/time_mean_norm/rmse/vo_8,0.15933205039804907,0.15032009818270528,-5.656082497419579
post_training,ema_latest,inference/time_mean_norm/rmse/vo_9,0.15895232637291531,0.1497067715176337,-5.816558377126723
post_training,ema_latest,inference/time_mean_norm/rmse/zos,0.0334074464299808,0.09603963304461616,187.47971876841038
