run,mode,region,lead_days,variable,normalized_mse,physical_mse,prediction_second_moment,target_second_moment,normalized_rmse,physical_rmse,prediction_rms,target_rms,rms_ratio
A-s2718,inferred,extratropics,0,so,0.005688777969405401,0.01526632170343855,1203.8673941953457,1203.8131713542705,0.07542398802374084,0.12355695732510796,34.6967922753004,34.69601088532038,1.0000225210322478
A-s2718,inferred,extratropics,0,sst,0.0,0.0,264.66212894940617,264.66212894940617,0.0,0.0,16.268439659334454,16.268439659334454,1.0
A-s2718,inferred,extratropics,0,thetao,0.005494731857624759,0.13084583792096735,91.21211165383743,91.88061453580991,0.07412645855310207,0.36172619192003136,9.550503214691748,9.585437628810169,0.9963554700921091
A-s2718,inferred,extratropics,0,ts,0.0055917549135150795,,,,0.07477803764150995,,,,
A-s2718,inferred,extratropics,0,uo,0.19180538393814528,0.00039685737190402556,0.0034263909303198746,0.0036498695552275684,0.43795591551906826,0.01992127937417739,0.05853538186703726,0.06041415028970919,0.9689018480991207
A-s2718,inferred,extratropics,0,vo,0.1849050021639756,0.00021348450463302515,0.002984459838893447,0.0030889873151848375,0.43000581643040087,0.014611108946039146,0.05463020994736746,0.05557865881059777,0.9829350170816021
A-s2718,inferred,extratropics,0,zos,0.0,0.0,0.48620438304814423,0.48620438304814423,0.0,0.0,0.697283574342709,0.697283574342709,1.0
A-s2718,inferred,extratropics,5,so,0.00578838974449844,0.0151656872002706,1203.8717960599,1203.8158635205882,0.07608146781246035,0.12314904465837564,34.69685570854944,34.69604968178061,1.0000232310818156
A-s2718,inferred,extratropics,5,sst,0.000674944098467302,0.09140271016142582,263.9244087296303,264.80069678720804,0.025979686265759677,0.3023288113320095,16.245750482191653,16.272697895161947,0.9983440107384832
A-s2718,inferred,extratropics,5,thetao,0.005518860074802615,0.13080146435115642,91.19527236433275,91.89021460419285,0.07428903064923256,0.36166485086493605,9.54962158225826,9.585938378906514,0.9962114510637615
A-s2718,inferred,extratropics,5,ts,0.005653624909650527,,,,0.07519059056591142,,,,
A-s2718,inferred,extratropics,5,uo,0.19032848708763328,0.0004368453972473531,0.003368238862244426,0.0036474312009881155,0.43626653216541067,0.020900846806944286,0.058036530411839975,0.06039396659425605,0.9609657004605443
A-s2718,inferred,extratropics,5,vo,0.19938837522754696,0.00028237652832279375,0.002916417872886204,0.003091959232748583,0.4465292546155817,0.01680406285166756,0.05400386905478351,0.05560538852259359,0.9711984843490599
A-s2718,inferred,extratropics,5,zos,0.0013724900452852353,0.00063622672160179,0.4846801519995988,0.4863526396679156,0.03704713275390196,0.02522353507345451,0.6961897385049558,0.6973898763732634,0.9982791005304681
A-s2718,inferred,extratropics,10,so,0.005824128687946132,0.01517350553864924,1203.864090444432,1203.8172161582934,0.07631597924383944,0.1231807839666936,34.69674466638667,34.69606917445106,1.0000194688318211
A-s2718,inferred,extratropics,10,sst,0.0010259496541975544,0.13893680816346946,263.8044761888909,264.84413516882694,0.03203044886038212,0.37274228115880476,16.242058865454553,16.274032541715865,0.9980352948060444
A-s2718,inferred,extratropics,10,thetao,0.005614383528632241,0.13535730494215675,91.18102433384468,91.89780742649144,0.0749291900972661,0.3679093705549734,9.548875553375103,9.58633441032032,0.996092473374923
A-s2718,inferred,extratropics,10,ts,0.005719256108289187,,,,0.0756257635220246,,,,
A-s2718,inferred,extratropics,10,uo,0.1987337146522769,0.0004717101638087182,0.0033609298223015215,0.003650042322148721,0.44579559738996627,0.02171888956205446,0.057973526909284395,0.060415580127552534,0.9595790818674198
A-s2718,inferred,extratropics,10,vo,0.2332810130265404,0.0003752509348689115,0.002890152106893208,0.0030950805369513337,0.4829917318407639,0.019371394757964937,0.05376013492257258,0.05563344800523633,0.9663275754095374
A-s2718,inferred,extratropics,10,zos,0.0017133579116709282,0.0007942382480261919,0.4849501736838408,0.4864606968682222,0.04139272776310989,0.028182232843161875,0.6963836397301711,0.697467344660825,0.9984462284306932
A-s2718,inferred,extratropics,15,so,0.005924477357234594,0.015336552666842551,1203.855428319482,1203.8167773930713,0.07697062658725466,0.12384083602286668,34.696619839971184,34.696062851468774,1.000016053363311
A-s2718,inferred,extratropics,15,sst,0.0014015976480687667,0.18980805018935537,263.6188006160235,264.9074671581538,0.03743791725068005,0.43566965718231443,16.236341971516353,16.275978224308172,0.9975647391360709
A-s2718,inferred,extratropics,15,thetao,0.005759613574504662,0.1421222969524193,91.16068587847698,91.90559417755247,0.07589211799985993,0.376991109911652,9.547810527994205,9.586740539805616,0.995939181659317
A-s2718,inferred,extratropics,15,ts,0.005842045465869628,,,,0.07643327459863032,,,,
A-s2718,inferred,extratropics,15,uo,0.21152258404728133,0.000516409311087786,0.0033697920627382173,0.003641342693249186,0.45991584452732365,0.0227246410552023,0.05804991010103476,0.06034353895198048,0.9619904816525441
A-s2718,inferred,extratropics,15,vo,0.2683554180778448,0.0004645524626604939,0.0028666049149423797,0.003082921659519059,0.5180303254422899,0.02155347913123294,0.05354068467009345,0.055524063787866416,0.9642789273250855
A-s2718,inferred,extratropics,15,zos,0.0021352491075774605,0.0009898086615856415,0.4841448264290588,0.48554731107721427,0.04620875574582657,0.03146122473117729,0.6958051641293408,0.6968122495171954,0.9985547249082484
A-s2718,inferred,extratropics,20,so,0.0060114546147076115,0.015533766532211533,1203.8415147050273,1203.815321375245,0.07753357088840686,0.12463453186100365,34.69641933550243,34.69604186899775,1.000010879238217
A-s2718,inferred,extratropics,20,sst,0.0017117742576043232,0.23181298600904865,263.46080803148675,264.7955252907493,0.041373593723585615,0.48146961068072475,16.231475842679455,16.272538993370066,0.997476536961605
A-s2718,inferred,extratropics,20,thetao,0.005915037866009666,0.14914140749810778,91.14024016157411,91.90216510698583,0.07690928335389471,0.3861883057500677,9.546739766096806,9.5865616936932,0.9958460677697831
A-s2718,inferred,extratropics,20,ts,0.0059632462403586385,,,,0.07722205799095644,,,,
A-s2718,inferred,extratropics,20,uo,0.22711764363565065,0.0005725574460418848,0.0033795916285692847,0.0036474580241133764,0.4765686137752366,0.02392817264318119,0.058134255207831505,0.06039418866176924,0.9625802829044656
A-s2718,inferred,extratropics,20,vo,0.30175357393956065,0.0005562947139808307,0.002852456087862544,0.0030871982566572026,0.5493210117404582,0.023585900745590162,0.05340838967674034,0.05556256164592488,0.9612297938509008
A-s2718,inferred,extratropics,20,zos,0.0024281598432365323,0.0011255893452948587,0.48437325641362355,0.4854934140287264,0.04927636191153455,0.03354980395315088,0.6959692927231945,0.6967735744334212,0.9988457057791252
A-s2718,inferred,extratropics,25,so,0.006129361359835224,0.01577515861896127,1203.8318858169482,1203.8151419364283,0.07829023796001149,0.12559919832133193,34.69628057612153,34.69603928312897,1.000006954482343
A-s2718,inferred,extratropics,25,sst,0.0020065570856923768,0.27173325464580994,263.23271579935096,264.69304988360165,0.0447946100071468,0.5212803992534247,16.22444808920633,16.26938996654766,0.9972376421344785
A-s2718,inferred,extratropics,25,thetao,0.006097516346857106,0.15703007971918087,91.11436564282134,91.897203308665,0.07808659518033237,0.3962702104867093,9.545384520427731,9.58630290094492,0.9957315785929156
A-s2718,inferred,extratropics,25,ts,0.006113438853346165,,,,0.0781884828689377,,,,
A-s2718,inferred,extratropics,25,uo,0.24167206282551648,0.0006195244248989013,0.003390177368958414,0.003646291957531004,0.491601528502014,0.024890247586131026,0.05822522965998858,0.060384534092191224,0.9642407701795636
A-s2718,inferred,extratropics,25,vo,0.3323094034166427,0.0006325249330371134,0.002834153666253261,0.0030822245559924397,0.576462837845288,0.025150048370472636,0.05323676987058157,0.055517785942816915,0.9589137781073477
A-s2718,inferred,extratropics,25,zos,0.0027221394208908484,0.0012618654884980728,0.4850062610525073,0.48579827914334306,0.052174125971508604,0.03552274607203211,0.6964239090184278,0.6969923092426078,0.9991844957015412
A-s2718,inferred,extratropics,30,so,0.006245548080837089,0.016064391977682797,1203.8223070289655,1203.8158307478568,0.07902878007939315,0.12674538247085293,34.69614253816936,34.69604920949728,1.0000026898933512
A-s2718,inferred,extratropics,30,sst,0.002301840380897149,0.3117212964729829,263.1004213275331,264.72332362936,0.04797749869362876,0.5583200663355947,16.2203705668993,16.27032032964809,0.9969300074161559
A-s2718,inferred,extratropics,30,thetao,0.006286779568059159,0.16513911420579366,91.0947359128365,91.8930253497211,0.07928921470199563,0.40637312190374214,9.544356233546425,9.58608498552569,0.9956469453335461
A-s2718,inferred,extratropics,30,ts,0.006266163824448123,,,,0.07915910449498607,,,,
A-s2718,inferred,extratropics,30,uo,0.25714234360144655,0.0006787226816217526,0.0033985346944209126,0.003653029506141431,0.5070920464781976,0.026052306646854758,0.05829695270270062,0.06044029703882527,0.9645378259020165
A-s2718,inferred,extratropics,30,vo,0.362109828714612,0.0007121789957177493,0.002824178732912875,0.003089732657977778,0.6017556220880799,0.02668668199154307,0.053143002671216036,0.055585363702846974,0.9560610767127922
A-s2718,inferred,extratropics,30,zos,0.0030367206758583768,0.0014076916903087546,0.48456415804949676,0.486308480151976,0.055106448586879346,0.037519217613227955,0.6961064272433467,0.6973582150888996,0.9982049571963624
A-s2718,inferred,global,0,so,0.00559710290722132,0.015922697131120166,1210.1929796006943,1210.2027203703358,0.07481378821595201,0.12618517001264518,34.78782803798901,34.787968040262655,0.9999959755547239
A-s2718,inferred,global,0,sst,0.0,0.0,447.4121497568458,447.4121497568458,0.0,0.0,21.15211927341669,21.15211927341669,1.0
A-s2718,inferred,global,0,thetao,0.004916032910110837,0.1367432367573748,142.07478026100816,142.8450749442232,0.07011442726080587,0.3697880971007244,11.919512584875614,11.951781245664732,0.9973000961006693
A-s2718,inferred,global,0,ts,0.005256567908666079,,,,0.07250219244040886,,,,
A-s2718,inferred,global,0,uo,0.21808516986743365,0.0006269227597955848,0.005622414937854911,0.006036315295715531,0.4669958991976628,0.025038425665276656,0.07498276427189725,0.07769372751847817,0.9651070513261684
A-s2718,inferred,global,0,vo,0.21213935253025681,0.0003696813930807508,0.002827947337845739,0.003028792257069194,0.4605858796470608,0.019227100485532153,0.05317844805789032,0.05503446426621408,0.9662753833789353
A-s2718,inferred,global,0,zos,0.0,0.0,0.3823900824845439,0.3823900824845439,0.0,0.0,0.6183769744132974,0.6183769744132974,1.0
A-s2718,inferred,global,5,so,0.0056481946869725574,0.015652011313666142,1210.204289372965,1210.2049461904198,0.0751544721688108,0.12510799859987426,34.78799059119346,34.788000031482404,0.999999728633755
A-s2718,inferred,global,5,sst,0.0005847691747034889,0.07919098395440309,446.1767812401357,447.5149160057607,0.024182001048372505,0.2814089265719961,21.122897084446908,21.154548352677274,0.9985038078949882
A-s2718,inferred,global,5,thetao,0.004925238903022324,0.13509053850041355,142.13447345998952,142.85127031421823,0.07018004633100725,0.3675466480603701,11.922016333657218,11.95204042472323,0.9974879526843045
A-s2718,inferred,global,5,ts,0.005286716794997441,,,,0.07270981223327042,,,,
A-s2718,inferred,global,5,uo,0.21541740079863408,0.0006748213401950152,0.005561349520293767,0.006021049417328951,0.4641308013896881,0.025977323576439032,0.07457445621855896,0.07759542136833172,0.9610677396101405
A-s2718,inferred,global,5,vo,0.21799231364190225,0.0004212545515938077,0.002756372088649959,0.0030267310920001978,0.4668964699394313,0.02052448663411116,0.05250116273617146,0.05501573494919611,0.9542935813663725
A-s2718,inferred,global,5,zos,0.000977611300333196,0.00045317810145201816,0.38177089227570427,0.3824243370932762,0.03126677630222208,0.02128798021072028,0.6178761140193917,0.6184046709827443,0.9991452895035339
A-s2718,inferred,global,10,so,0.005664055413865534,0.015613224617949088,1210.218565953532,1210.2051304315771,0.07525991903972216,0.12495288959423502,34.78819578468438,34.78800267953849,1.0000055509121255
A-s2718,inferred,global,10,sst,0.0008919773613939525,0.12079392795008839,445.7028854832505,447.5531859735046,0.02986599004543383,0.3475542086496557,21.11167651995574,21.15545286618806,0.997930729892231
A-s2718,inferred,global,10,thetao,0.004997423638498955,0.1389096732145579,142.19196504367858,142.85481616379704,0.07069245814440855,0.3727058803058491,11.924427241745349,11.9521887603818,0.9976772857931702
A-s2718,inferred,global,10,ts,0.005330739526182245,,,,0.07301191359074384,,,,
A-s2718,inferred,global,10,uo,0.223225487056468,0.0007535541671842682,0.005546436222404203,0.006058213364304922,0.4724674454991243,0.027450941098335194,0.07447439977874412,0.07783452552887389,0.9568298807335406
A-s2718,inferred,global,10,vo,0.2417323455206578,0.0005085581294491567,0.0027307447869048167,0.0030354276251364294,0.4916628372377333,0.02255123343520608,0.052256528653411495,0.05509471503816341,0.9484853241769934
A-s2718,inferred,global,10,zos,0.0012436986670386707,0.0005765246360261222,0.38213018305373914,0.3825429512394799,0.03526611216222552,0.024010927429529292,0.6181667922605832,0.6185005668869511,0.9994603487139101
A-s2718,inferred,global,15,so,0.005743053548655867,0.015728676998899262,1210.2221437623564,1210.2040153150544,0.07578293705482697,0.12541402233761287,34.78824720738825,34.787986652220255,1.0000074898030347
A-s2718,inferred,global,15,sst,0.0012106741466935272,0.1639526867956826,445.2211695199061,447.6225280761719,0.03479474308991988,0.4049107145972833,21.100264678906427,21.157091673388663,0.9973140450795648
A-s2718,inferred,global,15,thetao,0.0051190739060298475,0.1446795715056017,142.23136556188666,142.8625363302485,0.07154770370899298,0.3803676793651134,11.926079220007162,11.95251171638198,0.9977885404338411
A-s2718,inferred,global,15,ts,0.005431063727342857,,,,0.07369575108066174,,,,
A-s2718,inferred,global,15,uo,0.23324689970553264,0.000821435625338322,0.0055689848335825146,0.00607172364122181,0.48295641594820193,0.028660698270250185,0.07462563121061365,0.07792126565464533,0.9577055837537566
A-s2718,inferred,global,15,vo,0.26645882087841366,0.0005918820898724767,0.00271270984206113,0.003021085084922215,0.5161964944460721,0.024328626962335478,0.05208368114929214,0.05496439834040044,0.9475893982634412
A-s2718,inferred,global,15,zos,0.0015729810170019777,0.0007291656190933475,0.3818624702968983,0.38176642012114476,0.039660824714092595,0.02700306684607042,0.6179502166816501,0.6178724950352983,1.0001257891344513
A-s2718,inferred,global,20,so,0.005812167134066595,0.015877340524223914,1210.225649406275,1210.202575716042,0.07623757035783994,0.1260053194282841,34.78829759281524,34.78796596117746,1.0000095329413092
A-s2718,inferred,global,20,sst,0.0014798011715438757,0.20039857863777813,444.82351931177004,447.5783386230469,0.038468183886737825,0.44765899816465005,21.090839701438394,21.156047329854573,0.9969177782881891
A-s2718,inferred,global,20,thetao,0.005250694817501696,0.15109810465473159,142.28436958937,142.8654907852846,0.07246167826859723,0.3887133965465193,11.928301202994916,11.95263530713142,0.9979641222616418
A-s2718,inferred,global,20,ts,0.005531430975784146,,,,0.07437359058015248,,,,
A-s2718,inferred,global,20,uo,0.24540162019942552,0.0008964259587874221,0.005570072439464003,0.006062034398403562,0.49538027837150067,0.029940373390915185,0.07463291793480946,0.07785906754131829,0.9585642403847596
A-s2718,inferred,global,20,vo,0.2919701896865338,0.0006830581797894011,0.002699711851843279,0.0030253581323639433,0.5403426595101796,0.026135381760927102,0.05195875144615466,0.055003255652406095,0.9446486545179938
A-s2718,inferred,global,20,zos,0.0018119479416671565,0.0008399402981416535,0.3823103028716463,0.3817692986040404,0.042566981824733084,0.028981723519170725,0.6183124637848135,0.6178748243811528,1.0007082978402608
A-s2718,inferred,global,25,so,0.005910857611980413,0.016078036209620394,1210.226375727879,1210.2032899020012,0.07688210202628706,0.12679919640762868,34.78830803197935,34.78797622601811,1.0000095379495226
A-s2718,inferred,global,25,sst,0.0017242184393295586,0.23349820890209888,444.42710367838544,447.44390838314786,0.04152370936380273,0.48321652382974123,21.081439791399102,21.152869979819474,0.996623144354004
A-s2718,inferred,global,25,thetao,0.005408859847588511,0.15828795383121724,142.31957920462594,142.86061202031462,0.07354495120393045,0.39785418664533023,11.929776997271405,11.952431217970451,0.9981046349244005
A-s2718,inferred,global,25,ts,0.005659858729784461,,,,0.07523203260436648,,,,
A-s2718,inferred,global,25,uo,0.2571868821107156,0.0009653255266356527,0.0055753326283062826,0.006050301252170681,0.5071359601829825,0.031069688228813185,0.07466815002600695,0.07778368242871175,0.9599461955846565
A-s2718,inferred,global,25,vo,0.3152181197439084,0.0007602358211185443,0.0026845182071215186,0.0030246617876605224,0.5614428909015666,0.02757237423796769,0.0518123364375852,0.054996925256422496,0.9420951479743788
A-s2718,inferred,global,25,zos,0.002038160017973719,0.0009448023805761202,0.38301399530786456,0.3820452109129742,0.045145985624125196,0.03073763784964811,0.6188812449152621,0.6180980593020611,1.0012670895845965
A-s2718,inferred,global,30,so,0.006015355501396671,0.016355255680374343,1210.2279477806435,1210.2057858213093,0.07755872292267757,0.12788766821071665,34.78833062652825,34.78801209930383,1.0000091562353006
A-s2718,inferred,global,30,sst,0.0019716329618610644,0.26700373731478294,444.1267888232915,447.40683569089333,0.04440307378843344,0.5167240436778445,21.07431585658931,21.151993657593916,0.9963276368997623
A-s2718,inferred,global,30,thetao,0.005575829663292447,0.1659081696495625,142.3644113196468,142.8516729706198,0.0746714782449929,0.40731826579416064,11.93165584986622,11.952057269383367,0.9982930621015841
A-s2718,inferred,global,30,ts,0.005795592582344559,,,,0.07612878944489108,,,,
A-s2718,inferred,global,30,uo,0.2692979855392601,0.001038310322113828,0.005577176562168133,0.00603941450658323,0.5189392888761267,0.03222282300038015,0.07468049653134433,0.07771367001102979,0.9609698849731976
A-s2718,inferred,global,30,vo,0.33861267060469213,0.0008415755423954042,0.0026799944468946075,0.0030287501390764563,0.5819043483294244,0.029009921447591066,0.051768662788356894,0.05503408161381869,0.9406655161727661
A-s2718,inferred,global,30,zos,0.0022827876729401082,0.001058201123889708,0.38307047432119196,0.38252979486879674,0.04777852732075475,0.0325300034412803,0.6189268731612741,0.6184899310973435,1.0007064659292924
A-s2718,inferred,tropics,0,so,0.005475653511065254,0.017063399832238934,1221.0572478615306,1221.1740320297963,0.07399765882151445,0.13062694910407627,34.94362957480992,34.94530057146163,0.9999521825073934
A-s2718,inferred,tropics,0,sst,0.0,0.0,764.1281806098091,764.1281806098091,0.0,0.0,27.642868530776777,27.642868530776777,1.0
A-s2718,inferred,tropics,0,thetao,0.003992808771539271,0.14720149886867293,229.68478314596928,230.62646323308667,0.06318867597552011,0.3836684752083144,15.155354933025134,15.186390724365243,0.9979563418389917
A-s2718,inferred,tropics,0,ts,0.004734231141302263,,,,0.06880574933319354,,,,
A-s2718,inferred,tropics,0,uo,0.26327585338247,0.0010217121712498406,0.009428771228666576,0.01017016792576906,0.5131041350276472,0.03196423268670532,0.09710186006800578,0.10084725046211751,0.9628607584545038
A-s2718,inferred,tropics,0,vo,0.2595274972113949,0.0006376155120807734,0.0025768126295468165,0.002943038601592826,0.5094384135608493,0.02525104972235359,0.050762315053066845,0.05424977973773558,0.935714675681109
A-s2718,inferred,tropics,0,zos,0.0,0.0,0.20247419479519427,0.20247419479519427,0.0,0.0,0.4499713266367028,0.4499713266367028,1.0
A-s2718,inferred,tropics,5,so,0.005445143537812929,0.01649912306447196,1221.0812934417156,1221.1754554695806,0.07379121585807438,0.1284489122743823,34.94397363554574,34.94532093813964,0.9999614454079193
A-s2718,inferred,tropics,5,sst,0.00042849112857090607,0.05802739919586611,762.0303677645596,764.1688966076783,0.020700027260148864,0.24088876934358336,27.60489753222351,27.643604985740886,0.9985997682452292
A-s2718,inferred,tropics,5,thetao,0.003975788971218916,0.14278630533173448,229.87573490680668,230.626773843594,0.06305385770291073,0.37787075215175686,15.161653435783535,15.18640095096906,0.9983704160541115
A-s2718,inferred,tropics,5,ts,0.004710466254515923,,,,0.0686328365617794,,,,
A-s2718,inferred,tropics,5,uo,0.258739188210499,0.001083621865619477,0.00936195463149908,0.010132723456349605,0.5086641212140867,0.032918412258483506,0.0967571942105551,0.10066142983461741,0.9612141847132829
A-s2718,inferred,tropics,5,vo,0.2511960397940376,0.0006598979990083355,0.0024986855199211626,0.0029323185698539238,0.5011946126945476,0.025688479889015143,0.04998685347089935,0.05415088706433094,0.9231031323921852
A-s2718,inferred,tropics,5,zos,0.0002932646708689465,0.0001359447525111682,0.20342349644863242,0.20231088153039561,0.017124972142136364,0.011659534832538053,0.4510249399408334,0.4497898192827352,1.0027459951407256
A-s2718,inferred,tropics,10,so,0.005427649560522292,0.016380235812728437,1221.13341493419,1221.173619028484,0.07367258350650052,0.1279852952988289,34.94471941415741,34.945294662207154,0.9999835386121279
A-s2718,inferred,tropics,10,sst,0.0006597960782895374,0.08935132502305383,760.9430122760812,764.1982039634628,0.025686496029811802,0.29891691993437547,27.58519552724035,27.644135073528034,0.9978679185971666
A-s2718,inferred,tropics,10,thetao,0.004009124519676155,0.1453530128789356,230.05640665770377,230.62331886524305,0.06331764777434609,0.3812519021315639,15.167610446530587,15.186287198168058,0.9987701568267637
A-s2718,inferred,tropics,10,ts,0.0047183870400992235,,,,0.06869051637671116,,,,
A-s2718,inferred,tropics,10,uo,0.2660372075741117,0.0012386454684496897,0.00933355442032826,0.010229659401123631,0.5157879482637334,0.03519439541247569,0.09661032253505968,0.10114177871247683,0.9551969894626922
A-s2718,inferred,tropics,10,vo,0.2585677116523075,0.0007385035878067898,0.002473649315792814,0.002950692858166014,0.5084955374949789,0.02717542249546067,0.049735795115719364,0.05432028035794747,0.9156026954938689
A-s2718,inferred,tropics,10,zos,0.0004297533105456222,0.0001992149527814495,0.20393749529665164,0.2024477909911762,0.02073049228903217,0.0141143527227234,0.4515943924548351,0.4499419862506457,1.0036724872420975
A-s2718,inferred,tropics,15,so,0.005470886907591209,0.016413862070338715,1221.1586540258672,1221.1713305832793,0.0739654440099646,0.12811659560860456,34.945080541127204,34.945261918939444,0.999994809659385
A-s2718,inferred,tropics,15,sst,0.000879793362621394,0.11914393742277161,759.9482551343514,764.2779658153804,0.029661310871594904,0.3451723300364205,27.567158996428184,27.64557769002812,0.9971634272041918
A-s2718,inferred,tropics,15,thetao,0.004091205636064674,0.14942300166747494,230.1982166577135,230.6309176207124,0.06396253306479249,0.38655271525042345,15.172284490402673,15.186537380874958,0.999061478590226
A-s2718,inferred,tropics,15,ts,0.004781046271827941,,,,0.06914511025248236,,,,
A-s2718,inferred,tropics,15,uo,0.2718752075990801,0.0013470833352881046,0.009379566877136643,0.010281492802433246,0.5214165394375979,0.03670263390123527,0.0968481640359622,0.10139769623829353,0.9551317991324031
A-s2718,inferred,tropics,15,vo,0.26662909450650146,0.0008124152875836384,0.002464772041560522,0.0029324916814102296,0.5163613991251684,0.028502899634662408,0.04964647058513346,0.05415248545921258,0.9167902482061875
A-s2718,inferred,tropics,15,zos,0.0005985394186654929,0.000277456855242595,0.2046015279160605,0.20190843036680506,0.024465065270002712,0.016657036208239297,0.4523290040623755,0.44934221965758464,1.0066470148455378
A-s2718,inferred,tropics,20,so,0.0055099480943186915,0.01647887975254854,1221.192294683056,1221.1699123352148,0.07422902460842855,0.12837008901044097,34.945561873906904,34.94524162651068,1.000009164263325
A-s2718,inferred,tropics,20,sst,0.0010777791653938,0.14595569798139607,759.1352563723169,764.3511999881629,0.032829547139639315,0.38204148725157594,27.552409266202417,27.6469021770643,0.9965821519439427
A-s2718,inferred,tropics,20,thetao,0.004183358196302358,0.1548245123285535,230.37733783799524,230.64490313107183,0.06467888524319476,0.3934774610172144,15.178186249944202,15.186997831404067,0.9994197943821627
A-s2718,inferred,tropics,20,ts,0.004846653145310525,,,,0.06961790822274486,,,,
A-s2718,inferred,tropics,20,uo,0.2787237325084139,0.0014551671789871737,0.009365535400476506,0.010244555810134651,0.5279429254269953,0.0381466535752112,0.09677569633165398,0.1012153931481504,0.9561361500617008
A-s2718,inferred,tropics,20,vo,0.2795173452532335,0.0009034063389796618,0.0024535175469050474,0.0029367464090602246,0.5286939996380076,0.030056718699479852,0.049532994527941146,0.05419175591416304,0.9140319167070148
A-s2718,inferred,tropics,20,zos,0.0007440187824851899,0.00034489476276589796,0.20542959808701214,0.20200970227068119,0.027276707691457007,0.018571342513827534,0.4532434203460787,0.4494548945897477,1.0084291567450592
A-s2718,inferred,tropics,25,so,0.005576509853028026,0.01660961123078059,1221.2113215574743,1221.1721649575525,0.07467603265458085,0.12887828067902127,34.94583410876716,34.94527385724073,1.0000160322545681
A-s2718,inferred,tropics,25,sst,0.0012349102004063797,0.16723479661676616,758.4471262922191,764.1613788026752,0.03514128911133426,0.4089435127456678,27.539918777879848,27.6434690081161,0.9962540797536716
A-s2718,inferred,tropics,25,thetao,0.00430114722170331,0.16082651248301938,230.51736088687454,230.64014333887937,0.06558313214313045,0.40103180981440784,15.182798190283455,15.18684112443662,0.9997337870252254
A-s2718,inferred,tropics,25,ts,0.004938828537365669,,,,0.0702767994246015,,,,
A-s2718,inferred,tropics,25,uo,0.28630074842029396,0.0015624839446196888,0.009361517438157958,0.010214627334406852,0.5350707882330094,0.039528267665301105,0.09675493495506034,0.10106743953621686,0.9573304260902824
A-s2718,inferred,tropics,25,vo,0.2911093121969845,0.0009829603520588408,0.002443489900305813,0.002943455925030582,0.539545468146091,0.0313521985203405,0.04943166900182325,0.054253625915975254,0.9111219419395127
A-s2718,inferred,tropics,25,zos,0.0008527860839173404,0.0003953145577623525,0.20625578800235128,0.20223544221935846,0.02920250132980633,0.019882518898830512,0.4541539254507785,0.44970595083827664,1.0098908511310793
A-s2718,inferred,tropics,30,so,0.005661637356476527,0.016866387195097407,1221.232298441861,1221.1777864219914,0.07524385261585512,0.1298706556351257,34.94613424174212,34.94535428954744,1.0000223191955138
A-s2718,inferred,tropics,30,sst,0.0013993655571318436,0.18950577441490055,757.8556247287327,764.0076028843118,0.03740809480756596,0.43532260958385854,27.529177698012205,27.640687453178725,0.9959657387192193
A-s2718,inferred,tropics,30,thetao,0.004431287890146453,0.16761969286722664,230.67282175328728,230.622964074716,0.06656791937672721,0.4094138405906994,15.187916965577843,15.186275516884185,1.0001080876408328
A-s2718,inferred,tropics,30,ts,0.00504646262331149,,,,0.07103845876221901,,,,
A-s2718,inferred,tropics,30,uo,0.293167463385444,0.0016598055188355326,0.009352043818486727,0.010173216723607506,0.5414494098117053,0.04074071082879547,0.09670596578539882,0.10086236524892477,0.9587913742329154
A-s2718,inferred,tropics,30,vo,0.30430171445035853,0.001067883421573375,0.0024482430400573903,0.0029416438090203428,0.5516354905645199,0.032678485607098975,0.04947972352446394,0.05423692293097335,0.9122885453408957
A-s2718,inferred,tropics,30,zos,0.0009761802861560586,0.00045251474284204644,0.20717633794052429,0.20267562959531338,0.03124388398000573,0.021272393914227108,0.4551662750473988,0.45019510170071086,1.0110422644047175
A-s2718,inferred_persistence,extratropics,0,so,0.005688777969405401,0.01526632170343855,1203.8673941953457,1203.8131713542705,0.07542398802374084,0.12355695732510796,34.6967922753004,34.69601088532038,1.0000225210322478
A-s2718,inferred_persistence,extratropics,0,sst,0.0,0.0,264.66212894940617,264.66212894940617,0.0,0.0,16.268439659334454,16.268439659334454,1.0
A-s2718,inferred_persistence,extratropics,0,thetao,0.005494731857624759,0.13084583792096735,91.21211165383743,91.88061453580991,0.07412645855310207,0.36172619192003136,9.550503214691748,9.585437628810169,0.9963554700921091
A-s2718,inferred_persistence,extratropics,0,ts,0.0055917549135150795,,,,0.07477803764150995,,,,
A-s2718,inferred_persistence,extratropics,0,uo,0.19180538393814528,0.00039685737190402556,0.0034263909303198746,0.0036498695552275684,0.43795591551906826,0.01992127937417739,0.05853538186703726,0.06041415028970919,0.9689018480991207
A-s2718,inferred_persistence,extratropics,0,vo,0.1849050021639756,0.00021348450463302515,0.002984459838893447,0.0030889873151848375,0.43000581643040087,0.014611108946039146,0.05463020994736746,0.05557865881059777,0.9829350170816021
A-s2718,inferred_persistence,extratropics,0,zos,0.0,0.0,0.48620438304814423,0.48620438304814423,0.0,0.0,0.697283574342709,0.697283574342709,1.0
A-s2718,inferred_persistence,extratropics,5,so,0.005795592127660174,0.015779061363889436,1203.8673941953457,1203.8158635205882,0.07612878645860693,0.1256147338646603,34.6967922753004,34.69604968178061,1.0000214028261605
A-s2718,inferred_persistence,extratropics,5,sst,0.0008073392423513657,0.10933200981129296,264.66212894940617,264.80069678720804,0.028413715743481453,0.3306539124391135,16.268439659334454,16.272697895161947,0.9997383202309214
A-s2718,inferred_persistence,extratropics,5,thetao,0.0057452637536618495,0.1475019030216843,91.21211165383743,91.89021460419285,0.07579751812336502,0.38405976490864585,9.550503214691748,9.585938378906514,0.9963034224909332
A-s2718,inferred_persistence,extratropics,5,ts,0.005770427940661012,,,,0.07596333286962212,,,,
A-s2718,inferred_persistence,extratropics,5,uo,0.2514888800399408,0.0005837422761050887,0.0034263909303198746,0.0036474312009881155,0.5014866698526899,0.024160759013431028,0.05853538186703726,0.06039396659425605,0.9692256556072018
A-s2718,inferred_persistence,extratropics,5,vo,0.3032567292800423,0.0005041047180368891,0.002984459838893447,0.003091959232748583,0.5506875060141118,0.022452276455559892,0.05463020994736746,0.05560538852259359,0.9824625166528619
A-s2718,inferred_persistence,extratropics,5,zos,0.0019571017568008587,0.0009072272970124272,0.48620438304814423,0.4863526396679156,0.044239142812681834,0.030120214093070904,0.697283574342709,0.6973898763732634,0.9998475715892132
A-s2718,inferred_persistence,extratropics,10,so,0.005961698507367703,0.016573538805486048,1203.8673941953457,1203.8172161582934,0.07721203602656586,0.1287382569615033,34.6967922753004,34.69606917445106,1.000020841002066
A-s2718,inferred_persistence,extratropics,10,sst,0.0023422749110995596,0.31719704800181914,264.66212894940617,264.84413516882694,0.04839705477712006,0.5632024928938251,16.268439659334454,16.274032541715865,0.9996563308837515
A-s2718,inferred_persistence,extratropics,10,thetao,0.0061670794395006084,0.1772936330991274,91.21211165383743,91.89780742649144,0.07853075473660373,0.4210625049789252,9.550503214691748,9.58633441032032,0.9962622631242659
A-s2718,inferred_persistence,extratropics,10,ts,0.006064388973434156,,,,0.07787418682358202,,,,
A-s2718,inferred_persistence,extratropics,10,uo,0.32463642164217166,0.0007947229246399785,0.0034263909303198746,0.003650042322148721,0.5697687440024871,0.028190830506389458,0.05853538186703726,0.060415580127552534,0.9688789173828058
A-s2718,inferred_persistence,extratropics,10,vo,0.4712387654120335,0.0009175530478439099,0.002984459838893447,0.0030950805369513337,0.686468328047284,0.030291138107438453,0.05463020994736746,0.05563344800523633,0.9819669983824401
A-s2718,inferred_persistence,extratropics,10,zos,0.0032660167668992625,0.0015139833922883132,0.48620438304814423,0.4864606968682222,0.05714907494351298,0.038909939505071364,0.697283574342709,0.697467344660825,0.9997365176742355
A-s2718,inferred_persistence,extratropics,15,so,0.006175356459529533,0.017666756372058175,1203.8673941953457,1203.8167773930713,0.0785834362924499,0.1329163510334909,34.6967922753004,34.696062851468774,1.000021023245051
A-s2718,inferred_persistence,extratropics,15,sst,0.0043820915120474585,0.5934343891914444,264.66212894940617,264.9074671581538,0.06619736786343894,0.7703469278133356,16.268439659334454,16.275978224308172,0.9995368287626203
A-s2718,inferred_persistence,extratropics,15,thetao,0.006683314567775125,0.21693193606190736,91.21211165383743,91.90559417755247,0.08175154168439348,0.4657595260023217,9.550503214691748,9.586740539805616,0.9962200578013554
A-s2718,inferred_persistence,extratropics,15,ts,0.006429335513652329,,,,0.08018313733979439,,,,
A-s2718,inferred_persistence,extratropics,15,uo,0.3864038437842562,0.001001695026744251,0.0034263909303198746,0.003641342693249186,0.6216139025023943,0.03164956598034562,0.05853538186703726,0.06034353895198048,0.9700356141461624
A-s2718,inferred_persistence,extratropics,15,vo,0.6237082148187658,0.0013266655314654546,0.002984459838893447,0.003082921659519059,0.7897519957675104,0.03642342009566722,0.05463020994736746,0.055524063787866416,0.9839015054100869
A-s2718,inferred_persistence,extratropics,15,zos,0.004260685682917593,0.001975068659051221,0.48620438304814423,0.48554731107721427,0.06527392804878218,0.044441744554542646,0.697283574342709,0.6968122495171954,1.000676401463723
A-s2718,inferred_persistence,extratropics,20,so,0.006411240349150105,0.018915510592490727,1203.8673941953457,1203.815321375245,0.0800702213631891,0.1375336707591662,34.6967922753004,34.69604186899775,1.000021628008909
A-s2718,inferred_persistence,extratropics,20,sst,0.006858784112740592,0.9288346364040567,264.66212894940617,264.7955252907493,0.08281777655033122,0.9637606738210772,16.268439659334454,16.272538993370066,0.9997480827031797
A-s2718,inferred_persistence,extratropics,20,thetao,0.00726199748376578,0.26505426267460774,91.21211165383743,91.90216510698583,0.08521735435793451,0.5148342089203162,9.550503214691748,9.5865616936932,0.9962386432014333
A-s2718,inferred_persistence,extratropics,20,ts,0.0068366189164579426,,,,0.08268384918748004,,,,
A-s2718,inferred_persistence,extratropics,20,uo,0.43869432365716865,0.001199967483768588,0.0034263909303198746,0.0036474580241133764,0.6623400362783218,0.034640546816824186,0.05853538186703726,0.06039418866176924,0.9692220917952551
A-s2718,inferred_persistence,extratropics,20,vo,0.754709155223016,0.0017047270271058727,0.002984459838893447,0.0030871982566572026,0.8687399813655499,0.04128834008658949,0.05463020994736746,0.05556256164592488,0.983219785572543
A-s2718,inferred_persistence,extratropics,20,zos,0.00518992470549132,0.002405823483555107,0.48620438304814423,0.4854934140287264,0.07204113203921299,0.04904919452503891,0.697283574342709,0.6967735744334212,1.0007319449646215
A-s2718,inferred_persistence,extratropics,25,so,0.006667720967163974,0.020335914093113597,1203.8673941953457,1203.8151419364283,0.08165611408317183,0.14260404655238082,34.6967922753004,34.69603928312897,1.000021702539742
A-s2718,inferred_persistence,extratropics,25,sst,0.009848433455000723,1.3337008396182397,264.66212894940617,264.69304988360165,0.0992392737528884,1.1548596623045762,16.268439659334454,16.26938996654766,0.9999415892534902
A-s2718,inferred_persistence,extratropics,25,thetao,0.007895344878101564,0.3218890363582099,91.21211165383743,91.897203308665,0.08885575320766553,0.5673526560775141,9.550503214691748,9.58630290094492,0.9962655377549521
A-s2718,inferred_persistence,extratropics,25,ts,0.007281532922632768,,,,0.08533189862315714,,,,
A-s2718,inferred_persistence,extratropics,25,uo,0.484885088628052,0.0013695429938152975,0.0034263909303198746,0.003646291957531004,0.6963369074148318,0.037007337026801826,0.05853538186703726,0.060384534092191224,0.9693770556823242
A-s2718,inferred_persistence,extratropics,25,vo,0.8676911244868979,0.0020216096976846273,0.002984459838893447,0.0030822245559924397,0.9314993958596527,0.04496231419405175,0.05463020994736746,0.055517785942816915,0.9840127631104805
A-s2718,inferred_persistence,extratropics,25,zos,0.0059416582055314094,0.0027542944451925213,0.48620438304814423,0.48579827914334306,0.07708215231512032,0.05248137236384469,0.697283574342709,0.6969923092426078,1.0004178885422965
A-s2718,inferred_persistence,extratropics,30,so,0.006945484335137385,0.021939152595104778,1203.8673941953457,1203.8158307478568,0.08333957244393198,0.14811871115799238,34.6967922753004,34.69604920949728,1.0000214164384722
A-s2718,inferred_persistence,extratropics,30,sst,0.013398058270339361,1.814400391747253,264.66212894940617,264.72332362936,0.11574998172932625,1.3469968046536906,16.268439659334454,16.27032032964809,0.9998844109842012
A-s2718,inferred_persistence,extratropics,30,thetao,0.00857683162606817,0.38746851106341784,91.21211165383743,91.8930253497211,0.09261118521036306,0.6224696868630776,9.550503214691748,9.58608498552569,0.9962881853345064
A-s2718,inferred_persistence,extratropics,30,ts,0.007761157980602777,,,,0.08809743458581967,,,,
A-s2718,inferred_persistence,extratropics,30,uo,0.525644975495047,0.0015252211743109066,0.0034263909303198746,0.003653029506141431,0.7250137760725978,0.039054080123732356,0.05853538186703726,0.06044029703882527,0.9684826967252602
A-s2718,inferred_persistence,extratropics,30,vo,0.9644595086416117,0.0022895216270495357,0.002984459838893447,0.003089732657977778,0.9820689938296655,0.04784894593457139,0.05463020994736746,0.055585363702846974,0.98281645217641
A-s2718,inferred_persistence,extratropics,30,zos,0.006787142434129156,0.0031462241895496303,0.48620438304814423,0.486308480151976,0.08238411518083541,0.056091213122463575,0.697283574342709,0.6973582150888996,0.9998929664201618
A-s2718,inferred_persistence,global,0,so,0.00559710290722132,0.015922697131120166,1210.1929796006943,1210.2027203703358,0.07481378821595201,0.12618517001264518,34.78782803798901,34.787968040262655,0.9999959755547239
A-s2718,inferred_persistence,global,0,sst,0.0,0.0,447.4121497568458,447.4121497568458,0.0,0.0,21.15211927341669,21.15211927341669,1.0
A-s2718,inferred_persistence,global,0,thetao,0.004916032910110837,0.1367432367573748,142.07478026100816,142.8450749442232,0.07011442726080587,0.3697880971007244,11.919512584875614,11.951781245664732,0.9973000961006693
A-s2718,inferred_persistence,global,0,ts,0.005256567908666079,,,,0.07250219244040886,,,,
A-s2718,inferred_persistence,global,0,uo,0.21808516986743365,0.0006269227597955848,0.005622414937854911,0.006036315295715531,0.4669958991976628,0.025038425665276656,0.07498276427189725,0.07769372751847817,0.9651070513261684
A-s2718,inferred_persistence,global,0,vo,0.21213935253025681,0.0003696813930807508,0.002827947337845739,0.003028792257069194,0.4605858796470608,0.019227100485532153,0.05317844805789032,0.05503446426621408,0.9662753833789353
A-s2718,inferred_persistence,global,0,zos,0.0,0.0,0.3823900824845439,0.3823900824845439,0.0,0.0,0.6183769744132974,0.6183769744132974,1.0
A-s2718,inferred_persistence,global,5,so,0.0056968729826745,0.016431441223530217,1210.1929796006943,1210.2049461904198,0.07547763233352316,0.12818518332291848,34.78782803798901,34.788000031482404,0.9999950559533965
A-s2718,inferred_persistence,global,5,sst,0.0006431060163491869,0.08709111316788072,447.4121497568458,447.5149160057607,0.025359535018394698,0.2951120349424617,21.15211927341669,21.154548352677274,0.9998851746102027
A-s2718,inferred_persistence,global,5,thetao,0.005139165945808633,0.1531274228176929,142.07478026100816,142.85127031421823,0.07168797629873948,0.39131499181310814,11.919512584875614,11.95204042472323,0.9972784697263631
A-s2718,inferred_persistence,global,5,ts,0.005418019464241567,,,,0.07360719709540342,,,,
A-s2718,inferred_persistence,global,5,uo,0.28223930061624,0.0009902204530791803,0.005622414937854911,0.006021049417328951,0.5312619886800108,0.03146776847949629,0.07498276427189725,0.07759542136833172,0.966329751802846
A-s2718,inferred_persistence,global,5,vo,0.3506754269424364,0.0008569697985150056,0.002827947337845739,0.0030267310920001978,0.5921785431290435,0.029274046500526802,0.05317844805789032,0.05501573494919611,0.9666043379589054
A-s2718,inferred_persistence,global,5,zos,0.0014111399015580607,0.0006541431122435454,0.3823900824845439,0.3824243370932762,0.03756514210751852,0.02557622161781418,0.6183769744132974,0.6184046709827443,0.9999552128715281
A-s2718,inferred_persistence,global,10,so,0.005855723515004098,0.017251715334990633,1210.1929796006943,1210.2051304315771,0.07652269934473102,0.13134578537201197,34.78782803798901,34.78800267953849,0.999994979833965
A-s2718,inferred_persistence,global,10,sst,0.0018451112302518302,0.24986982985277364,447.4121497568458,447.5531859735046,0.04295475794660971,0.4998698129040937,21.15211927341669,21.15545286618806,0.999842423946561
A-s2718,inferred_persistence,global,10,thetao,0.00549547776181871,0.1802543544765916,142.07478026100816,142.85481616379704,0.07413148967759052,0.42456372251593943,11.919512584875614,11.9521887603818,0.9972660927499323
A-s2718,inferred_persistence,global,10,ts,0.005675600638411404,,,,0.0753365823382731,,,,
A-s2718,inferred_persistence,global,10,uo,0.3659415041541622,0.00146188214194982,0.005622414937854911,0.006058213364304922,0.6049309912330184,0.038234567369722125,0.07498276427189725,0.07783452552887389,0.9633612302818145
A-s2718,inferred_persistence,global,10,vo,0.5346621837722437,0.0014815706908025898,0.002827947337845739,0.0030354276251364294,0.7312059790320671,0.03849117679160498,0.05317844805789032,0.05509471503816341,0.965218678798035
A-s2718,inferred_persistence,global,10,zos,0.0024554079193903596,0.0011382203741995788,0.3823900824845439,0.3825429512394799,0.049552072806194086,0.03373752175545173,0.6183769744132974,0.6185005668869511,0.9998001740333469
A-s2718,inferred_persistence,global,15,so,0.006054266239423552,0.018315201512232725,1210.1929796006943,1210.2040153150544,0.07780916552324381,0.13533366732721286,34.78782803798901,34.787986652220255,0.9999954405458173
A-s2718,inferred_persistence,global,15,sst,0.00338926241436799,0.4589828567372428,447.4121497568458,447.6225280761719,0.05821737210118635,0.6774827353794655,21.15211927341669,21.157091673388663,0.9997649771505114
A-s2718,inferred_persistence,global,15,thetao,0.005921542768363449,0.214687425020854,142.07478026100816,142.8625363302485,0.0769515611821063,0.4633437439103435,11.919512584875614,11.95251171638198,0.9972391466923944
A-s2718,inferred_persistence,global,15,ts,0.0059879045038935,,,,0.07738155144408453,,,,
A-s2718,inferred_persistence,global,15,uo,0.43687607852592547,0.0018618254421785799,0.005622414937854911,0.00607172364122181,0.6609660191915507,0.04314887532924329,0.07498276427189725,0.07792126565464533,0.9622888391498695
A-s2718,inferred_persistence,global,15,vo,0.6715235741514908,0.0019138145530910294,0.002827947337845739,0.003021085084922215,0.8194654197411205,0.04374716622926597,0.05317844805789032,0.05496439834040044,0.9675071439616324
A-s2718,inferred_persistence,global,15,zos,0.003300508627705608,0.0015299723241383627,0.3823900824845439,0.38176642012114476,0.057450053330746424,0.039114860656000845,0.6183769744132974,0.6178724950352983,1.0008164781278543
A-s2718,inferred_persistence,global,20,so,0.0062738224982030015,0.019528904710032637,1210.1929796006943,1210.202575716042,0.07920746491463417,0.13974585757736305,34.78782803798901,34.78796596117746,0.9999960353189776
A-s2718,inferred_persistence,global,20,sst,0.005234123540411869,0.708818817228982,447.4121497568458,447.5783386230469,0.07234724279757916,0.8419137825389141,21.15211927341669,21.156047329854573,0.9998143293793667
A-s2718,inferred_persistence,global,20,thetao,0.006389199888245305,0.25513920527952116,142.07478026100816,142.8654907852846,0.0799324708003281,0.5051130618777554,11.919512584875614,11.95263530713142,0.9972288351978711
A-s2718,inferred_persistence,global,20,ts,0.006331511193224154,,,,0.07957079359428404,,,,
A-s2718,inferred_persistence,global,20,uo,0.49059980439100415,0.002160472391375543,0.005622414937854911,0.006062034398403562,0.700428300678238,0.04648088199868353,0.07498276427189725,0.07785906754131829,0.9630575684984329
A-s2718,inferred_persistence,global,20,vo,0.7589919012572649,0.002174569921994905,0.002827947337845739,0.0030253581323639433,0.8712014125661556,0.04663228411728193,0.05317844805789032,0.055003255652406095,0.9668236439303216
A-s2718,inferred_persistence,global,20,zos,0.0040787027048115885,0.0018907092768002264,0.3823900824845439,0.3817692986040404,0.06386472191133058,0.0434822869315797,0.6183769744132974,0.6178748243811528,1.0008127051181404
A-s2718,inferred_persistence,global,25,so,0.006514358890852071,0.020907949112648004,1210.1929796006943,1210.2032899020012,0.08071157841878743,0.14459581291534,34.78782803798901,34.78797622601811,0.9999957402515128
A-s2718,inferred_persistence,global,25,sst,0.00743844932547267,1.0073344295073037,447.4121497568458,447.44390838314786,0.08624644529180707,1.003660515068369,21.15211927341669,21.152869979819474,0.9999645104232429
A-s2718,inferred_persistence,global,25,thetao,0.006891666000994241,0.301537796141488,142.07478026100816,142.86061202031462,0.08301605869344944,0.5491245725165539,11.919512584875614,11.952431217970451,0.9972458629968651
A-s2718,inferred_persistence,global,25,ts,0.006703012445923156,,,,0.08187192709301007,,,,
A-s2718,inferred_persistence,global,25,uo,0.5364056232601705,0.0024219590738849815,0.005622414937854911,0.006050301252170681,0.7323971758958185,0.04921340339668637,0.07498276427189725,0.07778368242871175,0.9639909288251873
A-s2718,inferred_persistence,global,25,vo,0.8190359104066247,0.0023421860860929652,0.002827947337845739,0.0030246617876605224,0.9050060278288895,0.048396137098873554,0.05317844805789032,0.054996925256422496,0.9669349297246428
A-s2718,inferred_persistence,global,25,zos,0.00471159857415561,0.0021840922823739757,0.3823900824845439,0.3820452109129742,0.06864108517612182,0.04673427310201771,0.6183769744132974,0.6180980593020611,1.0004512473498968
A-s2718,inferred_persistence,global,30,so,0.006786996598904017,0.022514602938473762,1210.1929796006943,1210.2057858213093,0.08238323008297269,0.1500486685661481,34.78782803798901,34.78801209930383,0.9999947090591352
A-s2718,inferred_persistence,global,30,sst,0.010055743804615361,1.361775347379723,447.4121497568458,447.40683569089333,0.10027833168045508,1.1669513046308844,21.15211927341669,21.151993657593916,1.0000059387226004
A-s2718,inferred_persistence,global,30,thetao,0.007438328795764215,0.35499391267547803,142.07478026100816,142.8516729706198,0.08624574653723055,0.5958136559994895,11.919512584875614,11.952057269383367,0.9972770642095967
A-s2718,inferred_persistence,global,30,ts,0.007112662697334115,,,,0.08433660354397796,,,,
A-s2718,inferred_persistence,global,30,uo,0.5820378296588216,0.0027052656199897033,0.005622414937854911,0.00603941450658323,0.7629140381843957,0.052012167999322075,0.07498276427189725,0.07771367001102979,0.9648593903910992
A-s2718,inferred_persistence,global,30,vo,0.8823279881971684,0.0025341877029789344,0.002827947337845739,0.0030287501390764563,0.9393231542963094,0.050340716154807875,0.05317844805789032,0.05503408161381869,0.9662821018991542
A-s2718,inferred_persistence,global,30,zos,0.005412730204900958,0.0025091064221347496,0.3823900824845439,0.38252979486879674,0.07357125936737088,0.050090981445113945,0.6183769744132974,0.6184899310973435,0.9998173669798541
A-s2718,inferred_persistence,tropics,0,so,0.005475653511065254,0.017063399832238934,1221.0572478615306,1221.1740320297963,0.07399765882151445,0.13062694910407627,34.94362957480992,34.94530057146163,0.9999521825073934
A-s2718,inferred_persistence,tropics,0,sst,0.0,0.0,764.1281806098091,764.1281806098091,0.0,0.0,27.642868530776777,27.642868530776777,1.0
A-s2718,inferred_persistence,tropics,0,thetao,0.003992808771539271,0.14720149886867293,229.68478314596928,230.62646323308667,0.06318867597552011,0.3836684752083144,15.155354933025134,15.186390724365243,0.9979563418389917
A-s2718,inferred_persistence,tropics,0,ts,0.004734231141302263,,,,0.06880574933319354,,,,
A-s2718,inferred_persistence,tropics,0,uo,0.26327585338247,0.0010217121712498406,0.009428771228666576,0.01017016792576906,0.5131041350276472,0.03196423268670532,0.09710186006800578,0.10084725046211751,0.9628607584545038
A-s2718,inferred_persistence,tropics,0,vo,0.2595274972113949,0.0006376155120807734,0.0025768126295468165,0.002943038601592826,0.5094384135608493,0.02525104972235359,0.050762315053066845,0.05424977973773558,0.935714675681109
A-s2718,inferred_persistence,tropics,0,zos,0.0,0.0,0.20247419479519427,0.20247419479519427,0.0,0.0,0.4499713266367028,0.4499713266367028,1.0
A-s2718,inferred_persistence,tropics,5,so,0.00556393829982001,0.017565428973732665,1221.0572478615306,1221.1754554695806,0.07459181121155331,0.1325346331104918,34.94362957480992,34.94532093813964,0.9999515997196674
A-s2718,inferred_persistence,tropics,5,sst,0.00035848081769826164,0.0485464182465967,764.1281806098091,764.1688966076783,0.01893358966752638,0.22033251745168417,27.642868530776777,27.643604985740886,0.9999733589390932
A-s2718,inferred_persistence,tropics,5,thetao,0.0041716341089324035,0.1631201879224843,229.68478314596928,230.626773843594,0.06458818861783014,0.40388140328874306,15.155354933025134,15.18640095096906,0.9979556698098409
A-s2718,inferred_persistence,tropics,5,ts,0.004867786204376207,,,,0.06976952203058444,,,,
A-s2718,inferred_persistence,tropics,5,uo,0.33659950438995806,0.001690486846233497,0.009428771228666576,0.010132723456349605,0.5801719610511681,0.04111553047491297,0.09710186006800578,0.10066142983461741,0.9646381958565474
A-s2718,inferred_persistence,tropics,5,vo,0.434591709751515,0.0014654429933723609,0.0025768126295468165,0.0029323185698539238,0.6592357012112701,0.038281104913159975,0.050762315053066845,0.05415088706433094,0.9374235179704722
A-s2718,inferred_persistence,tropics,5,zos,0.0004649578865306535,0.00021553426396539192,0.20247419479519427,0.20231088153039561,0.021562882148049075,0.014681085244810477,0.4499713266367028,0.4497898192827352,1.0004035381553478
A-s2718,inferred_persistence,tropics,10,so,0.0057113444692121025,0.018430723486874228,1221.0572478615306,1221.173619028484,0.07557343759028104,0.13575980070283775,34.94362957480992,34.945294662207154,0.9999523515994548
A-s2718,inferred_persistence,tropics,10,sst,0.0009834992474725343,0.13318806254502494,764.1281806098091,764.1982039634628,0.031360791563232814,0.36494939723888425,27.642868530776777,27.644135073528034,0.9999541840340496
A-s2718,inferred_persistence,tropics,10,thetao,0.004419848152263015,0.18566039369894816,229.68478314596928,230.62331886524305,0.06648193854170481,0.43088327154688677,15.155354933025134,15.186287198168058,0.9979631449913146
A-s2718,inferred_persistence,tropics,10,ts,0.005065596310737559,,,,0.07117300268175819,,,,
A-s2718,inferred_persistence,tropics,10,uo,0.44005882797850887,0.0026135263259119456,0.009428771228666576,0.010229659401123631,0.6633692998462537,0.05112265961305168,0.09710186006800578,0.10114177871247683,0.9600568756462586
A-s2718,inferred_persistence,tropics,10,vo,0.6486641753550099,0.002456525105054765,0.0025768126295468165,0.002950692858166014,0.8053969054789135,0.0495633443691481,0.050762315053066845,0.05432028035794747,0.9345002403994392
A-s2718,inferred_persistence,tropics,10,zos,0.001050578159835105,0.0004870023641904121,0.20247419479519427,0.2024477909911762,0.03241262346424777,0.02206813005649577,0.4499713266367028,0.4499419862506457,1.0000652092646467
A-s2718,inferred_persistence,tropics,15,so,0.005884909296586737,0.019443028833130743,1221.0572478615306,1221.1713305832793,0.07671316247285558,0.13943826172586468,34.94362957480992,34.945261918939444,0.9999532885421402
A-s2718,inferred_persistence,tropics,15,sst,0.0016686349814390325,0.22597095069259102,764.1281806098091,764.2779658153804,0.040848928767337735,0.47536401913963894,27.642868530776777,27.64557769002812,0.9999020038835246
A-s2718,inferred_persistence,tropics,15,thetao,0.004695703664271365,0.21111835620312336,229.68478314596928,230.6309176207124,0.06852520459124048,0.4594761758819747,15.155354933025134,15.186537380874958,0.9979467045668294
A-s2718,inferred_persistence,tropics,15,ts,0.005290306480429051,,,,0.0727344930581705,,,,
A-s2718,inferred_persistence,tropics,15,uo,0.5277131320725471,0.0033476723911490965,0.009428771228666576,0.010281492802433246,0.7264386636685489,0.057859073542091015,0.09710186006800578,0.10139769623829353,0.9576337892313435
A-s2718,inferred_persistence,tropics,15,vo,0.7609742480126674,0.00293094705263275,0.0025768126295468165,0.0029324916814102296,0.8723383793074035,0.05413822173504362,0.050762315053066845,0.05415248545921258,0.9373958484564998
A-s2718,inferred_persistence,tropics,15,zos,0.001636468895917914,0.0007585958410712464,0.20247419479519427,0.20190843036680506,0.04045329276978469,0.027542618631336536,0.4499713266367028,0.44934221965758464,1.0014000620275512
A-s2718,inferred_persistence,tropics,20,so,0.006077388147570951,0.020596349629587396,1221.0572478615306,1221.1699123352148,0.07795760480909449,0.14351428371276287,34.94362957480992,34.94524162651068,0.9999538692072016
A-s2718,inferred_persistence,tropics,20,sst,0.002418497383284018,0.32751929609462466,764.1281806098091,764.3511999881629,0.04917822061933533,0.572293015940807,27.642868530776777,27.6469021770643,0.9998541013289051
A-s2718,inferred_persistence,tropics,20,thetao,0.0049771721068221485,0.2383363296692787,229.68478314596928,230.64490313107183,0.07054907587503999,0.4881970193162579,15.155354933025134,15.186997831404067,0.9979164480873566
A-s2718,inferred_persistence,tropics,20,ts,0.00552728012719655,,,,0.07434567994978962,,,,
A-s2718,inferred_persistence,tropics,20,uo,0.5847576853919702,0.0038205569324805677,0.009428771228666576,0.010244555810134651,0.7646945046173472,0.0618106538752064,0.09710186006800578,0.1012153931481504,0.959358621725417
A-s2718,inferred_persistence,tropics,20,vo,0.7762577753793299,0.0029917837352258485,0.0025768126295468165,0.0029367464090602246,0.8810549218858776,0.05469720043316521,0.050762315053066845,0.05419175591416304,0.9367165576526391
A-s2718,inferred_persistence,tropics,20,zos,0.002152893962714817,0.0009979880514855172,0.20247419479519427,0.20200970227068119,0.04639928838586662,0.03159094888548803,0.4499713266367028,0.4494548945897477,1.001149018629392
A-s2718,inferred_persistence,tropics,25,so,0.006291442013326794,0.021904005285753186,1221.0572478615306,1221.1721649575525,0.07931861076271315,0.1480000178572732,34.94362957480992,34.94527385724073,0.999952946929604
A-s2718,inferred_persistence,tropics,25,sst,0.003261814392501002,0.441723510773495,764.1281806098091,764.1613788026752,0.05711229633363556,0.6646228334728614,27.642868530776777,27.6434690081161,0.999978277786368
A-s2718,inferred_persistence,tropics,25,thetao,0.005258950904650852,0.2667202392933583,229.68478314596928,230.64014333887937,0.07251862453639653,0.5164496483621209,15.155354933025134,15.18684112443662,0.9979267451898984
A-s2718,inferred_persistence,tropics,25,ts,0.0057751964589888224,,,,0.07599471336210711,,,,
A-s2718,inferred_persistence,tropics,25,uo,0.6308929591753075,0.004241734323646329,0.009428771228666576,0.010214627334406852,0.7942877055420835,0.06512859835468847,0.09710186006800578,0.10106743953621686,0.9607630361824885
A-s2718,inferred_persistence,tropics,25,vo,0.7484418689602553,0.0029045426488201174,0.0025768126295468165,0.002943455925030582,0.8651253486982423,0.053893809002705656,0.050762315053066845,0.054253625915975254,0.935648340475611
A-s2718,inferred_persistence,tropics,25,zos,0.0025798376318010336,0.0011959005778683163,0.20247419479519427,0.20223544221935846,0.050792102061255874,0.03458179546912387,0.4499713266367028,0.44970595083827664,1.0005901095992427
A-s2718,inferred_persistence,tropics,30,so,0.006556111168786427,0.023516560139538404,1221.0572478615306,1221.1777864219914,0.08096981640578436,0.15335110087488255,34.94362957480992,34.94535428954744,0.9999506453784034
A-s2718,inferred_persistence,tropics,30,sst,0.004263328786967553,0.5773512310150898,764.1281806098091,764.0076028843118,0.0652941711561419,0.7598363185680781,27.642868530776777,27.640687453178725,1.0000789082254826
A-s2718,inferred_persistence,tropics,30,thetao,0.0055773390021162115,0.29923403710536484,229.68478314596928,230.622964074716,0.07468158408949432,0.5470228853579755,15.155354933025134,15.186275516884185,0.9979639126246146
A-s2718,inferred_persistence,tropics,30,ts,0.00606672508545132,,,,0.07788918465006114,,,,
A-s2718,inferred_persistence,tropics,30,uo,0.6856445318235481,0.004746265960331706,0.009428771228666576,0.010173216723607506,0.8280365522267409,0.0688931488635242,0.09710186006800578,0.10086236524892477,0.9627164684108073
A-s2718,inferred_persistence,tropics,30,vo,0.7564976995831661,0.0029677808483399327,0.0025768126295468165,0.0029416438090203428,0.869768762133457,0.054477342522739974,0.050762315053066845,0.05423692293097335,0.9359364858819776
A-s2718,inferred_persistence,tropics,30,zos,0.0030307984461706403,0.001404946403591984,0.20247419479519427,0.20267562959531338,0.05505268791049753,0.03748261468457055,0.4499713266367028,0.45019510170071086,0.9995029375860317
A-s2718,true,extratropics,0,so,0.0,0.0,1203.8131713542705,1203.8131713542705,0.0,0.0,34.69601088532038,34.69601088532038,1.0
A-s2718,true,extratropics,0,sst,0.0,0.0,264.66212894940617,264.66212894940617,0.0,0.0,16.268439659334454,16.268439659334454,1.0
A-s2718,true,extratropics,0,thetao,0.0,0.0,91.88061453580991,91.88061453580991,0.0,0.0,9.585437628810169,9.585437628810169,1.0
A-s2718,true,extratropics,0,ts,0.0,,,,0.0,,,,
A-s2718,true,extratropics,0,uo,0.0,0.0,0.0036498695552275684,0.0036498695552275684,0.0,0.0,0.06041415028970919,0.06041415028970919,1.0
A-s2718,true,extratropics,0,vo,0.0,0.0,0.0030889873151848375,0.0030889873151848375,0.0,0.0,0.05557865881059777,0.05557865881059777,1.0
A-s2718,true,extratropics,0,zos,0.0,0.0,0.48620438304814423,0.48620438304814423,0.0,0.0,0.697283574342709,0.697283574342709,1.0
A-s2718,true,extratropics,5,so,0.0004390761456008541,0.0015091831357066775,1203.8180408629885,1203.8158635205882,0.020954143876590475,0.03884820633834563,34.696081059148284,34.69604968178061,1.00000090434986
A-s2718,true,extratropics,5,sst,0.0006140083112198405,0.08315062504073582,264.2250679093178,264.80069678720804,0.024779191092927963,0.28835850089902987,16.25500131988053,16.272697895161947,0.9989124989970669
A-s2718,true,extratropics,5,thetao,0.0002875325802354259,0.01857672956929682,91.86768213767395,91.89021460419285,0.016956785669325007,0.13629647673104694,9.584763019379976,9.585938378906514,0.999877387118498
A-s2718,true,extratropics,5,ts,0.00036330436291814004,,,,0.01906054466478175,,,,
A-s2718,true,extratropics,5,uo,0.041287841846951494,0.00013617416307618613,0.003545476883654851,0.0036474312009881155,0.20319409894716797,0.011669368580869581,0.05954390719170897,0.06039396659425605,0.9859247628449705
A-s2718,true,extratropics,5,vo,0.057162394641182085,0.0001350713467013486,0.0029839959568234006,0.003091959232748583,0.2390865839840916,0.011622019906253327,0.054625964127174916,0.05560538852259359,0.982386160380469
A-s2718,true,extratropics,5,zos,0.0012506681454433313,0.0005797553831602757,0.48390931192070546,0.4863526396679156,0.03536478680047897,0.024078110041285957,0.695635904709285,0.6973898763732634,0.9974849481998508
A-s2718,true,extratropics,10,so,0.0007208407725492497,0.002766574237875971,1203.8129591427225,1203.8172161582934,0.026848478030407043,0.05259823417070169,34.696007827165396,34.69606917445106,0.9999982318664008
A-s2718,true,extratropics,10,sst,0.0009206010386196788,0.12467022119748468,264.21531214858544,264.84413516882694,0.030341407986770798,0.3530867049288102,16.254701232215417,16.274032541715865,0.9988121377138153
A-s2718,true,extratropics,10,thetao,0.0005100243281199822,0.029791944109743784,91.84432368410289,91.89780742649144,0.022583718208478917,0.1726034301795413,9.58354442177334,9.58633441032032,0.9997089619006012
A-s2718,true,extratropics,10,ts,0.0006154325503346159,,,,0.02480791305883298,,,,
A-s2718,true,extratropics,10,uo,0.0798268631464073,0.00019954431409439704,0.003520953164084399,0.003650042322148721,0.28253648108944673,0.014126015506659938,0.05933762014173133,0.060415580127552534,0.9821575828032213
A-s2718,true,extratropics,10,vo,0.11379941858466094,0.00021797997053972604,0.0029541036460301756,0.0030950805369513337,0.33734169410949033,0.014764144761540577,0.05435166645127061,0.05563344800523633,0.9769602352555055
A-s2718,true,extratropics,10,zos,0.0015034078904944525,0.0006969145436258041,0.4837718437416385,0.4864606968682222,0.03877380417878097,0.026399139069784153,0.6955370901264997,0.697467344660825,0.9972324804177548
A-s2718,true,extratropics,15,so,0.001046914863024131,0.003998561729694741,1203.8077903313563,1203.8167773930713,0.032356063775189514,0.06323418165592673,34.69593333996588,34.696062851468774,0.9999962672565056
A-s2718,true,extratropics,15,sst,0.0012972839605862312,0.17568161662178808,264.1106872558594,264.9074671581538,0.0360178283713251,0.4191439092027798,16.251482617160175,16.275978224308172,0.9984949840304276
A-s2718,true,extratropics,15,thetao,0.0008086913105551139,0.044682439822767435,91.81806309158286,91.90559417755247,0.028437498317452504,0.211382212645169,9.582174236131529,9.586740539805616,0.9995236854846413
A-s2718,true,extratropics,15,ts,0.0009278030867896225,,,,0.030459860255582633,,,,
A-s2718,true,extratropics,15,uo,0.11178885108173872,0.0002637531972086569,0.003513151167530493,0.003641342693249186,0.3343483977556027,0.016240480202526553,0.059271841269952906,0.06034353895198048,0.9822400591572794
A-s2718,true,extratropics,15,vo,0.16211736040236402,0.00029693423201157645,0.0029358580354770223,0.003082921659519059,0.4026380016868304,0.01723177971109126,0.05418355871920026,0.055524063787866416,0.975857223387185
A-s2718,true,extratropics,15,zos,0.0018614746790115405,0.0008628987413219152,0.4825456244776947,0.48554731107721427,0.04314481056872936,0.0293751381498354,0.6946550399138371,0.6968122495171954,0.996904173821782
A-s2718,true,extratropics,20,so,0.0013315710503189319,0.005124939209145821,1203.7978896567442,1203.815321375245,0.03649069813416745,0.07158868073338005,34.69579066193397,34.69604186899775,0.9999927597774775
A-s2718,true,extratropics,20,sst,0.0015933790897968878,0.21577959921624923,264.02940183697325,264.7955252907493,0.03991715282678473,0.464520827537635,16.24898156306952,16.272538993370066,0.9985523199354358
A-s2718,true,extratropics,20,thetao,0.0010889449837983831,0.057905078236845105,91.79183218307901,91.90216510698583,0.032999166410659274,0.24063474029500626,9.580805403674526,9.5865616936932,0.9993995459266214
A-s2718,true,extratropics,20,ts,0.0012102580170586577,,,,0.03478876279862016,,,,
A-s2718,true,extratropics,20,uo,0.13925882153696256,0.0003319529514681457,0.003510179562457718,0.0036474580241133764,0.37317398293150417,0.01821957605072483,0.05924676837142865,0.06039418866176924,0.9810011473659066
A-s2718,true,extratropics,20,vo,0.20423935414754854,0.00037996080160913333,0.0029277728704544463,0.0030871982566572026,0.4519284834435074,0.019492583246176823,0.05410889825578087,0.05556256164592488,0.9738373583383799
A-s2718,true,extratropics,20,zos,0.002107171820373124,0.0009767932533944557,0.482453359497918,0.4854934140287264,0.04590394122919212,0.031253691836236816,0.6945886260931128,0.6967735744334212,0.9968641917252887
A-s2718,true,extratropics,25,so,0.0016295046453874418,0.006172815685843345,1203.7923860443457,1203.8151419364283,0.0403671233231629,0.07856726854004373,34.69571134944989,34.69603928312897,0.9999905483828744
A-s2718,true,extratropics,25,sst,0.0018745640438576395,0.25385840718794345,263.8690546209162,264.69304988360165,0.04329623590865191,0.5038436336681684,16.24404674398951,16.26938996654766,0.9984422757945898
A-s2718,true,extratropics,25,thetao,0.001388803211616746,0.07157829837164205,91.76198734946792,91.897203308665,0.037266650126040926,0.2675412087354807,9.579247744445693,9.58630290094492,0.9992640378076796
A-s2718,true,extratropics,25,ts,0.0015091539285020938,,,,0.0388478304220724,,,,
A-s2718,true,extratropics,25,uo,0.16231320493402535,0.0003881949956541135,0.0035136868612946305,0.003646291957531004,0.4028811300297215,0.019702664684100816,0.059276360054364256,0.060384534092191224,0.9816480485527126
A-s2718,true,extratropics,25,vo,0.2403054325101161,0.0004500155716637677,0.0029160217806502194,0.0030822245559924397,0.4902095801900613,0.021213570460056168,0.05400020167231063,0.055517785942816915,0.9726648992798561
A-s2718,true,extratropics,25,zos,0.002362696312819417,0.0010952433027947475,0.48273285440724306,0.48579827914334306,0.04860757464448743,0.033094460303723754,0.6947897915249209,0.6969923092426078,0.996839968406423
A-s2718,true,extratropics,30,so,0.0019085427261282585,0.007176986127461645,1203.7876881868644,1203.8158307478568,0.04368687132455537,0.0847170946589981,34.69564364854563,34.69604920949728,0.9999883110336509
A-s2718,true,extratropics,30,sst,0.0021627061562894375,0.29287937283515925,263.80723818384035,264.72332362936,0.04650490464767601,0.541183307979061,16.24214389124294,16.27032032964809,0.9982682308747292
A-s2718,true,extratropics,30,thetao,0.001683165318390118,0.08461627166571872,91.73779160864694,91.8930253497211,0.041026397823719765,0.290888761669678,9.57798473629223,9.58608498552569,0.9991549992258892
A-s2718,true,extratropics,30,ts,0.0017958540222591881,,,,0.042377517886954964,,,,
A-s2718,true,extratropics,30,uo,0.18346596600122428,0.0004527337848014199,0.003513392954228124,0.003653029506141431,0.4283292728745308,0.02127754179414107,0.059273880877061896,0.06044029703882527,0.9807013496142466
A-s2718,true,extratropics,30,vo,0.2735532109468684,0.0005244747666726146,0.002908512342294659,0.003089732657977778,0.5230231457085512,0.022901414075829785,0.0539306252726098,0.055585363702846974,0.9702306808842123
A-s2718,true,extratropics,30,zos,0.0026500700382665757,0.0012284572673678788,0.4818956367295198,0.486308480151976,0.05147883097222174,0.03504935473539961,0.6941870329597923,0.6973582150888996,0.9954525779427392
A-s2718,true,global,0,so,0.0,0.0,1210.2027203703358,1210.2027203703358,0.0,0.0,34.787968040262655,34.787968040262655,1.0
A-s2718,true,global,0,sst,0.0,0.0,447.4121497568458,447.4121497568458,0.0,0.0,21.15211927341669,21.15211927341669,1.0
A-s2718,true,global,0,thetao,0.0,0.0,142.8450749442232,142.8450749442232,0.0,0.0,11.951781245664732,11.951781245664732,1.0
A-s2718,true,global,0,ts,0.0,,,,0.0,,,,
A-s2718,true,global,0,uo,0.0,0.0,0.006036315295715531,0.006036315295715531,0.0,0.0,0.07769372751847817,0.07769372751847817,1.0
A-s2718,true,global,0,vo,0.0,0.0,0.003028792257069194,0.003028792257069194,0.0,0.0,0.05503446426621408,0.05503446426621408,1.0
A-s2718,true,global,0,zos,0.0,0.0,0.3823900824845439,0.3823900824845439,0.0,0.0,0.6183769744132974,0.6183769744132974,1.0
A-s2718,true,global,5,so,0.0004488590740463073,0.001663188841623435,1210.210484652238,1210.2049461904198,0.02118629448597152,0.04078221231889505,34.788079634441424,34.788000031482404,1.000002288230394
A-s2718,true,global,5,sst,0.0005420371513775586,0.07340410099637625,446.47430450747714,447.5149160057607,0.02328169133412688,0.2709319121040861,21.129938582671677,21.154548352677274,0.9988366676709275
A-s2718,true,global,5,thetao,0.00028921609061919045,0.020412096540958463,142.9041842155652,142.85127031421823,0.017006354418839756,0.1428709086586855,11.954253812579237,11.95204042472323,1.0001851891206317
A-s2718,true,global,5,ts,0.0003690375823327489,,,,0.019210350916439526,,,,
A-s2718,true,global,5,uo,0.040017892204518124,0.00022575048732964058,0.005803782739968453,0.006021049417328951,0.20004472551036712,0.015024995418622948,0.07618256191523394,0.07759542136833172,0.9817919739569273
A-s2718,true,global,5,vo,0.054117813512310535,0.0001841247319172264,0.0028802020657410503,0.0030267310920001978,0.23263235697621804,0.013569256866801011,0.053667514063360997,0.05501573494919611,0.9754939039334817
A-s2718,true,global,5,zos,0.0008838565648542293,0.00040971747901746467,0.38138436247604063,0.3824243370932762,0.02972972527377657,0.02024147917068969,0.6175632457295694,0.6184046709827443,0.99863936142035
A-s2718,true,global,10,so,0.0007591309932117121,0.0030909672274122037,1210.2221742637103,1210.2051304315771,0.027552331901523546,0.0555964677602112,34.78824764577414,34.78800267953849,1.000007041687271
A-s2718,true,global,10,sst,0.0008154485081886403,0.11043018832652252,446.1774772875237,447.5531859735046,0.028556059045124562,0.332310379504647,21.12291356057501,21.15545286618806,0.9984618951048287
A-s2718,true,global,10,thetao,0.0004984780468417316,0.03249228132932024,142.94433073714526,142.85481616379704,0.022326621930819083,0.18025615476127366,11.955932867708201,11.9521887603818,1.0003132570445015
A-s2718,true,global,10,ts,0.0006288045200267218,,,,0.025075974956653667,,,,
A-s2718,true,global,10,uo,0.07356511874858172,0.00035073887106345104,0.005742142686998547,0.006058213364304922,0.2712289047070421,0.01872802368279822,0.07577692714143631,0.07783452552887389,0.9735644513349763
A-s2718,true,global,10,vo,0.0986378032046705,0.00027988505033100576,0.002840242299215252,0.0030354276251364294,0.31406655855832616,0.016729765399759965,0.05329392366128856,0.05509471503816341,0.9673146258107067
A-s2718,true,global,10,zos,0.0010875075422885404,0.0005041212210962718,0.3815581061021246,0.3825429512394799,0.032977379251367754,0.02245264396671964,0.6177038984028874,0.6185005668869511,0.9987119357253406
A-s2718,true,global,15,so,0.0011093598980070575,0.004434517450058894,1210.2274966850869,1210.2040153150544,0.03330705477833574,0.06659217258851743,34.78832414309558,34.787986652220255,1.0000097013626772
A-s2718,true,global,15,sst,0.0011363949455000485,0.15389360133746655,445.7354085902975,447.6225280761719,0.03371045750950361,0.3922927495346639,21.11244676938932,21.157091673388663,0.9978898373798938
A-s2718,true,global,15,thetao,0.0007776608818376978,0.04796962146041104,142.97702096374215,142.8625363302485,0.027886571711805985,0.21901968281506354,11.957299902726458,11.95251171638198,1.0004006008492687
A-s2718,true,global,15,ts,0.0009435103899223777,,,,0.030716614232730432,,,,
A-s2718,true,global,15,uo,0.10107453437576513,0.0004510048402771827,0.005726282541834049,0.00607172364122181,0.3179222143477318,0.021236874541165015,0.07567220455249106,0.07792126565464533,0.9711367483156353
A-s2718,true,global,15,vo,0.1360929180025769,0.0003603114250200263,0.0028184173710583487,0.003021085084922215,0.36890773643633024,0.018981870956784695,0.05308876878454,0.05496439834040044,0.9658755555870098
A-s2718,true,global,15,zos,0.0013628880754394889,0.0006317756652615131,0.38112569517559475,0.38176642012114476,0.03691731403338397,0.025135148005562113,0.6173537844506947,0.6178724950352983,0.9991604892776883
A-s2718,true,global,20,so,0.001406397444641313,0.005600652295108749,1210.232560818402,1210.202575716042,0.03750196587702187,0.0748375059385917,34.78839692797588,34.78796596117746,1.000012388387378
A-s2718,true,global,20,sst,0.001392990301334898,0.1886424213045775,445.46457525696417,447.5783386230469,0.037322785283723105,0.43432985311232924,21.106031726901296,21.156047329854573,0.9976358720429456
A-s2718,true,global,20,thetao,0.0010370991709415904,0.06162493540996035,143.02518127716485,142.8654907852846,0.03220402414204769,0.24824370165214735,11.959313578845771,11.95263530713142,1.0005587279744381
A-s2718,true,global,20,ts,0.0012217483077914515,,,,0.03495351638664487,,,,
A-s2718,true,global,20,uo,0.12450032410692619,0.0005435728005325508,0.005710640739202825,0.006062034398403562,0.3528460345631309,0.02331464776771356,0.07556878151196315,0.07785906754131829,0.9705842093711214
A-s2718,true,global,20,vo,0.16998009283465942,0.0004464991637485871,0.0028058141232993167,0.0030253581323639433,0.4122864208710486,0.02113052682136882,0.05296993603261492,0.055003255652406095,0.963032740595561
A-s2718,true,global,20,zos,0.001565949348121305,0.0007259060435862071,0.3814455180457144,0.3817692986040404,0.03957207788480793,0.026942643589414294,0.6176127573534361,0.6178748243811528,0.9995758574109583
A-s2718,true,global,25,so,0.0017072569199398523,0.006665648787091313,1210.2357286111526,1210.2032899020012,0.04131896562040067,0.0816434246408816,34.78844245739025,34.78797622601811,1.0000134020837865
A-s2718,true,global,25,sst,0.0016274378232826727,0.220391922075339,445.10989441534485,447.44390838314786,0.04034151488581797,0.46945918041437745,21.09762769638674,21.152869979819474,0.9973884260866049
A-s2718,true,global,25,thetao,0.0013105902594804921,0.07533186657118959,143.0552327254271,142.86061202031462,0.03620207534769923,0.2744665126589938,11.960569916413979,11.952431217970451,1.0006809240977927
A-s2718,true,global,25,ts,0.0015089235897101723,,,,0.038844865680166436,,,,
A-s2718,true,global,25,uo,0.14461563640669706,0.0006248783912051193,0.005704156841781379,0.006050301252170681,0.3802836262668918,0.024997567705781282,0.07552586869266303,0.07778368242871175,0.9709731698789397
A-s2718,true,global,25,vo,0.1991760653148047,0.0005203465947955195,0.002790287784127559,0.0030246617876605224,0.44629145781070545,0.022811106829689773,0.052823174688081356,0.054996925256422496,0.9604750527742041
A-s2718,true,global,25,zos,0.0017586236400999617,0.0008152214665614465,0.38197806597960116,0.3820452109129742,0.04193594687258131,0.02855208340141655,0.6180437411539746,0.6180980593020611,0.9999121205005113
A-s2718,true,global,30,so,0.001989467999351544,0.00769200969663272,1210.2414523524722,1210.2057858213093,0.04460345277387777,0.08770410307752266,34.78852472227692,34.78801209930383,1.0000147356213291
A-s2718,true,global,30,sst,0.0018693219465814555,0.25314850849334636,444.8893682306463,447.40683569089333,0.04323565596335339,0.5031386573235517,21.09240072231339,21.151993657593916,0.9971826326990633
A-s2718,true,global,30,thetao,0.0015793205434291992,0.08844961875805436,143.0944794252866,142.8516729706198,0.039740666117079604,0.297404806212096,11.962210474042271,11.952057269383367,1.0008494943113193
A-s2718,true,global,30,ts,0.0017843942713903717,,,,0.042242091228895995,,,,
A-s2718,true,global,30,uo,0.16317696517243274,0.0007079308525927922,0.005699547638336381,0.00603941450658323,0.40395168668100984,0.026606970000223478,0.07549534845496364,0.07771367001102979,0.9714551950029988
A-s2718,true,global,30,vo,0.22670141901426777,0.0005982741709210571,0.0027825581053007344,0.0030287501390764563,0.47613172443586216,0.024459643720239614,0.052749958344066344,0.05503408161381869,0.9584962044832449
A-s2718,true,global,30,zos,0.00198655263779473,0.0009208794429220485,0.38183832981369714,0.38252979486879674,0.044570759896985494,0.030345995500593626,0.6179306836641931,0.6184899310973435,0.9990957857112432
A-s2718,true,tropics,0,so,0.0,0.0,1221.1740320297963,1221.1740320297963,0.0,0.0,34.94530057146163,34.94530057146163,1.0
A-s2718,true,tropics,0,sst,0.0,0.0,764.1281806098091,764.1281806098091,0.0,0.0,27.642868530776777,27.642868530776777,1.0
A-s2718,true,tropics,0,thetao,0.0,0.0,230.62646323308667,230.62646323308667,0.0,0.0,15.186390724365243,15.186390724365243,1.0
A-s2718,true,tropics,0,ts,0.0,,,,0.0,,,,
A-s2718,true,tropics,0,uo,0.0,0.0,0.01017016792576906,0.01017016792576906,0.0,0.0,0.10084725046211751,0.10084725046211751,1.0
A-s2718,true,tropics,0,vo,0.0,0.0,0.002943038601592826,0.002943038601592826,0.0,0.0,0.05424977973773558,0.05424977973773558,1.0
A-s2718,true,tropics,0,zos,0.0,0.0,0.20247419479519427,0.20247419479519427,0.0,0.0,0.4499713266367028,0.4499713266367028,1.0
A-s2718,true,tropics,5,so,0.0004686393024585177,0.0019299244410655254,1221.1875957223344,1221.1754554695806,0.021648078493448734,0.043930905306691845,34.94549464126004,34.94532093813964,1.0000049707118361
A-s2718,true,tropics,5,sst,0.00041730724442086664,0.056512848107200635,762.3224296184501,764.1688966076783,0.020428099383468512,0.23772431114044823,27.610187062358886,27.643604985740886,0.998791115579924
A-s2718,true,tropics,5,thetao,0.00029390284919229013,0.023578943354906783,230.80912005011615,230.626773843594,0.017143594990324817,0.1535543661212757,15.192403366489325,15.18640095096906,1.0003952493773636
A-s2718,true,tropics,5,ts,0.00038127107582540393,,,,0.019526163878893468,,,,
A-s2718,true,tropics,5,uo,0.03906703642819514,0.00038101187334345875,0.009715494776926039,0.010132723456349605,0.19765382978377913,0.019519525438479766,0.09856720944069604,0.10066142983461741,0.9791954038665843
A-s2718,true,tropics,5,vo,0.05040373576850542,0.00026945161696197514,0.002718398097482123,0.0029323185698539238,0.2245077632700157,0.016414981479184652,0.05213825944047349,0.05415088706433094,0.9628329703728314
A-s2718,true,tropics,5,zos,0.00024815187821832017,0.00011503242318999567,0.2037030086673871,0.20231088153039561,0.01575283714821937,0.010725316927251878,0.45133469694605477,0.4497898192827352,1.0034346656973765
A-s2718,true,tropics,10,so,0.0008291034102433925,0.003652381705587645,1221.228123779946,1221.173619028484,0.02879415583488067,0.060434937789226234,34.946074511738026,34.945294662207154,1.0000223162957533
A-s2718,true,tropics,10,sst,0.0006332134638649112,0.0857514372528201,761.5280952838937,764.1982039634628,0.025163733106693672,0.292833463341914,27.59579850781444,27.644135073528034,0.9982514712221949
A-s2718,true,tropics,10,thetao,0.00048272242482064144,0.037161278592641754,230.95838574354363,230.62331886524305,0.021970945014282872,0.19277260851231368,15.197315083380474,15.186287198168058,1.000726173887568
A-s2718,true,tropics,10,ts,0.0006559129175320171,,,,0.02561079689373248,,,,
A-s2718,true,tropics,10,uo,0.06542572472640594,0.0006130430935928413,0.00958934234546156,0.010229659401123631,0.25578452792615497,0.02475970705789633,0.09792518749260355,0.10114177871247683,0.9681972053406603
A-s2718,true,tropics,10,vo,0.0760003284822034,0.0003882276343706445,0.0026606216850946027,0.002950692858166014,0.27568157080625355,0.019703492948476026,0.051581214459283556,0.05432028035794747,0.9495756303057599
A-s2718,true,tropics,10,zos,0.00036672932522676565,0.00016999977283325252,0.20441609304962732,0.2024477909911762,0.019150178203525044,0.013038396098955289,0.4521239797330234,0.4499419862506457,1.004849499600071
A-s2718,true,tropics,15,so,0.0012218427234433455,0.005188503051220756,1221.2521141981076,1221.1713305832793,0.034954866949301146,0.07203126440109708,34.94641775916536,34.945261918939444,1.0000330757350908
A-s2718,true,tropics,15,sst,0.0008575655190706374,0.1161337847059423,760.5012176205413,764.2779658153804,0.02928421962543372,0.34078407343351935,27.57718654287528,27.64557769002812,0.9975261451245596
A-s2718,true,tropics,15,thetao,0.0007311824711699884,0.05366089344076774,231.0922180851033,230.6309176207124,0.027040385928643627,0.23164821052787726,15.201717603123118,15.186537380874958,1.0009995841624357
A-s2718,true,tropics,15,ts,0.0009765125973066669,,,,0.03124920154670623,,,,
A-s2718,true,tropics,15,uo,0.08628820077056167,0.0007760936223759615,0.009559419712072427,0.010281492802433246,0.2937485332228259,0.02785845692740288,0.0977722849895226,0.10139769623829353,0.9642456250657718
A-s2718,true,tropics,15,vo,0.09624650815758277,0.00047192355418808335,0.0026323619167804664,0.0029324916814102296,0.3102362134851165,0.021723801559305485,0.05130654847853699,0.05415248545921258,0.947445865936862
A-s2718,true,tropics,15,zos,0.0004988100039866253,0.0002312266335156596,0.2053593735803257,0.20190843036680506,0.022334054803967534,0.015206138021064375,0.45316594485941425,0.44934221965758464,1.0085096058962442
A-s2718,true,tropics,20,so,0.0015409088329242503,0.006422958184589547,1221.2830743703482,1221.1699123352148,0.039254411636454954,0.08014336020276132,34.94686072267935,34.94524162651068,1.0000463323786961
A-s2718,true,tropics,20,sst,0.001045705646516306,0.14161221765809584,759.9018955423375,764.3511999881629,0.032337372288364835,0.37631398812440636,27.566318135404618,27.6469021770643,0.9970852415527938
A-s2718,true,tropics,20,thetao,0.000957512503635521,0.0680750119185836,231.2682071738907,230.64490313107183,0.030943698932666745,0.2609118853532426,15.207504962152427,15.186997831404067,1.001350308400384
A-s2718,true,tropics,20,ts,0.0012492106682798856,,,,0.03534417446029665,,,,
A-s2718,true,tropics,20,uo,0.1035515157409816,0.0009112484407879516,0.009521837968974819,0.010244555810134651,0.321794213342909,0.030186891870279585,0.09757990555936616,0.1012153931481504,0.9640816729974766
A-s2718,true,tropics,20,vo,0.11711293919500136,0.0005642236246217265,0.0026118652796842,0.0029367464090602246,0.3422176780866257,0.023753391855095694,0.051106411336389095,0.05419175591416304,0.9430661633725068
A-s2718,true,tropics,20,zos,0.0006279810220049637,0.00029110470245765556,0.2063933910444529,0.20200970227068119,0.0250595495171993,0.017061790716617512,0.4543053940296691,0.4494548945897477,1.0107919604354265
A-s2718,true,tropics,25,so,0.0018478339002713237,0.007517331624670012,1221.3016428159058,1221.1721649575525,0.04298643856231083,0.08670254681766858,34.94712638853023,34.94527385724073,1.00005301235575
A-s2718,true,tropics,25,sst,0.0011991546236476678,0.1623926825746141,759.2104202424637,764.1613788026752,0.03462881204499611,0.4029797545468185,27.55377324873063,27.6434690081161,0.996755263988064
A-s2718,true,tropics,25,thetao,0.001188520603176327,0.08185442819450171,231.40109414858983,230.64014333887937,0.03447492716709242,0.2861021289583524,15.21187345952463,15.18684112443662,1.0016482911016782
A-s2718,true,tropics,25,ts,0.0015181772517238253,,,,0.03896379411355913,,,,
A-s2718,true,tropics,25,uo,0.11926399159172406,0.0010362938469495897,0.009498074260974626,0.010214627334406852,0.3453461909326988,0.03219151824548804,0.0974580641146469,0.10106743953621686,0.9642874556025874
A-s2718,true,tropics,25,vo,0.135460495296222,0.0006452336240938235,0.0025897606369820084,0.002943455925030582,0.3680495826600297,0.025401449251840406,0.05088969087135437,0.054253625915975254,0.9379961249072875
A-s2718,true,tropics,25,zos,0.0007117324352329778,0.00032992821849401813,0.20736449008638205,0.20223544221935846,0.02667831395034135,0.018163926296206393,0.45537291321111983,0.44970595083827664,1.012601484063708
A-s2718,true,tropics,30,so,0.0021364216984657725,0.008581884170422415,1221.3255406916617,1221.1777864219914,0.0462214419773526,0.09263845945622377,34.94746830160465,34.94535428954744,1.0000604947953795
A-s2718,true,tropics,30,sst,0.0013608710741567262,0.18429275007560997,758.7148419004498,764.0076028843118,0.03688998609591397,0.429293314734355,27.544778850091532,27.640687453178725,0.9965301657836965
A-s2718,true,tropics,30,thetao,0.001415990529498626,0.09512382487120269,231.5493015807486,230.622964074716,0.0376296496063759,0.30842150520221945,15.216744118922044,15.186275516884185,1.0020063248558861
A-s2718,true,tropics,30,ts,0.001776206113982199,,,,0.04214506037464176,,,,
A-s2718,true,tropics,30,uo,0.13388816796437275,0.0011517335135520983,0.009485995538001845,0.010173216723607506,0.3659073215506527,0.03393719955376546,0.09739607557803263,0.10086236524892477,0.9656334683175687
A-s2718,true,tropics,30,vo,0.15394484852022275,0.0007297015584085073,0.0025815982943587753,0.0029416438090203428,0.392358061622573,0.027012988698189383,0.0508094311556307,0.05423692293097335,0.9368051948724161
A-s2718,true,tropics,30,zos,0.0008366404693911828,0.00038783015087100604,0.20843352542983157,0.20267562959531338,0.028924738017675852,0.019693403740110697,0.4565452063375888,0.45019510170071086,1.0141052281841563
A-s2718,true_persistence,extratropics,0,so,0.0,0.0,1203.8131713542705,1203.8131713542705,0.0,0.0,34.69601088532038,34.69601088532038,1.0
A-s2718,true_persistence,extratropics,0,sst,0.0,0.0,264.66212894940617,264.66212894940617,0.0,0.0,16.268439659334454,16.268439659334454,1.0
A-s2718,true_persistence,extratropics,0,thetao,0.0,0.0,91.88061453580991,91.88061453580991,0.0,0.0,9.585437628810169,9.585437628810169,1.0
A-s2718,true_persistence,extratropics,0,ts,0.0,,,,0.0,,,,
A-s2718,true_persistence,extratropics,0,uo,0.0,0.0,0.0036498695552275684,0.0036498695552275684,0.0,0.0,0.06041415028970919,0.06041415028970919,1.0
A-s2718,true_persistence,extratropics,0,vo,0.0,0.0,0.0030889873151848375,0.0030889873151848375,0.0,0.0,0.05557865881059777,0.05557865881059777,1.0
A-s2718,true_persistence,extratropics,0,zos,0.0,0.0,0.48620438304814423,0.48620438304814423,0.0,0.0,0.697283574342709,0.697283574342709,1.0
A-s2718,true_persistence,extratropics,5,so,0.00021507349863930357,0.001063463601209703,1203.8131713542705,1203.8158635205882,0.01466538436725419,0.03261078964406877,34.69601088532038,34.69604968178061,0.9999988818190952
A-s2718,true_persistence,extratropics,5,sst,0.0008073392423513657,0.10933200981129296,264.66212894940617,264.80069678720804,0.028413715743481453,0.3306539124391135,16.268439659334454,16.272697895161947,0.9997383202309214
A-s2718,true_persistence,extratropics,5,thetao,0.00026479084149497764,0.016691998540437993,91.88061453580991,91.89021460419285,0.016272395075555952,0.1291975175475055,9.585437628810169,9.585938378906514,0.9999477620159288
A-s2718,true_persistence,extratropics,5,ts,0.0002399321700671406,,,,0.015489744028457687,,,,
A-s2718,true_persistence,extratropics,5,uo,0.10305036636191212,0.00030088291140941586,0.0036498695552275684,0.0036474312009881155,0.32101458901724716,0.017345976807589012,0.06041415028970919,0.06039396659425605,1.0003342005268299
A-s2718,true_persistence,extratropics,5,vo,0.1726736904877985,0.0003879782773062463,0.0030889873151848375,0.003091959232748583,0.41554023931239015,0.01969716419452928,0.05557865881059777,0.05560538852259359,0.99951929637206
A-s2718,true_persistence,extratropics,5,zos,0.0019571017568008587,0.0009072272970124272,0.48620438304814423,0.4863526396679156,0.044239142812681834,0.030120214093070904,0.697283574342709,0.6973898763732634,0.9998475715892132
A-s2718,true_persistence,extratropics,10,so,0.0005731591550500728,0.002715767923489661,1203.8131713542705,1203.8172161582934,0.023940742575159876,0.052113030265852525,34.69601088532038,34.69606917445106,0.9999983200076532
A-s2718,true_persistence,extratropics,10,sst,0.0023422749110995596,0.31719704800181914,264.66212894940617,264.84413516882694,0.04839705477712006,0.5632024928938251,16.268439659334454,16.274032541715865,0.9996563308837515
A-s2718,true_persistence,extratropics,10,thetao,0.0008113384913699199,0.051257212277613234,91.88061453580991,91.89780742649144,0.028484004131616045,0.22640055714952037,9.585437628810169,9.58633441032032,0.9999064520940156
A-s2718,true_persistence,extratropics,10,ts,0.0006922488232099964,,,,0.026310621870453698,,,,
A-s2718,true_persistence,extratropics,10,uo,0.22988193368876886,0.0005985889084256353,0.0036498695552275684,0.003650042322148721,0.4794600438918439,0.024466076686416958,0.06041415028970919,0.060415580127552534,0.9999763332928306
A-s2718,true_persistence,extratropics,10,vo,0.4013627334945954,0.000864865956650017,0.0030889873151848375,0.0030950805369513337,0.6335319514393851,0.029408603446100887,0.05557865881059777,0.05563344800523633,0.9990151752838796
A-s2718,true_persistence,extratropics,10,zos,0.0032660167668992625,0.0015139833922883132,0.48620438304814423,0.4864606968682222,0.05714907494351298,0.038909939505071364,0.697283574342709,0.697467344660825,0.9997365176742355
A-s2718,true_persistence,extratropics,15,so,0.0009711166603563443,0.004564984819615933,1203.8131713542705,1203.8167773930713,0.03116274475004319,0.0675646713868715,34.69601088532038,34.696062851468774,0.9999985022465341
A-s2718,true_persistence,extratropics,15,sst,0.0043820915120474585,0.5934343891914444,264.66212894940617,264.9074671581538,0.06619736786343894,0.7703469278133356,16.268439659334454,16.275978224308172,0.9995368287626203
A-s2718,true_persistence,extratropics,15,thetao,0.0014712980778361093,0.09619160240657047,91.88061453580991,91.90559417755247,0.03835750354019549,0.3101477106260346,9.585437628810169,9.586740539805616,0.9998640923898965
A-s2718,true_persistence,extratropics,15,ts,0.0012212073690962269,,,,0.034945777557470754,,,,
A-s2718,true_persistence,extratropics,15,uo,0.3280400138492916,0.000872582922568604,0.0036498695552275684,0.003641342693249186,0.5727477750714459,0.029539514596022123,0.06041415028970919,0.06034353895198048,1.0011701557276065
A-s2718,true_persistence,extratropics,15,vo,0.590082766637721,0.0013130715215131767,0.0030889873151848375,0.003082921659519059,0.7681684493896641,0.036236328753243986,0.05557865881059777,0.055524063787866416,1.0009832677762913
A-s2718,true_persistence,extratropics,15,zos,0.004260685682917593,0.001975068659051221,0.48620438304814423,0.48554731107721427,0.06527392804878218,0.044441744554542646,0.697283574342709,0.6968122495171954,1.000676401463723
A-s2718,true_persistence,extratropics,20,so,0.001385554945595646,0.006547702539251642,1203.8131713542705,1203.815321375245,0.03722304320707331,0.08091787527642852,34.69601088532038,34.69604186899775,0.9999991069967725
A-s2718,true_persistence,extratropics,20,sst,0.006858784112740592,0.9288346364040567,264.66212894940617,264.7955252907493,0.08281777655033122,0.9637606738210772,16.268439659334454,16.272538993370066,0.9997480827031797
A-s2718,true_persistence,extratropics,20,thetao,0.002193970090327154,0.149558835399546,91.88061453580991,91.90216510698583,0.04683983443957882,0.386728374184706,9.585437628810169,9.5865616936932,0.9998827457727862
A-s2718,true_persistence,extratropics,20,ts,0.0017897625179614,,,,0.04230558494999685,,,,
A-s2718,true_persistence,extratropics,20,uo,0.4049771989060487,0.0011233581713336104,0.0036498695552275684,0.0036474580241133764,0.636378188584468,0.03351653578957125,0.06041415028970919,0.06039418866176924,1.0003305223297516
A-s2718,true_persistence,extratropics,20,vo,0.7449529418154387,0.0017199722687259772,0.0030889873151848375,0.0030871982566572026,0.8631065645767263,0.04147254837511166,0.05557865881059777,0.05556256164592488,1.0002897124285859
A-s2718,true_persistence,extratropics,20,zos,0.00518992470549132,0.002405823483555107,0.48620438304814423,0.4854934140287264,0.07204113203921299,0.04904919452503891,0.697283574342709,0.6967735744334212,1.0007319449646215
A-s2718,true_persistence,extratropics,25,so,0.0018162883295611812,0.008681839657118042,1203.8131713542705,1203.8151419364283,0.042617934365254975,0.09317639001977938,34.69601088532038,34.69603928312897,0.9999991815259271
A-s2718,true_persistence,extratropics,25,sst,0.009848433455000723,1.3337008396182397,264.66212894940617,264.69304988360165,0.0992392737528884,1.1548596623045762,16.268439659334454,16.26938996654766,0.9999415892534902
A-s2718,true_persistence,extratropics,25,thetao,0.002968578738945127,0.21183950854555933,91.88061453580991,91.897203308665,0.0544846651723687,0.4602602617493274,9.585437628810169,9.58630290094492,0.9999097387028459
A-s2718,true_persistence,extratropics,25,ts,0.002392433534253154,,,,0.048912508975242255,,,,
A-s2718,true_persistence,extratropics,25,uo,0.47011690479463114,0.0013324495173048197,0.0036498695552275684,0.003646291957531004,0.685650716323283,0.03650273301144477,0.06041415028970919,0.060384534092191224,1.0004904599822324
A-s2718,true_persistence,extratropics,25,vo,0.8747568378291316,0.002053506131984825,0.0030889873151848375,0.0030822245559924397,0.9352843620146397,0.04531562790014969,0.05557865881059777,0.055517785942816915,1.001096457049702
A-s2718,true_persistence,extratropics,25,zos,0.0059416582055314094,0.0027542944451925213,0.48620438304814423,0.48579827914334306,0.07708215231512032,0.05248137236384469,0.697283574342709,0.6969923092426078,1.0004178885422965
A-s2718,true_persistence,extratropics,30,so,0.002262526433633239,0.010976231063342197,1203.8131713542705,1203.8158307478568,0.04756602183947318,0.10476750957879163,34.69601088532038,34.69604920949728,0.9999988954311003
A-s2718,true_persistence,extratropics,30,sst,0.013398058270339361,1.814400391747253,264.66212894940617,264.72332362936,0.11574998172932625,1.3469968046536906,16.268439659334454,16.27032032964809,0.9998844109842012
A-s2718,true_persistence,extratropics,30,thetao,0.003786226625019266,0.28273173756461745,91.88061453580991,91.8930253497211,0.06153232179122828,0.5317252463111164,9.585437628810169,9.58608498552569,0.9999324691241003
A-s2718,true_persistence,extratropics,30,ts,0.0030243765293262526,,,,0.05499433179270617,,,,
A-s2718,true_persistence,extratropics,30,uo,0.5259542041782495,0.0015251508594913352,0.0036498695552275684,0.003653029506141431,0.7252270018264967,0.039053179889624035,0.06041415028970919,0.06044029703882527,0.9995673954233003
A-s2718,true_persistence,extratropics,30,vo,0.9857706370219343,0.0023375054422675352,0.0030889873151848375,0.003089732657977778,0.9928598274791535,0.048347755297092496,0.05557865881059777,0.055585363702846974,0.9998793766595637
A-s2718,true_persistence,extratropics,30,zos,0.006787142434129156,0.0031462241895496303,0.48620438304814423,0.486308480151976,0.08238411518083541,0.056091213122463575,0.697283574342709,0.6973582150888996,0.9998929664201618
A-s2718,true_persistence,global,0,so,0.0,0.0,1210.2027203703358,1210.2027203703358,0.0,0.0,34.787968040262655,34.787968040262655,1.0
A-s2718,true_persistence,global,0,sst,0.0,0.0,447.4121497568458,447.4121497568458,0.0,0.0,21.15211927341669,21.15211927341669,1.0
A-s2718,true_persistence,global,0,thetao,0.0,0.0,142.8450749442232,142.8450749442232,0.0,0.0,11.951781245664732,11.951781245664732,1.0
A-s2718,true_persistence,global,0,ts,0.0,,,,0.0,,,,
A-s2718,true_persistence,global,0,uo,0.0,0.0,0.006036315295715531,0.006036315295715531,0.0,0.0,0.07769372751847817,0.07769372751847817,1.0
A-s2718,true_persistence,global,0,vo,0.0,0.0,0.003028792257069194,0.003028792257069194,0.0,0.0,0.05503446426621408,0.05503446426621408,1.0
A-s2718,true_persistence,global,0,zos,0.0,0.0,0.3823900824845439,0.3823900824845439,0.0,0.0,0.6183769744132974,0.6183769744132974,1.0
A-s2718,true_persistence,global,5,so,0.00026079973105410954,0.0013443306172242668,1210.2027203703358,1210.2049461904198,0.016149295063689607,0.036665114444445236,34.787968040262655,34.788000031482404,0.9999990803949718
A-s2718,true_persistence,global,5,sst,0.0006431060163491869,0.08709111316788072,447.4121497568458,447.5149160057607,0.025359535018394698,0.2951120349424617,21.15211927341669,21.154548352677274,0.9998851746102027
A-s2718,true_persistence,global,5,thetao,0.00026271944906731335,0.018562604494568848,142.8450749442232,142.85127031421823,0.01620862267644334,0.13624464941629394,11.951781245664732,11.95204042472323,0.9999783150784898
A-s2718,true_persistence,global,5,ts,0.00026175959006071147,,,,0.01617898606404961,,,,
A-s2718,true_persistence,global,5,uo,0.11666498003267084,0.0005992556951749948,0.006036315295715531,0.006021049417328951,0.34156255654370377,0.024479699654509544,0.07769372751847817,0.07759542136833172,1.0012669065830546
A-s2718,true_persistence,global,5,vo,0.2227798873387328,0.0007256999777334883,0.003028792257069194,0.0030267310920001978,0.4719956433471953,0.02693881915996854,0.05503446426621408,0.05501573494919611,1.0003404356414627
A-s2718,true_persistence,global,5,zos,0.0014111399015580607,0.0006541431122435454,0.3823900824845439,0.3824243370932762,0.03756514210751852,0.02557622161781418,0.6183769744132974,0.6184046709827443,0.9999552128715281
A-s2718,true_persistence,global,10,so,0.0006850335994933387,0.003388996244551559,1210.2027203703358,1210.2051304315771,0.026173146534059267,0.05821508605637854,34.787968040262655,34.78800267953849,0.9999990042752339
A-s2718,true_persistence,global,10,sst,0.0018451112302518302,0.24986982985277364,447.4121497568458,447.5531859735046,0.04295475794660971,0.4998698129040937,21.15211927341669,21.15545286618806,0.999842423946561
A-s2718,true_persistence,global,10,thetao,0.0007641235062714185,0.053360817821638616,142.8450749442232,142.85481616379704,0.02764278398192589,0.23099960567420588,11.951781245664732,11.9521887603818,0.9999659045949459
A-s2718,true_persistence,global,10,ts,0.0007245785528823785,,,,0.02691799682150175,,,,
A-s2718,true_persistence,global,10,uo,0.25632720988428,0.0012285356891456993,0.006036315295715531,0.006058213364304922,0.5062876750270344,0.03505047345109192,0.07769372751847817,0.07783452552887389,0.9981910596944091
A-s2718,true_persistence,global,10,vo,0.4864053281934131,0.0014803095352678333,0.003028792257069194,0.0030354276251364294,0.6974276508666781,0.03847479090609634,0.05503446426621408,0.05509471503816341,0.9989064146732114
A-s2718,true_persistence,global,10,zos,0.0024554079193903596,0.0011382203741995788,0.3823900824845439,0.3825429512394799,0.049552072806194086,0.03373752175545173,0.6183769744132974,0.6185005668869511,0.9998001740333469
A-s2718,true_persistence,global,15,so,0.0011351375934459122,0.005508414748301496,1210.2027203703358,1210.2040153150544,0.033691803060179375,0.07421869540959,34.787968040262655,34.787986652220255,0.9999994649889404
A-s2718,true_persistence,global,15,sst,0.00338926241436799,0.4589828567372428,447.4121497568458,447.6225280761719,0.05821737210118635,0.6774827353794655,21.15211927341669,21.157091673388663,0.9997649771505114
A-s2718,true_persistence,global,15,thetao,0.0013529863115311221,0.09586084930641868,142.8450749442232,142.8625363302485,0.03678296224519067,0.30961403279957883,11.951781245664732,11.95251171638198,0.9999388855886878
A-s2718,true_persistence,global,15,ts,0.0012440619524885172,,,,0.0352712624169949,,,,
A-s2718,true_persistence,global,15,uo,0.37157445433037134,0.001754605747566401,0.006036315295715531,0.00607172364122181,0.6095690726491718,0.0418880143664796,0.07769372751847817,0.07792126565464533,0.9970798968130775
A-s2718,true_persistence,global,15,vo,0.6761499506910071,0.001991036474759049,0.003028792257069194,0.003021085084922215,0.8222833761490057,0.04462103175363664,0.05503446426621408,0.05496439834040044,1.0012747510739535
A-s2718,true_persistence,global,15,zos,0.003300508627705608,0.0015299723241383627,0.3823900824845439,0.38176642012114476,0.057450053330746424,0.039114860656000845,0.6183769744132974,0.6178724950352983,1.0008164781278543
A-s2718,true_persistence,global,20,so,0.0015890675071507233,0.007681932246484785,1210.2027203703358,1210.202575716042,0.039863109602121145,0.08764663283027355,34.787968040262655,34.78796596117746,1.0000000597644942
A-s2718,true_persistence,global,20,sst,0.005234123540411869,0.708818817228982,447.4121497568458,447.5783386230469,0.07234724279757916,0.8419137825389141,21.15211927341669,21.156047329854573,0.9998143293793667
A-s2718,true_persistence,global,20,thetao,0.001976810163977099,0.14372190341920343,142.8450749442232,142.8654907852846,0.0444613333580663,0.37910671771837995,11.951781245664732,11.95263530713142,0.9999285461787512
A-s2718,true_persistence,global,20,ts,0.0017829388355639112,,,,0.04222486039721045,,,,
A-s2718,true_persistence,global,20,uo,0.4568817536606553,0.0021373851444860875,0.006036315295715531,0.006062034398403562,0.6759302875745806,0.046231862870601347,0.07769372751847817,0.07785906754131829,0.9978764191755524
A-s2718,true_persistence,global,20,vo,0.7910168369611105,0.0022878155546402056,0.003028792257069194,0.0030253581323639433,0.8893912732656591,0.04783111492156759,0.05503446426621408,0.055003255652406095,1.0005673957557204
A-s2718,true_persistence,global,20,zos,0.0040787027048115885,0.0018907092768002264,0.3823900824845439,0.3817692986040404,0.06386472191133058,0.0434822869315797,0.6183769744132974,0.6178748243811528,1.0008127051181404
A-s2718,true_persistence,global,25,so,0.00204613946713407,0.009936137912648527,1210.2027203703358,1210.2032899020012,0.045234273146963135,0.09968017813310993,34.787968040262655,34.78797622601811,0.999999764695842
A-s2718,true_persistence,global,25,sst,0.00743844932547267,1.0073344295073037,447.4121497568458,447.44390838314786,0.08624644529180707,1.003660515068369,21.15211927341669,21.152869979819474,0.9999645104232429
A-s2718,true_persistence,global,25,thetao,0.002622685182447668,0.19686893302494163,142.8450749442232,142.86061202031462,0.05121215854118696,0.4436991469734212,11.951781245664732,11.952431217970451,0.9999456200756259
A-s2718,true_persistence,global,25,ts,0.002334412324790869,,,,0.04831575648575596,,,,
A-s2718,true_persistence,global,25,uo,0.5264408969929851,0.002463418471626022,0.006036315295715531,0.006050301252170681,0.7255624693939077,0.04963283662683427,0.07769372751847817,0.07778368242871175,0.9988435246644947
A-s2718,true_persistence,global,25,vo,0.8666074942046819,0.0024772016035292687,0.003028792257069194,0.0030246617876605224,0.9309175549986592,0.04977149388484606,0.05503446426621408,0.054996925256422496,1.0006825656091964
A-s2718,true_persistence,global,25,zos,0.00471159857415561,0.0021840922823739757,0.3823900824845439,0.3820452109129742,0.06864108517612182,0.04673427310201771,0.6183769744132974,0.6180980593020611,1.0004512473498968
A-s2718,true_persistence,global,30,so,0.0025214673538412335,0.012371841970732054,1210.2027203703358,1210.2057858213093,0.05021421465921013,0.11122878211475686,34.787968040262655,34.78801209930383,0.9999987334993145
A-s2718,true_persistence,global,30,sst,0.010055743804615361,1.361775347379723,447.4121497568458,447.40683569089333,0.10027833168045508,1.1669513046308844,21.15211927341669,21.151993657593916,1.0000059387226004
A-s2718,true_persistence,global,30,thetao,0.003303478524578262,0.25680000187029495,142.8450749442232,142.8516729706198,0.057475895161173976,0.5067543802181634,11.951781245664732,11.952057269383367,0.9999769057566898
A-s2718,true_persistence,global,30,ts,0.002912472939209748,,,,0.05396733214834459,,,,
A-s2718,true_persistence,global,30,uo,0.5906110107740273,0.0028014332657423638,0.006036315295715531,0.00603941450658323,0.7685122060019784,0.052928567576899,0.07769372751847817,0.07771367001102979,0.9997433850113012
A-s2718,true_persistence,global,30,vo,0.942373560312769,0.0026864640597081295,0.003028792257069194,0.0030287501390764563,0.970759270011247,0.051831110924888825,0.05503446426621408,0.05503408161381869,1.0000069530077393
A-s2718,true_persistence,global,30,zos,0.005412730204900958,0.0025091064221347496,0.3823900824845439,0.38252979486879674,0.07357125936737088,0.050090981445113945,0.6183769744132974,0.6184899310973435,0.9998173669798541
A-s2718,true_persistence,tropics,0,so,0.0,0.0,1221.1740320297963,1221.1740320297963,0.0,0.0,34.94530057146163,34.94530057146163,1.0
A-s2718,true_persistence,tropics,0,sst,0.0,0.0,764.1281806098091,764.1281806098091,0.0,0.0,27.642868530776777,27.642868530776777,1.0
A-s2718,true_persistence,tropics,0,thetao,0.0,0.0,230.62646323308667,230.62646323308667,0.0,0.0,15.186390724365243,15.186390724365243,1.0
A-s2718,true_persistence,tropics,0,ts,0.0,,,,0.0,,,,
A-s2718,true_persistence,tropics,0,uo,0.0,0.0,0.01017016792576906,0.01017016792576906,0.0,0.0,0.10084725046211751,0.10084725046211751,1.0
A-s2718,true_persistence,tropics,0,vo,0.0,0.0,0.002943038601592826,0.002943038601592826,0.0,0.0,0.05424977973773558,0.05424977973773558,1.0
A-s2718,true_persistence,tropics,0,zos,0.0,0.0,0.20247419479519427,0.20247419479519427,0.0,0.0,0.4499713266367028,0.4499713266367028,1.0
A-s2718,true_persistence,tropics,5,so,0.0003404126266003254,0.0018302514981010166,1221.1740320297963,1221.1754554695806,0.01845027443157216,0.04278143871004126,34.94530057146163,34.94532093813964,0.9999994171844052
A-s2718,true_persistence,tropics,5,sst,0.00035848081769826164,0.0485464182465967,764.1281806098091,764.1688966076783,0.01893358966752638,0.22033251745168417,27.642868530776777,27.643604985740886,0.9999733589390932
A-s2718,true_persistence,tropics,5,thetao,0.00026161080372282604,0.021788072061703675,230.62646323308667,230.626773843594,0.016174387275035368,0.14760783197955207,15.186390724365243,15.18640095096906,0.9999993265946387
A-s2718,true_persistence,tropics,5,ts,0.00030101171516157575,,,,0.01734968919495608,,,,
A-s2718,true_persistence,tropics,5,uo,0.1419387230652561,0.001115153027369954,0.01017016792576906,0.010132723456349605,0.37674755880464056,0.0333939070396076,0.10084725046211751,0.10066142983461741,1.0018459963046957
A-s2718,true_persistence,tropics,5,vo,0.31022034072926674,0.0013089487577676775,0.002943038601592826,0.0029323185698539238,0.5569742729509746,0.03617939686848963,0.05424977973773558,0.05415088706433094,1.0018262429069196
A-s2718,true_persistence,tropics,5,zos,0.0004649578865306535,0.00021553426396539192,0.20247419479519427,0.20231088153039561,0.021562882148049075,0.014681085244810477,0.4499713266367028,0.4497898192827352,1.0004035381553478
A-s2718,true_persistence,tropics,10,so,0.0008800619941270973,0.004553557677628866,1221.1740320297963,1221.173619028484,0.02966583884077943,0.06748005392431801,34.94530057146163,34.945294662207154,1.0000001691001474
A-s2718,true_persistence,tropics,10,sst,0.0009834992474725343,0.13318806254502494,764.1281806098091,764.1982039634628,0.031360791563232814,0.36494939723888425,27.642868530776777,27.644135073528034,0.9999541840340496
A-s2718,true_persistence,tropics,10,thetao,0.0006909988761730634,0.05699796600561229,230.62646323308667,230.62331886524305,0.02628685747998538,0.2387424679557709,15.186390724365243,15.186287198168058,1.0000068170841123
A-s2718,true_persistence,tropics,10,ts,0.0007855304351500804,,,,0.028027315874876075,,,,
A-s2718,true_persistence,tropics,10,uo,0.3060070616665956,0.002317987270289262,0.01017016792576906,0.010229659401123631,0.5531790502781134,0.048145480268549215,0.10084725046211751,0.10114177871247683,0.9970879664752921
A-s2718,true_persistence,tropics,10,vo,0.6358691082513757,0.0025436453310899313,0.002943038601592826,0.002950692858166014,0.7974140130768806,0.05043456484485547,0.05424977973773558,0.05432028035794747,0.998702130774228
A-s2718,true_persistence,tropics,10,zos,0.001050578159835105,0.0004870023641904121,0.20247419479519427,0.2024477909911762,0.03241262346424777,0.02206813005649577,0.4499713266367028,0.4499419862506457,1.0000652092646467
A-s2718,true_persistence,tropics,15,so,0.0014212796397807047,0.007139879151364925,1221.1740320297963,1221.1713305832793,0.037699862596310675,0.08449780560088484,34.94530057146163,34.945261918939444,1.0000011060876373
A-s2718,true_persistence,tropics,15,sst,0.0016686349814390325,0.22597095069259102,764.1281806098091,764.2779658153804,0.040848928767337735,0.47536401913963894,27.642868530776777,27.64557769002812,0.9999020038835246
A-s2718,true_persistence,tropics,15,thetao,0.0011636219377066256,0.0953007302057227,230.62646323308667,230.6309176207124,0.03411190316746671,0.30870816349057356,15.186390724365243,15.186537380874958,0.9999903429922149
A-s2718,true_persistence,tropics,15,ts,0.001292450788743665,,,,0.0359506716035134,,,,
A-s2718,true_persistence,tropics,15,uo,0.45139376563255235,0.0032797633103180523,0.01017016792576906,0.010281492802433246,0.6718584416620456,0.05726921782526851,0.10084725046211751,0.10139769623829353,0.9945714173339557
A-s2718,true_persistence,tropics,15,vo,0.8286517179674573,0.0031632117071901415,0.002943038601592826,0.0029324916814102296,0.9103030912654627,0.05624243688879547,0.05424977973773558,0.05415248545921258,1.0017966724462959
A-s2718,true_persistence,tropics,15,zos,0.001636468895917914,0.0007585958410712464,0.20247419479519427,0.20190843036680506,0.04045329276978469,0.027542618631336536,0.4499713266367028,0.44934221965758464,1.0014000620275512
A-s2718,true_persistence,tropics,20,so,0.0019443855646521836,0.00964285906009507,1221.1740320297963,1221.1699123352148,0.04409518754526602,0.09819806036829377,34.94530057146163,34.94524162651068,1.000001686780466
A-s2718,true_persistence,tropics,20,sst,0.002418497383284018,0.32751929609462466,764.1281806098091,764.3511999881629,0.04917822061933533,0.572293015940807,27.642868530776777,27.6469021770643,0.9998541013289051
A-s2718,true_persistence,tropics,20,thetao,0.0016233623675105404,0.13366304332922818,230.62646323308667,230.64490313107183,0.04029097129023499,0.365599566916084,15.186390724365243,15.186997831404067,0.9999600245522147
A-s2718,true_persistence,tropics,20,ts,0.001783873966081362,,,,0.04223593216778058,,,,
A-s2718,true_persistence,tropics,20,uo,0.5515081540090743,0.003890831083074154,0.01017016792576906,0.010244555810134651,0.7426359498496381,0.06237652669934544,0.10084725046211751,0.1012153931481504,0.996362779666389
A-s2718,true_persistence,tropics,20,vo,0.8772317270833974,0.0032718924189960416,0.002943038601592826,0.0029367464090602246,0.9366064953241555,0.0572004582061721,0.05424977973773558,0.05419175591416304,1.0010707131111316
A-s2718,true_persistence,tropics,20,zos,0.002152893962714817,0.0009979880514855172,0.20247419479519427,0.20200970227068119,0.04639928838586662,0.03159094888548803,0.4499713266367028,0.4494548945897477,1.001149018629392
A-s2718,true_persistence,tropics,25,so,0.0024479090433138576,0.012104158121120857,1221.1740320297963,1221.1721649575525,0.04947634832234345,0.11001889892705188,34.94530057146163,34.94527385724073,1.0000007644587652
A-s2718,true_persistence,tropics,25,sst,0.003261814392501002,0.441723510773495,764.1281806098091,764.1613788026752,0.05711229633363556,0.6646228334728614,27.642868530776777,27.6434690081161,0.999978277786368
A-s2718,true_persistence,tropics,25,thetao,0.0020534401566219135,0.1710486597165408,230.62646323308667,230.64014333887937,0.0453148999405484,0.41358029415887404,15.186390724365243,15.18684112443662,0.9999703427416086
A-s2718,true_persistence,tropics,25,ts,0.0022506745999678855,,,,0.04744127527763019,,,,
A-s2718,true_persistence,tropics,25,uo,0.6293990367479871,0.004419363381509847,0.01017016792576906,0.010214627334406852,0.7933467317308285,0.06647829255862282,0.10084725046211751,0.10106743953621686,0.9978213648717157
A-s2718,true_persistence,tropics,25,vo,0.8630738406502015,0.003215210931384861,0.002943038601592826,0.002943455925030582,0.9290176751010724,0.05670283001213309,0.05424977973773558,0.054253625915975254,0.9999291074435166
A-s2718,true_persistence,tropics,25,zos,0.0025798376318010336,0.0011959005778683163,0.20247419479519427,0.20223544221935846,0.050792102061255874,0.03458179546912387,0.4499713266367028,0.44970595083827664,1.0005901095992427
A-s2718,true_persistence,tropics,30,so,0.0029744322503092086,0.014783720369610622,1221.1740320297963,1221.1777864219914,0.05453835577196299,0.12158832332757377,34.94530057146163,34.94535428954744,0.9999984627975048
A-s2718,true_persistence,tropics,30,sst,0.004263328786967553,0.5773512310150898,764.1281806098091,764.0076028843118,0.0652941711561419,0.7598363185680781,27.642868530776777,27.640687453178725,1.0000789082254826
A-s2718,true_persistence,tropics,30,thetao,0.002503850283367905,0.21205204600230387,230.62646323308667,230.622964074716,0.0500384880204019,0.46049109220733453,15.186390724365243,15.186275516884185,1.0000075862894051
A-s2718,true_persistence,tropics,30,ts,0.002739141266838557,,,,0.05233680604353457,,,,
A-s2718,true_persistence,tropics,30,uo,0.7084434899179178,0.005008848523691271,0.01017016792576906,0.010173216723607506,0.8416908517489767,0.07077321897223038,0.10084725046211751,0.10086236524892477,0.99985014443425
A-s2718,true_persistence,tropics,30,vo,0.8807997886628182,0.003297837051622767,0.002943038601592826,0.0029416438090203428,0.9385093439400687,0.057426797330364564,0.05424977973773558,0.05423692293097335,1.0002370489708385
A-s2718,true_persistence,tropics,30,zos,0.0030307984461706403,0.001404946403591984,0.20247419479519427,0.20267562959531338,0.05505268791049753,0.03748261468457055,0.4499713266367028,0.45019510170071086,0.9995029375860317
D-s2718,inferred,extratropics,0,so,0.004214822007364166,0.010542391611408335,1203.9489008220569,1203.8131713542705,0.06492166054071757,0.10267614918474657,34.69796681106916,34.69601088532038,1.0000563732169452
D-s2718,inferred,extratropics,0,sst,0.0,0.0,264.66212894940617,264.66212894940617,0.0,0.0,16.268439659334454,16.268439659334454,1.0
D-s2718,inferred,extratropics,0,thetao,0.004415568355894173,0.09507985160139011,91.53699685621474,91.88061453580991,0.06644974308373339,0.30835020934221874,9.56749689606507,9.585437628810169,0.9981283345174375
D-s2718,inferred,extratropics,0,ts,0.004315195181629169,,,,0.06569014523982399,,,,
D-s2718,inferred,extratropics,0,uo,0.13612146772333336,0.00018507708710777232,0.003524340381097067,0.0036498695552275684,0.36894642934081007,0.01360430399203768,0.05936615518203168,0.06041415028970919,0.98265315157704
D-s2718,inferred,extratropics,0,vo,0.14544781798111633,0.00010834809272257324,0.0030513843475870016,0.0030889873151848375,0.3813762158041798,0.010409038991308144,0.05523933695824925,0.05557865881059777,0.9938947455802258
D-s2718,inferred,extratropics,0,zos,0.0,0.0,0.48620438304814423,0.48620438304814423,0.0,0.0,0.697283574342709,0.697283574342709,1.0
D-s2718,inferred,extratropics,5,so,0.004383131683133652,0.010917559393388305,1203.95534848381,1203.8158635205882,0.06620522398673426,0.10448712549107811,34.698059722177696,34.69604968178061,1.000057932831418
D-s2718,inferred,extratropics,5,sst,0.0006418857776977959,0.08692586497224938,263.8153547807173,264.80069678720804,0.025335464821032907,0.2948319266501669,16.242393751560062,16.272697895161947,0.9981377308300614
D-s2718,inferred,extratropics,5,thetao,0.0044961232946718445,0.09992827304847837,91.55750205734898,91.89021460419285,0.06705313784359271,0.31611433540489486,9.568568443468907,9.585938378906514,0.9981879775614009
D-s2718,inferred,extratropics,5,ts,0.004439627488902749,,,,0.0666305297060045,,,,
D-s2718,inferred,extratropics,5,uo,0.14904817059370726,0.00030014873057175866,0.0034419032776239955,0.0036474312009881155,0.3860675725746819,0.01732480102545939,0.058667736257878536,0.06039396659425605,0.9714171723812277
D-s2718,inferred,extratropics,5,vo,0.17497892678972252,0.00023717385020152076,0.0029694068771601123,0.003091959232748583,0.41830482520492457,0.015400449675302366,0.05449226437908515,0.05560538852259359,0.9799817216805138
D-s2718,inferred,extratropics,5,zos,0.0012886579121424858,0.0005973657875937484,0.4855118923717075,0.4863526396679156,0.035897881722219846,0.02444106764431023,0.6967868342410809,0.6973898763732634,0.9991352869426229
D-s2718,inferred,extratropics,10,so,0.004507118028688559,0.011337281503035134,1203.9483793786965,1203.8172161582934,0.06713507301469597,0.10647667116807857,34.697959297034984,34.69606917445106,1.0000544765625876
D-s2718,inferred,extratropics,10,sst,0.000990400558826702,0.13412265599978088,263.6770397147747,264.84413516882694,0.03147063009897803,0.36622760136256916,16.23813535215096,16.274032541715865,0.9977942043883168
D-s2718,inferred,extratropics,10,thetao,0.004631842570278721,0.10713763779837882,91.53485706846588,91.89780742649144,0.06805764152744878,0.32731886257650783,9.567385069519565,9.58633441032032,0.9980232964979444
D-s2718,inferred,extratropics,10,ts,0.00456948029948364,,,,0.06759793117754152,,,,
D-s2718,inferred,extratropics,10,uo,0.16647371861455856,0.0003591101809358122,0.0034329077643652202,0.003650042322148721,0.40801190989303066,0.01895020266213035,0.058591021192374006,0.060415580127552534,0.9697998607093332
D-s2718,inferred,extratropics,10,vo,0.21374065894782063,0.00033614591920203934,0.0029439864694900354,0.0030950805369513337,0.4623209479872404,0.0183342826203274,0.05425851517955532,0.05563344800523633,0.9752858599461318
D-s2718,inferred,extratropics,10,zos,0.001615737157408101,0.0007489855081369242,0.48583915348004814,0.4864606968682222,0.040196233124611326,0.027367599604951186,0.6970216305682687,0.697467344660825,0.9993609534611644
D-s2718,inferred,extratropics,15,so,0.004663749759902129,0.011837233652523364,1203.9413752943706,1203.8167773930713,0.06829165219777691,0.10879905170783137,34.697858367547276,34.696062851468774,1.0000517498508747
D-s2718,inferred,extratropics,15,sst,0.0013637071219037222,0.18467681614136452,263.551492556177,264.9074671581538,0.03692840535284082,0.4297404055256668,16.23426907982546,16.275978224308172,0.9974373801741502
D-s2718,inferred,extratropics,15,thetao,0.004810638278388231,0.11617070275972156,91.52354537564364,91.90559417755247,0.06935876497161862,0.34083823547208075,9.566793892189986,9.586740539805616,0.9979193504264763
D-s2718,inferred,extratropics,15,ts,0.00473719401914518,,,,0.068827276708767,,,,
D-s2718,inferred,extratropics,15,uo,0.18510239995750635,0.00042128290288678214,0.003442356612085258,0.003641342693249186,0.4302352844171505,0.02052517729245675,0.05867159970620588,0.06034353895198048,0.9722929865431811
D-s2718,inferred,extratropics,15,vo,0.2506595060253067,0.0004274895963628655,0.0029257315702350987,0.003082921659519059,0.500659071649867,0.020675821540216133,0.05409003207833305,0.055524063787866416,0.974172789026895
D-s2718,inferred,extratropics,15,zos,0.002018597861281502,0.0009357342161378808,0.48541415941835653,0.48554731107721427,0.04492880881218087,0.03058977306450443,0.69671669954032,0.6968122495171954,0.9998628755781178
D-s2718,inferred,extratropics,20,so,0.004809389845857962,0.012334887315013808,1203.930044755221,1203.815321375245,0.0693497645695929,0.11106253785599268,34.6976950928332,34.69604186899775,1.0000476487733583
D-s2718,inferred,extratropics,20,sst,0.001668203232875696,0.22591248214846907,263.4180968313506,264.7955252907493,0.04084364372672566,0.4753025164550142,16.230160098759058,16.272538993370066,0.9973956802544289
D-s2718,inferred,extratropics,20,thetao,0.004998767158689656,0.1252025927942678,91.50281665026807,91.90216510698583,0.0707019600767168,0.3538397840750356,9.565710462389507,9.5865616936932,0.9978249520558126
D-s2718,inferred,extratropics,20,ts,0.004904078502273809,,,,0.07002912609960094,,,,
D-s2718,inferred,extratropics,20,uo,0.20468944541670295,0.0004895425706150263,0.003454414952543926,0.0036474580241133764,0.45242617675893043,0.022125608932072948,0.05877427117833046,0.06039418866176924,0.9731775934186161
D-s2718,inferred,extratropics,20,vo,0.2851274600851605,0.0005193477229111991,0.0029174875469399975,0.0030871982566572026,0.533973276564624,0.022789201892808777,0.054013771826636935,0.05556256164592488,0.9721252985210135
D-s2718,inferred,extratropics,20,zos,0.002286837024689426,0.001060078230408919,0.48584776875948665,0.4854934140287264,0.04782088481709039,0.03255884258398813,0.6970278106069274,0.6967735744334212,1.0003648763139632
D-s2718,inferred,extratropics,25,so,0.004976438005281001,0.012836370095776373,1203.922039772208,1203.8151419364283,0.07054387291098356,0.11329770560684965,34.69757973940269,34.69603928312897,1.0000443986202907
D-s2718,inferred,extratropics,25,sst,0.001961053152700289,0.26557099021444414,263.24488337353023,264.69304988360165,0.044283779792383224,0.5153358033500527,16.224823061393618,16.26938996654766,0.9972606898448142
D-s2718,inferred,extratropics,25,thetao,0.0052094726280259625,0.134906214624169,91.48346653757942,91.897203308665,0.07217667648226789,0.3672958135129898,9.56469897788631,9.58630290094492,0.997746375919701
D-s2718,inferred,extratropics,25,ts,0.005092955316653482,,,,0.07136494459223998,,,,
D-s2718,inferred,extratropics,25,uo,0.22249434483551964,0.0005457232119541625,0.003466623094711581,0.003646291957531004,0.47169306210237993,0.023360719422872284,0.05887803575792573,0.060384534092191224,0.9750515863554488
D-s2718,inferred,extratropics,25,vo,0.3168010478368913,0.0005964497063207163,0.002903546680112513,0.0030822245559924397,0.5628508220096079,0.024422319839047156,0.05388456810732098,0.055517785942816915,0.9705820790984326
D-s2718,inferred,extratropics,25,zos,0.002582822258424225,0.001197284118112387,0.48662870941740094,0.48579827914334306,0.050821474382629094,0.03460179356785406,0.6975877790051951,0.6969923092426078,1.0008543419413543
D-s2718,inferred,extratropics,30,so,0.005143144661533373,0.013379748637220284,1203.9146871287921,1203.8158307478568,0.07171572116024054,0.11567086338927485,34.69747378598033,34.69604920949728,1.0000410587520914
D-s2718,inferred,extratropics,30,sst,0.0022503058790614527,0.30474235824864315,263.1196683633207,264.72332362936,0.04743738904136117,0.5520347436970278,16.220963854325078,16.27032032964809,0.996966471813522
D-s2718,inferred,extratropics,30,thetao,0.005424664110963326,0.14455440336100542,91.46545772654173,91.8930253497211,0.07365231911463023,0.3802031080370141,9.563757510860558,9.58608498552569,0.9976708453243587
D-s2718,inferred,extratropics,30,ts,0.00528390438624835,,,,0.07269046970716553,,,,
D-s2718,inferred,extratropics,30,uo,0.24031823474254332,0.0006125392751336765,0.0034740887047950003,0.003653029506141431,0.4902226379335652,0.024749530806334016,0.05894140060089343,0.06044029703882527,0.975200379359999
D-s2718,inferred,extratropics,30,vo,0.3478349436238875,0.000677025972725823,0.002896107091808773,0.003089732657977778,0.5897753331768696,0.02601972276419991,0.053815491188028496,0.055585363702846974,0.9681593787119931
D-s2718,inferred,extratropics,30,zos,0.0028845973670331647,0.0013371739416580303,0.48623574141300085,0.486308480151976,0.053708447818133456,0.036567389046225744,0.6973060600719033,0.6973582150888996,0.9999252105792005
D-s2718,inferred,global,0,so,0.004168995814001167,0.011286218958117857,1210.1747763926269,1210.2027203703358,0.06456776141389112,0.10623661778369009,34.787566405148645,34.787968040262655,0.9999884547693747
D-s2718,inferred,global,0,sst,0.0,0.0,447.4121497568458,447.4121497568458,0.0,0.0,21.15211927341669,21.15211927341669,1.0
D-s2718,inferred,global,0,thetao,0.0037691474214546386,0.09748769011899201,142.51184744509115,142.8450749442232,0.06139338255426751,0.31223018771251443,11.937832610867483,11.951781245664732,0.9988329241884085
D-s2718,inferred,global,0,ts,0.003969071617727902,,,,0.06300056839210184,,,,
D-s2718,inferred,global,0,uo,0.16080665433703106,0.0003620347198676158,0.005838492512664986,0.006036315295715531,0.40100705023357264,0.01902720998642775,0.07641002887491266,0.07769372751847817,0.9834774481214047
D-s2718,inferred,global,0,vo,0.165193095587388,0.00022698432820172289,0.0029265995349583283,0.003028792257069194,0.40643953497093266,0.015065999077449954,0.054098054816770706,0.05503446426621408,0.9829850356148877
D-s2718,inferred,global,0,zos,0.0,0.0,0.3823900824845439,0.3823900824845439,0.0,0.0,0.6183769744132974,0.6183769744132974,1.0
D-s2718,inferred,global,5,so,0.004305236226256891,0.011557407415300992,1210.1823830409355,1210.2049461904198,0.0656142989466236,0.10750538319219644,34.78767573496303,34.788000031482404,0.9999906779199988
D-s2718,inferred,global,5,sst,0.0005638841280920212,0.0763626760154059,445.79405104511915,447.5149160057607,0.023746244505016393,0.2763379742550884,21.113835536091475,21.154548352677274,0.998075458009925
D-s2718,inferred,global,5,thetao,0.003845787594851588,0.10181304130650422,142.63077690876293,142.85127031421823,0.062014414411905784,0.319081559019797,11.942812772071868,11.95204042472323,0.9992279433198474
D-s2718,inferred,global,5,ts,0.00407551191055424,,,,0.06383973614101361,,,,
D-s2718,inferred,global,5,uo,0.17233281810943715,0.0005119096086077814,0.005696073069909344,0.006021049417328951,0.4151298810124816,0.022625419523354288,0.07547233314208157,0.07759542136833172,0.9726390012604967
D-s2718,inferred,global,5,vo,0.1877494094292259,0.00035694039202025185,0.002824428598089612,0.0030267310920001978,0.4333005993871067,0.01889286616742552,0.05314535349482222,0.05501573494919611,0.9660027907270332
D-s2718,inferred,global,5,zos,0.0009167297970211475,0.0004249560808988212,0.3824252477197936,0.3824243370932762,0.03027754608651678,0.020614462905902284,0.6184054072530362,0.6184046709827443,1.0000011905962656
D-s2718,inferred,global,10,so,0.004408231707030322,0.011945229574102193,1210.1952180755954,1210.2051304315771,0.06639451563969966,0.10929423394718585,34.78786021122304,34.78800267953849,0.9999959046710224
D-s2718,inferred,global,10,sst,0.000869542842429798,0.11775578565970812,445.3356483536537,447.5531859735046,0.02948801184260814,0.3431556289203313,21.102977239092443,21.15545286618806,0.9975195223932319
D-s2718,inferred,global,10,thetao,0.003964757753351044,0.10890630784272824,142.65635339626428,142.85481616379704,0.06296632237435378,0.330009557199073,11.943883514011022,11.9521887603818,0.9993051275764396
D-s2718,inferred,global,10,ts,0.004186494730190683,,,,0.06470312766930732,,,,
D-s2718,inferred,global,10,uo,0.18784083584437397,0.0006218141184260095,0.005685674936161144,0.006058213364304922,0.43340608653360413,0.024936200962175643,0.07540341461871036,0.07783452552887389,0.9687656487446349
D-s2718,inferred,global,10,vo,0.2166322194780522,0.0004562834390802626,0.0028037217025305644,0.0030354276251364294,0.4654376644385929,0.021360792098615224,0.05295018132670146,0.05509471503816341,0.961075509511639
D-s2718,inferred,global,10,zos,0.0011731924723146618,0.0005438410300135424,0.38288504246509436,0.3825429512394799,0.034251897353499434,0.023320399439408033,0.6187770539258016,0.6185005668869511,1.0004470279473503
D-s2718,inferred,global,15,so,0.004546710666151917,0.0124032144305424,1210.2010701821878,1210.2040153150544,0.0674293012432423,0.11136971954055734,34.78794432245441,34.787986652220255,0.9999987832073678
D-s2718,inferred,global,15,sst,0.0011899537051735737,0.1611466694510344,444.97412510110877,447.6225280761719,0.03449570560480788,0.401430777907019,21.094409806892173,21.157091673388663,0.9970373117693047
D-s2718,inferred,global,15,thetao,0.004125233977671358,0.11757258973239867,142.7089715692665,142.8625363302485,0.06422798438119756,0.3428885966788611,11.946086035571087,11.95251171638198,0.9994623991205056
D-s2718,inferred,global,15,ts,0.0043359723219116375,,,,0.06584810036676561,,,,
D-s2718,inferred,global,15,uo,0.20272670252122882,0.0007089979226022365,0.005701462731237766,0.00607172364122181,0.45025182123032975,0.0266270149022048,0.07550803090557828,0.07792126565464533,0.9690298312175429
D-s2718,inferred,global,15,vo,0.24363723276049323,0.0005441469693381258,0.0027854172149090572,0.003021085084922215,0.49359622441879886,0.02332695799580661,0.052777051972510335,0.05496439834040044,0.9602043061702662
D-s2718,inferred,global,15,zos,0.001487511262471619,0.0006895455575284222,0.3829849025215765,0.38176642012114476,0.038568267558598206,0.026259199483769913,0.6188577401322347,0.6178724950352983,1.0015945767206875
D-s2718,inferred,global,20,so,0.004674318088909214,0.01284999537754897,1210.2077558842952,1210.202575716042,0.06836898484626794,0.11335782009878706,34.78804041454901,34.78796596117746,1.0000021402047947
D-s2718,inferred,global,20,sst,0.0014539232355250372,0.19689412098942377,444.6380337801847,447.5783386230469,0.03813034533708077,0.4437275301234123,21.086441942162377,21.156047329854573,0.9967099058436133
D-s2718,inferred,global,20,thetao,0.004293372850082702,0.12643270666368575,142.76014767829685,142.8654907852846,0.06552383421383934,0.3555737710569858,11.9482278049214,11.95263530713142,0.9996312526822105
D-s2718,inferred,global,20,ts,0.004483845469495958,,,,0.06696152230569402,,,,
D-s2718,inferred,global,20,uo,0.21829008504724576,0.0007978236079085358,0.005705245875150823,0.006062034398403562,0.46721524487889493,0.02824577150492682,0.07553307801983726,0.07785906754131829,0.9701256437441064
D-s2718,inferred,global,20,vo,0.2703471672718731,0.0006362067293319978,0.0027738526337143976,0.0030253581323639433,0.5199491968181825,0.025223138768440335,0.05266737731949824,0.055003255652406095,0.9575319986935051
D-s2718,inferred,global,20,zos,0.0017122458819431123,0.0007937227551015799,0.3836708767245514,0.3817692986040404,0.041379292912556064,0.0281730856510532,0.6194117182654453,0.6178748243811528,1.0024873871270477
D-s2718,inferred,global,25,so,0.004821577803277525,0.013302783578506344,1210.209278680618,1210.2032899020012,0.06943758206675636,0.11533769365869227,34.78806230132138,34.78797622601811,1.0000024742831464
D-s2718,inferred,global,25,sst,0.0016986717060772274,0.23003860269532056,444.30688877298377,447.44390838314786,0.041214945178626984,0.4796233967346887,21.078588396118555,21.152869979819474,0.9964883449020494
D-s2718,inferred,global,25,thetao,0.004482397299801294,0.13574777603248447,142.7965221693687,142.86061202031462,0.06695070798581068,0.36843965046189653,11.949749878945948,11.952431217970451,0.9997756658059264
D-s2718,inferred,global,25,ts,0.0046519875515394086,,,,0.06820548036294011,,,,
D-s2718,inferred,global,25,uo,0.23269084967763926,0.0008747413465544257,0.005704167751141801,0.006050301252170681,0.48238039935059474,0.029576026551151623,0.07552594091530275,0.07778368242871175,0.9709740983852467
D-s2718,inferred,global,25,vo,0.2948924226608129,0.0007150421206741107,0.002760711713780606,0.0030246617876605224,0.5430399825618855,0.026740271514592195,0.05254247532978063,0.054996925256422496,0.9553711427466531
D-s2718,inferred,global,25,zos,0.0019396413893748837,0.0008991334288653343,0.38452788073607164,0.3820452109129742,0.04404135998552819,0.029985553669481146,0.6201031210500974,0.6180980593020611,1.0032439217659093
D-s2718,inferred,global,30,so,0.004976479931383412,0.013830880879482076,1210.2143313272527,1210.2057858213093,0.07054417007367378,0.11760476554749844,34.78813492165472,34.78801209930383,1.000003530594118
D-s2718,inferred,global,30,sst,0.0019420479245558595,0.26299725352513664,444.0608144432607,447.40683569089333,0.04406867282498827,0.5128325784553246,21.072750519171926,21.151993657593916,0.9962536326501998
D-s2718,inferred,global,30,thetao,0.004677748686229439,0.1451778848639908,142.84299791946287,142.8516729706198,0.0683940690866499,0.3810221579698362,11.951694353499125,11.952057269383367,0.999969635697348
D-s2718,inferred,global,30,ts,0.004827114308806426,,,,0.06947743740817178,,,,
D-s2718,inferred,global,30,uo,0.24703207852864503,0.000955629016317465,0.005712638424284144,0.00603941450658323,0.4970232172933625,0.030913249850468085,0.07558199801728017,0.07771367001102979,0.9725701798223264
D-s2718,inferred,global,30,vo,0.31952871138240857,0.000797387947218296,0.0027562081874193357,0.0030287501390764563,0.5652687072379017,0.0282380584888249,0.0524996017834358,0.05503408161381869,0.9539470859499817
D-s2718,inferred,global,30,zos,0.0021808970169248446,0.0010109690436622513,0.3847036394808028,0.38252979486879674,0.046700075127614565,0.031795739394803374,0.6202448222120058,0.6184899310973435,1.0028373802489374
D-s2718,inferred,tropics,0,so,0.004121970847864293,0.012577390968426555,1220.8689058943671,1221.1740320297963,0.06420257664505602,0.11214896775461893,34.940934530924714,34.94530057146163,0.9998750607244603
D-s2718,inferred,tropics,0,sst,0.0,0.0,764.1281806098091,764.1281806098091,0.0,0.0,27.642868530776777,27.642868530776777,1.0
D-s2718,inferred,tropics,0,thetao,0.0027335859968433763,0.10195734651103887,230.31489398095476,230.62646323308667,0.0522837068009086,0.31930760484372883,15.176129084221534,15.186390724365243,0.9993242870982343
D-s2718,inferred,tropics,0,ts,0.0034277784223538344,,,,0.05854723240558715,,,,
D-s2718,inferred,tropics,0,uo,0.20288122727563884,0.0006647598738288323,0.009848802811614423,0.01017016792576906,0.4504233866881679,0.025782937649322126,0.09924113467516595,0.10084725046211751,0.9840737771273705
D-s2718,inferred,tropics,0,vo,0.19982710689829103,0.00043021109524522626,0.002730502168266618,0.002943038601592826,0.4470202533423861,0.020741530687131707,0.052254207182452,0.05424977973773558,0.9632151030855619
D-s2718,inferred,tropics,0,zos,0.0,0.0,0.20247419479519427,0.20247419479519427,0.0,0.0,0.4499713266367028,0.4499713266367028,1.0
D-s2718,inferred,tropics,5,so,0.004204421001074861,0.012669084598540905,1220.879319056623,1221.1754554695806,0.06484150677671564,0.11255702820588728,34.94108354153636,34.94532093813964,0.9998787420893692
D-s2718,inferred,tropics,5,sst,0.00042870304179185557,0.05805609672509054,761.1733231977983,764.1688966076783,0.02070514529753065,0.24094832791511656,27.589369749919953,27.643604985740886,0.9980380548828958
D-s2718,inferred,tropics,5,thetao,0.0028030464310083796,0.10538496478701723,230.60322323377954,230.626773843594,0.05294380446292446,0.324630505016114,15.185625546344133,15.18640095096906,0.9999489408565313
D-s2718,inferred,tropics,5,ts,0.0035037337160416203,,,,0.05919234507976196,,,,
D-s2718,inferred,tropics,5,uo,0.2124897771847178,0.0008753546866924176,0.009602025150355301,0.010132723456349605,0.4609661345312883,0.029586393607407065,0.09798992371848904,0.10066142983461741,0.9734604791475986
D-s2718,inferred,tropics,5,vo,0.2112243388844322,0.0005628428203134577,0.0025928639816477,0.0029323185698539238,0.45959149130987204,0.023724308637207064,0.05092017263961013,0.05415088706433094,0.9403386611029522
D-s2718,inferred,tropics,5,zos,0.0002721578604188475,0.0001261605535876803,0.203770432508353,0.20231088153039561,0.016497207655201757,0.011232121508765845,0.4514093846037685,0.4497898192827352,1.0036007158268188
D-s2718,inferred,tropics,10,so,0.004272744628936294,0.013002312865576859,1220.9262174193623,1221.173619028484,0.06536623462412604,0.11402768464533891,34.94175464139376,34.945294662207154,0.9998986982125172
D-s2718,inferred,tropics,10,sst,0.000660089850590297,0.08939110871517293,760.1601957070707,764.1982039634628,0.025692213812559962,0.29898345893238465,27.571002805612107,27.644135073528034,0.9973545105418777
D-s2718,inferred,tropics,10,thetao,0.0028944897376103344,0.11229297142836714,230.7114785997956,230.62331886524305,0.05380046224346343,0.33510143453642083,15.189189530708859,15.186287198168058,1.0001911153465577
D-s2718,inferred,tropics,10,ts,0.0035836171832733144,,,,0.0598633208506955,,,,
D-s2718,inferred,tropics,10,uo,0.22545787910319334,0.0010739412904452973,0.009588916802301766,0.010229659401123631,0.4748240506789787,0.03277104347507563,0.09792301467122919,0.10114177871247683,0.9681757224143955
D-s2718,inferred,tropics,10,vo,0.22431989885561643,0.0006637550930817054,0.0025798032532030365,0.002950692858166014,0.4736242169226743,0.02576344489934732,0.05079176363548559,0.05432028035794747,0.9350423690892157
D-s2718,inferred,tropics,10,zos,0.00040623812490570607,0.00018831433518432222,0.20445990472128894,0.2024477909911762,0.020155349783759796,0.013722767038185929,0.4521724280861107,0.4499419862506457,1.0049571764885763
D-s2718,inferred,tropics,15,so,0.004380843836808174,0.013388068315395142,1220.9547857013806,1221.1713305832793,0.06618794328885114,0.11570682052236654,34.942163437620465,34.945261918939444,0.9999113332924456
D-s2718,inferred,tropics,15,sst,0.0008888295728176545,0.12036764561527902,759.3897088561395,764.2779658153804,0.029813244922645615,0.34694040643211194,27.5570264879239,27.64557769002812,0.9967969125804826
D-s2718,inferred,tropics,15,thetao,0.0030246150868881083,0.12034097424310518,230.87385357202237,230.6309176207124,0.05499650067857143,0.3469019663292573,15.194533674056022,15.186537380874958,1.000526538274033
D-s2718,inferred,tropics,15,ts,0.0037027294618481406,,,,0.06085005720497016,,,,
D-s2718,inferred,tropics,15,uo,0.2346230046878084,0.001204943452432708,0.00961551919862394,0.010281492802433246,0.4843789886935729,0.034712295407142234,0.09805875380925427,0.10139769623829353,0.9670708255423037
D-s2718,inferred,tropics,15,vo,0.23541230135208616,0.0007464906999357674,0.00256106746436001,0.0029324916814102296,0.4851930557541876,0.02732198199135208,0.05060699027170071,0.05415248545921258,0.9345275630943602
D-s2718,inferred,tropics,15,zos,0.0005671089201120848,0.0002628870417464556,0.20546937259760767,0.20190843036680506,0.023814048797129915,0.016213791714045658,0.45328729587051925,0.44934221965758464,1.008779669571092
D-s2718,inferred,tropics,20,so,0.004478272444518766,0.013747102023656053,1220.992631067563,1221.1699123352148,0.06691989573003507,0.11724803633176999,34.94270497639762,34.94524162651068,0.9999274107147357
D-s2718,inferred,tropics,20,sst,0.0010825642919628374,0.14660371222881352,758.7023463393703,764.3511999881629,0.03290234477910104,0.38288864207340173,27.544552026478307,27.6469021770643,0.9962979523011115
D-s2718,inferred,tropics,20,thetao,0.003159927034985191,0.12892196985344712,231.04853598979187,230.64490313107183,0.05621322829179259,0.3590570565431727,15.200280786544434,15.186997831404067,1.0008746267885085
D-s2718,inferred,tropics,20,ts,0.0038190997397519783,,,,0.061798865197930444,,,,
D-s2718,inferred,tropics,20,uo,0.2439653518818148,0.001329914312001577,0.00960495535862934,0.010244555810134651,0.49392848863151717,0.03646799023803721,0.09800487415750984,0.1012153931481504,0.9682803288039273
D-s2718,inferred,tropics,20,vo,0.2497294414501314,0.0008396639260691904,0.002543557707927158,0.0029367464090602246,0.49972936820856484,0.028976955086226545,0.050433696155716745,0.05419175591416304,0.9306525560013433
D-s2718,inferred,tropics,20,zos,0.0007164477411247858,0.0003321140271380576,0.20659270671883012,0.20200970227068119,0.026766541448696463,0.018223995915771535,0.4545247041898054,0.4494548945897477,1.0112799074191534
D-s2718,inferred,tropics,25,so,0.004592422954224402,0.014116015175145156,1221.011014882584,1221.1721649575525,0.06776741808734048,0.11881083778488037,34.94296803196008,34.94527385724073,0.9999340161050083
D-s2718,inferred,tropics,25,sst,0.0012439503816586161,0.16845904185314367,758.0974916400331,764.1613788026752,0.03526968077057994,0.4104376223656205,27.533570266858476,27.6434690081161,0.9960244229396333
D-s2718,inferred,tropics,25,thetao,0.0033132181294219065,0.13758301334090092,231.1805522811801,230.64014333887937,0.05756056053776671,0.37092184263116795,15.204622727354339,15.18684112443662,1.0011708559253383
D-s2718,inferred,tropics,25,ts,0.003952820541823154,,,,0.06287146047152996,,,,
D-s2718,inferred,tropics,25,uo,0.2531329212291389,0.0014432304774657035,0.00958086073771536,0.010214627334406852,0.503123167056675,0.03798987335416773,0.09788187134355043,0.10106743953621686,0.9684807668297079
D-s2718,inferred,tropics,25,vo,0.26292830149522806,0.0009222129899888404,0.0025316536115615575,0.002943455925030582,0.5127653474009608,0.030367959924710787,0.05031554045781042,0.054253625915975254,0.9274134144644286
D-s2718,inferred,tropics,25,zos,0.000824973473414688,0.0003824218386793081,0.20758153874464705,0.20223544221935846,0.02872235146039906,0.019555608880301018,0.4556111705661386,0.44970595083827664,1.0131312910510841
D-s2718,inferred,tropics,30,so,0.004727832622674295,0.014617940176155399,1221.0376527533767,1221.1777864219914,0.06875923663533719,0.12090467392187698,34.94334919199041,34.94535428954744,0.9999426219136193
D-s2718,inferred,tropics,30,sst,0.0014078201081678535,0.19065071311261916,757.641939413668,764.0076028843118,0.03752092893530028,0.43663567549230237,27.52529635469286,27.640687453178725,0.9958253173448985
D-s2718,inferred,tropics,30,thetao,0.003476027727381024,0.14665178938466786,231.3377782304413,230.622964074716,0.05895784703821048,0.3829514190921191,15.20979218235546,15.186275516884185,1.0015485472685604
D-s2718,inferred,tropics,30,ts,0.004101930175027659,,,,0.06404631273561077,,,,
D-s2718,inferred,tropics,30,uo,0.2620331143434538,0.0015489714938915185,0.00959103748514308,0.010173216723607506,0.5118917017724098,0.03935697516186322,0.09793384238935528,0.10086236524892477,0.9709651577935735
D-s2718,inferred,tropics,30,vo,0.2773848342680031,0.0010082708033309472,0.002532093465702196,0.0029416438090203428,0.5266733658236413,0.03175328019797242,0.050319911225102494,0.05423692293097335,0.9277796103798885
D-s2718,inferred,tropics,30,zos,0.0009613456145737475,0.00044563803451384745,0.20874292501295452,0.20267562959531338,0.031005573927501286,0.021110140561205352,0.45688392947547907,0.45019510170071086,1.0148576200618347
D-s2718,inferred_persistence,extratropics,0,so,0.004214822007364166,0.010542391611408335,1203.9489008220569,1203.8131713542705,0.06492166054071757,0.10267614918474657,34.69796681106916,34.69601088532038,1.0000563732169452
D-s2718,inferred_persistence,extratropics,0,sst,0.0,0.0,264.66212894940617,264.66212894940617,0.0,0.0,16.268439659334454,16.268439659334454,1.0
D-s2718,inferred_persistence,extratropics,0,thetao,0.004415568355894173,0.09507985160139011,91.53699685621474,91.88061453580991,0.06644974308373339,0.30835020934221874,9.56749689606507,9.585437628810169,0.9981283345174375
D-s2718,inferred_persistence,extratropics,0,ts,0.004315195181629169,,,,0.06569014523982399,,,,
D-s2718,inferred_persistence,extratropics,0,uo,0.13612146772333336,0.00018507708710777232,0.003524340381097067,0.0036498695552275684,0.36894642934081007,0.01360430399203768,0.05936615518203168,0.06041415028970919,0.98265315157704
D-s2718,inferred_persistence,extratropics,0,vo,0.14544781798111633,0.00010834809272257324,0.0030513843475870016,0.0030889873151848375,0.3813762158041798,0.010409038991308144,0.05523933695824925,0.05557865881059777,0.9938947455802258
D-s2718,inferred_persistence,extratropics,0,zos,0.0,0.0,0.48620438304814423,0.48620438304814423,0.0,0.0,0.697283574342709,0.697283574342709,1.0
D-s2718,inferred_persistence,extratropics,5,so,0.004342830391969049,0.011150178444808072,1203.9489008220569,1203.8158635205882,0.06590015471885517,0.10559440536698937,34.69796681106916,34.69604968178061,1.000055254973005
D-s2718,inferred_persistence,extratropics,5,sst,0.0008073392423513657,0.10933200981129296,264.66212894940617,264.80069678720804,0.028413715743481453,0.3306539124391135,16.268439659334454,16.272697895161947,0.9997383202309214
D-s2718,inferred_persistence,extratropics,5,thetao,0.0046736455382870214,0.1122920932676789,91.53699685621474,91.89021460419285,0.0683640661333644,0.3351001242430073,9.56749689606507,9.585938378906514,0.998076194305398
D-s2718,inferred_persistence,extratropics,5,ts,0.004508237965128035,,,,0.06714341341582236,,,,
D-s2718,inferred_persistence,extratropics,5,uo,0.20773058434961192,0.00045706576655406213,0.003524340381097067,0.0036474312009881155,0.4557747078871445,0.02137909648591498,0.05936615518203168,0.06039396659425605,0.982981554777988
D-s2718,inferred_persistence,extratropics,5,vo,0.27941708403388466,0.00046757244488691385,0.0030513843475870016,0.003091959232748583,0.5285991714275426,0.021623423523737258,0.05523933695824925,0.05560538852259359,0.993416976770235
D-s2718,inferred_persistence,extratropics,5,zos,0.0019571017568008587,0.0009072272970124272,0.48620438304814423,0.4863526396679156,0.044239142812681834,0.030120214093070904,0.697283574342709,0.6973898763732634,0.9998475715892132
D-s2718,inferred_persistence,extratropics,10,so,0.004540352480610262,0.012086930084879363,1203.9489008220569,1203.8172161582934,0.06738213769694652,0.10994057524353491,34.69796681106916,34.69606917445106,1.000054693129892
D-s2718,inferred_persistence,extratropics,10,sst,0.0023422749110995596,0.31719704800181914,264.66212894940617,264.84413516882694,0.04839705477712006,0.5632024928938251,16.268439659334454,16.274032541715865,0.9996563308837515
D-s2718,inferred_persistence,extratropics,10,thetao,0.0051165797426777695,0.14295156118422106,91.53699685621474,91.89780742649144,0.07153027151268035,0.37808935608427413,9.56749689606507,9.58633441032032,0.9980349617018397
D-s2718,inferred_persistence,extratropics,10,ts,0.004828466111644015,,,,0.06948716508567618,,,,
D-s2718,inferred_persistence,extratropics,10,uo,0.2938701715330251,0.0007115355886132652,0.003524340381097067,0.003650042322148721,0.5420979353705612,0.02667462443246887,0.05936615518203168,0.060415580127552534,0.9826298954126526
D-s2718,inferred_persistence,extratropics,10,vo,0.46036079110838135,0.00091195651688702,0.0030513843475870016,0.0030950805369513337,0.6784989249132097,0.030198617797624776,0.05523933695824925,0.05563344800523633,0.9929159334695563
D-s2718,inferred_persistence,extratropics,10,zos,0.0032660167668992625,0.0015139833922883132,0.48620438304814423,0.4864606968682222,0.05714907494351298,0.038909939505071364,0.697283574342709,0.697467344660825,0.9997365176742355
D-s2718,inferred_persistence,extratropics,15,so,0.004788043863533122,0.013330801996013901,1203.9489008220569,1203.8167773930713,0.06919569252152277,0.11545909230551703,34.69796681106916,34.696062851468774,1.0000548753790461
D-s2718,inferred_persistence,extratropics,15,sst,0.0043820915120474585,0.5934343891914444,264.66212894940617,264.9074671581538,0.06619736786343894,0.7703469278133356,16.268439659334454,16.275978224308172,0.9995368287626203
D-s2718,inferred_persistence,extratropics,15,thetao,0.0056605615108127096,0.18373948323486688,91.53699685621474,91.90559417755247,0.07523670321600162,0.4286484378075661,9.56749689606507,9.586740539805616,0.9979926812809167
D-s2718,inferred_persistence,extratropics,15,ts,0.005224302687172916,,,,0.07227933789938115,,,,
D-s2718,inferred_persistence,extratropics,15,uo,0.36502184926005893,0.0009494266328676159,0.003524340381097067,0.003641342693249186,0.6041703809854129,0.030812767367888523,0.05936615518203168,0.06034353895198048,0.9838030087906084
D-s2718,inferred_persistence,extratropics,15,vo,0.6199726373796954,0.0013377655685630236,0.0030513843475870016,0.003082921659519059,0.7873834119282013,0.03657547769425607,0.05523933695824925,0.055524063787866416,0.9948720102565802
D-s2718,inferred_persistence,extratropics,15,zos,0.004260685682917593,0.001975068659051221,0.48620438304814423,0.48554731107721427,0.06527392804878218,0.044441744554542646,0.697283574342709,0.6968122495171954,1.000676401463723
D-s2718,inferred_persistence,extratropics,20,so,0.005061906986277658,0.014763664166017876,1203.9489008220569,1203.815321375245,0.07114707995608574,0.1215058194738749,34.69796681106916,34.69604186899775,1.0000554801633763
D-s2718,inferred_persistence,extratropics,20,sst,0.006858784112740592,0.9288346364040567,264.66212894940617,264.7955252907493,0.08281777655033122,0.9637606738210772,16.268439659334454,16.272538993370066,0.9997480827031797
D-s2718,inferred_persistence,extratropics,20,thetao,0.006269579884785834,0.23316434492879307,91.53699685621474,91.90216510698583,0.07918067873405629,0.4828709402405503,9.56749689606507,9.5865616936932,0.9980112997509135
D-s2718,inferred_persistence,extratropics,20,ts,0.005665743435531746,,,,0.07527113281684916,,,,
D-s2718,inferred_persistence,extratropics,20,uo,0.423730626900357,0.001170828529197022,0.003524340381097067,0.0036474580241133764,0.6509459477563072,0.03421737174589863,0.05936615518203168,0.06039418866176924,0.982977940386037
D-s2718,inferred_persistence,extratropics,20,vo,0.7563676377644506,0.001728362322250396,0.0030513843475870016,0.0030871982566572026,0.8696939908752104,0.041573577212580544,0.05523933695824925,0.05556256164592488,0.9941826892407266
D-s2718,inferred_persistence,extratropics,20,zos,0.00518992470549132,0.002405823483555107,0.48620438304814423,0.4854934140287264,0.07204113203921299,0.04904919452503891,0.697283574342709,0.6967735744334212,1.0007319449646215
D-s2718,inferred_persistence,extratropics,25,so,0.0053560076810774074,0.016363182644598528,1203.9489008220569,1203.8151419364283,0.07318475033145504,0.12791865635863492,34.69796681106916,34.69603928312897,1.0000555546967325
D-s2718,inferred_persistence,extratropics,25,sst,0.009848433455000723,1.3337008396182397,264.66212894940617,264.69304988360165,0.0992392737528884,1.1548596623045762,16.268439659334454,16.26938996654766,0.9999415892534902
D-s2718,inferred_persistence,extratropics,25,thetao,0.006933465071571744,0.29142108419109797,91.53699685621474,91.897203308665,0.08326743103742149,0.5398343117949228,9.56749689606507,9.58630290094492,0.9980382421592378
D-s2718,inferred_persistence,extratropics,25,ts,0.006144736376324575,,,,0.07838836888419465,,,,
D-s2718,inferred_persistence,extratropics,25,uo,0.47476075867716777,0.0013558557620273405,0.003524340381097067,0.003646291957531004,0.6890288518466899,0.03682194674412721,0.05936615518203168,0.060384534092191224,0.983135103624303
D-s2718,inferred_persistence,extratropics,25,vo,0.8725895968794126,0.0020498217786724293,0.0030513843475870016,0.0030822245559924397,0.9341250434922579,0.04527495752259111,0.05523933695824925,0.055517785942816915,0.9949845084806792
D-s2718,inferred_persistence,extratropics,25,zos,0.0059416582055314094,0.0027542944451925213,0.48620438304814423,0.48579827914334306,0.07708215231512032,0.05248137236384469,0.697283574342709,0.6969923092426078,1.0004178885422965
D-s2718,inferred_persistence,extratropics,30,so,0.005672955689801954,0.018157202148106243,1203.9489008220569,1203.8158307478568,0.07531902608107698,0.1347486628805876,34.69796681106916,34.69604920949728,1.0000552685857775
D-s2718,inferred_persistence,extratropics,30,sst,0.013398058270339361,1.814400391747253,264.66212894940617,264.72332362936,0.11574998172932625,1.3469968046536906,16.268439659334454,16.27032032964809,0.9998844109842012
D-s2718,inferred_persistence,extratropics,30,thetao,0.00764543679399112,0.3584549421093786,91.53699685621474,91.8930253497211,0.08743818841896897,0.5987110673015646,9.56749689606507,9.58608498552569,0.9980609300367472
D-s2718,inferred_persistence,extratropics,30,ts,0.0066591962418965376,,,,0.08160389844790834,,,,
D-s2718,inferred_persistence,extratropics,30,uo,0.5197222174750814,0.0015283885951498958,0.003524340381097067,0.003653029506141431,0.7209176218369762,0.03909461081977791,0.05936615518203168,0.06044029703882527,0.9822280513263594
D-s2718,inferred_persistence,extratropics,30,vo,0.971995724667139,0.002324279090081811,0.0030513843475870016,0.003089732657977778,0.9858984352696474,0.04821077773778194,0.05523933695824925,0.055585363702846974,0.9937748586759719
D-s2718,inferred_persistence,extratropics,30,zos,0.006787142434129156,0.0031462241895496303,0.48620438304814423,0.486308480151976,0.08238411518083541,0.056091213122463575,0.697283574342709,0.6973582150888996,0.9998929664201618
D-s2718,inferred_persistence,global,0,so,0.004168995814001167,0.011286218958117857,1210.1747763926269,1210.2027203703358,0.06456776141389112,0.10623661778369009,34.787566405148645,34.787968040262655,0.9999884547693747
D-s2718,inferred_persistence,global,0,sst,0.0,0.0,447.4121497568458,447.4121497568458,0.0,0.0,21.15211927341669,21.15211927341669,1.0
D-s2718,inferred_persistence,global,0,thetao,0.0037691474214546386,0.09748769011899201,142.51184744509115,142.8450749442232,0.06139338255426751,0.31223018771251443,11.937832610867483,11.951781245664732,0.9988329241884085
D-s2718,inferred_persistence,global,0,ts,0.003969071617727902,,,,0.06300056839210184,,,,
D-s2718,inferred_persistence,global,0,uo,0.16080665433703106,0.0003620347198676158,0.005838492512664986,0.006036315295715531,0.40100705023357264,0.01902720998642775,0.07641002887491266,0.07769372751847817,0.9834774481214047
D-s2718,inferred_persistence,global,0,vo,0.165193095587388,0.00022698432820172289,0.0029265995349583283,0.003028792257069194,0.40643953497093266,0.015065999077449954,0.054098054816770706,0.05503446426621408,0.9829850356148877
D-s2718,inferred_persistence,global,0,zos,0.0,0.0,0.3823900824845439,0.3823900824845439,0.0,0.0,0.6183769744132974,0.6183769744132974,1.0
D-s2718,inferred_persistence,global,5,so,0.004296370664676269,0.011928667452799982,1210.1747763926269,1210.2049461904198,0.06554670597883824,0.10921843916115988,34.787566405148645,34.788000031482404,0.9999875351749636
D-s2718,inferred_persistence,global,5,sst,0.0006431060163491869,0.08709111316788072,447.4121497568458,447.5149160057607,0.025359535018394698,0.2951120349424617,21.15211927341669,21.154548352677274,0.9998851746102027
D-s2718,inferred_persistence,global,5,thetao,0.004004442180143871,0.11486783411403995,142.51184744509115,142.85127031421823,0.06328066197618251,0.33892157516753035,11.937832610867483,11.95204042472323,0.9988112645748456
D-s2718,inferred_persistence,global,5,ts,0.00415040642241007,,,,0.06442364800607049,,,,
D-s2718,inferred_persistence,global,5,uo,0.23898351066515583,0.0008442392307870489,0.005838492512664986,0.006021049417328951,0.4888593976443082,0.02905579513259014,0.07641002887491266,0.07759542136833172,0.9847234221747155
D-s2718,inferred_persistence,global,5,vo,0.3257776683850975,0.0008162155016340055,0.0029265995349583283,0.0030267310920001978,0.5707693653176364,0.028569485498237547,0.054098054816770706,0.05501573494919611,0.9833196787560354
D-s2718,inferred_persistence,global,5,zos,0.0014111399015580607,0.0006541431122435454,0.3823900824845439,0.3824243370932762,0.03756514210751852,0.02557622161781418,0.6183769744132974,0.6184046709827443,0.9999552128715281
D-s2718,inferred_persistence,global,10,so,0.004494523518020113,0.012936898077877679,1210.1747763926269,1210.2051304315771,0.06704120761158851,0.11374048565870325,34.787566405148645,34.78800267953849,0.9999874590561045
D-s2718,inferred_persistence,global,10,sst,0.0018451112302518302,0.24986982985277364,447.4121497568458,447.5531859735046,0.04295475794660971,0.4998698129040937,21.15211927341669,21.15545286618806,0.999842423946561
D-s2718,inferred_persistence,global,10,thetao,0.004386414352328259,0.14340370841147024,142.51184744509115,142.85481616379704,0.06623001096427705,0.3786868210163515,11.937832610867483,11.9521887603818,0.9987988685752769
D-s2718,inferred_persistence,global,10,ts,0.004440468935174186,,,,0.06663684367655918,,,,
D-s2718,inferred_persistence,global,10,uo,0.33648478216404987,0.0013814286799367533,0.005838492512664986,0.006058213364304922,0.5800730834679798,0.037167575653205484,0.07641002887491266,0.07783452552887389,0.9816983961258582
D-s2718,inferred_persistence,global,10,vo,0.5295044702300995,0.0014977742042623795,0.0029265995349583283,0.0030354276251364294,0.7276705780984274,0.03870108789507576,0.054098054816770706,0.05509471503816341,0.9819100576034864
D-s2718,inferred_persistence,global,10,zos,0.0024554079193903596,0.0011382203741995788,0.3823900824845439,0.3825429512394799,0.049552072806194086,0.03373752175545173,0.6183769744132974,0.6185005668869511,0.9998001740333469
D-s2718,inferred_persistence,global,15,so,0.004733702657063571,0.014190522841129939,1210.1747763926269,1210.2040153150544,0.06880190881845918,0.11912398096575659,34.787566405148645,34.787986652220255,0.999987919764492
D-s2718,inferred_persistence,global,15,sst,0.00338926241436799,0.4589828567372428,447.4121497568458,447.6225280761719,0.05821737210118635,0.6774827353794655,21.15211927341669,21.157091673388663,0.9997649771505114
D-s2718,inferred_persistence,global,15,thetao,0.004842808447395613,0.17943126765287798,142.51184744509115,142.8625363302485,0.06959028989302755,0.423593280934528,11.937832610867483,11.95251171638198,0.9987718811022475
D-s2718,inferred_persistence,global,15,ts,0.004788255552229592,,,,0.06919722214243569,,,,
D-s2718,inferred_persistence,global,15,uo,0.4177142596827866,0.0018251905451625848,0.005838492512664986,0.00607172364122181,0.6463081770199002,0.04272224883082098,0.07641002887491266,0.07792126565464533,0.980605592490879
D-s2718,inferred_persistence,global,15,vo,0.6762718025323624,0.001950975344583595,0.0029265995349583283,0.003021085084922215,0.8223574663930293,0.044169846553770084,0.054098054816770706,0.05496439834040044,0.984238096844718
D-s2718,inferred_persistence,global,15,zos,0.003300508627705608,0.0015299723241383627,0.3823900824845439,0.38176642012114476,0.057450053330746424,0.039114860656000845,0.6183769744132974,0.6178724950352983,1.0008164781278543
D-s2718,inferred_persistence,global,20,so,0.0049970661361503485,0.01562138850486652,1210.1747763926269,1210.202575716042,0.07068992952429892,0.12498555318462418,34.787566405148645,34.78796596117746,0.9999885145331789
D-s2718,inferred_persistence,global,20,sst,0.005234123540411869,0.708818817228982,447.4121497568458,447.5783386230469,0.07234724279757916,0.8419137825389141,21.15211927341669,21.156047329854573,0.9998143293793667
D-s2718,inferred_persistence,global,20,thetao,0.00534110411562075,0.22156177376605737,142.51184744509115,142.8654907852846,0.07308285787803287,0.47070348816007024,11.937832610867483,11.95263530713142,0.9987615537591861
D-s2718,inferred_persistence,global,20,ts,0.005169085125885549,,,,0.07189634987873549,,,,
D-s2718,inferred_persistence,global,20,uo,0.47857432005603157,0.0021546226843059952,0.005838492512664986,0.006062034398403562,0.6917906620185268,0.046417913398880774,0.07641002887491266,0.07785906754131829,0.9813889542712974
D-s2718,inferred_persistence,global,20,vo,0.7678913689084284,0.0022206208428398985,0.0029265995349583283,0.0030253581323639433,0.8762941109629965,0.04712346382472216,0.054098054816770706,0.055003255652406095,0.9835427771520322
D-s2718,inferred_persistence,global,20,zos,0.0040787027048115885,0.0018907092768002264,0.3823900824845439,0.3817692986040404,0.06386472191133058,0.0434822869315797,0.6183769744132974,0.6178748243811528,1.0008127051181404
D-s2718,inferred_persistence,global,25,so,0.00528026578633433,0.017212640806570846,1210.1747763926269,1210.2032899020012,0.0726654373573457,0.13119695425798134,34.787566405148645,34.78797622601811,0.9999882194679334
D-s2718,inferred_persistence,global,25,sst,0.00743844932547267,1.0073344295073037,447.4121497568458,447.44390838314786,0.08624644529180707,1.003660515068369,21.15211927341669,21.152869979819474,0.9999645104232429
D-s2718,inferred_persistence,global,25,thetao,0.005873121284225366,0.26964301243950306,142.51184744509115,142.86061202031462,0.07663629221345045,0.5192716172096286,11.937832610867483,11.952431217970451,0.9987786077295288
D-s2718,inferred_persistence,global,25,ts,0.005576693535279848,,,,0.07467726250526226,,,,
D-s2718,inferred_persistence,global,25,uo,0.5290594885857546,0.0024373067294630136,0.005838492512664986,0.006050301252170681,0.727364756216408,0.04936908677971483,0.07641002887491266,0.07778368242871175,0.9823400807096265
D-s2718,inferred_persistence,global,25,vo,0.8289980290735864,0.002391578060807829,0.0029265995349583283,0.0030246617876605224,0.9104932888679556,0.04890376325813617,0.054098054816770706,0.054996925256422496,0.9836559873945531
D-s2718,inferred_persistence,global,25,zos,0.00471159857415561,0.0021840922823739757,0.3823900824845439,0.3820452109129742,0.06864108517612182,0.04673427310201771,0.6183769744132974,0.6180980593020611,1.0004512473498968
D-s2718,inferred_persistence,global,30,so,0.005598775534513632,0.019058656933950934,1210.1747763926269,1210.2057858213093,0.07482496598404595,0.1380530946192476,34.787566405148645,34.78801209930383,0.9999871882833112
D-s2718,inferred_persistence,global,30,sst,0.010055743804615361,1.361775347379723,447.4121497568458,447.40683569089333,0.10027833168045508,1.1669513046308844,21.15211927341669,21.151993657593916,1.0000059387226004
D-s2718,inferred_persistence,global,30,thetao,0.006449091692709061,0.32488257814402943,142.51184744509115,142.8516729706198,0.08030623694775556,0.5699847174653276,11.937832610867483,11.952057269383367,0.9988098568978311
D-s2718,inferred_persistence,global,30,ts,0.006023933613611347,,,,0.07761400397873663,,,,
D-s2718,inferred_persistence,global,30,uo,0.578637204783068,0.00273906574351832,0.005838492512664986,0.00603941450658323,0.7606820655063902,0.05233608452605449,0.07641002887491266,0.07771367001102979,0.9832250730671694
D-s2718,inferred_persistence,global,30,vo,0.8946012853942356,0.0025890303520386356,0.0029265995349583283,0.0030287501390764563,0.9458336457296471,0.05088251518978436,0.054098054816770706,0.05503408161381869,0.982991870317448
D-s2718,inferred_persistence,global,30,zos,0.005412730204900958,0.0025091064221347496,0.3823900824845439,0.38252979486879674,0.07357125936737088,0.050090981445113945,0.6183769744132974,0.6184899310973435,0.9998173669798541
D-s2718,inferred_persistence,tropics,0,so,0.004121970847864293,0.012577390968426555,1220.8689058943671,1221.1740320297963,0.06420257664505602,0.11214896775461893,34.940934530924714,34.94530057146163,0.9998750607244603
D-s2718,inferred_persistence,tropics,0,sst,0.0,0.0,764.1281806098091,764.1281806098091,0.0,0.0,27.642868530776777,27.642868530776777,1.0
D-s2718,inferred_persistence,tropics,0,thetao,0.0027335859968433763,0.10195734651103887,230.31489398095476,230.62646323308667,0.0522837068009086,0.31930760484372883,15.176129084221534,15.186390724365243,0.9993242870982343
D-s2718,inferred_persistence,tropics,0,ts,0.0034277784223538344,,,,0.05854723240558715,,,,
D-s2718,inferred_persistence,tropics,0,uo,0.20288122727563884,0.0006647598738288323,0.009848802811614423,0.01017016792576906,0.4504233866881679,0.025782937649322126,0.09924113467516595,0.10084725046211751,0.9840737771273705
D-s2718,inferred_persistence,tropics,0,vo,0.19982710689829103,0.00043021109524522626,0.002730502168266618,0.002943038601592826,0.4470202533423861,0.020741530687131707,0.052254207182452,0.05424977973773558,0.9632151030855619
D-s2718,inferred_persistence,tropics,0,zos,0.0,0.0,0.20247419479519427,0.20247419479519427,0.0,0.0,0.4499713266367028,0.4499713266367028,1.0
D-s2718,inferred_persistence,tropics,5,so,0.004248977222183129,0.013280009654906047,1220.8689058943671,1221.1754554695806,0.06518417923225796,0.11523892421793101,34.940934530924714,34.94532093813964,0.999874477981682
D-s2718,inferred_persistence,tropics,5,sst,0.00035848081769826164,0.0485464182465967,764.1281806098091,764.1688966076783,0.01893358966752638,0.22033251745168417,27.642868530776777,27.643604985740886,0.9999733589390932
D-s2718,inferred_persistence,tropics,5,thetao,0.002932498082058615,0.11963098991724844,230.31489398095476,230.626773843594,0.05415254455756087,0.3458771312435219,15.176129084221534,15.18640095096906,0.9993236141479017
D-s2718,inferred_persistence,tropics,5,ts,0.0035907376521208717,,,,0.05992276405608199,,,,
D-s2718,inferred_persistence,tropics,5,uo,0.2939330130292658,0.001510967786796998,0.009848802811614423,0.010132723456349605,0.5421558936590709,0.03887116909480596,0.09924113467516595,0.10066142983461741,0.9858903736834957
D-s2718,inferred_persistence,tropics,5,vo,0.40789538260662195,0.0014175203091604345,0.002730502168266618,0.0029323185698539238,0.6386668792153088,0.03764997090517381,0.052254207182452,0.05415088706433094,0.9649741678354098
D-s2718,inferred_persistence,tropics,5,zos,0.0004649578865306535,0.00021553426396539192,0.20247419479519427,0.20231088153039561,0.021562882148049075,0.014681085244810477,0.4499713266367028,0.4497898192827352,1.0004035381553478
D-s2718,inferred_persistence,tropics,10,so,0.004449361576310619,0.014412305509768157,1220.8689058943671,1221.173619028484,0.06670353496112945,0.12005126200822779,34.940934530924714,34.945294662207154,0.9998752298034804
D-s2718,inferred_persistence,tropics,10,sst,0.0009834992474725343,0.13318806254502494,764.1281806098091,764.1982039634628,0.031360791563232814,0.36494939723888425,27.642868530776777,27.644135073528034,0.9999541840340496
D-s2718,inferred_persistence,tropics,10,thetao,0.0032143029741334575,0.14451436629108536,230.31489398095476,230.62331886524305,0.056694823168729064,0.3801504521779309,15.176129084221534,15.186287198168058,0.999331099575955
D-s2718,inferred_persistence,tropics,10,ts,0.0038318322752220377,,,,0.06190179541194292,,,,
D-s2718,inferred_persistence,tropics,10,uo,0.41271809976130075,0.0025377306392522056,0.009848802811614423,0.010229659401123631,0.6424313969298985,0.05037589343378642,0.09924113467516595,0.10114177871247683,0.9812081212975897
D-s2718,inferred_persistence,tropics,10,vo,0.6530679503474572,0.002510324632828604,0.002730502168266618,0.002950692858166014,0.8081261970431705,0.05010313994979361,0.052254207182452,0.05432028035794747,0.9619649758454683
D-s2718,inferred_persistence,tropics,10,zos,0.001050578159835105,0.0004870023641904121,0.20247419479519427,0.2024477909911762,0.03241262346424777,0.02206813005649577,0.4499713266367028,0.4499419862506457,1.0000652092646467
D-s2718,inferred_persistence,tropics,15,so,0.004675019729407362,0.015683068948066408,1220.8689058943671,1221.1713305832793,0.06837411593144997,0.125232060384178,34.940934530924714,34.945261918939444,0.9998761666739037
D-s2718,inferred_persistence,tropics,15,sst,0.0016686349814390325,0.22597095069259102,764.1281806098091,764.2779658153804,0.040848928767337735,0.47536401913963894,27.642868530776777,27.64557769002812,0.9999020038835246
D-s2718,inferred_persistence,tropics,15,thetao,0.0035251507032677824,0.1723358026002519,230.31489398095476,230.6309176207124,0.059372979572089715,0.4151334756439811,15.176129084221534,15.186537380874958,0.999314636615814
D-s2718,inferred_persistence,tropics,15,ts,0.004100085216337572,,,,0.06403190779867153,,,,
D-s2718,inferred_persistence,tropics,15,uo,0.5122488089646513,0.003338050233614513,0.009848802811614423,0.010281492802433246,0.7157155922324533,0.0577758620326388,0.09924113467516595,0.10139769623829353,0.9787316512787482
D-s2718,inferred_persistence,tropics,15,vo,0.7797994076540216,0.0030128644767862833,0.002730502168266618,0.0029324916814102296,0.883062516277314,0.05488956619236741,0.052254207182452,0.05415248545921258,0.9649456851211317
D-s2718,inferred_persistence,tropics,15,zos,0.001636468895917914,0.0007585958410712464,0.20247419479519427,0.20190843036680506,0.04045329276978469,0.027542618631336536,0.4499713266367028,0.44934221965758464,1.0014000620275512
D-s2718,inferred_persistence,tropics,20,so,0.004921427798622767,0.017110712435076874,1220.8689058943671,1221.1699123352148,0.07015288874039875,0.1308079219125389,34.940934530924714,34.94524162651068,0.9998767472941811
D-s2718,inferred_persistence,tropics,20,sst,0.002418497383284018,0.32751929609462466,764.1281806098091,764.3511999881629,0.04917822061933533,0.572293015940807,27.642868530776777,27.6469021770643,0.9998541013289051
D-s2718,inferred_persistence,tropics,20,thetao,0.003838126761846583,0.20188495162419118,230.31489398095476,230.64490313107183,0.06195261707019795,0.44931609321744886,15.176129084221534,15.186997831404067,0.9992843386623749
D-s2718,inferred_persistence,tropics,20,ts,0.0043797772802346745,,,,0.06617988576776689,,,,
D-s2718,inferred_persistence,tropics,20,uo,0.5776413023186643,0.0038549932795115868,0.009848802811614423,0.010244555810134651,0.7600271720923301,0.06208859218497056,0.09924113467516595,0.1012153931481504,0.9804944839754295
D-s2718,inferred_persistence,tropics,20,vo,0.7971895870567953,0.0030762900383340458,0.002730502168266618,0.0029367464090602246,0.8928547401771441,0.05546431319627104,0.052254207182452,0.05419175591416304,0.9642464301252757
D-s2718,inferred_persistence,tropics,20,zos,0.002152893962714817,0.0009979880514855172,0.20247419479519427,0.20200970227068119,0.04639928838586662,0.03159094888548803,0.4499713266367028,0.4494548945897477,1.001149018629392
D-s2718,inferred_persistence,tropics,25,so,0.005186910389959396,0.018687860360921165,1220.8689058943671,1221.1721649575525,0.07202020820547102,0.13670354918918953,34.940934530924714,34.94527385724073,0.9998758250877146
D-s2718,inferred_persistence,tropics,25,sst,0.003261814392501002,0.441723510773495,764.1281806098091,764.1613788026752,0.05711229633363556,0.6646228334728614,27.642868530776777,27.6434690081161,0.999978277786368
D-s2718,inferred_persistence,tropics,25,thetao,0.004148093569544476,0.23240539872986585,230.31489398095476,230.64014333887937,0.06440569516389429,0.48208443112163024,15.176129084221534,15.18684112443662,0.9992946498796349
D-s2718,inferred_persistence,tropics,25,ts,0.004667501979751936,,,,0.06831911869858931,,,,
D-s2718,inferred_persistence,tropics,25,uo,0.6282549952649487,0.0043073628213649824,0.009848802811614423,0.010214627334406852,0.7926253814160562,0.065630502217833,0.09924113467516595,0.10106743953621686,0.9819298394276975
D-s2718,inferred_persistence,tropics,25,vo,0.7669437697027542,0.002990365128827041,0.002730502168266618,0.002943455925030582,0.8757532584596841,0.05468423108014815,0.052254207182452,0.054253625915975254,0.9631468183044608
D-s2718,inferred_persistence,tropics,25,zos,0.0025798376318010336,0.0011959005778683163,0.20247419479519427,0.20223544221935846,0.050792102061255874,0.03458179546912387,0.4499713266367028,0.44970595083827664,1.0005901095992427
D-s2718,inferred_persistence,tropics,30,so,0.005509089366970994,0.02062390894722094,1220.8689058943671,1221.1777864219914,0.0742232400732479,0.14361026755500786,34.940934530924714,34.94535428954744,0.999873523714022
D-s2718,inferred_persistence,tropics,30,sst,0.004263328786967553,0.5773512310150898,764.1281806098091,764.0076028843118,0.0652941711561419,0.7598363185680781,27.642868530776777,27.640687453178725,1.0000789082254826
D-s2718,inferred_persistence,tropics,30,thetao,0.004494164435427553,0.2672753875720447,230.31489398095476,230.622964074716,0.06703852948437601,0.5169868350084408,15.176129084221534,15.186275516884185,0.9993318682614858
D-s2718,inferred_persistence,tropics,30,ts,0.0050016269011992735,,,,0.07072218111172246,,,,
D-s2718,inferred_persistence,tropics,30,uo,0.6865531012994187,0.004833154777402689,0.009848802811614423,0.010173216723607506,0.8285849994414687,0.06952089453828028,0.09924113467516595,0.10086236524892477,0.9839263081947595
D-s2718,inferred_persistence,tropics,30,vo,0.7767507447992341,0.0030572017565279152,0.002730502168266618,0.0029416438090203428,0.881334638374797,0.055291968282273285,0.052254207182452,0.05423692293097335,0.9634434322344444
D-s2718,inferred_persistence,tropics,30,zos,0.0030307984461706403,0.001404946403591984,0.20247419479519427,0.20267562959531338,0.05505268791049753,0.03748261468457055,0.4499713266367028,0.45019510170071086,0.9995029375860317
D-s2718,true,extratropics,0,so,0.0,0.0,1203.8131713542705,1203.8131713542705,0.0,0.0,34.69601088532038,34.69601088532038,1.0
D-s2718,true,extratropics,0,sst,0.0,0.0,264.66212894940617,264.66212894940617,0.0,0.0,16.268439659334454,16.268439659334454,1.0
D-s2718,true,extratropics,0,thetao,0.0,0.0,91.88061453580991,91.88061453580991,0.0,0.0,9.585437628810169,9.585437628810169,1.0
D-s2718,true,extratropics,0,ts,0.0,,,,0.0,,,,
D-s2718,true,extratropics,0,uo,0.0,0.0,0.0036498695552275684,0.0036498695552275684,0.0,0.0,0.06041415028970919,0.06041415028970919,1.0
D-s2718,true,extratropics,0,vo,0.0,0.0,0.0030889873151848375,0.0030889873151848375,0.0,0.0,0.05557865881059777,0.05557865881059777,1.0
D-s2718,true,extratropics,0,zos,0.0,0.0,0.48620438304814423,0.48620438304814423,0.0,0.0,0.697283574342709,0.697283574342709,1.0
D-s2718,true,extratropics,5,so,0.0004390761456008541,0.0015091831357066775,1203.8180408629885,1203.8158635205882,0.020954143876590475,0.03884820633834563,34.696081059148284,34.69604968178061,1.00000090434986
D-s2718,true,extratropics,5,sst,0.0006140083112198405,0.08315062504073582,264.2250679093178,264.80069678720804,0.024779191092927963,0.28835850089902987,16.25500131988053,16.272697895161947,0.9989124989970669
D-s2718,true,extratropics,5,thetao,0.0002875325802354259,0.01857672956929682,91.86768213767395,91.89021460419285,0.016956785669325007,0.13629647673104694,9.584763019379976,9.585938378906514,0.999877387118498
D-s2718,true,extratropics,5,ts,0.00036330436291814004,,,,0.01906054466478175,,,,
D-s2718,true,extratropics,5,uo,0.041287841846951494,0.00013617416307618613,0.003545476883654851,0.0036474312009881155,0.20319409894716797,0.011669368580869581,0.05954390719170897,0.06039396659425605,0.9859247628449705
D-s2718,true,extratropics,5,vo,0.057162394641182085,0.0001350713467013486,0.0029839959568234006,0.003091959232748583,0.2390865839840916,0.011622019906253327,0.054625964127174916,0.05560538852259359,0.982386160380469
D-s2718,true,extratropics,5,zos,0.0012506681454433313,0.0005797553831602757,0.48390931192070546,0.4863526396679156,0.03536478680047897,0.024078110041285957,0.695635904709285,0.6973898763732634,0.9974849481998508
D-s2718,true,extratropics,10,so,0.0007208407725492497,0.002766574237875971,1203.8129591427225,1203.8172161582934,0.026848478030407043,0.05259823417070169,34.696007827165396,34.69606917445106,0.9999982318664008
D-s2718,true,extratropics,10,sst,0.0009206010386196788,0.12467022119748468,264.21531214858544,264.84413516882694,0.030341407986770798,0.3530867049288102,16.254701232215417,16.274032541715865,0.9988121377138153
D-s2718,true,extratropics,10,thetao,0.0005100243281199822,0.029791944109743784,91.84432368410289,91.89780742649144,0.022583718208478917,0.1726034301795413,9.58354442177334,9.58633441032032,0.9997089619006012
D-s2718,true,extratropics,10,ts,0.0006154325503346159,,,,0.02480791305883298,,,,
D-s2718,true,extratropics,10,uo,0.0798268631464073,0.00019954431409439704,0.003520953164084399,0.003650042322148721,0.28253648108944673,0.014126015506659938,0.05933762014173133,0.060415580127552534,0.9821575828032213
D-s2718,true,extratropics,10,vo,0.11379941858466094,0.00021797997053972604,0.0029541036460301756,0.0030950805369513337,0.33734169410949033,0.014764144761540577,0.05435166645127061,0.05563344800523633,0.9769602352555055
D-s2718,true,extratropics,10,zos,0.0015034078904944525,0.0006969145436258041,0.4837718437416385,0.4864606968682222,0.03877380417878097,0.026399139069784153,0.6955370901264997,0.697467344660825,0.9972324804177548
D-s2718,true,extratropics,15,so,0.001046914863024131,0.003998561729694741,1203.8077903313563,1203.8167773930713,0.032356063775189514,0.06323418165592673,34.69593333996588,34.696062851468774,0.9999962672565056
D-s2718,true,extratropics,15,sst,0.0012972839605862312,0.17568161662178808,264.1106872558594,264.9074671581538,0.0360178283713251,0.4191439092027798,16.251482617160175,16.275978224308172,0.9984949840304276
D-s2718,true,extratropics,15,thetao,0.0008086913105551139,0.044682439822767435,91.81806309158286,91.90559417755247,0.028437498317452504,0.211382212645169,9.582174236131529,9.586740539805616,0.9995236854846413
D-s2718,true,extratropics,15,ts,0.0009278030867896225,,,,0.030459860255582633,,,,
D-s2718,true,extratropics,15,uo,0.11178885108173872,0.0002637531972086569,0.003513151167530493,0.003641342693249186,0.3343483977556027,0.016240480202526553,0.059271841269952906,0.06034353895198048,0.9822400591572794
D-s2718,true,extratropics,15,vo,0.16211736040236402,0.00029693423201157645,0.0029358580354770223,0.003082921659519059,0.4026380016868304,0.01723177971109126,0.05418355871920026,0.055524063787866416,0.975857223387185
D-s2718,true,extratropics,15,zos,0.0018614746790115405,0.0008628987413219152,0.4825456244776947,0.48554731107721427,0.04314481056872936,0.0293751381498354,0.6946550399138371,0.6968122495171954,0.996904173821782
D-s2718,true,extratropics,20,so,0.0013315710503189319,0.005124939209145821,1203.7978896567442,1203.815321375245,0.03649069813416745,0.07158868073338005,34.69579066193397,34.69604186899775,0.9999927597774775
D-s2718,true,extratropics,20,sst,0.0015933790897968878,0.21577959921624923,264.02940183697325,264.7955252907493,0.03991715282678473,0.464520827537635,16.24898156306952,16.272538993370066,0.9985523199354358
D-s2718,true,extratropics,20,thetao,0.0010889449837983831,0.057905078236845105,91.79183218307901,91.90216510698583,0.032999166410659274,0.24063474029500626,9.580805403674526,9.5865616936932,0.9993995459266214
D-s2718,true,extratropics,20,ts,0.0012102580170586577,,,,0.03478876279862016,,,,
D-s2718,true,extratropics,20,uo,0.13925882153696256,0.0003319529514681457,0.003510179562457718,0.0036474580241133764,0.37317398293150417,0.01821957605072483,0.05924676837142865,0.06039418866176924,0.9810011473659066
D-s2718,true,extratropics,20,vo,0.20423935414754854,0.00037996080160913333,0.0029277728704544463,0.0030871982566572026,0.4519284834435074,0.019492583246176823,0.05410889825578087,0.05556256164592488,0.9738373583383799
D-s2718,true,extratropics,20,zos,0.002107171820373124,0.0009767932533944557,0.482453359497918,0.4854934140287264,0.04590394122919212,0.031253691836236816,0.6945886260931128,0.6967735744334212,0.9968641917252887
D-s2718,true,extratropics,25,so,0.0016295046453874418,0.006172815685843345,1203.7923860443457,1203.8151419364283,0.0403671233231629,0.07856726854004373,34.69571134944989,34.69603928312897,0.9999905483828744
D-s2718,true,extratropics,25,sst,0.0018745640438576395,0.25385840718794345,263.8690546209162,264.69304988360165,0.04329623590865191,0.5038436336681684,16.24404674398951,16.26938996654766,0.9984422757945898
D-s2718,true,extratropics,25,thetao,0.001388803211616746,0.07157829837164205,91.76198734946792,91.897203308665,0.037266650126040926,0.2675412087354807,9.579247744445693,9.58630290094492,0.9992640378076796
D-s2718,true,extratropics,25,ts,0.0015091539285020938,,,,0.0388478304220724,,,,
D-s2718,true,extratropics,25,uo,0.16231320493402535,0.0003881949956541135,0.0035136868612946305,0.003646291957531004,0.4028811300297215,0.019702664684100816,0.059276360054364256,0.060384534092191224,0.9816480485527126
D-s2718,true,extratropics,25,vo,0.2403054325101161,0.0004500155716637677,0.0029160217806502194,0.0030822245559924397,0.4902095801900613,0.021213570460056168,0.05400020167231063,0.055517785942816915,0.9726648992798561
D-s2718,true,extratropics,25,zos,0.002362696312819417,0.0010952433027947475,0.48273285440724306,0.48579827914334306,0.04860757464448743,0.033094460303723754,0.6947897915249209,0.6969923092426078,0.996839968406423
D-s2718,true,extratropics,30,so,0.0019085427261282585,0.007176986127461645,1203.7876881868644,1203.8158307478568,0.04368687132455537,0.0847170946589981,34.69564364854563,34.69604920949728,0.9999883110336509
D-s2718,true,extratropics,30,sst,0.0021627061562894375,0.29287937283515925,263.80723818384035,264.72332362936,0.04650490464767601,0.541183307979061,16.24214389124294,16.27032032964809,0.9982682308747292
D-s2718,true,extratropics,30,thetao,0.001683165318390118,0.08461627166571872,91.73779160864694,91.8930253497211,0.041026397823719765,0.290888761669678,9.57798473629223,9.58608498552569,0.9991549992258892
D-s2718,true,extratropics,30,ts,0.0017958540222591881,,,,0.042377517886954964,,,,
D-s2718,true,extratropics,30,uo,0.18346596600122428,0.0004527337848014199,0.003513392954228124,0.003653029506141431,0.4283292728745308,0.02127754179414107,0.059273880877061896,0.06044029703882527,0.9807013496142466
D-s2718,true,extratropics,30,vo,0.2735532109468684,0.0005244747666726146,0.002908512342294659,0.003089732657977778,0.5230231457085512,0.022901414075829785,0.0539306252726098,0.055585363702846974,0.9702306808842123
D-s2718,true,extratropics,30,zos,0.0026500700382665757,0.0012284572673678788,0.4818956367295198,0.486308480151976,0.05147883097222174,0.03504935473539961,0.6941870329597923,0.6973582150888996,0.9954525779427392
D-s2718,true,global,0,so,0.0,0.0,1210.2027203703358,1210.2027203703358,0.0,0.0,34.787968040262655,34.787968040262655,1.0
D-s2718,true,global,0,sst,0.0,0.0,447.4121497568458,447.4121497568458,0.0,0.0,21.15211927341669,21.15211927341669,1.0
D-s2718,true,global,0,thetao,0.0,0.0,142.8450749442232,142.8450749442232,0.0,0.0,11.951781245664732,11.951781245664732,1.0
D-s2718,true,global,0,ts,0.0,,,,0.0,,,,
D-s2718,true,global,0,uo,0.0,0.0,0.006036315295715531,0.006036315295715531,0.0,0.0,0.07769372751847817,0.07769372751847817,1.0
D-s2718,true,global,0,vo,0.0,0.0,0.003028792257069194,0.003028792257069194,0.0,0.0,0.05503446426621408,0.05503446426621408,1.0
D-s2718,true,global,0,zos,0.0,0.0,0.3823900824845439,0.3823900824845439,0.0,0.0,0.6183769744132974,0.6183769744132974,1.0
D-s2718,true,global,5,so,0.0004488590740463073,0.001663188841623435,1210.210484652238,1210.2049461904198,0.02118629448597152,0.04078221231889505,34.788079634441424,34.788000031482404,1.000002288230394
D-s2718,true,global,5,sst,0.0005420371513775586,0.07340410099637625,446.47430450747714,447.5149160057607,0.02328169133412688,0.2709319121040861,21.129938582671677,21.154548352677274,0.9988366676709275
D-s2718,true,global,5,thetao,0.00028921609061919045,0.020412096540958463,142.9041842155652,142.85127031421823,0.017006354418839756,0.1428709086586855,11.954253812579237,11.95204042472323,1.0001851891206317
D-s2718,true,global,5,ts,0.0003690375823327489,,,,0.019210350916439526,,,,
D-s2718,true,global,5,uo,0.040017892204518124,0.00022575048732964058,0.005803782739968453,0.006021049417328951,0.20004472551036712,0.015024995418622948,0.07618256191523394,0.07759542136833172,0.9817919739569273
D-s2718,true,global,5,vo,0.054117813512310535,0.0001841247319172264,0.0028802020657410503,0.0030267310920001978,0.23263235697621804,0.013569256866801011,0.053667514063360997,0.05501573494919611,0.9754939039334817
D-s2718,true,global,5,zos,0.0008838565648542293,0.00040971747901746467,0.38138436247604063,0.3824243370932762,0.02972972527377657,0.02024147917068969,0.6175632457295694,0.6184046709827443,0.99863936142035
D-s2718,true,global,10,so,0.0007591309932117121,0.0030909672274122037,1210.2221742637103,1210.2051304315771,0.027552331901523546,0.0555964677602112,34.78824764577414,34.78800267953849,1.000007041687271
D-s2718,true,global,10,sst,0.0008154485081886403,0.11043018832652252,446.1774772875237,447.5531859735046,0.028556059045124562,0.332310379504647,21.12291356057501,21.15545286618806,0.9984618951048287
D-s2718,true,global,10,thetao,0.0004984780468417316,0.03249228132932024,142.94433073714526,142.85481616379704,0.022326621930819083,0.18025615476127366,11.955932867708201,11.9521887603818,1.0003132570445015
D-s2718,true,global,10,ts,0.0006288045200267218,,,,0.025075974956653667,,,,
D-s2718,true,global,10,uo,0.07356511874858172,0.00035073887106345104,0.005742142686998547,0.006058213364304922,0.2712289047070421,0.01872802368279822,0.07577692714143631,0.07783452552887389,0.9735644513349763
D-s2718,true,global,10,vo,0.0986378032046705,0.00027988505033100576,0.002840242299215252,0.0030354276251364294,0.31406655855832616,0.016729765399759965,0.05329392366128856,0.05509471503816341,0.9673146258107067
D-s2718,true,global,10,zos,0.0010875075422885404,0.0005041212210962718,0.3815581061021246,0.3825429512394799,0.032977379251367754,0.02245264396671964,0.6177038984028874,0.6185005668869511,0.9987119357253406
D-s2718,true,global,15,so,0.0011093598980070575,0.004434517450058894,1210.2274966850869,1210.2040153150544,0.03330705477833574,0.06659217258851743,34.78832414309558,34.787986652220255,1.0000097013626772
D-s2718,true,global,15,sst,0.0011363949455000485,0.15389360133746655,445.7354085902975,447.6225280761719,0.03371045750950361,0.3922927495346639,21.11244676938932,21.157091673388663,0.9978898373798938
D-s2718,true,global,15,thetao,0.0007776608818376978,0.04796962146041104,142.97702096374215,142.8625363302485,0.027886571711805985,0.21901968281506354,11.957299902726458,11.95251171638198,1.0004006008492687
D-s2718,true,global,15,ts,0.0009435103899223777,,,,0.030716614232730432,,,,
D-s2718,true,global,15,uo,0.10107453437576513,0.0004510048402771827,0.005726282541834049,0.00607172364122181,0.3179222143477318,0.021236874541165015,0.07567220455249106,0.07792126565464533,0.9711367483156353
D-s2718,true,global,15,vo,0.1360929180025769,0.0003603114250200263,0.0028184173710583487,0.003021085084922215,0.36890773643633024,0.018981870956784695,0.05308876878454,0.05496439834040044,0.9658755555870098
D-s2718,true,global,15,zos,0.0013628880754394889,0.0006317756652615131,0.38112569517559475,0.38176642012114476,0.03691731403338397,0.025135148005562113,0.6173537844506947,0.6178724950352983,0.9991604892776883
D-s2718,true,global,20,so,0.001406397444641313,0.005600652295108749,1210.232560818402,1210.202575716042,0.03750196587702187,0.0748375059385917,34.78839692797588,34.78796596117746,1.000012388387378
D-s2718,true,global,20,sst,0.001392990301334898,0.1886424213045775,445.46457525696417,447.5783386230469,0.037322785283723105,0.43432985311232924,21.106031726901296,21.156047329854573,0.9976358720429456
D-s2718,true,global,20,thetao,0.0010370991709415904,0.06162493540996035,143.02518127716485,142.8654907852846,0.03220402414204769,0.24824370165214735,11.959313578845771,11.95263530713142,1.0005587279744381
D-s2718,true,global,20,ts,0.0012217483077914515,,,,0.03495351638664487,,,,
D-s2718,true,global,20,uo,0.12450032410692619,0.0005435728005325508,0.005710640739202825,0.006062034398403562,0.3528460345631309,0.02331464776771356,0.07556878151196315,0.07785906754131829,0.9705842093711214
D-s2718,true,global,20,vo,0.16998009283465942,0.0004464991637485871,0.0028058141232993167,0.0030253581323639433,0.4122864208710486,0.02113052682136882,0.05296993603261492,0.055003255652406095,0.963032740595561
D-s2718,true,global,20,zos,0.001565949348121305,0.0007259060435862071,0.3814455180457144,0.3817692986040404,0.03957207788480793,0.026942643589414294,0.6176127573534361,0.6178748243811528,0.9995758574109583
D-s2718,true,global,25,so,0.0017072569199398523,0.006665648787091313,1210.2357286111526,1210.2032899020012,0.04131896562040067,0.0816434246408816,34.78844245739025,34.78797622601811,1.0000134020837865
D-s2718,true,global,25,sst,0.0016274378232826727,0.220391922075339,445.10989441534485,447.44390838314786,0.04034151488581797,0.46945918041437745,21.09762769638674,21.152869979819474,0.9973884260866049
D-s2718,true,global,25,thetao,0.0013105902594804921,0.07533186657118959,143.0552327254271,142.86061202031462,0.03620207534769923,0.2744665126589938,11.960569916413979,11.952431217970451,1.0006809240977927
D-s2718,true,global,25,ts,0.0015089235897101723,,,,0.038844865680166436,,,,
D-s2718,true,global,25,uo,0.14461563640669706,0.0006248783912051193,0.005704156841781379,0.006050301252170681,0.3802836262668918,0.024997567705781282,0.07552586869266303,0.07778368242871175,0.9709731698789397
D-s2718,true,global,25,vo,0.1991760653148047,0.0005203465947955195,0.002790287784127559,0.0030246617876605224,0.44629145781070545,0.022811106829689773,0.052823174688081356,0.054996925256422496,0.9604750527742041
D-s2718,true,global,25,zos,0.0017586236400999617,0.0008152214665614465,0.38197806597960116,0.3820452109129742,0.04193594687258131,0.02855208340141655,0.6180437411539746,0.6180980593020611,0.9999121205005113
D-s2718,true,global,30,so,0.001989467999351544,0.00769200969663272,1210.2414523524722,1210.2057858213093,0.04460345277387777,0.08770410307752266,34.78852472227692,34.78801209930383,1.0000147356213291
D-s2718,true,global,30,sst,0.0018693219465814555,0.25314850849334636,444.8893682306463,447.40683569089333,0.04323565596335339,0.5031386573235517,21.09240072231339,21.151993657593916,0.9971826326990633
D-s2718,true,global,30,thetao,0.0015793205434291992,0.08844961875805436,143.0944794252866,142.8516729706198,0.039740666117079604,0.297404806212096,11.962210474042271,11.952057269383367,1.0008494943113193
D-s2718,true,global,30,ts,0.0017843942713903717,,,,0.042242091228895995,,,,
D-s2718,true,global,30,uo,0.16317696517243274,0.0007079308525927922,0.005699547638336381,0.00603941450658323,0.40395168668100984,0.026606970000223478,0.07549534845496364,0.07771367001102979,0.9714551950029988
D-s2718,true,global,30,vo,0.22670141901426777,0.0005982741709210571,0.0027825581053007344,0.0030287501390764563,0.47613172443586216,0.024459643720239614,0.052749958344066344,0.05503408161381869,0.9584962044832449
D-s2718,true,global,30,zos,0.00198655263779473,0.0009208794429220485,0.38183832981369714,0.38252979486879674,0.044570759896985494,0.030345995500593626,0.6179306836641931,0.6184899310973435,0.9990957857112432
D-s2718,true,tropics,0,so,0.0,0.0,1221.1740320297963,1221.1740320297963,0.0,0.0,34.94530057146163,34.94530057146163,1.0
D-s2718,true,tropics,0,sst,0.0,0.0,764.1281806098091,764.1281806098091,0.0,0.0,27.642868530776777,27.642868530776777,1.0
D-s2718,true,tropics,0,thetao,0.0,0.0,230.62646323308667,230.62646323308667,0.0,0.0,15.186390724365243,15.186390724365243,1.0
D-s2718,true,tropics,0,ts,0.0,,,,0.0,,,,
D-s2718,true,tropics,0,uo,0.0,0.0,0.01017016792576906,0.01017016792576906,0.0,0.0,0.10084725046211751,0.10084725046211751,1.0
D-s2718,true,tropics,0,vo,0.0,0.0,0.002943038601592826,0.002943038601592826,0.0,0.0,0.05424977973773558,0.05424977973773558,1.0
D-s2718,true,tropics,0,zos,0.0,0.0,0.20247419479519427,0.20247419479519427,0.0,0.0,0.4499713266367028,0.4499713266367028,1.0
D-s2718,true,tropics,5,so,0.0004686393024585177,0.0019299244410655254,1221.1875957223344,1221.1754554695806,0.021648078493448734,0.043930905306691845,34.94549464126004,34.94532093813964,1.0000049707118361
D-s2718,true,tropics,5,sst,0.00041730724442086664,0.056512848107200635,762.3224296184501,764.1688966076783,0.020428099383468512,0.23772431114044823,27.610187062358886,27.643604985740886,0.998791115579924
D-s2718,true,tropics,5,thetao,0.00029390284919229013,0.023578943354906783,230.80912005011615,230.626773843594,0.017143594990324817,0.1535543661212757,15.192403366489325,15.18640095096906,1.0003952493773636
D-s2718,true,tropics,5,ts,0.00038127107582540393,,,,0.019526163878893468,,,,
D-s2718,true,tropics,5,uo,0.03906703642819514,0.00038101187334345875,0.009715494776926039,0.010132723456349605,0.19765382978377913,0.019519525438479766,0.09856720944069604,0.10066142983461741,0.9791954038665843
D-s2718,true,tropics,5,vo,0.05040373576850542,0.00026945161696197514,0.002718398097482123,0.0029323185698539238,0.2245077632700157,0.016414981479184652,0.05213825944047349,0.05415088706433094,0.9628329703728314
D-s2718,true,tropics,5,zos,0.00024815187821832017,0.00011503242318999567,0.2037030086673871,0.20231088153039561,0.01575283714821937,0.010725316927251878,0.45133469694605477,0.4497898192827352,1.0034346656973765
D-s2718,true,tropics,10,so,0.0008291034102433925,0.003652381705587645,1221.228123779946,1221.173619028484,0.02879415583488067,0.060434937789226234,34.946074511738026,34.945294662207154,1.0000223162957533
D-s2718,true,tropics,10,sst,0.0006332134638649112,0.0857514372528201,761.5280952838937,764.1982039634628,0.025163733106693672,0.292833463341914,27.59579850781444,27.644135073528034,0.9982514712221949
D-s2718,true,tropics,10,thetao,0.00048272242482064144,0.037161278592641754,230.95838574354363,230.62331886524305,0.021970945014282872,0.19277260851231368,15.197315083380474,15.186287198168058,1.000726173887568
D-s2718,true,tropics,10,ts,0.0006559129175320171,,,,0.02561079689373248,,,,
D-s2718,true,tropics,10,uo,0.06542572472640594,0.0006130430935928413,0.00958934234546156,0.010229659401123631,0.25578452792615497,0.02475970705789633,0.09792518749260355,0.10114177871247683,0.9681972053406603
D-s2718,true,tropics,10,vo,0.0760003284822034,0.0003882276343706445,0.0026606216850946027,0.002950692858166014,0.27568157080625355,0.019703492948476026,0.051581214459283556,0.05432028035794747,0.9495756303057599
D-s2718,true,tropics,10,zos,0.00036672932522676565,0.00016999977283325252,0.20441609304962732,0.2024477909911762,0.019150178203525044,0.013038396098955289,0.4521239797330234,0.4499419862506457,1.004849499600071
D-s2718,true,tropics,15,so,0.0012218427234433455,0.005188503051220756,1221.2521141981076,1221.1713305832793,0.034954866949301146,0.07203126440109708,34.94641775916536,34.945261918939444,1.0000330757350908
D-s2718,true,tropics,15,sst,0.0008575655190706374,0.1161337847059423,760.5012176205413,764.2779658153804,0.02928421962543372,0.34078407343351935,27.57718654287528,27.64557769002812,0.9975261451245596
D-s2718,true,tropics,15,thetao,0.0007311824711699884,0.05366089344076774,231.0922180851033,230.6309176207124,0.027040385928643627,0.23164821052787726,15.201717603123118,15.186537380874958,1.0009995841624357
D-s2718,true,tropics,15,ts,0.0009765125973066669,,,,0.03124920154670623,,,,
D-s2718,true,tropics,15,uo,0.08628820077056167,0.0007760936223759615,0.009559419712072427,0.010281492802433246,0.2937485332228259,0.02785845692740288,0.0977722849895226,0.10139769623829353,0.9642456250657718
D-s2718,true,tropics,15,vo,0.09624650815758277,0.00047192355418808335,0.0026323619167804664,0.0029324916814102296,0.3102362134851165,0.021723801559305485,0.05130654847853699,0.05415248545921258,0.947445865936862
D-s2718,true,tropics,15,zos,0.0004988100039866253,0.0002312266335156596,0.2053593735803257,0.20190843036680506,0.022334054803967534,0.015206138021064375,0.45316594485941425,0.44934221965758464,1.0085096058962442
D-s2718,true,tropics,20,so,0.0015409088329242503,0.006422958184589547,1221.2830743703482,1221.1699123352148,0.039254411636454954,0.08014336020276132,34.94686072267935,34.94524162651068,1.0000463323786961
D-s2718,true,tropics,20,sst,0.001045705646516306,0.14161221765809584,759.9018955423375,764.3511999881629,0.032337372288364835,0.37631398812440636,27.566318135404618,27.6469021770643,0.9970852415527938
D-s2718,true,tropics,20,thetao,0.000957512503635521,0.0680750119185836,231.2682071738907,230.64490313107183,0.030943698932666745,0.2609118853532426,15.207504962152427,15.186997831404067,1.001350308400384
D-s2718,true,tropics,20,ts,0.0012492106682798856,,,,0.03534417446029665,,,,
D-s2718,true,tropics,20,uo,0.1035515157409816,0.0009112484407879516,0.009521837968974819,0.010244555810134651,0.321794213342909,0.030186891870279585,0.09757990555936616,0.1012153931481504,0.9640816729974766
D-s2718,true,tropics,20,vo,0.11711293919500136,0.0005642236246217265,0.0026118652796842,0.0029367464090602246,0.3422176780866257,0.023753391855095694,0.051106411336389095,0.05419175591416304,0.9430661633725068
D-s2718,true,tropics,20,zos,0.0006279810220049637,0.00029110470245765556,0.2063933910444529,0.20200970227068119,0.0250595495171993,0.017061790716617512,0.4543053940296691,0.4494548945897477,1.0107919604354265
D-s2718,true,tropics,25,so,0.0018478339002713237,0.007517331624670012,1221.3016428159058,1221.1721649575525,0.04298643856231083,0.08670254681766858,34.94712638853023,34.94527385724073,1.00005301235575
D-s2718,true,tropics,25,sst,0.0011991546236476678,0.1623926825746141,759.2104202424637,764.1613788026752,0.03462881204499611,0.4029797545468185,27.55377324873063,27.6434690081161,0.996755263988064
D-s2718,true,tropics,25,thetao,0.001188520603176327,0.08185442819450171,231.40109414858983,230.64014333887937,0.03447492716709242,0.2861021289583524,15.21187345952463,15.18684112443662,1.0016482911016782
D-s2718,true,tropics,25,ts,0.0015181772517238253,,,,0.03896379411355913,,,,
D-s2718,true,tropics,25,uo,0.11926399159172406,0.0010362938469495897,0.009498074260974626,0.010214627334406852,0.3453461909326988,0.03219151824548804,0.0974580641146469,0.10106743953621686,0.9642874556025874
D-s2718,true,tropics,25,vo,0.135460495296222,0.0006452336240938235,0.0025897606369820084,0.002943455925030582,0.3680495826600297,0.025401449251840406,0.05088969087135437,0.054253625915975254,0.9379961249072875
D-s2718,true,tropics,25,zos,0.0007117324352329778,0.00032992821849401813,0.20736449008638205,0.20223544221935846,0.02667831395034135,0.018163926296206393,0.45537291321111983,0.44970595083827664,1.012601484063708
D-s2718,true,tropics,30,so,0.0021364216984657725,0.008581884170422415,1221.3255406916617,1221.1777864219914,0.0462214419773526,0.09263845945622377,34.94746830160465,34.94535428954744,1.0000604947953795
D-s2718,true,tropics,30,sst,0.0013608710741567262,0.18429275007560997,758.7148419004498,764.0076028843118,0.03688998609591397,0.429293314734355,27.544778850091532,27.640687453178725,0.9965301657836965
D-s2718,true,tropics,30,thetao,0.001415990529498626,0.09512382487120269,231.5493015807486,230.622964074716,0.0376296496063759,0.30842150520221945,15.216744118922044,15.186275516884185,1.0020063248558861
D-s2718,true,tropics,30,ts,0.001776206113982199,,,,0.04214506037464176,,,,
D-s2718,true,tropics,30,uo,0.13388816796437275,0.0011517335135520983,0.009485995538001845,0.010173216723607506,0.3659073215506527,0.03393719955376546,0.09739607557803263,0.10086236524892477,0.9656334683175687
D-s2718,true,tropics,30,vo,0.15394484852022275,0.0007297015584085073,0.0025815982943587753,0.0029416438090203428,0.392358061622573,0.027012988698189383,0.0508094311556307,0.05423692293097335,0.9368051948724161
D-s2718,true,tropics,30,zos,0.0008366404693911828,0.00038783015087100604,0.20843352542983157,0.20267562959531338,0.028924738017675852,0.019693403740110697,0.4565452063375888,0.45019510170071086,1.0141052281841563
D-s2718,true_persistence,extratropics,0,so,0.0,0.0,1203.8131713542705,1203.8131713542705,0.0,0.0,34.69601088532038,34.69601088532038,1.0
D-s2718,true_persistence,extratropics,0,sst,0.0,0.0,264.66212894940617,264.66212894940617,0.0,0.0,16.268439659334454,16.268439659334454,1.0
D-s2718,true_persistence,extratropics,0,thetao,0.0,0.0,91.88061453580991,91.88061453580991,0.0,0.0,9.585437628810169,9.585437628810169,1.0
D-s2718,true_persistence,extratropics,0,ts,0.0,,,,0.0,,,,
D-s2718,true_persistence,extratropics,0,uo,0.0,0.0,0.0036498695552275684,0.0036498695552275684,0.0,0.0,0.06041415028970919,0.06041415028970919,1.0
D-s2718,true_persistence,extratropics,0,vo,0.0,0.0,0.0030889873151848375,0.0030889873151848375,0.0,0.0,0.05557865881059777,0.05557865881059777,1.0
D-s2718,true_persistence,extratropics,0,zos,0.0,0.0,0.48620438304814423,0.48620438304814423,0.0,0.0,0.697283574342709,0.697283574342709,1.0
D-s2718,true_persistence,extratropics,5,so,0.00021507349863930357,0.001063463601209703,1203.8131713542705,1203.8158635205882,0.01466538436725419,0.03261078964406877,34.69601088532038,34.69604968178061,0.9999988818190952
D-s2718,true_persistence,extratropics,5,sst,0.0008073392423513657,0.10933200981129296,264.66212894940617,264.80069678720804,0.028413715743481453,0.3306539124391135,16.268439659334454,16.272697895161947,0.9997383202309214
D-s2718,true_persistence,extratropics,5,thetao,0.00026479084149497764,0.016691998540437993,91.88061453580991,91.89021460419285,0.016272395075555952,0.1291975175475055,9.585437628810169,9.585938378906514,0.9999477620159288
D-s2718,true_persistence,extratropics,5,ts,0.0002399321700671406,,,,0.015489744028457687,,,,
D-s2718,true_persistence,extratropics,5,uo,0.10305036636191212,0.00030088291140941586,0.0036498695552275684,0.0036474312009881155,0.32101458901724716,0.017345976807589012,0.06041415028970919,0.06039396659425605,1.0003342005268299
D-s2718,true_persistence,extratropics,5,vo,0.1726736904877985,0.0003879782773062463,0.0030889873151848375,0.003091959232748583,0.41554023931239015,0.01969716419452928,0.05557865881059777,0.05560538852259359,0.99951929637206
D-s2718,true_persistence,extratropics,5,zos,0.0019571017568008587,0.0009072272970124272,0.48620438304814423,0.4863526396679156,0.044239142812681834,0.030120214093070904,0.697283574342709,0.6973898763732634,0.9998475715892132
D-s2718,true_persistence,extratropics,10,so,0.0005731591550500728,0.002715767923489661,1203.8131713542705,1203.8172161582934,0.023940742575159876,0.052113030265852525,34.69601088532038,34.69606917445106,0.9999983200076532
D-s2718,true_persistence,extratropics,10,sst,0.0023422749110995596,0.31719704800181914,264.66212894940617,264.84413516882694,0.04839705477712006,0.5632024928938251,16.268439659334454,16.274032541715865,0.9996563308837515
D-s2718,true_persistence,extratropics,10,thetao,0.0008113384913699199,0.051257212277613234,91.88061453580991,91.89780742649144,0.028484004131616045,0.22640055714952037,9.585437628810169,9.58633441032032,0.9999064520940156
D-s2718,true_persistence,extratropics,10,ts,0.0006922488232099964,,,,0.026310621870453698,,,,
D-s2718,true_persistence,extratropics,10,uo,0.22988193368876886,0.0005985889084256353,0.0036498695552275684,0.003650042322148721,0.4794600438918439,0.024466076686416958,0.06041415028970919,0.060415580127552534,0.9999763332928306
D-s2718,true_persistence,extratropics,10,vo,0.4013627334945954,0.000864865956650017,0.0030889873151848375,0.0030950805369513337,0.6335319514393851,0.029408603446100887,0.05557865881059777,0.05563344800523633,0.9990151752838796
D-s2718,true_persistence,extratropics,10,zos,0.0032660167668992625,0.0015139833922883132,0.48620438304814423,0.4864606968682222,0.05714907494351298,0.038909939505071364,0.697283574342709,0.697467344660825,0.9997365176742355
D-s2718,true_persistence,extratropics,15,so,0.0009711166603563443,0.004564984819615933,1203.8131713542705,1203.8167773930713,0.03116274475004319,0.0675646713868715,34.69601088532038,34.696062851468774,0.9999985022465341
D-s2718,true_persistence,extratropics,15,sst,0.0043820915120474585,0.5934343891914444,264.66212894940617,264.9074671581538,0.06619736786343894,0.7703469278133356,16.268439659334454,16.275978224308172,0.9995368287626203
D-s2718,true_persistence,extratropics,15,thetao,0.0014712980778361093,0.09619160240657047,91.88061453580991,91.90559417755247,0.03835750354019549,0.3101477106260346,9.585437628810169,9.586740539805616,0.9998640923898965
D-s2718,true_persistence,extratropics,15,ts,0.0012212073690962269,,,,0.034945777557470754,,,,
D-s2718,true_persistence,extratropics,15,uo,0.3280400138492916,0.000872582922568604,0.0036498695552275684,0.003641342693249186,0.5727477750714459,0.029539514596022123,0.06041415028970919,0.06034353895198048,1.0011701557276065
D-s2718,true_persistence,extratropics,15,vo,0.590082766637721,0.0013130715215131767,0.0030889873151848375,0.003082921659519059,0.7681684493896641,0.036236328753243986,0.05557865881059777,0.055524063787866416,1.0009832677762913
D-s2718,true_persistence,extratropics,15,zos,0.004260685682917593,0.001975068659051221,0.48620438304814423,0.48554731107721427,0.06527392804878218,0.044441744554542646,0.697283574342709,0.6968122495171954,1.000676401463723
D-s2718,true_persistence,extratropics,20,so,0.001385554945595646,0.006547702539251642,1203.8131713542705,1203.815321375245,0.03722304320707331,0.08091787527642852,34.69601088532038,34.69604186899775,0.9999991069967725
D-s2718,true_persistence,extratropics,20,sst,0.006858784112740592,0.9288346364040567,264.66212894940617,264.7955252907493,0.08281777655033122,0.9637606738210772,16.268439659334454,16.272538993370066,0.9997480827031797
D-s2718,true_persistence,extratropics,20,thetao,0.002193970090327154,0.149558835399546,91.88061453580991,91.90216510698583,0.04683983443957882,0.386728374184706,9.585437628810169,9.5865616936932,0.9998827457727862
D-s2718,true_persistence,extratropics,20,ts,0.0017897625179614,,,,0.04230558494999685,,,,
D-s2718,true_persistence,extratropics,20,uo,0.4049771989060487,0.0011233581713336104,0.0036498695552275684,0.0036474580241133764,0.636378188584468,0.03351653578957125,0.06041415028970919,0.06039418866176924,1.0003305223297516
D-s2718,true_persistence,extratropics,20,vo,0.7449529418154387,0.0017199722687259772,0.0030889873151848375,0.0030871982566572026,0.8631065645767263,0.04147254837511166,0.05557865881059777,0.05556256164592488,1.0002897124285859
D-s2718,true_persistence,extratropics,20,zos,0.00518992470549132,0.002405823483555107,0.48620438304814423,0.4854934140287264,0.07204113203921299,0.04904919452503891,0.697283574342709,0.6967735744334212,1.0007319449646215
D-s2718,true_persistence,extratropics,25,so,0.0018162883295611812,0.008681839657118042,1203.8131713542705,1203.8151419364283,0.042617934365254975,0.09317639001977938,34.69601088532038,34.69603928312897,0.9999991815259271
D-s2718,true_persistence,extratropics,25,sst,0.009848433455000723,1.3337008396182397,264.66212894940617,264.69304988360165,0.0992392737528884,1.1548596623045762,16.268439659334454,16.26938996654766,0.9999415892534902
D-s2718,true_persistence,extratropics,25,thetao,0.002968578738945127,0.21183950854555933,91.88061453580991,91.897203308665,0.0544846651723687,0.4602602617493274,9.585437628810169,9.58630290094492,0.9999097387028459
D-s2718,true_persistence,extratropics,25,ts,0.002392433534253154,,,,0.048912508975242255,,,,
D-s2718,true_persistence,extratropics,25,uo,0.47011690479463114,0.0013324495173048197,0.0036498695552275684,0.003646291957531004,0.685650716323283,0.03650273301144477,0.06041415028970919,0.060384534092191224,1.0004904599822324
D-s2718,true_persistence,extratropics,25,vo,0.8747568378291316,0.002053506131984825,0.0030889873151848375,0.0030822245559924397,0.9352843620146397,0.04531562790014969,0.05557865881059777,0.055517785942816915,1.001096457049702
D-s2718,true_persistence,extratropics,25,zos,0.0059416582055314094,0.0027542944451925213,0.48620438304814423,0.48579827914334306,0.07708215231512032,0.05248137236384469,0.697283574342709,0.6969923092426078,1.0004178885422965
D-s2718,true_persistence,extratropics,30,so,0.002262526433633239,0.010976231063342197,1203.8131713542705,1203.8158307478568,0.04756602183947318,0.10476750957879163,34.69601088532038,34.69604920949728,0.9999988954311003
D-s2718,true_persistence,extratropics,30,sst,0.013398058270339361,1.814400391747253,264.66212894940617,264.72332362936,0.11574998172932625,1.3469968046536906,16.268439659334454,16.27032032964809,0.9998844109842012
D-s2718,true_persistence,extratropics,30,thetao,0.003786226625019266,0.28273173756461745,91.88061453580991,91.8930253497211,0.06153232179122828,0.5317252463111164,9.585437628810169,9.58608498552569,0.9999324691241003
D-s2718,true_persistence,extratropics,30,ts,0.0030243765293262526,,,,0.05499433179270617,,,,
D-s2718,true_persistence,extratropics,30,uo,0.5259542041782495,0.0015251508594913352,0.0036498695552275684,0.003653029506141431,0.7252270018264967,0.039053179889624035,0.06041415028970919,0.06044029703882527,0.9995673954233003
D-s2718,true_persistence,extratropics,30,vo,0.9857706370219343,0.0023375054422675352,0.0030889873151848375,0.003089732657977778,0.9928598274791535,0.048347755297092496,0.05557865881059777,0.055585363702846974,0.9998793766595637
D-s2718,true_persistence,extratropics,30,zos,0.006787142434129156,0.0031462241895496303,0.48620438304814423,0.486308480151976,0.08238411518083541,0.056091213122463575,0.697283574342709,0.6973582150888996,0.9998929664201618
D-s2718,true_persistence,global,0,so,0.0,0.0,1210.2027203703358,1210.2027203703358,0.0,0.0,34.787968040262655,34.787968040262655,1.0
D-s2718,true_persistence,global,0,sst,0.0,0.0,447.4121497568458,447.4121497568458,0.0,0.0,21.15211927341669,21.15211927341669,1.0
D-s2718,true_persistence,global,0,thetao,0.0,0.0,142.8450749442232,142.8450749442232,0.0,0.0,11.951781245664732,11.951781245664732,1.0
D-s2718,true_persistence,global,0,ts,0.0,,,,0.0,,,,
D-s2718,true_persistence,global,0,uo,0.0,0.0,0.006036315295715531,0.006036315295715531,0.0,0.0,0.07769372751847817,0.07769372751847817,1.0
D-s2718,true_persistence,global,0,vo,0.0,0.0,0.003028792257069194,0.003028792257069194,0.0,0.0,0.05503446426621408,0.05503446426621408,1.0
D-s2718,true_persistence,global,0,zos,0.0,0.0,0.3823900824845439,0.3823900824845439,0.0,0.0,0.6183769744132974,0.6183769744132974,1.0
D-s2718,true_persistence,global,5,so,0.00026079973105410954,0.0013443306172242668,1210.2027203703358,1210.2049461904198,0.016149295063689607,0.036665114444445236,34.787968040262655,34.788000031482404,0.9999990803949718
D-s2718,true_persistence,global,5,sst,0.0006431060163491869,0.08709111316788072,447.4121497568458,447.5149160057607,0.025359535018394698,0.2951120349424617,21.15211927341669,21.154548352677274,0.9998851746102027
D-s2718,true_persistence,global,5,thetao,0.00026271944906731335,0.018562604494568848,142.8450749442232,142.85127031421823,0.01620862267644334,0.13624464941629394,11.951781245664732,11.95204042472323,0.9999783150784898
D-s2718,true_persistence,global,5,ts,0.00026175959006071147,,,,0.01617898606404961,,,,
D-s2718,true_persistence,global,5,uo,0.11666498003267084,0.0005992556951749948,0.006036315295715531,0.006021049417328951,0.34156255654370377,0.024479699654509544,0.07769372751847817,0.07759542136833172,1.0012669065830546
D-s2718,true_persistence,global,5,vo,0.2227798873387328,0.0007256999777334883,0.003028792257069194,0.0030267310920001978,0.4719956433471953,0.02693881915996854,0.05503446426621408,0.05501573494919611,1.0003404356414627
D-s2718,true_persistence,global,5,zos,0.0014111399015580607,0.0006541431122435454,0.3823900824845439,0.3824243370932762,0.03756514210751852,0.02557622161781418,0.6183769744132974,0.6184046709827443,0.9999552128715281
D-s2718,true_persistence,global,10,so,0.0006850335994933387,0.003388996244551559,1210.2027203703358,1210.2051304315771,0.026173146534059267,0.05821508605637854,34.787968040262655,34.78800267953849,0.9999990042752339
D-s2718,true_persistence,global,10,sst,0.0018451112302518302,0.24986982985277364,447.4121497568458,447.5531859735046,0.04295475794660971,0.4998698129040937,21.15211927341669,21.15545286618806,0.999842423946561
D-s2718,true_persistence,global,10,thetao,0.0007641235062714185,0.053360817821638616,142.8450749442232,142.85481616379704,0.02764278398192589,0.23099960567420588,11.951781245664732,11.9521887603818,0.9999659045949459
D-s2718,true_persistence,global,10,ts,0.0007245785528823785,,,,0.02691799682150175,,,,
D-s2718,true_persistence,global,10,uo,0.25632720988428,0.0012285356891456993,0.006036315295715531,0.006058213364304922,0.5062876750270344,0.03505047345109192,0.07769372751847817,0.07783452552887389,0.9981910596944091
D-s2718,true_persistence,global,10,vo,0.4864053281934131,0.0014803095352678333,0.003028792257069194,0.0030354276251364294,0.6974276508666781,0.03847479090609634,0.05503446426621408,0.05509471503816341,0.9989064146732114
D-s2718,true_persistence,global,10,zos,0.0024554079193903596,0.0011382203741995788,0.3823900824845439,0.3825429512394799,0.049552072806194086,0.03373752175545173,0.6183769744132974,0.6185005668869511,0.9998001740333469
D-s2718,true_persistence,global,15,so,0.0011351375934459122,0.005508414748301496,1210.2027203703358,1210.2040153150544,0.033691803060179375,0.07421869540959,34.787968040262655,34.787986652220255,0.9999994649889404
D-s2718,true_persistence,global,15,sst,0.00338926241436799,0.4589828567372428,447.4121497568458,447.6225280761719,0.05821737210118635,0.6774827353794655,21.15211927341669,21.157091673388663,0.9997649771505114
D-s2718,true_persistence,global,15,thetao,0.0013529863115311221,0.09586084930641868,142.8450749442232,142.8625363302485,0.03678296224519067,0.30961403279957883,11.951781245664732,11.95251171638198,0.9999388855886878
D-s2718,true_persistence,global,15,ts,0.0012440619524885172,,,,0.0352712624169949,,,,
D-s2718,true_persistence,global,15,uo,0.37157445433037134,0.001754605747566401,0.006036315295715531,0.00607172364122181,0.6095690726491718,0.0418880143664796,0.07769372751847817,0.07792126565464533,0.9970798968130775
D-s2718,true_persistence,global,15,vo,0.6761499506910071,0.001991036474759049,0.003028792257069194,0.003021085084922215,0.8222833761490057,0.04462103175363664,0.05503446426621408,0.05496439834040044,1.0012747510739535
D-s2718,true_persistence,global,15,zos,0.003300508627705608,0.0015299723241383627,0.3823900824845439,0.38176642012114476,0.057450053330746424,0.039114860656000845,0.6183769744132974,0.6178724950352983,1.0008164781278543
D-s2718,true_persistence,global,20,so,0.0015890675071507233,0.007681932246484785,1210.2027203703358,1210.202575716042,0.039863109602121145,0.08764663283027355,34.787968040262655,34.78796596117746,1.0000000597644942
D-s2718,true_persistence,global,20,sst,0.005234123540411869,0.708818817228982,447.4121497568458,447.5783386230469,0.07234724279757916,0.8419137825389141,21.15211927341669,21.156047329854573,0.9998143293793667
D-s2718,true_persistence,global,20,thetao,0.001976810163977099,0.14372190341920343,142.8450749442232,142.8654907852846,0.0444613333580663,0.37910671771837995,11.951781245664732,11.95263530713142,0.9999285461787512
D-s2718,true_persistence,global,20,ts,0.0017829388355639112,,,,0.04222486039721045,,,,
D-s2718,true_persistence,global,20,uo,0.4568817536606553,0.0021373851444860875,0.006036315295715531,0.006062034398403562,0.6759302875745806,0.046231862870601347,0.07769372751847817,0.07785906754131829,0.9978764191755524
D-s2718,true_persistence,global,20,vo,0.7910168369611105,0.0022878155546402056,0.003028792257069194,0.0030253581323639433,0.8893912732656591,0.04783111492156759,0.05503446426621408,0.055003255652406095,1.0005673957557204
D-s2718,true_persistence,global,20,zos,0.0040787027048115885,0.0018907092768002264,0.3823900824845439,0.3817692986040404,0.06386472191133058,0.0434822869315797,0.6183769744132974,0.6178748243811528,1.0008127051181404
D-s2718,true_persistence,global,25,so,0.00204613946713407,0.009936137912648527,1210.2027203703358,1210.2032899020012,0.045234273146963135,0.09968017813310993,34.787968040262655,34.78797622601811,0.999999764695842
D-s2718,true_persistence,global,25,sst,0.00743844932547267,1.0073344295073037,447.4121497568458,447.44390838314786,0.08624644529180707,1.003660515068369,21.15211927341669,21.152869979819474,0.9999645104232429
D-s2718,true_persistence,global,25,thetao,0.002622685182447668,0.19686893302494163,142.8450749442232,142.86061202031462,0.05121215854118696,0.4436991469734212,11.951781245664732,11.952431217970451,0.9999456200756259
D-s2718,true_persistence,global,25,ts,0.002334412324790869,,,,0.04831575648575596,,,,
D-s2718,true_persistence,global,25,uo,0.5264408969929851,0.002463418471626022,0.006036315295715531,0.006050301252170681,0.7255624693939077,0.04963283662683427,0.07769372751847817,0.07778368242871175,0.9988435246644947
D-s2718,true_persistence,global,25,vo,0.8666074942046819,0.0024772016035292687,0.003028792257069194,0.0030246617876605224,0.9309175549986592,0.04977149388484606,0.05503446426621408,0.054996925256422496,1.0006825656091964
D-s2718,true_persistence,global,25,zos,0.00471159857415561,0.0021840922823739757,0.3823900824845439,0.3820452109129742,0.06864108517612182,0.04673427310201771,0.6183769744132974,0.6180980593020611,1.0004512473498968
D-s2718,true_persistence,global,30,so,0.0025214673538412335,0.012371841970732054,1210.2027203703358,1210.2057858213093,0.05021421465921013,0.11122878211475686,34.787968040262655,34.78801209930383,0.9999987334993145
D-s2718,true_persistence,global,30,sst,0.010055743804615361,1.361775347379723,447.4121497568458,447.40683569089333,0.10027833168045508,1.1669513046308844,21.15211927341669,21.151993657593916,1.0000059387226004
D-s2718,true_persistence,global,30,thetao,0.003303478524578262,0.25680000187029495,142.8450749442232,142.8516729706198,0.057475895161173976,0.5067543802181634,11.951781245664732,11.952057269383367,0.9999769057566898
D-s2718,true_persistence,global,30,ts,0.002912472939209748,,,,0.05396733214834459,,,,
D-s2718,true_persistence,global,30,uo,0.5906110107740273,0.0028014332657423638,0.006036315295715531,0.00603941450658323,0.7685122060019784,0.052928567576899,0.07769372751847817,0.07771367001102979,0.9997433850113012
D-s2718,true_persistence,global,30,vo,0.942373560312769,0.0026864640597081295,0.003028792257069194,0.0030287501390764563,0.970759270011247,0.051831110924888825,0.05503446426621408,0.05503408161381869,1.0000069530077393
D-s2718,true_persistence,global,30,zos,0.005412730204900958,0.0025091064221347496,0.3823900824845439,0.38252979486879674,0.07357125936737088,0.050090981445113945,0.6183769744132974,0.6184899310973435,0.9998173669798541
D-s2718,true_persistence,tropics,0,so,0.0,0.0,1221.1740320297963,1221.1740320297963,0.0,0.0,34.94530057146163,34.94530057146163,1.0
D-s2718,true_persistence,tropics,0,sst,0.0,0.0,764.1281806098091,764.1281806098091,0.0,0.0,27.642868530776777,27.642868530776777,1.0
D-s2718,true_persistence,tropics,0,thetao,0.0,0.0,230.62646323308667,230.62646323308667,0.0,0.0,15.186390724365243,15.186390724365243,1.0
D-s2718,true_persistence,tropics,0,ts,0.0,,,,0.0,,,,
D-s2718,true_persistence,tropics,0,uo,0.0,0.0,0.01017016792576906,0.01017016792576906,0.0,0.0,0.10084725046211751,0.10084725046211751,1.0
D-s2718,true_persistence,tropics,0,vo,0.0,0.0,0.002943038601592826,0.002943038601592826,0.0,0.0,0.05424977973773558,0.05424977973773558,1.0
D-s2718,true_persistence,tropics,0,zos,0.0,0.0,0.20247419479519427,0.20247419479519427,0.0,0.0,0.4499713266367028,0.4499713266367028,1.0
D-s2718,true_persistence,tropics,5,so,0.0003404126266003254,0.0018302514981010166,1221.1740320297963,1221.1754554695806,0.01845027443157216,0.04278143871004126,34.94530057146163,34.94532093813964,0.9999994171844052
D-s2718,true_persistence,tropics,5,sst,0.00035848081769826164,0.0485464182465967,764.1281806098091,764.1688966076783,0.01893358966752638,0.22033251745168417,27.642868530776777,27.643604985740886,0.9999733589390932
D-s2718,true_persistence,tropics,5,thetao,0.00026161080372282604,0.021788072061703675,230.62646323308667,230.626773843594,0.016174387275035368,0.14760783197955207,15.186390724365243,15.18640095096906,0.9999993265946387
D-s2718,true_persistence,tropics,5,ts,0.00030101171516157575,,,,0.01734968919495608,,,,
D-s2718,true_persistence,tropics,5,uo,0.1419387230652561,0.001115153027369954,0.01017016792576906,0.010132723456349605,0.37674755880464056,0.0333939070396076,0.10084725046211751,0.10066142983461741,1.0018459963046957
D-s2718,true_persistence,tropics,5,vo,0.31022034072926674,0.0013089487577676775,0.002943038601592826,0.0029323185698539238,0.5569742729509746,0.03617939686848963,0.05424977973773558,0.05415088706433094,1.0018262429069196
D-s2718,true_persistence,tropics,5,zos,0.0004649578865306535,0.00021553426396539192,0.20247419479519427,0.20231088153039561,0.021562882148049075,0.014681085244810477,0.4499713266367028,0.4497898192827352,1.0004035381553478
D-s2718,true_persistence,tropics,10,so,0.0008800619941270973,0.004553557677628866,1221.1740320297963,1221.173619028484,0.02966583884077943,0.06748005392431801,34.94530057146163,34.945294662207154,1.0000001691001474
D-s2718,true_persistence,tropics,10,sst,0.0009834992474725343,0.13318806254502494,764.1281806098091,764.1982039634628,0.031360791563232814,0.36494939723888425,27.642868530776777,27.644135073528034,0.9999541840340496
D-s2718,true_persistence,tropics,10,thetao,0.0006909988761730634,0.05699796600561229,230.62646323308667,230.62331886524305,0.02628685747998538,0.2387424679557709,15.186390724365243,15.186287198168058,1.0000068170841123
D-s2718,true_persistence,tropics,10,ts,0.0007855304351500804,,,,0.028027315874876075,,,,
D-s2718,true_persistence,tropics,10,uo,0.3060070616665956,0.002317987270289262,0.01017016792576906,0.010229659401123631,0.5531790502781134,0.048145480268549215,0.10084725046211751,0.10114177871247683,0.9970879664752921
D-s2718,true_persistence,tropics,10,vo,0.6358691082513757,0.0025436453310899313,0.002943038601592826,0.002950692858166014,0.7974140130768806,0.05043456484485547,0.05424977973773558,0.05432028035794747,0.998702130774228
D-s2718,true_persistence,tropics,10,zos,0.001050578159835105,0.0004870023641904121,0.20247419479519427,0.2024477909911762,0.03241262346424777,0.02206813005649577,0.4499713266367028,0.4499419862506457,1.0000652092646467
D-s2718,true_persistence,tropics,15,so,0.0014212796397807047,0.007139879151364925,1221.1740320297963,1221.1713305832793,0.037699862596310675,0.08449780560088484,34.94530057146163,34.945261918939444,1.0000011060876373
D-s2718,true_persistence,tropics,15,sst,0.0016686349814390325,0.22597095069259102,764.1281806098091,764.2779658153804,0.040848928767337735,0.47536401913963894,27.642868530776777,27.64557769002812,0.9999020038835246
D-s2718,true_persistence,tropics,15,thetao,0.0011636219377066256,0.0953007302057227,230.62646323308667,230.6309176207124,0.03411190316746671,0.30870816349057356,15.186390724365243,15.186537380874958,0.9999903429922149
D-s2718,true_persistence,tropics,15,ts,0.001292450788743665,,,,0.0359506716035134,,,,
D-s2718,true_persistence,tropics,15,uo,0.45139376563255235,0.0032797633103180523,0.01017016792576906,0.010281492802433246,0.6718584416620456,0.05726921782526851,0.10084725046211751,0.10139769623829353,0.9945714173339557
D-s2718,true_persistence,tropics,15,vo,0.8286517179674573,0.0031632117071901415,0.002943038601592826,0.0029324916814102296,0.9103030912654627,0.05624243688879547,0.05424977973773558,0.05415248545921258,1.0017966724462959
D-s2718,true_persistence,tropics,15,zos,0.001636468895917914,0.0007585958410712464,0.20247419479519427,0.20190843036680506,0.04045329276978469,0.027542618631336536,0.4499713266367028,0.44934221965758464,1.0014000620275512
D-s2718,true_persistence,tropics,20,so,0.0019443855646521836,0.00964285906009507,1221.1740320297963,1221.1699123352148,0.04409518754526602,0.09819806036829377,34.94530057146163,34.94524162651068,1.000001686780466
D-s2718,true_persistence,tropics,20,sst,0.002418497383284018,0.32751929609462466,764.1281806098091,764.3511999881629,0.04917822061933533,0.572293015940807,27.642868530776777,27.6469021770643,0.9998541013289051
D-s2718,true_persistence,tropics,20,thetao,0.0016233623675105404,0.13366304332922818,230.62646323308667,230.64490313107183,0.04029097129023499,0.365599566916084,15.186390724365243,15.186997831404067,0.9999600245522147
D-s2718,true_persistence,tropics,20,ts,0.001783873966081362,,,,0.04223593216778058,,,,
D-s2718,true_persistence,tropics,20,uo,0.5515081540090743,0.003890831083074154,0.01017016792576906,0.010244555810134651,0.7426359498496381,0.06237652669934544,0.10084725046211751,0.1012153931481504,0.996362779666389
D-s2718,true_persistence,tropics,20,vo,0.8772317270833974,0.0032718924189960416,0.002943038601592826,0.0029367464090602246,0.9366064953241555,0.0572004582061721,0.05424977973773558,0.05419175591416304,1.0010707131111316
D-s2718,true_persistence,tropics,20,zos,0.002152893962714817,0.0009979880514855172,0.20247419479519427,0.20200970227068119,0.04639928838586662,0.03159094888548803,0.4499713266367028,0.4494548945897477,1.001149018629392
D-s2718,true_persistence,tropics,25,so,0.0024479090433138576,0.012104158121120857,1221.1740320297963,1221.1721649575525,0.04947634832234345,0.11001889892705188,34.94530057146163,34.94527385724073,1.0000007644587652
D-s2718,true_persistence,tropics,25,sst,0.003261814392501002,0.441723510773495,764.1281806098091,764.1613788026752,0.05711229633363556,0.6646228334728614,27.642868530776777,27.6434690081161,0.999978277786368
D-s2718,true_persistence,tropics,25,thetao,0.0020534401566219135,0.1710486597165408,230.62646323308667,230.64014333887937,0.0453148999405484,0.41358029415887404,15.186390724365243,15.18684112443662,0.9999703427416086
D-s2718,true_persistence,tropics,25,ts,0.0022506745999678855,,,,0.04744127527763019,,,,
D-s2718,true_persistence,tropics,25,uo,0.6293990367479871,0.004419363381509847,0.01017016792576906,0.010214627334406852,0.7933467317308285,0.06647829255862282,0.10084725046211751,0.10106743953621686,0.9978213648717157
D-s2718,true_persistence,tropics,25,vo,0.8630738406502015,0.003215210931384861,0.002943038601592826,0.002943455925030582,0.9290176751010724,0.05670283001213309,0.05424977973773558,0.054253625915975254,0.9999291074435166
D-s2718,true_persistence,tropics,25,zos,0.0025798376318010336,0.0011959005778683163,0.20247419479519427,0.20223544221935846,0.050792102061255874,0.03458179546912387,0.4499713266367028,0.44970595083827664,1.0005901095992427
D-s2718,true_persistence,tropics,30,so,0.0029744322503092086,0.014783720369610622,1221.1740320297963,1221.1777864219914,0.05453835577196299,0.12158832332757377,34.94530057146163,34.94535428954744,0.9999984627975048
D-s2718,true_persistence,tropics,30,sst,0.004263328786967553,0.5773512310150898,764.1281806098091,764.0076028843118,0.0652941711561419,0.7598363185680781,27.642868530776777,27.640687453178725,1.0000789082254826
D-s2718,true_persistence,tropics,30,thetao,0.002503850283367905,0.21205204600230387,230.62646323308667,230.622964074716,0.0500384880204019,0.46049109220733453,15.186390724365243,15.186275516884185,1.0000075862894051
D-s2718,true_persistence,tropics,30,ts,0.002739141266838557,,,,0.05233680604353457,,,,
D-s2718,true_persistence,tropics,30,uo,0.7084434899179178,0.005008848523691271,0.01017016792576906,0.010173216723607506,0.8416908517489767,0.07077321897223038,0.10084725046211751,0.10086236524892477,0.99985014443425
D-s2718,true_persistence,tropics,30,vo,0.8807997886628182,0.003297837051622767,0.002943038601592826,0.0029416438090203428,0.9385093439400687,0.057426797330364564,0.05424977973773558,0.05423692293097335,1.0002370489708385
D-s2718,true_persistence,tropics,30,zos,0.0030307984461706403,0.001404946403591984,0.20247419479519427,0.20267562959531338,0.05505268791049753,0.03748261468457055,0.4499713266367028,0.45019510170071086,0.9995029375860317
