diagnostic,model,region,x,mean,lower,upper,years
Interannual surface EKE spatial spectra,DUACS,North Pacific,0.0022267511931989264,8.412367056541049,4.46024440834018,15.866377044641023,8
Interannual surface EKE spatial spectra,DUACS,North Pacific,0.006680253579596778,10.500172613890722,5.120619037567272,21.531307858020334,8
Interannual surface EKE spatial spectra,DUACS,North Pacific,0.01113375596599463,2.260725328284627,1.8264233469946771,2.79829921050748,8
Interannual surface EKE spatial spectra,DUACS,North Pacific,0.015587258352392483,1.7217613611658371,1.3472090647358668,2.200447029641125,8
Interannual surface EKE spatial spectra,DUACS,North Pacific,0.020040760738790336,0.7708603423919411,0.46465486083029595,1.27885387104483,8
Interannual surface EKE spatial spectra,DUACS,North Pacific,0.024494263125188185,0.6337540851821564,0.3492485861852973,1.1500239553496017,8
Interannual surface EKE spatial spectra,DUACS,North Pacific,0.028947765511586038,0.6372275444200521,0.4027621844178939,1.0081853735957869,8
Interannual surface EKE spatial spectra,DUACS,North Pacific,0.033401267897983894,0.6625594750365499,0.4255310288538756,1.0316170342338373,8
Interannual surface EKE spatial spectra,DUACS,North Pacific,0.03785477028438174,0.5543912069285492,0.3427985431592708,0.8965896047489701,8
Interannual surface EKE spatial spectra,DUACS,North Pacific,0.0423082726707796,0.45893713438436573,0.33167944572725633,0.6350206382403667,8
Interannual surface EKE spatial spectra,DUACS,North Pacific,0.04676177505717745,0.3071103391562887,0.2262777795864081,0.4168184812007764,8
Interannual surface EKE spatial spectra,DUACS,North Pacific,0.0512152774435753,0.20835422946990417,0.1455514148730274,0.2982553276851877,8
Interannual surface EKE spatial spectra,DUACS,North Pacific,0.055668779829973154,0.14622623889114902,0.0968229229450195,0.22083730060900067,8
Interannual surface EKE spatial spectra,DUACS,North Pacific,0.060122282216371004,0.10034739814041961,0.05953882176544238,0.16912663057428023,8
Interannual surface EKE spatial spectra,DUACS,North Pacific,0.06457578460276886,0.082041521043043,0.05462634527536105,0.1232154767288078,8
Interannual surface EKE spatial spectra,DUACS,North Pacific,0.06902928698916672,0.057611785870263346,0.041004759533204364,0.08094469785814395,8
Interannual surface EKE spatial spectra,DUACS,North Pacific,0.07348278937556456,0.0474575233429511,0.03127567996747655,0.07201175239639294,8
Interannual surface EKE spatial spectra,DUACS,North Pacific,0.07793629176196241,0.03600825712716989,0.023853593534570734,0.05435636267790183,8
Interannual surface EKE spatial spectra,DUACS,North Pacific,0.08238979414836027,0.022110025915950557,0.01420163622911982,0.034422318535496196,8
Interannual surface EKE spatial spectra,DUACS,North Pacific,0.08684329653475813,0.015229550857529072,0.010361162474257621,0.022385443708494965,8
Interannual surface EKE spatial spectra,DUACS,North Pacific,0.09129679892115597,0.012432409173758601,0.008433780199269993,0.01832687053868629,8
Interannual surface EKE spatial spectra,DUACS,North Pacific,0.09575030130755383,0.00956403174272995,0.007399541776045899,0.012361671295925216,8
Interannual surface EKE spatial spectra,DUACS,North Pacific,0.10020380369395165,0.007679776126497617,0.00546789202733771,0.01078641660410389,8
Interannual surface EKE spatial spectra,DUACS,North Pacific,0.10465730608034954,0.005944155402729341,0.0040589741365889935,0.008704904801755868,8
Interannual surface EKE spatial spectra,DUACS,North Pacific,0.10911080846674737,0.004188736315661334,0.0029260088075229833,0.005996397508110464,8
Interannual surface EKE spatial spectra,DUACS,North Pacific,0.11356431085314524,0.0026347327484243913,0.0017954753192738614,0.0038662835301057795,8
Interannual surface EKE spatial spectra,DUACS,North Pacific,0.11801781323954308,0.0018187568793964612,0.0012386292786769303,0.0026705945380891827,8
Interannual surface EKE spatial spectra,DUACS,North Pacific,0.12247131562594095,0.0012291449040527987,0.0008761285177506083,0.0017244013458639813,8
Interannual surface EKE spatial spectra,DUACS,North Pacific,0.1269248180123388,0.0007666036862897637,0.0005298902774830114,0.0011090620771993611,8
Interannual surface EKE spatial spectra,DUACS,North Pacific,0.13137832039873665,0.0005599072881554831,0.0004209621622319506,0.0007447134195326811,8
Interannual surface EKE spatial spectra,DUACS,North Pacific,0.13583182278513448,0.00040097123418777217,0.00029682882020984526,0.0005416520219714586,8
Interannual surface EKE spatial spectra,DUACS,North Pacific,0.14028532517153236,0.00028831663004456523,0.0002126572584421523,0.000390894154138957,8
Interannual surface EKE spatial spectra,DUACS,North Pacific,0.1447388275579302,0.0002199844859748736,0.00017462398264313293,0.0002771278797857175,8
Interannual surface EKE spatial spectra,DUACS,North Pacific,0.14919232994432807,0.00015698939249700455,0.00012053192606703201,0.00020447420165568614,8
Interannual surface EKE spatial spectra,DUACS,North Pacific,0.1536458323307259,0.00011709822207344324,8.493609608198903e-05,0.00016143894345609203,8
Interannual surface EKE spatial spectra,DUACS,North Pacific,0.15809933471712376,7.87577406120432e-05,5.943153858569417e-05,0.00010436851971062645,8
Interannual surface EKE spatial spectra,DUACS,North Pacific,0.1625528371035216,5.788491034303348e-05,3.970512794286735e-05,8.438866763613944e-05,8
Interannual surface EKE spatial spectra,DUACS,North Pacific,0.16700633948991947,3.9706092213298353e-05,2.713961155585516e-05,5.809124259594713e-05,8
Interannual surface EKE spatial spectra,DUACS,North Pacific,0.1714598418763173,2.532008224201426e-05,1.7682669852059405e-05,3.6256208485829966e-05,8
Interannual surface EKE spatial spectra,DUACS,North Pacific,0.17591334426271518,1.660285523465667e-05,1.2611143228526485e-05,2.1858034354842118e-05,8
Interannual surface EKE spatial spectra,DUACS,North Pacific,0.180366846649113,9.96866170459076e-06,7.558653584947311e-06,1.314707904837354e-05,8
Interannual surface EKE spatial spectra,DUACS,North Pacific,0.1848203490355109,6.009079633202805e-06,4.320381842837154e-06,8.357834874720307e-06,8
Interannual surface EKE spatial spectra,DUACS,North Pacific,0.18927385142190872,3.17959748458125e-06,2.249908482509331e-06,4.493445063454257e-06,8
Interannual surface EKE spatial spectra,DUACS,North Pacific,0.19372735380830655,1.6187423731663796e-06,1.1831521468059565e-06,2.2146998403866913e-06,8
Interannual surface EKE spatial spectra,DUACS,North Pacific,0.19818085619470444,8.443255915486118e-07,6.222356085421808e-07,1.1456845200712866e-06,8
Interannual surface EKE spatial spectra,DUACS,North Pacific,0.2026343585811023,4.077398369926841e-07,3.035854133821764e-07,5.476276768987256e-07,8
Interannual surface EKE spatial spectra,DUACS,North Pacific,0.20708786096750012,2.1330211245587167e-07,1.5990833691025173e-07,2.845241971572306e-07,8
Interannual surface EKE spatial spectra,DUACS,North Pacific,0.21154136335389798,1.2816624188116767e-07,9.997416155851974e-08,1.6430831028602056e-07,8
Interannual surface EKE spatial spectra,DUACS,North Pacific,0.21599486574029583,8.208688986921663e-08,6.479063006599548e-08,1.0400049330493216e-07,8
Interannual surface EKE spatial spectra,DUACS,North Pacific,0.22044836812669372,6.176448288812917e-08,4.732860059849467e-08,8.06035103129446e-08,8
Interannual surface EKE spatial spectra,DUACS,Gulf Stream,0.0022267511931989264,108.50691948906443,86.72850820871355,135.75411153934053,8
Interannual surface EKE spatial spectra,DUACS,Gulf Stream,0.006680253579596778,182.94740662990586,131.34392967877977,254.82527951206544,8
Interannual surface EKE spatial spectra,DUACS,Gulf Stream,0.01113375596599463,91.95561516356474,51.06212013901287,165.59898290727514,8
Interannual surface EKE spatial spectra,DUACS,Gulf Stream,0.015587258352392483,51.68768667522238,33.641747344773165,79.41373931788486,8
Interannual surface EKE spatial spectra,DUACS,Gulf Stream,0.020040760738790336,18.678639324124294,13.74309167369396,25.386687019526015,8
Interannual surface EKE spatial spectra,DUACS,Gulf Stream,0.024494263125188185,13.134335468210574,8.549071837409647,20.17888859426928,8
Interannual surface EKE spatial spectra,DUACS,Gulf Stream,0.028947765511586038,7.147734355551546,5.30107139431988,9.637694461590375,8
Interannual surface EKE spatial spectra,DUACS,Gulf Stream,0.033401267897983894,6.447368821796912,4.893088362230181,8.4953635918671,8
Interannual surface EKE spatial spectra,DUACS,Gulf Stream,0.03785477028438174,5.269977674435772,3.5815736593369136,7.754319003505643,8
Interannual surface EKE spatial spectra,DUACS,Gulf Stream,0.0423082726707796,4.46461338392372,2.8479998118171745,6.998867270006119,8
Interannual surface EKE spatial spectra,DUACS,Gulf Stream,0.04676177505717745,3.0928735946760417,2.0444272280286984,4.678996122482683,8
Interannual surface EKE spatial spectra,DUACS,Gulf Stream,0.0512152774435753,2.2901637832202635,1.425446135217993,3.6794446485146604,8
Interannual surface EKE spatial spectra,DUACS,Gulf Stream,0.055668779829973154,1.6740083157165617,1.0568033141761763,2.651679648897313,8
Interannual surface EKE spatial spectra,DUACS,Gulf Stream,0.060122282216371004,1.1833099438456465,0.8020431460777602,1.7458193241242805,8
Interannual surface EKE spatial spectra,DUACS,Gulf Stream,0.06457578460276886,0.8115635434062767,0.5949701672868509,1.1070057310429917,8
Interannual surface EKE spatial spectra,DUACS,Gulf Stream,0.06902928698916672,0.5554533015295308,0.4025268285902749,0.7664790226792598,8
Interannual surface EKE spatial spectra,DUACS,Gulf Stream,0.07348278937556456,0.4213221708162456,0.30044492224239094,0.5908316582501649,8
Interannual surface EKE spatial spectra,DUACS,Gulf Stream,0.07793629176196241,0.30274169733626966,0.2238988200550165,0.409348004976197,8
Interannual surface EKE spatial spectra,DUACS,Gulf Stream,0.08238979414836027,0.23102932434386056,0.16902732478222196,0.31577467593212827,8
Interannual surface EKE spatial spectra,DUACS,Gulf Stream,0.08684329653475813,0.1657700314402618,0.1157266783169542,0.23745348715914494,8
Interannual surface EKE spatial spectra,DUACS,Gulf Stream,0.09129679892115597,0.11198635375960814,0.0779509671568701,0.16088246093386444,8
Interannual surface EKE spatial spectra,DUACS,Gulf Stream,0.09575030130755383,0.08022556431574608,0.04972592650615767,0.12943230266374042,8
Interannual surface EKE spatial spectra,DUACS,Gulf Stream,0.10020380369395165,0.05498583688268718,0.03497669773005792,0.08644161552996543,8
Interannual surface EKE spatial spectra,DUACS,Gulf Stream,0.10465730608034954,0.040992623239127224,0.026110239431145505,0.06435770780487673,8
Interannual surface EKE spatial spectra,DUACS,Gulf Stream,0.10911080846674737,0.028426907327093017,0.018543310987071935,0.043578466690577536,8
Interannual surface EKE spatial spectra,DUACS,Gulf Stream,0.11356431085314524,0.018745552821149262,0.012813521780079861,0.027423822786705163,8
Interannual surface EKE spatial spectra,DUACS,Gulf Stream,0.11801781323954308,0.01147712418696472,0.008000644987681011,0.01646422004798777,8
Interannual surface EKE spatial spectra,DUACS,Gulf Stream,0.12247131562594095,0.006904390101577663,0.004523249356954525,0.01053901717831889,8
Interannual surface EKE spatial spectra,DUACS,Gulf Stream,0.1269248180123388,0.004213640371504035,0.002907051305654965,0.00610748257033891,8
Interannual surface EKE spatial spectra,DUACS,Gulf Stream,0.13137832039873665,0.002598832269730206,0.0017499924878309054,0.003859404662109418,8
Interannual surface EKE spatial spectra,DUACS,Gulf Stream,0.13583182278513448,0.0016308655039883998,0.0011389834351342393,0.0023351720578674317,8
Interannual surface EKE spatial spectra,DUACS,Gulf Stream,0.14028532517153236,0.0011437713314642777,0.0007819179002857748,0.0016730821205160307,8
Interannual surface EKE spatial spectra,DUACS,Gulf Stream,0.1447388275579302,0.0006665211743058879,0.00044184744154260796,0.0010054386062463149,8
Interannual surface EKE spatial spectra,DUACS,Gulf Stream,0.14919232994432807,0.00046762988894087247,0.00029657883517906147,0.0007373341826594754,8
Interannual surface EKE spatial spectra,DUACS,Gulf Stream,0.1536458323307259,0.00031247632658608755,0.00018881512119530287,0.0005171273045220716,8
Interannual surface EKE spatial spectra,DUACS,Gulf Stream,0.15809933471712376,0.00017534618510442172,0.00011663575856001164,0.00026360941970343074,8
Interannual surface EKE spatial spectra,DUACS,Gulf Stream,0.1625528371035216,0.00011251173504832071,7.301104255407898e-05,0.00017338323191600955,8
Interannual surface EKE spatial spectra,DUACS,Gulf Stream,0.16700633948991947,7.648276955220332e-05,4.868284766656631e-05,0.00012015759797865626,8
Interannual surface EKE spatial spectra,DUACS,Gulf Stream,0.1714598418763173,4.192798576280596e-05,2.7371559531010665e-05,6.422564224498715e-05,8
Interannual surface EKE spatial spectra,DUACS,Gulf Stream,0.17591334426271518,2.2761729055225137e-05,1.4178596086318967e-05,3.654073410578324e-05,8
Interannual surface EKE spatial spectra,DUACS,Gulf Stream,0.180366846649113,1.2092453400347407e-05,7.81670507207878e-06,1.870704189184481e-05,8
Interannual surface EKE spatial spectra,DUACS,Gulf Stream,0.1848203490355109,6.525297108864781e-06,4.353150632920428e-06,9.781306908369827e-06,8
Interannual surface EKE spatial spectra,DUACS,Gulf Stream,0.18927385142190872,3.328838708981752e-06,2.1890022184663458e-06,5.0622000548628775e-06,8
Interannual surface EKE spatial spectra,DUACS,Gulf Stream,0.19372735380830655,1.754793537157481e-06,1.1959667737977775e-06,2.5747373802629857e-06,8
Interannual surface EKE spatial spectra,DUACS,Gulf Stream,0.19818085619470444,9.214692442987276e-07,6.141427154353797e-07,1.3825867291880484e-06,8
Interannual surface EKE spatial spectra,DUACS,Gulf Stream,0.2026343585811023,5.36958339025021e-07,3.664628057007454e-07,7.867763204431605e-07,8
Interannual surface EKE spatial spectra,DUACS,Gulf Stream,0.20708786096750012,3.479717429625572e-07,2.4767332926978857e-07,4.888872542610505e-07,8
Interannual surface EKE spatial spectra,DUACS,Gulf Stream,0.21154136335389798,2.549278252076599e-07,2.0427284739677362e-07,3.181440749140585e-07,8
Interannual surface EKE spatial spectra,DUACS,Gulf Stream,0.21599486574029583,2.053976652488332e-07,1.6201267806785343e-07,2.6040061427786946e-07,8
Interannual surface EKE spatial spectra,DUACS,Gulf Stream,0.22044836812669372,1.6986153916490388e-07,1.4145006670559468e-07,2.0397970223317664e-07,8
Interannual surface EKE spatial spectra,DUACS,Agulhas,0.002320369269637215,218.39634856629237,171.21404493299784,278.58091364966583,8
Interannual surface EKE spatial spectra,DUACS,Agulhas,0.0069611078089116445,360.3513362706317,281.1025939626023,461.9419683096394,8
Interannual surface EKE spatial spectra,DUACS,Agulhas,0.011601846348186074,55.27021635838591,39.48340803363914,77.36912714576607,8
Interannual surface EKE spatial spectra,DUACS,Agulhas,0.016242584887460502,26.41283193711483,18.740737184488395,37.225733655541795,8
Interannual surface EKE spatial spectra,DUACS,Agulhas,0.020883323426734934,15.322334158223034,9.086924425892885,25.836456104693465,8
Interannual surface EKE spatial spectra,DUACS,Agulhas,0.025524061966009363,13.619806957244371,8.260929118624892,22.454997360330847,8
Interannual surface EKE spatial spectra,DUACS,Agulhas,0.030164800505283793,11.235879927305632,7.48004575180815,16.877570262229,8
Interannual surface EKE spatial spectra,DUACS,Agulhas,0.03480553904455822,8.063594028043093,5.80431623453054,11.20227534507366,8
Interannual surface EKE spatial spectra,DUACS,Agulhas,0.03944627758383265,6.0030376663895515,3.9780436757426236,9.05884001320433,8
Interannual surface EKE spatial spectra,DUACS,Agulhas,0.04408701612310708,3.743552883071114,2.248961466242775,6.231404316483393,8
Interannual surface EKE spatial spectra,DUACS,Agulhas,0.048727754662381516,2.426751890574303,1.8335722101570535,3.2118313670894505,8
Interannual surface EKE spatial spectra,DUACS,Agulhas,0.053368493201655945,1.5689301451065358,1.2693485306473329,1.9392166460134448,8
Interannual surface EKE spatial spectra,DUACS,Agulhas,0.05800923174093037,1.0369734538524777,0.8428185720820712,1.2758545903162966,8
Interannual surface EKE spatial spectra,DUACS,Agulhas,0.0626499702802048,0.7873030862111609,0.5651951267974219,1.096694079918677,8
Interannual surface EKE spatial spectra,DUACS,Agulhas,0.06729070881947923,0.5565827597016707,0.39720265246858755,0.7799151553289961,8
Interannual surface EKE spatial spectra,DUACS,Agulhas,0.07193144735875365,0.376005318345375,0.2716348644707718,0.520478104677242,8
Interannual surface EKE spatial spectra,DUACS,Agulhas,0.0765721858980281,0.24434954732488853,0.16275844517345986,0.36684241616000635,8
Interannual surface EKE spatial spectra,DUACS,Agulhas,0.08121292443730252,0.15062705036189916,0.10657439562910054,0.21288892296125694,8
Interannual surface EKE spatial spectra,DUACS,Agulhas,0.08585366297657696,0.09897630327293498,0.07113195806327786,0.1377202157272454,8
Interannual surface EKE spatial spectra,DUACS,Agulhas,0.09049440151585138,0.07197448674622434,0.04964453951778467,0.10434836928090796,8
Interannual surface EKE spatial spectra,DUACS,Agulhas,0.0951351400551258,0.05764446387653819,0.04011838111895144,0.08282697663599954,8
Interannual surface EKE spatial spectra,DUACS,Agulhas,0.09977587859440025,0.0374153994555207,0.025823907804575007,0.05420992543073468,8
Interannual surface EKE spatial spectra,DUACS,Agulhas,0.10441661713367467,0.02522148791475546,0.018911248062130372,0.03363730677870954,8
Interannual surface EKE spatial spectra,DUACS,Agulhas,0.1090573556729491,0.01760616066481696,0.014347409290403013,0.02160507775872063,8
Interannual surface EKE spatial spectra,DUACS,Agulhas,0.11369809421222353,0.012839720477787817,0.009524627543478532,0.017308647629019527,8
Interannual surface EKE spatial spectra,DUACS,Agulhas,0.11833883275149795,0.008330033596882485,0.00580434984577859,0.011954734219829425,8
Interannual surface EKE spatial spectra,DUACS,Agulhas,0.12297957129077237,0.005041639098466677,0.0037061449708086043,0.006858373053238167,8
Interannual surface EKE spatial spectra,DUACS,Agulhas,0.12762030983004682,0.0028573377813070045,0.0021538096840655876,0.0037906688120526682,8
Interannual surface EKE spatial spectra,DUACS,Agulhas,0.13226104836932123,0.0017040667767807564,0.0012066357850388347,0.0024065617941494235,8
Interannual surface EKE spatial spectra,DUACS,Agulhas,0.13690178690859567,0.001011053531012284,0.0007574468331039922,0.0013495722708131818,8
Interannual surface EKE spatial spectra,DUACS,Agulhas,0.1415425254478701,0.0006712375847950259,0.0005355311666565423,0.0008413327240213111,8
Interannual surface EKE spatial spectra,DUACS,Agulhas,0.14618326398714454,0.00046630885067238325,0.0003424929155940641,0.0006348859620592036,8
Interannual surface EKE spatial spectra,DUACS,Agulhas,0.15082400252641895,0.0003168502250698563,0.00021328963566875315,0.00047069359376999617,8
Interannual surface EKE spatial spectra,DUACS,Agulhas,0.15546474106569338,0.00018168692033218348,0.00012695934072392613,0.00026000557998780046,8
Interannual surface EKE spatial spectra,DUACS,Agulhas,0.16010547960496785,0.00012839327520014032,8.330663922398791e-05,0.00019788138460724518,8
Interannual surface EKE spatial spectra,DUACS,Agulhas,0.16474621814424226,9.769229012150057e-05,6.1026673686172896e-05,0.00015638708408493543,8
Interannual surface EKE spatial spectra,DUACS,Agulhas,0.1693869566835167,5.290304642277388e-05,3.8166187120666916e-05,7.333015247139162e-05,8
Interannual surface EKE spatial spectra,DUACS,Agulhas,0.17402769522279113,3.281170688052492e-05,2.228186802828178e-05,4.831767727225459e-05,8
Interannual surface EKE spatial spectra,DUACS,Agulhas,0.17866843376206554,1.945301957380901e-05,1.3486128275651539e-05,2.8059941504650583e-05,8
Interannual surface EKE spatial spectra,DUACS,Agulhas,0.18330917230133997,1.0885032589405553e-05,7.902187283040474e-06,1.4993815032289727e-05,8
Interannual surface EKE spatial spectra,DUACS,Agulhas,0.1879499108406144,5.885175670798766e-06,4.353949397925816e-06,7.954913920832808e-06,8
Interannual surface EKE spatial spectra,DUACS,Agulhas,0.19259064937988882,3.324777000327315e-06,2.4921866866716504e-06,4.435519281530414e-06,8
Interannual surface EKE spatial spectra,DUACS,Agulhas,0.19723138791916328,1.8151801720335038e-06,1.2849570963630188e-06,2.5641938289375613e-06,8
Interannual surface EKE spatial spectra,DUACS,Agulhas,0.2018721264584377,8.810222830167078e-07,6.56747582943121e-07,1.1818852224678782e-06,8
Interannual surface EKE spatial spectra,DUACS,Agulhas,0.2065128649977121,5.617176481344304e-07,4.212181653048431e-07,7.490814552058159e-07,8
Interannual surface EKE spatial spectra,DUACS,Agulhas,0.2111536035369866,3.8596557861625745e-07,2.9305591129993087e-07,5.083310799491713e-07,8
Interannual surface EKE spatial spectra,DUACS,Agulhas,0.21579434207626097,2.674332770550866e-07,2.0397620766898224e-07,3.506318628714193e-07,8
Interannual surface EKE spatial spectra,DUACS,Agulhas,0.22043508061553538,2.0629189645969208e-07,1.7465242322270203e-07,2.4366307526504835e-07,8
Interannual surface EKE spatial spectra,control_epoch_0070,North Pacific,0.0022276666703460544,0.0008674997302130323,0.00041219247026147324,0.0018257387900421907,8
Interannual surface EKE spatial spectra,control_epoch_0070,North Pacific,0.006683000011038162,0.0008826339609261695,0.00044158260953728874,0.0017642060447003044,8
Interannual surface EKE spatial spectra,control_epoch_0070,North Pacific,0.011138333351730272,0.00029289673931068343,0.00013078285798848454,0.0006559613485919085,8
Interannual surface EKE spatial spectra,control_epoch_0070,North Pacific,0.01559366669242238,0.00037208307895739433,0.00017410604284760336,0.0007951810022332048,8
Interannual surface EKE spatial spectra,control_epoch_0070,North Pacific,0.02004900003311449,0.00020952591332198852,0.00010354903654462641,0.00042396443094372426,8
Interannual surface EKE spatial spectra,control_epoch_0070,North Pacific,0.024504333373806596,0.0002648803624661118,0.00013445014211626368,0.0005218410729496109,8
Interannual surface EKE spatial spectra,control_epoch_0070,Gulf Stream,0.0022276666703460544,0.04549392880976932,0.02631223559423203,0.07865912993733082,8
Interannual surface EKE spatial spectra,control_epoch_0070,Gulf Stream,0.006683000011038162,0.04811431443282247,0.027644172404288986,0.08374232440329228,8
Interannual surface EKE spatial spectra,control_epoch_0070,Gulf Stream,0.011138333351730272,0.009228319944496256,0.004503116767989037,0.018911765647156034,8
Interannual surface EKE spatial spectra,control_epoch_0070,Gulf Stream,0.01559366669242238,0.0034124783615556314,0.0015739239543042097,0.007398711059857626,8
Interannual surface EKE spatial spectra,control_epoch_0070,Gulf Stream,0.02004900003311449,0.002397417256070022,0.0011810848786138156,0.004866381412357101,8
Interannual surface EKE spatial spectra,control_epoch_0070,Gulf Stream,0.024504333373806596,0.0028103923431798965,0.0014025980921838015,0.005631196254022258,8
Interannual surface EKE spatial spectra,control_epoch_0070,Agulhas,0.0023203934570558207,0.7139997877831122,0.39261730888317287,1.298454462959054,8
Interannual surface EKE spatial spectra,control_epoch_0070,Agulhas,0.006961180371167463,1.4559274222883218,0.8249574724096664,2.569495676885609,8
Interannual surface EKE spatial spectra,control_epoch_0070,Agulhas,0.011601967285279104,0.30918092306969347,0.18057397983594278,0.5293832659449432,8
Interannual surface EKE spatial spectra,control_epoch_0070,Agulhas,0.016242754199390745,0.11756112668315187,0.06221657583007611,0.2221372411229848,8
Interannual surface EKE spatial spectra,control_epoch_0070,Agulhas,0.020883541113502387,0.05741712475684393,0.028549519727628647,0.1154739640734688,8
Interannual surface EKE spatial spectra,control_epoch_0070,Agulhas,0.02552432802761403,0.06752574452076629,0.032220281914080766,0.14151726497126418,8
Interannual surface EKE spatial spectra,control_ema_latest,North Pacific,0.0022276666703460544,0.0010298160852318615,0.00038863540659849513,0.00272883312069895,8
Interannual surface EKE spatial spectra,control_ema_latest,North Pacific,0.006683000011038162,0.0007401970955224019,0.0003431087171810259,0.0015968458764943861,8
Interannual surface EKE spatial spectra,control_ema_latest,North Pacific,0.011138333351730272,0.0003791028340605639,0.0001912951009989071,0.0007512945080259665,8
Interannual surface EKE spatial spectra,control_ema_latest,North Pacific,0.01559366669242238,0.0004550966175200671,0.00022831177957073655,0.0009071495639323218,8
Interannual surface EKE spatial spectra,control_ema_latest,North Pacific,0.02004900003311449,0.0002415097240203902,8.810188135437065e-05,0.0006620397419414649,8
Interannual surface EKE spatial spectra,control_ema_latest,North Pacific,0.024504333373806596,0.00036310846686272004,0.0001746947896617451,0.0007547320613435981,8
Interannual surface EKE spatial spectra,control_ema_latest,Gulf Stream,0.0022276666703460544,0.04475355449166374,0.024983274021620382,0.0801688616914274,8
Interannual surface EKE spatial spectra,control_ema_latest,Gulf Stream,0.006683000011038162,0.05583322807749702,0.031116618786488054,0.10018277946405493,8
Interannual surface EKE spatial spectra,control_ema_latest,Gulf Stream,0.011138333351730272,0.010651347336220064,0.005244597100912457,0.02163201441290199,8
Interannual surface EKE spatial spectra,control_ema_latest,Gulf Stream,0.01559366669242238,0.00399114423582521,0.0016456165473606502,0.009679795901851602,8
Interannual surface EKE spatial spectra,control_ema_latest,Gulf Stream,0.02004900003311449,0.0028057834571771395,0.0012998102134447107,0.006056592514153042,8
Interannual surface EKE spatial spectra,control_ema_latest,Gulf Stream,0.024504333373806596,0.0035163505628230626,0.0015554848876728714,0.00794911051766287,8
Interannual surface EKE spatial spectra,control_ema_latest,Agulhas,0.0023203934570558207,0.7024416603016193,0.3986157164845461,1.2378445347787108,8
Interannual surface EKE spatial spectra,control_ema_latest,Agulhas,0.006961180371167463,1.4699176601647586,0.8695285581408501,2.4848613739426435,8
Interannual surface EKE spatial spectra,control_ema_latest,Agulhas,0.011601967285279104,0.30980816493016944,0.18893380162035453,0.5080144380425078,8
Interannual surface EKE spatial spectra,control_ema_latest,Agulhas,0.016242754199390745,0.1163060006045038,0.0640592893297609,0.21116509280926998,8
Interannual surface EKE spatial spectra,control_ema_latest,Agulhas,0.020883541113502387,0.055157847044769635,0.02893735858609326,0.10513703528131678,8
Interannual surface EKE spatial spectra,control_ema_latest,Agulhas,0.02552432802761403,0.06555254679277642,0.03196012271782131,0.13445306292966802,8
Interannual surface EKE spatial spectra,sd01_epoch_0070,North Pacific,0.0022276666703460544,0.002125177343358762,0.0006378977300786974,0.007080098466831383,8
Interannual surface EKE spatial spectra,sd01_epoch_0070,North Pacific,0.006683000011038162,0.0013708793417971218,0.0008504234737759584,0.002209852182727036,8
Interannual surface EKE spatial spectra,sd01_epoch_0070,North Pacific,0.011138333351730272,0.000510998954936669,0.00025833593924222853,0.0010107766372433715,8
Interannual surface EKE spatial spectra,sd01_epoch_0070,North Pacific,0.01559366669242238,0.00064356395118342,0.0003257529817690045,0.001271437507689528,8
Interannual surface EKE spatial spectra,sd01_epoch_0070,North Pacific,0.02004900003311449,0.00028972931119090726,0.00014228598385590142,0.0005899602440685228,8
Interannual surface EKE spatial spectra,sd01_epoch_0070,North Pacific,0.024504333373806596,0.00027575741322793766,0.00013046090752893324,0.0005828730796871017,8
Interannual surface EKE spatial spectra,sd01_epoch_0070,Gulf Stream,0.0022276666703460544,0.02505530723016654,0.010846805633319462,0.057875879924467584,8
Interannual surface EKE spatial spectra,sd01_epoch_0070,Gulf Stream,0.006683000011038162,0.0658282376715287,0.037695481770846175,0.11495693041627883,8
Interannual surface EKE spatial spectra,sd01_epoch_0070,Gulf Stream,0.011138333351730272,0.01572660316383203,0.008123758021170024,0.0304447826274656,8
Interannual surface EKE spatial spectra,sd01_epoch_0070,Gulf Stream,0.01559366669242238,0.007885371226206965,0.003981507906697571,0.015616967448563144,8
Interannual surface EKE spatial spectra,sd01_epoch_0070,Gulf Stream,0.02004900003311449,0.006967194202004375,0.003243149075481278,0.014967488055182868,8
Interannual surface EKE spatial spectra,sd01_epoch_0070,Gulf Stream,0.024504333373806596,0.006071259074013123,0.0025751368366499616,0.014313874982946036,8
Interannual surface EKE spatial spectra,sd01_epoch_0070,Agulhas,0.0023203934570558207,0.6286173250016114,0.3725151896640576,1.0607882638250141,8
Interannual surface EKE spatial spectra,sd01_epoch_0070,Agulhas,0.006961180371167463,1.284186560397644,0.778135874362002,2.119340819825415,8
Interannual surface EKE spatial spectra,sd01_epoch_0070,Agulhas,0.011601967285279104,0.24954551098443437,0.16219994374442903,0.383927149510009,8
Interannual surface EKE spatial spectra,sd01_epoch_0070,Agulhas,0.016242754199390745,0.09029130735469056,0.05088430308825313,0.16021679946524103,8
Interannual surface EKE spatial spectra,sd01_epoch_0070,Agulhas,0.020883541113502387,0.050215779389997876,0.024968566569547494,0.10099196094101749,8
Interannual surface EKE spatial spectra,sd01_epoch_0070,Agulhas,0.02552432802761403,0.053562644274372545,0.02618514194194055,0.10956430436864606,8
Interannual surface EKE spatial spectra,sd01_ema_latest,North Pacific,0.0022276666703460544,0.0016908072379194544,0.0006523569616919084,0.004382307975048431,8
Interannual surface EKE spatial spectra,sd01_ema_latest,North Pacific,0.006683000011038162,0.001240626566864546,0.0007848342420127628,0.001961120190758803,8
Interannual surface EKE spatial spectra,sd01_ema_latest,North Pacific,0.011138333351730272,0.00040313152595576997,0.00022343396315458052,0.0007273514953811801,8
Interannual surface EKE spatial spectra,sd01_ema_latest,North Pacific,0.01559366669242238,0.0006246604145639642,0.00027791703498301337,0.0014040184098361326,8
Interannual surface EKE spatial spectra,sd01_ema_latest,North Pacific,0.02004900003311449,0.000291197439447341,0.00016717026989592802,0.0005072429971757396,8
Interannual surface EKE spatial spectra,sd01_ema_latest,North Pacific,0.024504333373806596,0.00025081851080669987,0.00012880303230055346,0.0004884195988219778,8
Interannual surface EKE spatial spectra,sd01_ema_latest,Gulf Stream,0.0022276666703460544,0.028551477209766717,0.013807037948739742,0.059041400037162614,8
Interannual surface EKE spatial spectra,sd01_ema_latest,Gulf Stream,0.006683000011038162,0.07058808219486729,0.03972825698567857,0.12541897697010768,8
Interannual surface EKE spatial spectra,sd01_ema_latest,Gulf Stream,0.011138333351730272,0.015112418545515165,0.007604607217065566,0.0300324773884849,8
Interannual surface EKE spatial spectra,sd01_ema_latest,Gulf Stream,0.01559366669242238,0.007236689845750834,0.003788539570288054,0.013823184092970002,8
Interannual surface EKE spatial spectra,sd01_ema_latest,Gulf Stream,0.02004900003311449,0.00633734381280285,0.0029425814143910272,0.013648535399990674,8
Interannual surface EKE spatial spectra,sd01_ema_latest,Gulf Stream,0.024504333373806596,0.006388894011190106,0.002748377828727753,0.014851657679510457,8
Interannual surface EKE spatial spectra,sd01_ema_latest,Agulhas,0.0023203934570558207,0.6893384195878782,0.41917776598416484,1.1336179904586465,8
Interannual surface EKE spatial spectra,sd01_ema_latest,Agulhas,0.006961180371167463,1.3724348395492207,0.8344826645347186,2.2571797700060294,8
Interannual surface EKE spatial spectra,sd01_ema_latest,Agulhas,0.011601967285279104,0.24165648381889143,0.14915338449724966,0.39152887055531066,8
Interannual surface EKE spatial spectra,sd01_ema_latest,Agulhas,0.016242754199390745,0.09092381696472941,0.05352024069910456,0.15446755065834247,8
Interannual surface EKE spatial spectra,sd01_ema_latest,Agulhas,0.020883541113502387,0.05092552011676657,0.02398740550050733,0.10811542745247486,8
Interannual surface EKE spatial spectra,sd01_ema_latest,Agulhas,0.02552432802761403,0.05498335791792658,0.026468283250473013,0.11421857697842161,8
Interannual surface EKE spatial spectra,om4,North Pacific,0.0022276666703460544,0.0026796312048133772,0.0011219312013794936,0.006400056781539505,8
Interannual surface EKE spatial spectra,om4,North Pacific,0.006683000011038162,0.0018245137142234565,0.0006310734037274329,0.005274901895290833,8
Interannual surface EKE spatial spectra,om4,North Pacific,0.011138333351730272,0.00063205533533529,0.00024385311717500517,0.001638256469935149,8
Interannual surface EKE spatial spectra,om4,North Pacific,0.01559366669242238,0.0007463519887836761,0.00036065069712204803,0.001544545166851126,8
Interannual surface EKE spatial spectra,om4,North Pacific,0.02004900003311449,0.0003730409556544409,0.0002110767698056332,0.0006592840828657813,8
Interannual surface EKE spatial spectra,om4,North Pacific,0.024504333373806596,0.00025746712802730967,0.0001439502775831928,0.0004605015226616746,8
Interannual surface EKE spatial spectra,om4,Gulf Stream,0.0022276666703460544,0.11148723133326902,0.06679722721685648,0.18607662725289364,8
Interannual surface EKE spatial spectra,om4,Gulf Stream,0.006683000011038162,0.129175651278911,0.0865290711215775,0.1928409569991304,8
Interannual surface EKE spatial spectra,om4,Gulf Stream,0.011138333351730272,0.033084845011446415,0.021107084808360065,0.05185969447556682,8
Interannual surface EKE spatial spectra,om4,Gulf Stream,0.01559366669242238,0.014419961683293283,0.009489557637571115,0.021912011380213117,8
Interannual surface EKE spatial spectra,om4,Gulf Stream,0.02004900003311449,0.00943998825511585,0.006277519791667563,0.014195634775219573,8
Interannual surface EKE spatial spectra,om4,Gulf Stream,0.024504333373806596,0.011141288248536921,0.007385167125383926,0.016807785352661732,8
Interannual surface EKE spatial spectra,om4,Agulhas,0.0023203934570558207,1.2792900066834665,0.7761978814163354,2.1084609484038994,8
Interannual surface EKE spatial spectra,om4,Agulhas,0.006961180371167463,2.4055532191525457,1.5148136713123461,3.8200647378379737,8
Interannual surface EKE spatial spectra,om4,Agulhas,0.011601967285279104,0.49322880275942105,0.2535943320652661,0.9593063452572816,8
Interannual surface EKE spatial spectra,om4,Agulhas,0.016242754199390745,0.16278962845355283,0.08437632404982806,0.314074634448356,8
Interannual surface EKE spatial spectra,om4,Agulhas,0.020883541113502387,0.08271988092494972,0.04769314479705939,0.1434709061303031,8
Interannual surface EKE spatial spectra,om4,Agulhas,0.02552432802761403,0.10534389045751587,0.06178792976653883,0.17960361026264474,8
Interannual SST anomaly spatial spectra,OISST,North Pacific,0.0022267511931989264,40537.31707483704,24886.599779020235,66030.4778562469,8
Interannual SST anomaly spatial spectra,OISST,North Pacific,0.006680253579596778,22911.050366779204,18668.644588579096,28117.532926317588,8
Interannual SST anomaly spatial spectra,OISST,North Pacific,0.01113375596599463,12460.53854320824,9341.217952010664,16621.496424174315,8
Interannual SST anomaly spatial spectra,OISST,North Pacific,0.015587258352392483,11498.455699574433,8905.281558550185,14846.749381902846,8
Interannual SST anomaly spatial spectra,OISST,North Pacific,0.020040760738790336,8290.1647954195,6648.20992562732,10337.644735056681,8
Interannual SST anomaly spatial spectra,OISST,North Pacific,0.024494263125188185,4312.71278942334,3460.3478644233737,5375.035208246334,8
Interannual SST anomaly spatial spectra,OISST,North Pacific,0.028947765511586038,2657.898757218554,2208.7524705079613,3198.378223884584,8
Interannual SST anomaly spatial spectra,OISST,North Pacific,0.033401267897983894,1654.9704345714088,1327.9437118752994,2062.532556773518,8
Interannual SST anomaly spatial spectra,OISST,North Pacific,0.03785477028438174,952.5856125693023,758.5495431335843,1196.2558774018428,8
Interannual SST anomaly spatial spectra,OISST,North Pacific,0.0423082726707796,521.4769926771326,425.381259923116,639.2812272471447,8
Interannual SST anomaly spatial spectra,OISST,North Pacific,0.04676177505717745,258.2853209862994,218.14118548103642,305.8171105556548,8
Interannual SST anomaly spatial spectra,OISST,North Pacific,0.0512152774435753,117.75050333895365,101.3192833062126,136.84641841250334,8
Interannual SST anomaly spatial spectra,OISST,North Pacific,0.055668779829973154,58.36792752879665,50.54128806534101,67.40657182306961,8
Interannual SST anomaly spatial spectra,OISST,North Pacific,0.060122282216371004,30.71517994506758,24.019148111501522,39.277924207733484,8
Interannual SST anomaly spatial spectra,OISST,North Pacific,0.06457578460276886,17.14897250523563,11.760775633322186,25.005770635746224,8
Interannual SST anomaly spatial spectra,OISST,North Pacific,0.06902928698916672,12.561697991472128,7.156986732523295,22.04786208585322,8
Interannual SST anomaly spatial spectra,OISST,North Pacific,0.07348278937556456,9.569096565606225,5.148073484673386,17.786771955471856,8
Interannual SST anomaly spatial spectra,OISST,North Pacific,0.07793629176196241,8.15236758473072,4.577226897552904,14.519948152908892,8
Interannual SST anomaly spatial spectra,OISST,North Pacific,0.08238979414836027,6.4391306780865385,3.746531821748767,11.066876210361885,8
Interannual SST anomaly spatial spectra,OISST,North Pacific,0.08684329653475813,5.866349206135337,3.4365504878216755,10.014126994577843,8
Interannual SST anomaly spatial spectra,OISST,North Pacific,0.09129679892115597,4.412598783386122,2.5829668174507234,7.5382416419726805,8
Interannual SST anomaly spatial spectra,OISST,North Pacific,0.09575030130755383,3.639503874927152,2.097147617014523,6.316192693419742,8
Interannual SST anomaly spatial spectra,OISST,North Pacific,0.10020380369395165,3.20159397525221,1.78821039673902,5.732101771169388,8
Interannual SST anomaly spatial spectra,OISST,North Pacific,0.10465730608034954,3.0626326633272574,1.644367027263649,5.70415161272576,8
Interannual SST anomaly spatial spectra,OISST,North Pacific,0.10911080846674737,3.023171280692553,1.5853269400908672,5.765097634611819,8
Interannual SST anomaly spatial spectra,OISST,Gulf Stream,0.0022267511931989264,14385.486341319323,10599.21587534121,19524.294977115267,8
Interannual SST anomaly spatial spectra,OISST,Gulf Stream,0.006680253579596778,18685.60357478403,16163.321058749198,21601.487694571657,8
Interannual SST anomaly spatial spectra,OISST,Gulf Stream,0.01113375596599463,13103.546181885102,11257.154643262207,15252.781718119659,8
Interannual SST anomaly spatial spectra,OISST,Gulf Stream,0.015587258352392483,13068.654375234504,11364.757937258028,15028.01274978518,8
Interannual SST anomaly spatial spectra,OISST,Gulf Stream,0.020040760738790336,10636.33077983813,9214.271889478685,12277.859153180756,8
Interannual SST anomaly spatial spectra,OISST,Gulf Stream,0.024494263125188185,7653.421347268583,6481.173880783587,9037.69276928343,8
Interannual SST anomaly spatial spectra,OISST,Gulf Stream,0.028947765511586038,4649.10032326394,3863.667642537373,5594.201110315559,8
Interannual SST anomaly spatial spectra,OISST,Gulf Stream,0.033401267897983894,2977.0212176478444,2500.2533419947576,3544.7029232864215,8
Interannual SST anomaly spatial spectra,OISST,Gulf Stream,0.03785477028438174,1767.7503627645626,1563.578973159858,1998.582354135274,8
Interannual SST anomaly spatial spectra,OISST,Gulf Stream,0.0423082726707796,1050.7613027333857,906.7299619937272,1217.671590882755,8
Interannual SST anomaly spatial spectra,OISST,Gulf Stream,0.04676177505717745,529.5520720569067,465.0473304046615,603.0039926812412,8
Interannual SST anomaly spatial spectra,OISST,Gulf Stream,0.0512152774435753,259.4852802511825,223.81129480954533,300.84545431155357,8
Interannual SST anomaly spatial spectra,OISST,Gulf Stream,0.055668779829973154,130.98218251736458,106.47109203982616,161.1360587021572,8
Interannual SST anomaly spatial spectra,OISST,Gulf Stream,0.060122282216371004,58.82792927212202,47.36155055370544,73.07035394716468,8
Interannual SST anomaly spatial spectra,OISST,Gulf Stream,0.06457578460276886,30.172564593585243,24.510268760604795,37.14294865739407,8
Interannual SST anomaly spatial spectra,OISST,Gulf Stream,0.06902928698916672,17.028401847280524,14.238762148629627,20.36458411522618,8
Interannual SST anomaly spatial spectra,OISST,Gulf Stream,0.07348278937556456,10.176047176650844,9.068943854603807,11.418301601774274,8
Interannual SST anomaly spatial spectra,OISST,Gulf Stream,0.07793629176196241,7.513109565876436,6.06683720812602,9.304158561112905,8
Interannual SST anomaly spatial spectra,OISST,Gulf Stream,0.08238979414836027,5.270013192617895,3.8136776487048523,7.282482057653337,8
Interannual SST anomaly spatial spectra,OISST,Gulf Stream,0.08684329653475813,4.310517069757136,2.888473586776545,6.432656159201035,8
Interannual SST anomaly spatial spectra,OISST,Gulf Stream,0.09129679892115597,3.6776061578053802,2.4164837428107586,5.596887250810367,8
Interannual SST anomaly spatial spectra,OISST,Gulf Stream,0.09575030130755383,2.933620255244173,1.998853818001005,4.305531362261209,8
Interannual SST anomaly spatial spectra,OISST,Gulf Stream,0.10020380369395165,2.6257846663521733,1.847883375524043,3.7311581484924106,8
Interannual SST anomaly spatial spectra,OISST,Gulf Stream,0.10465730608034954,2.3370163196410143,1.636434112068577,3.3375283722022258,8
Interannual SST anomaly spatial spectra,OISST,Gulf Stream,0.10911080846674737,2.4339419475597768,1.6925231781958716,3.500143147466841,8
Interannual SST anomaly spatial spectra,OISST,Agulhas,0.002320369269637215,15036.672097118108,10767.32567903987,20998.85472920996,8
Interannual SST anomaly spatial spectra,OISST,Agulhas,0.0069611078089116445,39675.31501089919,26410.759988886122,59601.86764320641,8
Interannual SST anomaly spatial spectra,OISST,Agulhas,0.011601846348186074,70720.12842750417,52518.90659565391,95229.2591182117,8
Interannual SST anomaly spatial spectra,OISST,Agulhas,0.016242584887460502,67354.30055805141,54093.79497792143,83865.47487592533,8
Interannual SST anomaly spatial spectra,OISST,Agulhas,0.020883323426734934,41853.40907829619,37005.19132436567,47336.81380325178,8
Interannual SST anomaly spatial spectra,OISST,Agulhas,0.025524061966009363,25649.64609559612,22978.278470342993,28631.57680321683,8
Interannual SST anomaly spatial spectra,OISST,Agulhas,0.030164800505283793,15066.679538294688,13373.785633058687,16973.865032540536,8
Interannual SST anomaly spatial spectra,OISST,Agulhas,0.03480553904455822,8046.488057462198,6911.829604739518,9367.414094595844,8
Interannual SST anomaly spatial spectra,OISST,Agulhas,0.03944627758383265,4233.157904670185,3591.4443776493076,4989.531776516203,8
Interannual SST anomaly spatial spectra,OISST,Agulhas,0.04408701612310708,2132.572006285657,1732.59489547265,2624.8855828197397,8
Interannual SST anomaly spatial spectra,OISST,Agulhas,0.048727754662381516,1012.2980461978368,806.4343552079624,1270.7138872719493,8
Interannual SST anomaly spatial spectra,OISST,Agulhas,0.053368493201655945,456.08355263486374,353.1460903089454,589.0259376850574,8
Interannual SST anomaly spatial spectra,OISST,Agulhas,0.05800923174093037,187.61374775675642,138.40292565197163,254.32206856556718,8
Interannual SST anomaly spatial spectra,OISST,Agulhas,0.0626499702802048,82.5759585619129,61.01230022696895,111.76088931334345,8
Interannual SST anomaly spatial spectra,OISST,Agulhas,0.06729070881947923,40.155391566215805,32.17348020434408,50.11753349637323,8
Interannual SST anomaly spatial spectra,OISST,Agulhas,0.07193144735875365,24.27530268234289,20.366008335620613,28.934993574007414,8
Interannual SST anomaly spatial spectra,OISST,Agulhas,0.0765721858980281,14.761079784674692,10.78591817213131,20.20129143687696,8
Interannual SST anomaly spatial spectra,OISST,Agulhas,0.08121292443730252,10.948631793808374,7.083473156530255,16.922847804665018,8
Interannual SST anomaly spatial spectra,OISST,Agulhas,0.08585366297657696,8.926210654105137,5.653896595152206,14.09244674014331,8
Interannual SST anomaly spatial spectra,OISST,Agulhas,0.09049440151585138,7.629532258767045,4.969997426729087,11.712231916763116,8
Interannual SST anomaly spatial spectra,OISST,Agulhas,0.0951351400551258,6.524944639605833,4.368787916050992,9.745243616312905,8
Interannual SST anomaly spatial spectra,OISST,Agulhas,0.09977587859440025,5.305659471950626,3.614166659682947,7.78880031912221,8
Interannual SST anomaly spatial spectra,OISST,Agulhas,0.10441661713367467,4.409399259816664,2.990546356234469,6.5014213178601405,8
Interannual SST anomaly spatial spectra,OISST,Agulhas,0.1090573556729491,4.520465611053527,2.939300012060288,6.952202652628846,8
Interannual SST anomaly spatial spectra,control_epoch_0070,North Pacific,0.0022276666703460544,18296.82392799057,12278.699864916398,27264.59393379493,8
Interannual SST anomaly spatial spectra,control_epoch_0070,North Pacific,0.006683000011038162,5450.682636828566,4055.9859283611004,7324.961607899188,8
Interannual SST anomaly spatial spectra,control_epoch_0070,North Pacific,0.011138333351730272,730.6321383224499,603.5274414359322,884.5054671905981,8
Interannual SST anomaly spatial spectra,control_epoch_0070,North Pacific,0.01559366669242238,424.136516416942,355.3493485653968,506.2392411426991,8
Interannual SST anomaly spatial spectra,control_epoch_0070,North Pacific,0.02004900003311449,288.9903464401975,237.658054966114,351.4100136329622,8
Interannual SST anomaly spatial spectra,control_epoch_0070,North Pacific,0.024504333373806596,161.3243901712184,135.29796652334267,192.35735416337815,8
Interannual SST anomaly spatial spectra,control_epoch_0070,Gulf Stream,0.0022276666703460544,3653.4379550094604,2374.160292752453,5622.033580398793,8
Interannual SST anomaly spatial spectra,control_epoch_0070,Gulf Stream,0.006683000011038162,4044.12455877182,3085.2043200406683,5301.08924735519,8
Interannual SST anomaly spatial spectra,control_epoch_0070,Gulf Stream,0.011138333351730272,1930.6162569061898,1461.3238887923167,2550.6180799595404,8
Interannual SST anomaly spatial spectra,control_epoch_0070,Gulf Stream,0.01559366669242238,1825.8554121516804,1436.0831495629955,2321.417103945585,8
Interannual SST anomaly spatial spectra,control_epoch_0070,Gulf Stream,0.02004900003311449,1280.4116763155578,1074.646038225625,1525.5758664054258,8
Interannual SST anomaly spatial spectra,control_epoch_0070,Gulf Stream,0.024504333373806596,790.4203985689169,621.2226621615388,1005.7012477619267,8
Interannual SST anomaly spatial spectra,control_epoch_0070,Agulhas,0.0023203934570558207,3397.321976518715,2427.754789074601,4754.103117859144,8
Interannual SST anomaly spatial spectra,control_epoch_0070,Agulhas,0.006961180371167463,5111.624187071557,3809.037351616732,6859.6601760192025,8
Interannual SST anomaly spatial spectra,control_epoch_0070,Agulhas,0.011601967285279104,5925.726518848219,5303.49876667092,6620.956527198879,8
Interannual SST anomaly spatial spectra,control_epoch_0070,Agulhas,0.016242754199390745,7686.8445077701845,6323.233637380264,9344.519256308364,8
Interannual SST anomaly spatial spectra,control_epoch_0070,Agulhas,0.020883541113502387,6099.7938628983,4915.234636083938,7569.828894169675,8
Interannual SST anomaly spatial spectra,control_epoch_0070,Agulhas,0.02552432802761403,3496.2239437824473,3172.0010923685863,3853.586902755489,8
Interannual SST anomaly spatial spectra,control_ema_latest,North Pacific,0.0022276666703460544,19740.07686837791,12872.446412007312,30271.684363431265,8
Interannual SST anomaly spatial spectra,control_ema_latest,North Pacific,0.006683000011038162,5628.191375700697,4025.8551427840625,7868.275692504408,8
Interannual SST anomaly spatial spectra,control_ema_latest,North Pacific,0.011138333351730272,665.9890204627624,540.3071407447077,820.9060031403891,8
Interannual SST anomaly spatial spectra,control_ema_latest,North Pacific,0.01559366669242238,401.0600328391152,353.75219328685455,454.6944244964186,8
Interannual SST anomaly spatial spectra,control_ema_latest,North Pacific,0.02004900003311449,280.47822165444234,228.7103456467598,343.9635955250589,8
Interannual SST anomaly spatial spectra,control_ema_latest,North Pacific,0.024504333373806596,151.6777464259221,131.4238411709862,175.05300831159448,8
Interannual SST anomaly spatial spectra,control_ema_latest,Gulf Stream,0.0022276666703460544,4087.1172312029576,2865.488340536263,5829.556877020809,8
Interannual SST anomaly spatial spectra,control_ema_latest,Gulf Stream,0.006683000011038162,4793.249352655361,3868.4068243790584,5939.199365469772,8
Interannual SST anomaly spatial spectra,control_ema_latest,Gulf Stream,0.011138333351730272,2297.3441634152323,1755.1683423166726,3006.9994301582487,8
Interannual SST anomaly spatial spectra,control_ema_latest,Gulf Stream,0.01559366669242238,2078.941528534981,1598.0167564807853,2704.6011010456705,8
Interannual SST anomaly spatial spectra,control_ema_latest,Gulf Stream,0.02004900003311449,1317.6414687374727,1163.4683507728748,1492.2443218875062,8
Interannual SST anomaly spatial spectra,control_ema_latest,Gulf Stream,0.024504333373806596,805.9081073877566,648.3438999726251,1001.7644610842161,8
Interannual SST anomaly spatial spectra,control_ema_latest,Agulhas,0.0023203934570558207,3163.659037450334,2394.5695295410014,4179.765248729144,8
Interannual SST anomaly spatial spectra,control_ema_latest,Agulhas,0.006961180371167463,4971.878414016878,3875.5172422876717,6378.393751946079,8
Interannual SST anomaly spatial spectra,control_ema_latest,Agulhas,0.011601967285279104,5805.455819402861,5180.718266895259,6505.52983867168,8
Interannual SST anomaly spatial spectra,control_ema_latest,Agulhas,0.016242754199390745,7520.083313126313,6162.126815242973,9177.29458220035,8
Interannual SST anomaly spatial spectra,control_ema_latest,Agulhas,0.020883541113502387,6057.72020806478,4880.897367882322,7518.284314000583,8
Interannual SST anomaly spatial spectra,control_ema_latest,Agulhas,0.02552432802761403,3505.0812766639997,3178.1922686945504,3865.592046470766,8
Interannual SST anomaly spatial spectra,sd01_epoch_0070,North Pacific,0.0022276666703460544,19218.63483064909,14422.916887884872,25608.961600832237,8
Interannual SST anomaly spatial spectra,sd01_epoch_0070,North Pacific,0.006683000011038162,6119.626852891121,4713.051449577977,7945.984298978845,8
Interannual SST anomaly spatial spectra,sd01_epoch_0070,North Pacific,0.011138333351730272,724.9054220991786,567.3238105732937,926.2573881004058,8
Interannual SST anomaly spatial spectra,sd01_epoch_0070,North Pacific,0.01559366669242238,435.83587219311795,393.22231590631844,483.0674654171722,8
Interannual SST anomaly spatial spectra,sd01_epoch_0070,North Pacific,0.02004900003311449,357.7844805771565,282.4362598289307,453.23406640280575,8
Interannual SST anomaly spatial spectra,sd01_epoch_0070,North Pacific,0.024504333373806596,188.44050087697445,150.78149184615972,235.50517995269067,8
Interannual SST anomaly spatial spectra,sd01_epoch_0070,Gulf Stream,0.0022276666703460544,5573.280989916765,3784.659396977287,8207.201159865432,8
Interannual SST anomaly spatial spectra,sd01_epoch_0070,Gulf Stream,0.006683000011038162,6096.403078296691,4274.854117794095,8694.128377003843,8
Interannual SST anomaly spatial spectra,sd01_epoch_0070,Gulf Stream,0.011138333351730272,2953.2225480866723,2329.834730750376,3743.408621828975,8
Interannual SST anomaly spatial spectra,sd01_epoch_0070,Gulf Stream,0.01559366669242238,2316.8778393354355,1797.9761853077034,2985.5361635309846,8
Interannual SST anomaly spatial spectra,sd01_epoch_0070,Gulf Stream,0.02004900003311449,1585.2830558597514,1322.3171015773678,1900.5444036064982,8
Interannual SST anomaly spatial spectra,sd01_epoch_0070,Gulf Stream,0.024504333373806596,1246.841506096514,966.1629408315598,1609.0595857330172,8
Interannual SST anomaly spatial spectra,sd01_epoch_0070,Agulhas,0.0023203934570558207,4617.307167280717,3251.4099137932835,6557.009433531956,8
Interannual SST anomaly spatial spectra,sd01_epoch_0070,Agulhas,0.006961180371167463,6227.143554930317,5361.198636301829,7232.956561456356,8
Interannual SST anomaly spatial spectra,sd01_epoch_0070,Agulhas,0.011601967285279104,5701.587505936157,4607.407921838954,7055.61579077034,8
Interannual SST anomaly spatial spectra,sd01_epoch_0070,Agulhas,0.016242754199390745,6485.083452622605,5245.777230705291,8017.173726194449,8
Interannual SST anomaly spatial spectra,sd01_epoch_0070,Agulhas,0.020883541113502387,5733.904126435114,4492.589898273058,7318.196691798585,8
Interannual SST anomaly spatial spectra,sd01_epoch_0070,Agulhas,0.02552432802761403,3359.6736590253086,2927.4741668040665,3855.681195462433,8
Interannual SST anomaly spatial spectra,sd01_ema_latest,North Pacific,0.0022276666703460544,20279.500282638932,14206.364772367362,28948.864702776464,8
Interannual SST anomaly spatial spectra,sd01_ema_latest,North Pacific,0.006683000011038162,6276.391017266003,4941.715548331019,7971.540210346935,8
Interannual SST anomaly spatial spectra,sd01_ema_latest,North Pacific,0.011138333351730272,663.2529172607638,508.270649079109,865.4924950947645,8
Interannual SST anomaly spatial spectra,sd01_ema_latest,North Pacific,0.01559366669242238,441.1637382146647,398.7310647297524,488.1120663308445,8
Interannual SST anomaly spatial spectra,sd01_ema_latest,North Pacific,0.02004900003311449,338.9585803208977,276.3198605125022,415.79681952669506,8
Interannual SST anomaly spatial spectra,sd01_ema_latest,North Pacific,0.024504333373806596,183.24974887388493,144.93481606382596,231.69360802551276,8
Interannual SST anomaly spatial spectra,sd01_ema_latest,Gulf Stream,0.0022276666703460544,5475.094325578591,3967.935503845703,7554.7240737480915,8
Interannual SST anomaly spatial spectra,sd01_ema_latest,Gulf Stream,0.006683000011038162,5413.926424634103,4115.436032532598,7122.112723816033,8
Interannual SST anomaly spatial spectra,sd01_ema_latest,Gulf Stream,0.011138333351730272,2876.138691368292,2401.1562247770707,3445.0793691084077,8
Interannual SST anomaly spatial spectra,sd01_ema_latest,Gulf Stream,0.01559366669242238,2193.9163760044034,1688.295782035846,2850.963152378532,8
Interannual SST anomaly spatial spectra,sd01_ema_latest,Gulf Stream,0.02004900003311449,1449.3811292627101,1197.2415921030197,1754.6213493743107,8
Interannual SST anomaly spatial spectra,sd01_ema_latest,Gulf Stream,0.024504333373806596,1188.3832779676145,967.1118719780334,1460.2807144374815,8
Interannual SST anomaly spatial spectra,sd01_ema_latest,Agulhas,0.0023203934570558207,4701.1876153808,3481.8536589424925,6347.528402937637,8
Interannual SST anomaly spatial spectra,sd01_ema_latest,Agulhas,0.006961180371167463,6203.173871940454,5566.9244003585745,6912.140945015564,8
Interannual SST anomaly spatial spectra,sd01_ema_latest,Agulhas,0.011601967285279104,5599.974137805096,4542.6935065820935,6903.329555174164,8
Interannual SST anomaly spatial spectra,sd01_ema_latest,Agulhas,0.016242754199390745,6656.92195329655,5455.831333414406,8122.430328972117,8
Interannual SST anomaly spatial spectra,sd01_ema_latest,Agulhas,0.020883541113502387,5857.134028026219,4578.497514268207,7492.855224962564,8
Interannual SST anomaly spatial spectra,sd01_ema_latest,Agulhas,0.02552432802761403,3499.9168934855975,3041.9880161620354,4026.780577775094,8
Interannual SST anomaly spatial spectra,om4,North Pacific,0.0022276666703460544,34204.17807049799,22610.489582591035,51742.61234834655,8
Interannual SST anomaly spatial spectra,om4,North Pacific,0.006683000011038162,13418.662721201945,10377.816491348556,17350.519675837575,8
Interannual SST anomaly spatial spectra,om4,North Pacific,0.011138333351730272,1766.759905149314,1528.4306084133784,2042.2520625149573,8
Interannual SST anomaly spatial spectra,om4,North Pacific,0.01559366669242238,1004.0085251440906,877.7992664503885,1148.3640475552668,8
Interannual SST anomaly spatial spectra,om4,North Pacific,0.02004900003311449,809.3831382466278,660.1317707175925,992.3792393234398,8
Interannual SST anomaly spatial spectra,om4,North Pacific,0.024504333373806596,518.5717343475368,419.2222750890996,641.4655414172778,8
Interannual SST anomaly spatial spectra,om4,Gulf Stream,0.0022276666703460544,15631.665447284106,9512.93328671413,25685.974797813033,8
Interannual SST anomaly spatial spectra,om4,Gulf Stream,0.006683000011038162,13974.773136993903,10351.961963750735,18865.436804569475,8
Interannual SST anomaly spatial spectra,om4,Gulf Stream,0.011138333351730272,3779.370115789508,3179.788102800983,4492.009533446822,8
Interannual SST anomaly spatial spectra,om4,Gulf Stream,0.01559366669242238,3322.9534146548567,2832.001010191738,3899.0167574900597,8
Interannual SST anomaly spatial spectra,om4,Gulf Stream,0.02004900003311449,2365.458531605639,2088.6073056819355,2679.0072262621898,8
Interannual SST anomaly spatial spectra,om4,Gulf Stream,0.024504333373806596,1617.8704512443903,1361.9579140050237,1921.8690754640106,8
Interannual SST anomaly spatial spectra,om4,Agulhas,0.0023203934570558207,6624.580535514959,5047.26425287229,8694.822595537691,8
Interannual SST anomaly spatial spectra,om4,Agulhas,0.006961180371167463,10268.550465779108,8846.161154622236,11919.648175656048,8
Interannual SST anomaly spatial spectra,om4,Agulhas,0.011601967285279104,9147.92669052158,7597.499607698434,11014.750517441395,8
Interannual SST anomaly spatial spectra,om4,Agulhas,0.016242754199390745,10185.481250339548,8412.4305062092,12332.230052235818,8
Interannual SST anomaly spatial spectra,om4,Agulhas,0.020883541113502387,8928.468560575358,6956.640120184155,11459.202928420616,8
Interannual SST anomaly spatial spectra,om4,Agulhas,0.02552432802761403,5553.572295311813,4626.675539202741,6666.16125940173,8
Interannual surface geostrophic KE temporal spectra,DUACS,Global,1.0006849315068491,7.269073459797403e-08,4.7890282049725894e-08,1.1033434488664368e-07,8
Interannual surface geostrophic KE temporal spectra,DUACS,Global,2.0013698630136982,5.032270074640963e-08,3.554604409598454e-08,7.124208262316217e-08,8
Interannual surface geostrophic KE temporal spectra,DUACS,Global,3.0020547945205474,1.295833064090183e-08,8.691540692684038e-09,1.9319743062386826e-08,8
Interannual surface geostrophic KE temporal spectra,DUACS,Global,4.0027397260273965,5.53330197910807e-09,1.615835097350981e-09,1.894836350701619e-08,8
Interannual surface geostrophic KE temporal spectra,DUACS,Global,5.003424657534246,3.4744987441801714e-09,1.4473366127370857e-09,8.340935631055261e-09,8
Interannual surface geostrophic KE temporal spectra,DUACS,Global,6.004109589041095,3.4614407305675416e-09,1.3875305653730498e-09,8.635176932488406e-09,8
Interannual surface geostrophic KE temporal spectra,DUACS,Global,7.004794520547944,2.4877226427735225e-09,5.106310346471309e-10,1.2119835120567622e-08,8
Interannual surface geostrophic KE temporal spectra,DUACS,Global,8.005479452054793,1.3452516033577699e-09,3.5543615519046557e-10,5.091496320532997e-09,8
Interannual surface geostrophic KE temporal spectra,DUACS,Global,9.006164383561643,9.066796112465496e-10,3.4330403099066144e-10,2.394576944168058e-09,8
Interannual surface geostrophic KE temporal spectra,DUACS,Global,10.006849315068491,7.520302260401082e-10,1.6999644714353083e-10,3.3268310625364624e-09,8
Interannual surface geostrophic KE temporal spectra,DUACS,Global,11.00753424657534,8.508314736626805e-10,4.572966743604765e-10,1.5830296548458244e-09,8
Interannual surface geostrophic KE temporal spectra,DUACS,Global,12.00821917808219,6.671907727707161e-10,2.756721513423317e-10,1.6147569680246837e-09,8
Interannual surface geostrophic KE temporal spectra,DUACS,Global,13.00890410958904,5.349598428494704e-10,1.315193214743282e-10,2.1759695096768813e-09,8
Interannual surface geostrophic KE temporal spectra,DUACS,Global,14.009589041095888,5.424147989404753e-10,1.9041156312451001e-10,1.5451467824842657e-09,8
Interannual surface geostrophic KE temporal spectra,DUACS,Global,15.010273972602736,3.740711048722138e-10,2.398445797187246e-10,5.834161091504315e-10,8
Interannual surface geostrophic KE temporal spectra,DUACS,Global,16.010958904109586,4.161864271912517e-10,1.6131898882859292e-10,1.0737182487689774e-09,8
Interannual surface geostrophic KE temporal spectra,DUACS,Global,17.011643835616436,3.598719334441225e-10,1.1029126828053533e-10,1.1742344657003733e-09,8
Interannual surface geostrophic KE temporal spectra,DUACS,Global,18.012328767123286,1.7226836495543357e-10,6.51844770756351e-11,4.5526774004774537e-10,8
Interannual surface geostrophic KE temporal spectra,DUACS,Global,19.013013698630132,2.1038801411699427e-10,5.353356942542001e-11,8.268291645629476e-10,8
Interannual surface geostrophic KE temporal spectra,DUACS,Global,20.013698630136982,3.806033766646748e-10,1.8328924318352186e-10,7.903296877248249e-10,8
Interannual surface geostrophic KE temporal spectra,DUACS,Global,21.014383561643832,2.863520757819492e-10,8.840173461310523e-11,9.275554565020418e-10,8
Interannual surface geostrophic KE temporal spectra,DUACS,Global,22.01506849315068,2.069620362880066e-10,5.408964683186283e-11,7.918943267946458e-10,8
Interannual surface geostrophic KE temporal spectra,DUACS,Global,23.01575342465753,2.9457712652002445e-10,8.320542751461968e-11,1.0429089310736069e-09,8
Interannual surface geostrophic KE temporal spectra,DUACS,Global,24.01643835616438,2.927959790742417e-10,6.355005604697746e-11,1.349007234528178e-09,8
Interannual surface geostrophic KE temporal spectra,DUACS,Global,25.01712328767123,1.5691257490644447e-10,3.0624374176528464e-11,8.039856103456744e-10,8
Interannual surface geostrophic KE temporal spectra,DUACS,Global,26.01780821917808,2.648140450135514e-10,1.72009675006483e-10,4.076891514026533e-10,8
Interannual surface geostrophic KE temporal spectra,DUACS,Global,27.018493150684925,1.0175124758389085e-10,2.6331363857265633e-11,3.931933203688366e-10,8
Interannual surface geostrophic KE temporal spectra,DUACS,Global,28.019178082191775,3.9082557696303435e-11,4.782019474338105e-12,3.194144909450219e-10,8
Interannual surface geostrophic KE temporal spectra,DUACS,Global,29.019863013698625,7.478168379013054e-11,1.923377952572893e-11,2.907540986942416e-10,8
Interannual surface geostrophic KE temporal spectra,DUACS,Global,30.02054794520547,8.987118834753771e-11,3.646411914862584e-11,2.215007707186854e-10,8
Interannual surface geostrophic KE temporal spectra,DUACS,Global,31.02123287671232,3.10089512408771e-11,1.866297171587213e-12,5.152207653196668e-10,8
Interannual surface geostrophic KE temporal spectra,DUACS,Global,32.02191780821917,3.404313713890516e-11,1.2774828396766254e-11,9.072021558831035e-11,8
Interannual surface geostrophic KE temporal spectra,DUACS,Global,33.02260273972602,2.588533565696316e-11,1.6063752728776604e-11,4.171195942734601e-11,8
Interannual surface geostrophic KE temporal spectra,DUACS,Global,34.02328767123287,5.121074143528601e-11,2.396571883368637e-11,1.0942880772954158e-10,8
Interannual surface geostrophic KE temporal spectra,DUACS,Global,35.02397260273972,8.595958916228819e-11,6.300245684399964e-11,1.17281949611035e-10,8
Interannual surface geostrophic KE temporal spectra,DUACS,Global,36.02465753424657,3.744639399247641e-11,1.1143460331211565e-11,1.25834559585794e-10,8
Interannual surface geostrophic KE temporal spectra,DUACS,Gulf Stream,1.0006849315068491,3.171683314072339e-06,9.565134120438003e-07,1.0516920011890278e-05,8
Interannual surface geostrophic KE temporal spectra,DUACS,Gulf Stream,2.0013698630136982,2.382466934114253e-06,4.521058175729501e-07,1.2554911862490881e-05,8
Interannual surface geostrophic KE temporal spectra,DUACS,Gulf Stream,3.0020547945205474,1.1007261633692596e-06,2.7121239896079934e-07,4.467340325767085e-06,8
Interannual surface geostrophic KE temporal spectra,DUACS,Gulf Stream,4.0027397260273965,4.737899616300003e-07,1.6298447073320033e-07,1.3772902825129746e-06,8
Interannual surface geostrophic KE temporal spectra,DUACS,Gulf Stream,5.003424657534246,3.7257232290793066e-07,1.4054175752160827e-07,9.876789521126441e-07,8
Interannual surface geostrophic KE temporal spectra,DUACS,Gulf Stream,6.004109589041095,3.87268669768537e-07,1.5638265460419302e-07,9.590387307587687e-07,8
Interannual surface geostrophic KE temporal spectra,DUACS,Gulf Stream,7.004794520547944,2.9973158353053763e-07,8.00910502888619e-08,1.121711125546538e-06,8
Interannual surface geostrophic KE temporal spectra,DUACS,Gulf Stream,8.005479452054793,1.1950668142433084e-07,1.5056337551079428e-08,9.485604886716025e-07,8
Interannual surface geostrophic KE temporal spectra,DUACS,Gulf Stream,9.006164383561643,1.5415289124097774e-07,5.2505454974882597e-08,4.5258371514579583e-07,8
Interannual surface geostrophic KE temporal spectra,DUACS,Gulf Stream,10.006849315068491,1.137764546674769e-07,3.592224544839765e-08,3.6036393257476146e-07,8
Interannual surface geostrophic KE temporal spectra,DUACS,Gulf Stream,11.00753424657534,7.096449449998865e-08,1.90571497197366e-08,2.6425564964856276e-07,8
Interannual surface geostrophic KE temporal spectra,DUACS,Gulf Stream,12.00821917808219,8.93780558095827e-08,4.228609970980457e-08,1.889140146554746e-07,8
Interannual surface geostrophic KE temporal spectra,DUACS,Gulf Stream,13.00890410958904,5.2325810408634714e-08,1.0659577682734967e-08,2.5685730864882476e-07,8
Interannual surface geostrophic KE temporal spectra,DUACS,Gulf Stream,14.009589041095888,4.6072178476460315e-08,1.3332261734700403e-08,1.5921121800677796e-07,8
Interannual surface geostrophic KE temporal spectra,DUACS,Gulf Stream,15.010273972602736,3.3692076318768375e-08,6.81157411806777e-09,1.6665105407261117e-07,8
Interannual surface geostrophic KE temporal spectra,DUACS,Gulf Stream,16.010958904109586,3.868011371927133e-08,1.689095334289268e-08,8.857707241049882e-08,8
Interannual surface geostrophic KE temporal spectra,DUACS,Gulf Stream,17.011643835616436,4.34790454007365e-08,1.2882780611614125e-08,1.4674063355973313e-07,8
Interannual surface geostrophic KE temporal spectra,DUACS,Gulf Stream,18.012328767123286,4.72242896309027e-08,2.077802672888362e-08,1.0733134383946415e-07,8
Interannual surface geostrophic KE temporal spectra,DUACS,Gulf Stream,19.013013698630132,3.1074133730475023e-08,1.018193086807723e-08,9.483484022925713e-08,8
Interannual surface geostrophic KE temporal spectra,DUACS,Gulf Stream,20.013698630136982,2.3297584536452744e-08,1.0201620084018747e-08,5.320502437484856e-08,8
Interannual surface geostrophic KE temporal spectra,DUACS,Gulf Stream,21.014383561643832,4.47933004426718e-08,1.4405437618139839e-08,1.3928349958774465e-07,8
Interannual surface geostrophic KE temporal spectra,DUACS,Gulf Stream,22.01506849315068,3.837522726835386e-08,1.0369449229047184e-08,1.4201892842799762e-07,8
Interannual surface geostrophic KE temporal spectra,DUACS,Gulf Stream,23.01575342465753,2.713624675770173e-08,9.147674279041057e-09,8.049870006653445e-08,8
Interannual surface geostrophic KE temporal spectra,DUACS,Gulf Stream,24.01643835616438,1.85233123991802e-08,5.226261503712438e-09,6.56517286771615e-08,8
Interannual surface geostrophic KE temporal spectra,DUACS,Gulf Stream,25.01712328767123,1.836026962998162e-08,7.344396263943387e-09,4.589887157104844e-08,8
Interannual surface geostrophic KE temporal spectra,DUACS,Gulf Stream,26.01780821917808,1.8435087062467e-08,8.87090947607725e-09,3.8310889759076e-08,8
Interannual surface geostrophic KE temporal spectra,DUACS,Gulf Stream,27.018493150684925,4.676292980458676e-09,3.3681612031442677e-10,6.492479047224044e-08,8
Interannual surface geostrophic KE temporal spectra,DUACS,Gulf Stream,28.019178082191775,6.63896250919215e-09,1.6424524643679145e-09,2.683537219777084e-08,8
Interannual surface geostrophic KE temporal spectra,DUACS,Gulf Stream,29.019863013698625,8.973330357163027e-09,1.92438774213656e-09,4.1842221261181556e-08,8
Interannual surface geostrophic KE temporal spectra,DUACS,Gulf Stream,30.02054794520547,5.393796482476935e-09,7.537417126409263e-10,3.859815637965115e-08,8
Interannual surface geostrophic KE temporal spectra,DUACS,Gulf Stream,31.02123287671232,1.2598018991218483e-08,6.327894768437305e-09,2.5081024307598522e-08,8
Interannual surface geostrophic KE temporal spectra,DUACS,Gulf Stream,32.02191780821917,1.3760715484849519e-08,5.299974920128721e-09,3.5727959756152656e-08,8
Interannual surface geostrophic KE temporal spectra,DUACS,Gulf Stream,33.02260273972602,5.642143321835938e-09,1.4191258016047026e-09,2.2431965670796232e-08,8
Interannual surface geostrophic KE temporal spectra,DUACS,Gulf Stream,34.02328767123287,8.349191927823822e-09,3.4004985305796467e-09,2.0499642984923128e-08,8
Interannual surface geostrophic KE temporal spectra,DUACS,Gulf Stream,35.02397260273972,8.01753301039097e-09,2.820389111993358e-09,2.2791477707583864e-08,8
Interannual surface geostrophic KE temporal spectra,DUACS,Gulf Stream,36.02465753424657,2.6564197310196912e-09,3.663602468352348e-10,1.9261275884346474e-08,8
Interannual surface geostrophic KE temporal spectra,DUACS,Agulhas,1.0006849315068491,2.116953722486263e-06,7.341420935943729e-07,6.1043946427414e-06,8
Interannual surface geostrophic KE temporal spectra,DUACS,Agulhas,2.0013698630136982,1.165829437559513e-06,6.152898074210467e-07,2.2089725217083755e-06,8
Interannual surface geostrophic KE temporal spectra,DUACS,Agulhas,3.0020547945205474,4.674769141742193e-07,9.784022083131696e-08,2.233587204004973e-06,8
Interannual surface geostrophic KE temporal spectra,DUACS,Agulhas,4.0027397260273965,5.937740040480322e-07,1.756673591015096e-07,2.007018091958114e-06,8
Interannual surface geostrophic KE temporal spectra,DUACS,Agulhas,5.003424657534246,9.421303413713048e-08,3.9907780238243745e-09,2.2241517188716306e-06,8
Interannual surface geostrophic KE temporal spectra,DUACS,Agulhas,6.004109589041095,1.536490002988915e-07,3.497378713379488e-08,6.750202716833185e-07,8
Interannual surface geostrophic KE temporal spectra,DUACS,Agulhas,7.004794520547944,1.1519270848118849e-07,3.599551510784249e-08,3.686392609600696e-07,8
Interannual surface geostrophic KE temporal spectra,DUACS,Agulhas,8.005479452054793,6.371723576252522e-08,1.1307624403420846e-08,3.5903970527965217e-07,8
Interannual surface geostrophic KE temporal spectra,DUACS,Agulhas,9.006164383561643,5.76623031078859e-08,1.836550338570704e-08,1.8104274791037552e-07,8
Interannual surface geostrophic KE temporal spectra,DUACS,Agulhas,10.006849315068491,1.694690313652688e-08,2.160675744497665e-09,1.3292023416757316e-07,8
Interannual surface geostrophic KE temporal spectra,DUACS,Agulhas,11.00753424657534,4.533468629398359e-08,1.736008976975811e-08,1.1838843051112541e-07,8
Interannual surface geostrophic KE temporal spectra,DUACS,Agulhas,12.00821917808219,3.047856501770371e-08,1.4950668210158413e-08,6.213387338147273e-08,8
Interannual surface geostrophic KE temporal spectra,DUACS,Agulhas,13.00890410958904,2.9837390442816976e-08,1.2436558637143817e-08,7.158490498956593e-08,8
Interannual surface geostrophic KE temporal spectra,DUACS,Agulhas,14.009589041095888,1.7207270566761415e-08,5.100802818468238e-09,5.8047756577786915e-08,8
Interannual surface geostrophic KE temporal spectra,DUACS,Agulhas,15.010273972602736,9.175080231122394e-09,2.1016494973679257e-09,4.005525057958588e-08,8
Interannual surface geostrophic KE temporal spectra,DUACS,Agulhas,16.010958904109586,1.1538705512781417e-08,3.479566781215862e-09,3.826387975349295e-08,8
Interannual surface geostrophic KE temporal spectra,DUACS,Agulhas,17.011643835616436,5.141244881459048e-09,4.86280349552398e-10,5.4356296641348654e-08,8
Interannual surface geostrophic KE temporal spectra,DUACS,Agulhas,18.012328767123286,8.405136741871038e-09,2.049447223851233e-09,3.447091626823889e-08,8
Interannual surface geostrophic KE temporal spectra,DUACS,Agulhas,19.013013698630132,4.835829596672496e-09,7.112817933049116e-10,3.2877613497452356e-08,8
Interannual surface geostrophic KE temporal spectra,DUACS,Agulhas,20.013698630136982,5.1458202634787335e-09,1.12570567554203e-09,2.3522548352861786e-08,8
Interannual surface geostrophic KE temporal spectra,DUACS,Agulhas,21.014383561643832,6.0130431768168194e-09,1.62647423938168e-09,2.223010200272746e-08,8
Interannual surface geostrophic KE temporal spectra,DUACS,Agulhas,22.01506849315068,2.4287639497677784e-09,5.061529132087306e-10,1.1654371968928991e-08,8
Interannual surface geostrophic KE temporal spectra,DUACS,Agulhas,23.01575342465753,2.076771489013343e-09,4.0241635706703257e-10,1.071770503816837e-08,8
Interannual surface geostrophic KE temporal spectra,DUACS,Agulhas,24.01643835616438,3.760330276050033e-09,1.7376235144930653e-09,8.137599236566356e-09,8
Interannual surface geostrophic KE temporal spectra,DUACS,Agulhas,25.01712328767123,3.904102281432e-09,1.242281365897333e-09,1.2269373945630132e-08,8
Interannual surface geostrophic KE temporal spectra,DUACS,Agulhas,26.01780821917808,5.637413567214107e-09,2.252544644048563e-09,1.4108680070682108e-08,8
Interannual surface geostrophic KE temporal spectra,DUACS,Agulhas,27.018493150684925,3.2687046035935248e-09,9.169388060678845e-10,1.1652282262293622e-08,8
Interannual surface geostrophic KE temporal spectra,DUACS,Agulhas,28.019178082191775,5.0709712809246546e-09,8.579632866498687e-10,2.997185326236077e-08,8
Interannual surface geostrophic KE temporal spectra,DUACS,Agulhas,29.019863013698625,5.879804384023286e-09,1.7300015649981296e-09,1.998385452004885e-08,8
Interannual surface geostrophic KE temporal spectra,DUACS,Agulhas,30.02054794520547,4.5120759374722375e-09,1.7635862071567525e-09,1.1543994380823835e-08,8
Interannual surface geostrophic KE temporal spectra,DUACS,Agulhas,31.02123287671232,3.838494624632078e-09,1.481831734949404e-09,9.943126898839453e-09,8
Interannual surface geostrophic KE temporal spectra,DUACS,Agulhas,32.02191780821917,2.350680291533157e-09,7.558060294635832e-10,7.310999935954668e-09,8
Interannual surface geostrophic KE temporal spectra,DUACS,Agulhas,33.02260273972602,2.254339790374778e-09,8.070281779799345e-10,6.29723723301438e-09,8
Interannual surface geostrophic KE temporal spectra,DUACS,Agulhas,34.02328767123287,2.0730351466572728e-09,8.541865467916711e-10,5.031072820588989e-09,8
Interannual surface geostrophic KE temporal spectra,DUACS,Agulhas,35.02397260273972,1.2049408184794567e-09,6.555709807972875e-10,2.2146837162807347e-09,8
Interannual surface geostrophic KE temporal spectra,DUACS,Agulhas,36.02465753424657,4.954274581876644e-10,1.0230710362160787e-10,2.39913317489764e-09,8
Interannual surface geostrophic KE temporal spectra,control_epoch_0070,Global,1.0006849315068491,5.029545311521211e-09,2.5479700166987233e-09,9.928031285635052e-09,8
Interannual surface geostrophic KE temporal spectra,control_epoch_0070,Global,2.0013698630136982,4.2506206610268934e-09,2.6680304064256466e-09,6.771952808496682e-09,8
Interannual surface geostrophic KE temporal spectra,control_epoch_0070,Global,3.0020547945205474,1.036092515367015e-09,6.036594935046993e-10,1.7783000382668406e-09,8
Interannual surface geostrophic KE temporal spectra,control_epoch_0070,Global,4.0027397260273965,3.9245083712222246e-10,1.9534727642287715e-10,7.884300328023215e-10,8
Interannual surface geostrophic KE temporal spectra,control_epoch_0070,Global,5.003424657534246,1.7054383572387517e-10,9.420524070373463e-11,3.087429073599202e-10,8
Interannual surface geostrophic KE temporal spectra,control_epoch_0070,Global,6.004109589041095,9.890074133971726e-11,4.672708130911952e-11,2.0932950151193531e-10,8
Interannual surface geostrophic KE temporal spectra,control_epoch_0070,Global,7.004794520547944,4.558390577549997e-11,1.3435502557334243e-11,1.5465684717654038e-10,8
Interannual surface geostrophic KE temporal spectra,control_epoch_0070,Global,8.005479452054793,5.15560893674657e-11,1.256008433373558e-11,2.1162519934096387e-10,8
Interannual surface geostrophic KE temporal spectra,control_epoch_0070,Global,9.006164383561643,7.876816811577961e-11,2.280229324371359e-11,2.7209650546995885e-10,8
Interannual surface geostrophic KE temporal spectra,control_epoch_0070,Global,10.006849315068491,5.214948231535851e-11,1.1562644996651983e-11,2.3520297531813474e-10,8
Interannual surface geostrophic KE temporal spectra,control_epoch_0070,Global,11.00753424657534,1.5642918641065548e-11,5.777662989721331e-12,4.235292090354313e-11,8
Interannual surface geostrophic KE temporal spectra,control_epoch_0070,Global,12.00821917808219,1.687014256178687e-11,3.242711892577466e-12,8.776657300528708e-11,8
Interannual surface geostrophic KE temporal spectra,control_epoch_0070,Global,13.00890410958904,1.8335224663750442e-11,4.434265474893638e-12,7.581423921811228e-11,8
Interannual surface geostrophic KE temporal spectra,control_epoch_0070,Global,14.009589041095888,1.8765493735968296e-12,1.2335759817474863e-13,2.8546580053854306e-11,8
Interannual surface geostrophic KE temporal spectra,control_epoch_0070,Global,15.010273972602736,1.146967315940414e-11,4.7198130522064086e-12,2.7872587521672582e-11,8
Interannual surface geostrophic KE temporal spectra,control_epoch_0070,Global,16.010958904109586,5.701675562309221e-12,1.377891671158309e-12,2.3593367242365113e-11,8
Interannual surface geostrophic KE temporal spectra,control_epoch_0070,Global,17.011643835616436,9.395976105129785e-12,4.816270267376914e-12,1.833044286699721e-11,8
Interannual surface geostrophic KE temporal spectra,control_epoch_0070,Global,18.012328767123286,6.612046408716969e-12,1.770047654959735e-12,2.469942410224062e-11,8
Interannual surface geostrophic KE temporal spectra,control_epoch_0070,Global,19.013013698630132,9.735423483546994e-12,3.4048192415670463e-12,2.783656449273856e-11,8
Interannual surface geostrophic KE temporal spectra,control_epoch_0070,Global,20.013698630136982,7.1301425454267725e-12,4.830934686722954e-12,1.0523622448845686e-11,8
Interannual surface geostrophic KE temporal spectra,control_epoch_0070,Global,21.014383561643832,6.214401365457942e-12,3.0099021706208323e-12,1.2830577919760065e-11,8
Interannual surface geostrophic KE temporal spectra,control_epoch_0070,Global,22.01506849315068,2.6116194332812967e-12,2.4121988488632913e-13,2.82752645682863e-11,8
Interannual surface geostrophic KE temporal spectra,control_epoch_0070,Global,23.01575342465753,2.4646952121633507e-12,3.0802206860305984e-13,1.9721711877369683e-11,8
Interannual surface geostrophic KE temporal spectra,control_epoch_0070,Global,24.01643835616438,5.856841021313077e-12,1.7239038159218525e-12,1.9898202226898834e-11,8
Interannual surface geostrophic KE temporal spectra,control_epoch_0070,Global,25.01712328767123,3.44222052027968e-12,1.3273916974596948e-12,8.926439823987441e-12,8
Interannual surface geostrophic KE temporal spectra,control_epoch_0070,Global,26.01780821917808,5.8809301148192005e-12,1.987717330491835e-12,1.7399525820318568e-11,8
Interannual surface geostrophic KE temporal spectra,control_epoch_0070,Global,27.018493150684925,1.1866632565011653e-11,2.4607435460232572e-12,5.722537346915554e-11,8
Interannual surface geostrophic KE temporal spectra,control_epoch_0070,Global,28.019178082191775,1.2553743404695595e-11,6.365042881642867e-12,2.4759687625271942e-11,8
Interannual surface geostrophic KE temporal spectra,control_epoch_0070,Global,29.019863013698625,2.409045174613373e-12,5.061903286728426e-13,1.146505242117902e-11,8
Interannual surface geostrophic KE temporal spectra,control_epoch_0070,Global,30.02054794520547,2.6384686305102836e-12,6.756800613503959e-13,1.0302977862442339e-11,8
Interannual surface geostrophic KE temporal spectra,control_epoch_0070,Global,31.02123287671232,4.4538306926698035e-12,1.3888414576690491e-12,1.4282845410058679e-11,8
Interannual surface geostrophic KE temporal spectra,control_epoch_0070,Global,32.02191780821917,5.597894181649456e-12,1.957889222448391e-12,1.6005205457823514e-11,8
Interannual surface geostrophic KE temporal spectra,control_epoch_0070,Global,33.02260273972602,4.361508932740418e-12,1.0344906231135616e-12,1.8388528368793368e-11,8
Interannual surface geostrophic KE temporal spectra,control_epoch_0070,Global,34.02328767123287,7.16233333450975e-12,1.8146909792467323e-12,2.8268735217895603e-11,8
Interannual surface geostrophic KE temporal spectra,control_epoch_0070,Global,35.02397260273972,3.878479710228206e-11,1.9089061056937555e-11,7.880222509521978e-11,8
Interannual surface geostrophic KE temporal spectra,control_epoch_0070,Global,36.02465753424657,2.5142269010667723e-10,1.3086011706616037e-10,4.830606186032889e-10,8
Interannual surface geostrophic KE temporal spectra,control_epoch_0070,Gulf Stream,1.0006849315068491,3.262788608583387e-09,1.188793563775848e-09,8.955120408364545e-09,8
Interannual surface geostrophic KE temporal spectra,control_epoch_0070,Gulf Stream,2.0013698630136982,1.7437714055814013e-09,4.199924804265151e-10,7.239983705982958e-09,8
Interannual surface geostrophic KE temporal spectra,control_epoch_0070,Gulf Stream,3.0020547945205474,6.535379426508533e-10,2.2763733750774185e-10,1.8762820157733754e-09,8
Interannual surface geostrophic KE temporal spectra,control_epoch_0070,Gulf Stream,4.0027397260273965,2.0252741903313932e-10,7.034805843213024e-11,5.830630777080671e-10,8
Interannual surface geostrophic KE temporal spectra,control_epoch_0070,Gulf Stream,5.003424657534246,3.4394529987789003e-10,1.148917332102257e-10,1.0296508373812468e-09,8
Interannual surface geostrophic KE temporal spectra,control_epoch_0070,Gulf Stream,6.004109589041095,2.1595172415507905e-10,2.8970182459214616e-11,1.6097636675642683e-09,8
Interannual surface geostrophic KE temporal spectra,control_epoch_0070,Gulf Stream,7.004794520547944,7.870586218769724e-11,2.54067882267657e-11,2.4381723055348067e-10,8
Interannual surface geostrophic KE temporal spectra,control_epoch_0070,Gulf Stream,8.005479452054793,4.363564158836047e-11,1.1530949475437264e-11,1.6512683720311333e-10,8
Interannual surface geostrophic KE temporal spectra,control_epoch_0070,Gulf Stream,9.006164383561643,6.217761031170708e-11,3.031752704682089e-11,1.2751881834240497e-10,8
Interannual surface geostrophic KE temporal spectra,control_epoch_0070,Gulf Stream,10.006849315068491,3.9877151501238466e-11,1.0448713790574945e-11,1.5218975691411149e-10,8
Interannual surface geostrophic KE temporal spectra,control_epoch_0070,Gulf Stream,11.00753424657534,3.056936184861092e-11,5.545856084169347e-12,1.6850164693216616e-10,8
Interannual surface geostrophic KE temporal spectra,control_epoch_0070,Gulf Stream,12.00821917808219,2.7317923701721223e-11,9.809026364902499e-12,7.607981950617175e-11,8
Interannual surface geostrophic KE temporal spectra,control_epoch_0070,Gulf Stream,13.00890410958904,5.83279364211709e-11,2.4199025592752438e-11,1.4059029584113055e-10,8
Interannual surface geostrophic KE temporal spectra,control_epoch_0070,Gulf Stream,14.009589041095888,2.023124788972338e-11,1.0347433601993536e-11,3.9556029728625686e-11,8
Interannual surface geostrophic KE temporal spectra,control_epoch_0070,Gulf Stream,15.010273972602736,3.710634346710229e-11,1.2823004364594725e-11,1.0737582912318393e-10,8
Interannual surface geostrophic KE temporal spectra,control_epoch_0070,Gulf Stream,16.010958904109586,2.610604991834804e-11,8.519944507400803e-12,7.999181705318339e-11,8
Interannual surface geostrophic KE temporal spectra,control_epoch_0070,Gulf Stream,17.011643835616436,3.162554812181588e-11,1.3302957879463699e-11,7.518442913732006e-11,8
Interannual surface geostrophic KE temporal spectra,control_epoch_0070,Gulf Stream,18.012328767123286,9.00103348092793e-12,1.9521147518052883e-12,4.1502992408546004e-11,8
Interannual surface geostrophic KE temporal spectra,control_epoch_0070,Gulf Stream,19.013013698630132,9.865525059436592e-12,1.8871739415640383e-12,5.157372224931639e-11,8
Interannual surface geostrophic KE temporal spectra,control_epoch_0070,Gulf Stream,20.013698630136982,1.5810958332146134e-11,4.107728781541826e-12,6.085757280377929e-11,8
Interannual surface geostrophic KE temporal spectra,control_epoch_0070,Gulf Stream,21.014383561643832,9.356420985271331e-12,1.5822735727809167e-12,5.5327103453902526e-11,8
Interannual surface geostrophic KE temporal spectra,control_epoch_0070,Gulf Stream,22.01506849315068,1.0622570470726738e-11,2.761608687381619e-12,4.0859881387664085e-11,8
Interannual surface geostrophic KE temporal spectra,control_epoch_0070,Gulf Stream,23.01575342465753,1.5205082881886848e-11,8.077133744770408e-12,2.8623340005325143e-11,8
Interannual surface geostrophic KE temporal spectra,control_epoch_0070,Gulf Stream,24.01643835616438,2.016411554059406e-11,8.782226854936981e-12,4.6297090960006223e-11,8
Interannual surface geostrophic KE temporal spectra,control_epoch_0070,Gulf Stream,25.01712328767123,4.742452415317684e-12,1.250468731758017e-12,1.7985939464422228e-11,8
Interannual surface geostrophic KE temporal spectra,control_epoch_0070,Gulf Stream,26.01780821917808,6.527623037546614e-12,1.3888852473923283e-12,3.067918145167898e-11,8
Interannual surface geostrophic KE temporal spectra,control_epoch_0070,Gulf Stream,27.018493150684925,6.662757189777872e-12,1.6293892733124065e-12,2.7244768390852963e-11,8
Interannual surface geostrophic KE temporal spectra,control_epoch_0070,Gulf Stream,28.019178082191775,5.155021024337769e-12,1.059409200461748e-12,2.508402017821057e-11,8
Interannual surface geostrophic KE temporal spectra,control_epoch_0070,Gulf Stream,29.019863013698625,1.0061119617484351e-11,4.377692612503671e-12,2.3123169422221187e-11,8
Interannual surface geostrophic KE temporal spectra,control_epoch_0070,Gulf Stream,30.02054794520547,1.0483834905383816e-11,2.9767047720571208e-12,3.692364636059884e-11,8
Interannual surface geostrophic KE temporal spectra,control_epoch_0070,Gulf Stream,31.02123287671232,1.9152548146701778e-11,6.3659115210827044e-12,5.762255716198542e-11,8
Interannual surface geostrophic KE temporal spectra,control_epoch_0070,Gulf Stream,32.02191780821917,5.7647044431478075e-12,1.0837379885271952e-12,3.06640697923769e-11,8
Interannual surface geostrophic KE temporal spectra,control_epoch_0070,Gulf Stream,33.02260273972602,9.413491172831867e-12,2.3247126454846614e-12,3.8118180426772304e-11,8
Interannual surface geostrophic KE temporal spectra,control_epoch_0070,Gulf Stream,34.02328767123287,7.759546238179238e-12,1.1439940874543863e-12,5.2631878505964986e-11,8
Interannual surface geostrophic KE temporal spectra,control_epoch_0070,Gulf Stream,35.02397260273972,8.272928348298449e-11,2.8298770480919948e-11,2.418527105346352e-10,8
Interannual surface geostrophic KE temporal spectra,control_epoch_0070,Gulf Stream,36.02465753424657,1.735386441418956e-10,6.390471872418311e-11,4.712587992224581e-10,8
Interannual surface geostrophic KE temporal spectra,control_epoch_0070,Agulhas,1.0006849315068491,2.303366640243608e-08,2.204304077346089e-09,2.40688112584484e-07,8
Interannual surface geostrophic KE temporal spectra,control_epoch_0070,Agulhas,2.0013698630136982,2.008009354679823e-08,4.668610117668168e-09,8.636620893276893e-08,8
Interannual surface geostrophic KE temporal spectra,control_epoch_0070,Agulhas,3.0020547945205474,1.0016094962650002e-08,3.123869382843264e-09,3.211470967762171e-08,8
Interannual surface geostrophic KE temporal spectra,control_epoch_0070,Agulhas,4.0027397260273965,6.588105120389647e-09,1.4796861349352774e-09,2.9332659171806577e-08,8
Interannual surface geostrophic KE temporal spectra,control_epoch_0070,Agulhas,5.003424657534246,2.7150297968736144e-09,4.848023834041531e-10,1.520493101983465e-08,8
Interannual surface geostrophic KE temporal spectra,control_epoch_0070,Agulhas,6.004109589041095,1.5344756853281752e-09,2.313734490310286e-10,1.0176688979328845e-08,8
Interannual surface geostrophic KE temporal spectra,control_epoch_0070,Agulhas,7.004794520547944,1.18685500115294e-09,2.4175512090961927e-10,5.826659590339611e-09,8
Interannual surface geostrophic KE temporal spectra,control_epoch_0070,Agulhas,8.005479452054793,8.228626735745752e-10,2.164634464815217e-10,3.1280245721306965e-09,8
Interannual surface geostrophic KE temporal spectra,control_epoch_0070,Agulhas,9.006164383561643,7.691401433904408e-10,2.9105881336035243e-10,2.0324983577880945e-09,8
Interannual surface geostrophic KE temporal spectra,control_epoch_0070,Agulhas,10.006849315068491,9.91931268048906e-10,4.691623008987556e-10,2.097200987053391e-09,8
Interannual surface geostrophic KE temporal spectra,control_epoch_0070,Agulhas,11.00753424657534,6.242935672249199e-10,2.1650961289356257e-10,1.800116183617285e-09,8
Interannual surface geostrophic KE temporal spectra,control_epoch_0070,Agulhas,12.00821917808219,3.6031948610702603e-10,1.425305130293838e-10,9.108935996158648e-10,8
Interannual surface geostrophic KE temporal spectra,control_epoch_0070,Agulhas,13.00890410958904,2.1080299650920735e-10,6.954742861033135e-11,6.389582508685244e-10,8
Interannual surface geostrophic KE temporal spectra,control_epoch_0070,Agulhas,14.009589041095888,9.334661242766759e-11,2.4060910062598548e-11,3.621471519178327e-10,8
Interannual surface geostrophic KE temporal spectra,control_epoch_0070,Agulhas,15.010273972602736,8.403559283414343e-11,1.0756557377424122e-11,6.565279777903325e-10,8
Interannual surface geostrophic KE temporal spectra,control_epoch_0070,Agulhas,16.010958904109586,1.6478586261867543e-10,4.544666765534559e-11,5.97499925075078e-10,8
Interannual surface geostrophic KE temporal spectra,control_epoch_0070,Agulhas,17.011643835616436,6.816499084897616e-11,6.993533011971285e-12,6.643946585348701e-10,8
Interannual surface geostrophic KE temporal spectra,control_epoch_0070,Agulhas,18.012328767123286,6.965968532514769e-11,2.0892801520877402e-11,2.3225567690142947e-10,8
Interannual surface geostrophic KE temporal spectra,control_epoch_0070,Agulhas,19.013013698630132,9.591700382328033e-11,3.5549694674824135e-11,2.587946733885889e-10,8
Interannual surface geostrophic KE temporal spectra,control_epoch_0070,Agulhas,20.013698630136982,4.6222074762790474e-11,1.2457763071112358e-11,1.7149789919597699e-10,8
Interannual surface geostrophic KE temporal spectra,control_epoch_0070,Agulhas,21.014383561643832,2.9589763090619546e-11,6.8355245243218425e-12,1.2808879211004733e-10,8
Interannual surface geostrophic KE temporal spectra,control_epoch_0070,Agulhas,22.01506849315068,4.339512729160657e-11,3.2293250838003994e-11,5.831364213226207e-11,8
Interannual surface geostrophic KE temporal spectra,control_epoch_0070,Agulhas,23.01575342465753,4.3316288836204224e-11,1.2028748115288245e-11,1.5598471765791967e-10,8
Interannual surface geostrophic KE temporal spectra,control_epoch_0070,Agulhas,24.01643835616438,1.9249621545639867e-11,1.2817115515445597e-12,2.8910399473565187e-10,8
Interannual surface geostrophic KE temporal spectra,control_epoch_0070,Agulhas,25.01712328767123,5.4336003244359896e-11,1.4486143952682458e-11,2.038086365988639e-10,8
Interannual surface geostrophic KE temporal spectra,control_epoch_0070,Agulhas,26.01780821917808,1.2836445916562372e-10,4.484511552032532e-11,3.674298568684688e-10,8
Interannual surface geostrophic KE temporal spectra,control_epoch_0070,Agulhas,27.018493150684925,1.0423924575739616e-10,3.8364063828517055e-11,2.832291282967258e-10,8
Interannual surface geostrophic KE temporal spectra,control_epoch_0070,Agulhas,28.019178082191775,5.589239512945897e-11,2.0638354445662505e-11,1.513667110201279e-10,8
Interannual surface geostrophic KE temporal spectra,control_epoch_0070,Agulhas,29.019863013698625,4.657208480834296e-11,8.215672014912113e-12,2.6400263781935937e-10,8
Interannual surface geostrophic KE temporal spectra,control_epoch_0070,Agulhas,30.02054794520547,8.649635629127963e-11,2.883058698252882e-11,2.5950285563737604e-10,8
Interannual surface geostrophic KE temporal spectra,control_epoch_0070,Agulhas,31.02123287671232,4.6769081976708704e-11,7.187927592283729e-12,3.0430843951352897e-10,8
Interannual surface geostrophic KE temporal spectra,control_epoch_0070,Agulhas,32.02191780821917,5.3675716139101436e-11,1.0420183834231746e-11,2.7649056378263114e-10,8
Interannual surface geostrophic KE temporal spectra,control_epoch_0070,Agulhas,33.02260273972602,4.481991827880942e-11,6.513338738000346e-12,3.084171045487313e-10,8
Interannual surface geostrophic KE temporal spectra,control_epoch_0070,Agulhas,34.02328767123287,5.0274967073577156e-11,1.4005680490272582e-11,1.8046765496362364e-10,8
Interannual surface geostrophic KE temporal spectra,control_epoch_0070,Agulhas,35.02397260273972,7.386474789615772e-11,2.4424106997510387e-11,2.2338589420358666e-10,8
Interannual surface geostrophic KE temporal spectra,control_epoch_0070,Agulhas,36.02465753424657,2.2015546321568061e-10,4.5258053637537555e-11,1.070934874307335e-09,8
Interannual surface geostrophic KE temporal spectra,control_ema_latest,Global,1.0006849315068491,5.477576467151105e-09,2.770665851958776e-09,1.0829109519748036e-08,8
Interannual surface geostrophic KE temporal spectra,control_ema_latest,Global,2.0013698630136982,4.633856157641756e-09,2.9745225969194783e-09,7.218846786355642e-09,8
Interannual surface geostrophic KE temporal spectra,control_ema_latest,Global,3.0020547945205474,1.0875305385840963e-09,6.35435241821774e-10,1.8612796308907635e-09,8
Interannual surface geostrophic KE temporal spectra,control_ema_latest,Global,4.0027397260273965,3.615885760382564e-10,1.7876278427171122e-10,7.313955130763995e-10,8
Interannual surface geostrophic KE temporal spectra,control_ema_latest,Global,5.003424657534246,1.2329150527947936e-10,6.14616887331749e-11,2.4732147110489375e-10,8
Interannual surface geostrophic KE temporal spectra,control_ema_latest,Global,6.004109589041095,8.217867719170933e-11,4.669634694886485e-11,1.4462234042364067e-10,8
Interannual surface geostrophic KE temporal spectra,control_ema_latest,Global,7.004794520547944,4.576414252661013e-11,9.669576541473865e-12,2.1659239494231854e-10,8
Interannual surface geostrophic KE temporal spectra,control_ema_latest,Global,8.005479452054793,5.31687724510167e-11,9.934120541750646e-12,2.8456654537934735e-10,8
Interannual surface geostrophic KE temporal spectra,control_ema_latest,Global,9.006164383561643,7.778957330566636e-11,2.1790778342890714e-11,2.776962630640435e-10,8
Interannual surface geostrophic KE temporal spectra,control_ema_latest,Global,10.006849315068491,6.462370781529539e-11,2.034040579387645e-11,2.0531663203366068e-10,8
Interannual surface geostrophic KE temporal spectra,control_ema_latest,Global,11.00753424657534,2.5202038747959045e-11,1.4158952872498695e-11,4.485803171838247e-11,8
Interannual surface geostrophic KE temporal spectra,control_ema_latest,Global,12.00821917808219,2.243211094535972e-11,1.1474493786142933e-11,4.3853751707339955e-11,8
Interannual surface geostrophic KE temporal spectra,control_ema_latest,Global,13.00890410958904,1.7860074613652262e-11,6.213892320791777e-12,5.133372912464327e-11,8
Interannual surface geostrophic KE temporal spectra,control_ema_latest,Global,14.009589041095888,3.5332226339566758e-12,5.366158531227604e-13,2.326368501500065e-11,8
Interannual surface geostrophic KE temporal spectra,control_ema_latest,Global,15.010273972602736,8.742350071843838e-12,2.9308159341159442e-12,2.6077613366641545e-11,8
Interannual surface geostrophic KE temporal spectra,control_ema_latest,Global,16.010958904109586,4.970367392317915e-12,1.0808800086257723e-12,2.2855961640021897e-11,8
Interannual surface geostrophic KE temporal spectra,control_ema_latest,Global,17.011643835616436,6.628813223517478e-12,3.03832030257406e-12,1.4462321406684243e-11,8
Interannual surface geostrophic KE temporal spectra,control_ema_latest,Global,18.012328767123286,4.313140455582141e-12,6.550115595051323e-13,2.840130119785093e-11,8
Interannual surface geostrophic KE temporal spectra,control_ema_latest,Global,19.013013698630132,9.344470908557325e-12,3.2413191086450743e-12,2.693938289753119e-11,8
Interannual surface geostrophic KE temporal spectra,control_ema_latest,Global,20.013698630136982,4.927193539718282e-12,1.9778332041154906e-12,1.2274663064269181e-11,8
Interannual surface geostrophic KE temporal spectra,control_ema_latest,Global,21.014383561643832,5.05220595732921e-12,1.5556385181349932e-12,1.6407915295047867e-11,8
Interannual surface geostrophic KE temporal spectra,control_ema_latest,Global,22.01506849315068,4.802295971949809e-12,1.033845561526041e-12,2.2307051904506786e-11,8
Interannual surface geostrophic KE temporal spectra,control_ema_latest,Global,23.01575342465753,1.416620911831473e-12,4.7828748220835976e-14,4.195833849910358e-11,8
Interannual surface geostrophic KE temporal spectra,control_ema_latest,Global,24.01643835616438,6.256291599073679e-12,2.857575331479421e-12,1.3697341288418724e-11,8
Interannual surface geostrophic KE temporal spectra,control_ema_latest,Global,25.01712328767123,4.080779366889636e-12,2.1841551379618203e-12,7.62434863339056e-12,8
Interannual surface geostrophic KE temporal spectra,control_ema_latest,Global,26.01780821917808,5.946353611807437e-12,2.164635229063273e-12,1.6334909827720348e-11,8
Interannual surface geostrophic KE temporal spectra,control_ema_latest,Global,27.018493150684925,1.2190801143353726e-11,4.506676766647446e-12,3.2976767629898366e-11,8
Interannual surface geostrophic KE temporal spectra,control_ema_latest,Global,28.019178082191775,1.0155177719214706e-11,4.743474199430275e-12,2.1740949812949586e-11,8
Interannual surface geostrophic KE temporal spectra,control_ema_latest,Global,29.019863013698625,4.08399658899067e-12,1.2474923208763236e-12,1.3370044736765144e-11,8
Interannual surface geostrophic KE temporal spectra,control_ema_latest,Global,30.02054794520547,2.2746549605351094e-12,5.642218004443573e-13,9.170250396939842e-12,8
Interannual surface geostrophic KE temporal spectra,control_ema_latest,Global,31.02123287671232,3.3397099745044567e-12,7.534466711612859e-13,1.4803519798705116e-11,8
Interannual surface geostrophic KE temporal spectra,control_ema_latest,Global,32.02191780821917,5.2914380278391205e-12,1.825551986874708e-12,1.533745223569118e-11,8
Interannual surface geostrophic KE temporal spectra,control_ema_latest,Global,33.02260273972602,3.3469715127051633e-12,7.111931486403826e-13,1.5751302340687104e-11,8
Interannual surface geostrophic KE temporal spectra,control_ema_latest,Global,34.02328767123287,7.915430846860138e-12,3.6028082195981e-12,1.739033600251256e-11,8
Interannual surface geostrophic KE temporal spectra,control_ema_latest,Global,35.02397260273972,4.2170937777431075e-11,2.09806831366584e-11,8.476311192749885e-11,8
Interannual surface geostrophic KE temporal spectra,control_ema_latest,Global,36.02465753424657,2.6572105224669866e-10,1.554209804654733e-10,4.5429952504242633e-10,8
Interannual surface geostrophic KE temporal spectra,control_ema_latest,Gulf Stream,1.0006849315068491,2.4195521927956447e-09,5.710353980497739e-10,1.0251961320884582e-08,8
Interannual surface geostrophic KE temporal spectra,control_ema_latest,Gulf Stream,2.0013698630136982,1.4785533400275391e-09,2.8487044008428977e-10,7.674085028477313e-09,8
Interannual surface geostrophic KE temporal spectra,control_ema_latest,Gulf Stream,3.0020547945205474,5.795653404609369e-10,2.0065918562720574e-10,1.6739626586925624e-09,8
Interannual surface geostrophic KE temporal spectra,control_ema_latest,Gulf Stream,4.0027397260273965,2.9200299991089543e-10,1.2262559282820746e-10,6.953340651850353e-10,8
Interannual surface geostrophic KE temporal spectra,control_ema_latest,Gulf Stream,5.003424657534246,2.449520776468967e-10,7.18653780761436e-11,8.349155316480466e-10,8
Interannual surface geostrophic KE temporal spectra,control_ema_latest,Gulf Stream,6.004109589041095,1.8404503637810253e-10,5.2668712158182534e-11,6.431251881322996e-10,8
Interannual surface geostrophic KE temporal spectra,control_ema_latest,Gulf Stream,7.004794520547944,4.271260376986457e-11,4.800218306363699e-12,3.800590732264962e-10,8
Interannual surface geostrophic KE temporal spectra,control_ema_latest,Gulf Stream,8.005479452054793,3.596199812689842e-11,1.294105713805493e-11,9.993505905139882e-11,8
Interannual surface geostrophic KE temporal spectra,control_ema_latest,Gulf Stream,9.006164383561643,5.808604613909267e-11,1.829957578297848e-11,1.843752443273111e-10,8
Interannual surface geostrophic KE temporal spectra,control_ema_latest,Gulf Stream,10.006849315068491,4.565374005675994e-11,1.2192833752354558e-11,1.7094172064535162e-10,8
Interannual surface geostrophic KE temporal spectra,control_ema_latest,Gulf Stream,11.00753424657534,3.209608042033094e-11,5.766786829750397e-12,1.786364588740901e-10,8
Interannual surface geostrophic KE temporal spectra,control_ema_latest,Gulf Stream,12.00821917808219,2.2480828181185767e-11,8.580612504122501e-12,5.889878321264198e-11,8
Interannual surface geostrophic KE temporal spectra,control_ema_latest,Gulf Stream,13.00890410958904,4.612896145996197e-11,1.9953177516324443e-11,1.0664372046175389e-10,8
Interannual surface geostrophic KE temporal spectra,control_ema_latest,Gulf Stream,14.009589041095888,1.912249486534216e-11,7.927412775554066e-12,4.612725743292455e-11,8
Interannual surface geostrophic KE temporal spectra,control_ema_latest,Gulf Stream,15.010273972602736,4.120912858196747e-11,1.6331758198654585e-11,1.0398098342069659e-10,8
Interannual surface geostrophic KE temporal spectra,control_ema_latest,Gulf Stream,16.010958904109586,1.0517844662140138e-11,1.2693725478286666e-12,8.714940032864286e-11,8
Interannual surface geostrophic KE temporal spectra,control_ema_latest,Gulf Stream,17.011643835616436,1.6609892363777713e-11,4.86876600087954e-12,5.666497923425403e-11,8
Interannual surface geostrophic KE temporal spectra,control_ema_latest,Gulf Stream,18.012328767123286,9.948556521235895e-12,3.718414338141796e-12,2.661719965981129e-11,8
Interannual surface geostrophic KE temporal spectra,control_ema_latest,Gulf Stream,19.013013698630132,8.126771768487313e-12,1.856999937858465e-12,3.556511663282355e-11,8
Interannual surface geostrophic KE temporal spectra,control_ema_latest,Gulf Stream,20.013698630136982,1.2507409858155954e-11,2.6377325643573397e-12,5.930673316686706e-11,8
Interannual surface geostrophic KE temporal spectra,control_ema_latest,Gulf Stream,21.014383561643832,9.22229774396555e-12,1.1189993580199401e-12,7.60060987245325e-11,8
Interannual surface geostrophic KE temporal spectra,control_ema_latest,Gulf Stream,22.01506849315068,1.645215459744359e-11,7.963907249287404e-12,3.398751171071255e-11,8
Interannual surface geostrophic KE temporal spectra,control_ema_latest,Gulf Stream,23.01575342465753,1.2490489791269736e-11,6.31651428413582e-12,2.469911856570082e-11,8
Interannual surface geostrophic KE temporal spectra,control_ema_latest,Gulf Stream,24.01643835616438,1.8722750832861313e-11,8.937903945818942e-12,3.921964264489424e-11,8
Interannual surface geostrophic KE temporal spectra,control_ema_latest,Gulf Stream,25.01712328767123,5.2180838782888464e-12,1.5372471905009615e-12,1.771244047743858e-11,8
Interannual surface geostrophic KE temporal spectra,control_ema_latest,Gulf Stream,26.01780821917808,8.19943325799371e-12,2.1189759630417092e-12,3.17279227914347e-11,8
Interannual surface geostrophic KE temporal spectra,control_ema_latest,Gulf Stream,27.018493150684925,8.113804588780564e-12,2.2811206316257614e-12,2.8860299622995643e-11,8
Interannual surface geostrophic KE temporal spectra,control_ema_latest,Gulf Stream,28.019178082191775,3.1981907200988742e-12,4.168040439466046e-13,2.4540126303181662e-11,8
Interannual surface geostrophic KE temporal spectra,control_ema_latest,Gulf Stream,29.019863013698625,9.710519182053462e-12,4.9679731602465024e-12,1.8980413086682116e-11,8
Interannual surface geostrophic KE temporal spectra,control_ema_latest,Gulf Stream,30.02054794520547,9.735716029856178e-12,2.7453896520623407e-12,3.4524850249507046e-11,8
Interannual surface geostrophic KE temporal spectra,control_ema_latest,Gulf Stream,31.02123287671232,1.6120628875105915e-11,5.224227657354139e-12,4.974413298453281e-11,8
Interannual surface geostrophic KE temporal spectra,control_ema_latest,Gulf Stream,32.02191780821917,1.2439725880376926e-11,6.345023723418791e-12,2.4388684223159954e-11,8
Interannual surface geostrophic KE temporal spectra,control_ema_latest,Gulf Stream,33.02260273972602,8.723597016335536e-12,3.1761324688923568e-12,2.3960318295526804e-11,8
Interannual surface geostrophic KE temporal spectra,control_ema_latest,Gulf Stream,34.02328767123287,7.993602786736014e-12,2.206097168679485e-12,2.896413014770393e-11,8
Interannual surface geostrophic KE temporal spectra,control_ema_latest,Gulf Stream,35.02397260273972,6.831350428226112e-11,2.6846971321439057e-11,1.7382723777098148e-10,8
Interannual surface geostrophic KE temporal spectra,control_ema_latest,Gulf Stream,36.02465753424657,1.5682567154016507e-10,6.280462605394893e-11,3.9159999508471457e-10,8
Interannual surface geostrophic KE temporal spectra,control_ema_latest,Agulhas,1.0006849315068491,2.5917144350760767e-08,4.119251905385663e-09,1.6306319368814695e-07,8
Interannual surface geostrophic KE temporal spectra,control_ema_latest,Agulhas,2.0013698630136982,1.8872830141003657e-08,3.974522689853672e-09,8.96167276741071e-08,8
Interannual surface geostrophic KE temporal spectra,control_ema_latest,Agulhas,3.0020547945205474,1.1819965590782486e-08,4.691738039859827e-09,2.977821553128659e-08,8
Interannual surface geostrophic KE temporal spectra,control_ema_latest,Agulhas,4.0027397260273965,7.48744120889508e-09,2.619210252970441e-09,2.140407620697142e-08,8
Interannual surface geostrophic KE temporal spectra,control_ema_latest,Agulhas,5.003424657534246,2.64255799862003e-09,5.912576789851698e-10,1.1810608173506449e-08,8
Interannual surface geostrophic KE temporal spectra,control_ema_latest,Agulhas,6.004109589041095,1.005658897126004e-09,7.585543940002653e-11,1.3332594542565355e-08,8
Interannual surface geostrophic KE temporal spectra,control_ema_latest,Agulhas,7.004794520547944,1.4612542218073728e-09,4.87987125164619e-10,4.375656222547992e-09,8
Interannual surface geostrophic KE temporal spectra,control_ema_latest,Agulhas,8.005479452054793,8.403653999416592e-10,2.0184410629913209e-10,3.4988091471568594e-09,8
Interannual surface geostrophic KE temporal spectra,control_ema_latest,Agulhas,9.006164383561643,7.725923442560687e-10,3.133936789038595e-10,1.9046297694670474e-09,8
Interannual surface geostrophic KE temporal spectra,control_ema_latest,Agulhas,10.006849315068491,1.0491211557840707e-09,6.200861906798933e-10,1.775003565725099e-09,8
Interannual surface geostrophic KE temporal spectra,control_ema_latest,Agulhas,11.00753424657534,5.940307539174441e-10,2.172911697460301e-10,1.6239616962445576e-09,8
Interannual surface geostrophic KE temporal spectra,control_ema_latest,Agulhas,12.00821917808219,2.8756491191279327e-10,8.54981218285212e-11,9.67197603817151e-10,8
Interannual surface geostrophic KE temporal spectra,control_ema_latest,Agulhas,13.00890410958904,1.765695350890997e-10,4.906105703991048e-11,6.35469404913533e-10,8
Interannual surface geostrophic KE temporal spectra,control_ema_latest,Agulhas,14.009589041095888,9.018652498207309e-11,2.1248044529771526e-11,3.827933096123623e-10,8
Interannual surface geostrophic KE temporal spectra,control_ema_latest,Agulhas,15.010273972602736,1.2580060803678096e-10,3.0809757522119443e-11,5.136617180794717e-10,8
Interannual surface geostrophic KE temporal spectra,control_ema_latest,Agulhas,16.010958904109586,1.581298584692271e-10,3.7242922511661575e-11,6.7140413407858e-10,8
Interannual surface geostrophic KE temporal spectra,control_ema_latest,Agulhas,17.011643835616436,8.576926445825918e-11,1.5568691828042417e-11,4.72510266563339e-10,8
Interannual surface geostrophic KE temporal spectra,control_ema_latest,Agulhas,18.012328767123286,7.764439686137676e-11,2.6596283457326574e-11,2.2667273694987777e-10,8
Interannual surface geostrophic KE temporal spectra,control_ema_latest,Agulhas,19.013013698630132,7.234825797230402e-11,2.2048721143298578e-11,2.373956474667439e-10,8
Interannual surface geostrophic KE temporal spectra,control_ema_latest,Agulhas,20.013698630136982,4.7225917148516e-11,1.0598214754563141e-11,2.104398997537043e-10,8
Interannual surface geostrophic KE temporal spectra,control_ema_latest,Agulhas,21.014383561643832,2.2349217917625606e-11,2.626498840182736e-12,1.9017238229382432e-10,8
Interannual surface geostrophic KE temporal spectra,control_ema_latest,Agulhas,22.01506849315068,4.9591777443531904e-11,3.7720205316612913e-11,6.519965544635155e-11,8
Interannual surface geostrophic KE temporal spectra,control_ema_latest,Agulhas,23.01575342465753,5.567340051085999e-11,2.402085815663313e-11,1.2903483731644786e-10,8
Interannual surface geostrophic KE temporal spectra,control_ema_latest,Agulhas,24.01643835616438,4.28493136435886e-11,1.2952684036388334e-11,1.4175159948073494e-10,8
Interannual surface geostrophic KE temporal spectra,control_ema_latest,Agulhas,25.01712328767123,4.643030374384733e-11,1.0900532026773595e-11,1.9776769615014858e-10,8
Interannual surface geostrophic KE temporal spectra,control_ema_latest,Agulhas,26.01780821917808,8.200365634797585e-11,1.2162309079735078e-11,5.529048481132167e-10,8
Interannual surface geostrophic KE temporal spectra,control_ema_latest,Agulhas,27.018493150684925,9.975358722439868e-11,4.15190888149178e-11,2.3966754686004577e-10,8
Interannual surface geostrophic KE temporal spectra,control_ema_latest,Agulhas,28.019178082191775,4.7542444716223284e-11,1.317509178123345e-11,1.7155736651601072e-10,8
Interannual surface geostrophic KE temporal spectra,control_ema_latest,Agulhas,29.019863013698625,3.769109628497762e-11,5.06589466697573e-12,2.804280058218312e-10,8
Interannual surface geostrophic KE temporal spectra,control_ema_latest,Agulhas,30.02054794520547,7.069190443215215e-11,2.3574559140259815e-11,2.119804371531275e-10,8
Interannual surface geostrophic KE temporal spectra,control_ema_latest,Agulhas,31.02123287671232,4.140525196523332e-11,7.442905087735995e-12,2.3033948036356699e-10,8
Interannual surface geostrophic KE temporal spectra,control_ema_latest,Agulhas,32.02191780821917,4.3991601098060654e-11,7.423939905289455e-12,2.606784257227142e-10,8
Interannual surface geostrophic KE temporal spectra,control_ema_latest,Agulhas,33.02260273972602,5.455462330979129e-11,1.281905691553382e-11,2.3217050552811947e-10,8
Interannual surface geostrophic KE temporal spectra,control_ema_latest,Agulhas,34.02328767123287,4.466721230638429e-11,1.0223366796184395e-11,1.951568299367142e-10,8
Interannual surface geostrophic KE temporal spectra,control_ema_latest,Agulhas,35.02397260273972,7.018693190154041e-11,2.2660559900183536e-11,2.1739116030012887e-10,8
Interannual surface geostrophic KE temporal spectra,control_ema_latest,Agulhas,36.02465753424657,2.7782902172416316e-10,4.44293377393594e-11,1.7373422436550249e-09,8
Interannual surface geostrophic KE temporal spectra,sd01_epoch_0070,Global,1.0006849315068491,3.5876890145378396e-09,1.8494491686924825e-09,6.959646516879053e-09,8
Interannual surface geostrophic KE temporal spectra,sd01_epoch_0070,Global,2.0013698630136982,2.889916295800823e-09,1.5430127017759186e-09,5.412538851509726e-09,8
Interannual surface geostrophic KE temporal spectra,sd01_epoch_0070,Global,3.0020547945205474,4.547373192154796e-10,2.1488577928702983e-10,9.623067202184202e-10,8
Interannual surface geostrophic KE temporal spectra,sd01_epoch_0070,Global,4.0027397260273965,1.9575464602411707e-10,4.8258719368626106e-11,7.94050939216175e-10,8
Interannual surface geostrophic KE temporal spectra,sd01_epoch_0070,Global,5.003424657534246,1.0716141666689166e-10,6.396219909480426e-11,1.7953681056266233e-10,8
Interannual surface geostrophic KE temporal spectra,sd01_epoch_0070,Global,6.004109589041095,5.769258893343103e-11,2.5873265957241307e-11,1.2864378325266273e-10,8
Interannual surface geostrophic KE temporal spectra,sd01_epoch_0070,Global,7.004794520547944,2.722143046640997e-11,4.454997375205215e-12,1.6633147322639202e-10,8
Interannual surface geostrophic KE temporal spectra,sd01_epoch_0070,Global,8.005479452054793,3.9096853440272147e-11,1.564664579298861e-11,9.769275595253023e-11,8
Interannual surface geostrophic KE temporal spectra,sd01_epoch_0070,Global,9.006164383561643,6.657149969369156e-11,3.127145190219504e-11,1.4171918161420886e-10,8
Interannual surface geostrophic KE temporal spectra,sd01_epoch_0070,Global,10.006849315068491,4.4753888944690526e-11,1.2695131815981113e-11,1.5776997078142608e-10,8
Interannual surface geostrophic KE temporal spectra,sd01_epoch_0070,Global,11.00753424657534,2.0094544578989504e-11,7.541409986709158e-12,5.354313351861652e-11,8
Interannual surface geostrophic KE temporal spectra,sd01_epoch_0070,Global,12.00821917808219,5.620540858668934e-12,1.4780076380664133e-12,2.137369167137377e-11,8
Interannual surface geostrophic KE temporal spectra,sd01_epoch_0070,Global,13.00890410958904,4.903448124429661e-12,1.4072674399957162e-12,1.7085454282269156e-11,8
Interannual surface geostrophic KE temporal spectra,sd01_epoch_0070,Global,14.009589041095888,4.374824329770891e-12,1.584757026006116e-12,1.2076985684417127e-11,8
Interannual surface geostrophic KE temporal spectra,sd01_epoch_0070,Global,15.010273972602736,6.6983441429312246e-12,1.904547317130482e-12,2.35582565229946e-11,8
Interannual surface geostrophic KE temporal spectra,sd01_epoch_0070,Global,16.010958904109586,5.311219705140942e-12,2.8902464118485396e-12,9.760086420533095e-12,8
Interannual surface geostrophic KE temporal spectra,sd01_epoch_0070,Global,17.011643835616436,6.967070892134517e-12,2.9552257996278282e-12,1.6425166842459562e-11,8
Interannual surface geostrophic KE temporal spectra,sd01_epoch_0070,Global,18.012328767123286,7.935082424497306e-12,2.7141503147278945e-12,2.319898523744018e-11,8
Interannual surface geostrophic KE temporal spectra,sd01_epoch_0070,Global,19.013013698630132,7.34037425416123e-12,2.5548336343142694e-12,2.108986411775302e-11,8
Interannual surface geostrophic KE temporal spectra,sd01_epoch_0070,Global,20.013698630136982,5.320828867748348e-12,2.1123083848153047e-12,1.340297659346726e-11,8
Interannual surface geostrophic KE temporal spectra,sd01_epoch_0070,Global,21.014383561643832,3.0951352545902455e-12,1.091956216311985e-12,8.773119380704492e-12,8
Interannual surface geostrophic KE temporal spectra,sd01_epoch_0070,Global,22.01506849315068,2.641016532559671e-12,9.488783816589699e-13,7.350750591512936e-12,8
Interannual surface geostrophic KE temporal spectra,sd01_epoch_0070,Global,23.01575342465753,1.109568384054676e-12,2.9246598848873334e-13,4.20952195246844e-12,8
Interannual surface geostrophic KE temporal spectra,sd01_epoch_0070,Global,24.01643835616438,1.144083214733219e-12,2.8486501382355923e-13,4.594900527324934e-12,8
Interannual surface geostrophic KE temporal spectra,sd01_epoch_0070,Global,25.01712328767123,2.8320095214873552e-12,1.129246582583296e-12,7.102326501132842e-12,8
Interannual surface geostrophic KE temporal spectra,sd01_epoch_0070,Global,26.01780821917808,4.9603223753105435e-12,1.5352476870374047e-12,1.6026598362435418e-11,8
Interannual surface geostrophic KE temporal spectra,sd01_epoch_0070,Global,27.018493150684925,1.0954577268012608e-11,4.646215122481584e-12,2.5828068644562474e-11,8
Interannual surface geostrophic KE temporal spectra,sd01_epoch_0070,Global,28.019178082191775,1.0134118289317894e-11,5.291466641491777e-12,1.9408674467790658e-11,8
Interannual surface geostrophic KE temporal spectra,sd01_epoch_0070,Global,29.019863013698625,2.3382671960333373e-12,5.410048691199979e-13,1.0106181648492491e-11,8
Interannual surface geostrophic KE temporal spectra,sd01_epoch_0070,Global,30.02054794520547,3.2682874214392538e-12,1.0791908058688424e-12,9.897881459931776e-12,8
Interannual surface geostrophic KE temporal spectra,sd01_epoch_0070,Global,31.02123287671232,3.037301365648706e-12,9.390038871219901e-13,9.824453031868025e-12,8
Interannual surface geostrophic KE temporal spectra,sd01_epoch_0070,Global,32.02191780821917,5.678342410131412e-12,1.757341599589204e-12,1.8347925374460073e-11,8
Interannual surface geostrophic KE temporal spectra,sd01_epoch_0070,Global,33.02260273972602,8.247856174797908e-12,2.815521468261277e-12,2.4161467865546795e-11,8
Interannual surface geostrophic KE temporal spectra,sd01_epoch_0070,Global,34.02328767123287,3.751953636212523e-12,9.685740093156671e-13,1.4533898238952745e-11,8
Interannual surface geostrophic KE temporal spectra,sd01_epoch_0070,Global,35.02397260273972,1.0400966010259528e-10,7.177221895644819e-11,1.5072697419626714e-10,8
Interannual surface geostrophic KE temporal spectra,sd01_epoch_0070,Global,36.02465753424657,7.740142563076368e-10,5.855845278479257e-10,1.023077011903306e-09,8
Interannual surface geostrophic KE temporal spectra,sd01_epoch_0070,Gulf Stream,1.0006849315068491,2.891968936469105e-09,1.4007169356332611e-09,5.970859719577199e-09,8
Interannual surface geostrophic KE temporal spectra,sd01_epoch_0070,Gulf Stream,2.0013698630136982,1.625840357291392e-09,4.733101047346895e-10,5.5848308349113214e-09,8
Interannual surface geostrophic KE temporal spectra,sd01_epoch_0070,Gulf Stream,3.0020547945205474,2.7935701274777563e-10,6.750389835021297e-11,1.1560864258014317e-09,8
Interannual surface geostrophic KE temporal spectra,sd01_epoch_0070,Gulf Stream,4.0027397260273965,2.4401644692090145e-10,6.309326388524453e-11,9.437461735408263e-10,8
Interannual surface geostrophic KE temporal spectra,sd01_epoch_0070,Gulf Stream,5.003424657534246,3.035786358561005e-10,1.4886545276958388e-10,6.190824427941482e-10,8
Interannual surface geostrophic KE temporal spectra,sd01_epoch_0070,Gulf Stream,6.004109589041095,1.5933110242910003e-10,3.857318626302537e-11,6.58135940032693e-10,8
Interannual surface geostrophic KE temporal spectra,sd01_epoch_0070,Gulf Stream,7.004794520547944,1.1778960712852213e-10,3.5330856690227355e-11,3.9269898460541145e-10,8
Interannual surface geostrophic KE temporal spectra,sd01_epoch_0070,Gulf Stream,8.005479452054793,5.6723327712350586e-11,2.0968652309463422e-11,1.534450502243582e-10,8
Interannual surface geostrophic KE temporal spectra,sd01_epoch_0070,Gulf Stream,9.006164383561643,3.6426082096102216e-11,1.2942982224482336e-11,1.025157443515725e-10,8
Interannual surface geostrophic KE temporal spectra,sd01_epoch_0070,Gulf Stream,10.006849315068491,4.929318946457427e-11,2.1923833929913514e-11,1.1083000059926111e-10,8
Interannual surface geostrophic KE temporal spectra,sd01_epoch_0070,Gulf Stream,11.00753424657534,3.118772941028009e-11,6.670053855628644e-12,1.4582707828483888e-10,8
Interannual surface geostrophic KE temporal spectra,sd01_epoch_0070,Gulf Stream,12.00821917808219,9.874065937250239e-12,1.524834390427067e-12,6.39395194292929e-11,8
Interannual surface geostrophic KE temporal spectra,sd01_epoch_0070,Gulf Stream,13.00890410958904,1.5225094231210223e-11,9.352618542081742e-12,2.4784876375128535e-11,8
Interannual surface geostrophic KE temporal spectra,sd01_epoch_0070,Gulf Stream,14.009589041095888,1.2799225966654835e-11,3.528848642174149e-12,4.642312605523386e-11,8
Interannual surface geostrophic KE temporal spectra,sd01_epoch_0070,Gulf Stream,15.010273972602736,2.347344876674441e-11,7.539959885551202e-12,7.307768282174277e-11,8
Interannual surface geostrophic KE temporal spectra,sd01_epoch_0070,Gulf Stream,16.010958904109586,1.0860933614810904e-11,3.085684078206175e-12,3.822811279303227e-11,8
Interannual surface geostrophic KE temporal spectra,sd01_epoch_0070,Gulf Stream,17.011643835616436,1.917694384333448e-11,5.867575685645058e-12,6.267582982697812e-11,8
Interannual surface geostrophic KE temporal spectra,sd01_epoch_0070,Gulf Stream,18.012328767123286,2.4045391150175534e-11,7.060144501935091e-12,8.189362631408866e-11,8
Interannual surface geostrophic KE temporal spectra,sd01_epoch_0070,Gulf Stream,19.013013698630132,1.9499086688489843e-11,7.848760473959678e-12,4.844260223594575e-11,8
Interannual surface geostrophic KE temporal spectra,sd01_epoch_0070,Gulf Stream,20.013698630136982,1.3233075668835254e-11,5.7062573236390626e-12,3.0688116873328034e-11,8
Interannual surface geostrophic KE temporal spectra,sd01_epoch_0070,Gulf Stream,21.014383561643832,7.525693481082353e-12,2.8286904299912235e-12,2.0022007983171613e-11,8
Interannual surface geostrophic KE temporal spectra,sd01_epoch_0070,Gulf Stream,22.01506849315068,1.0051279463749813e-11,2.942764081010439e-12,3.4331062931728214e-11,8
Interannual surface geostrophic KE temporal spectra,sd01_epoch_0070,Gulf Stream,23.01575342465753,6.4086995767463755e-12,2.37271363119065e-12,1.7309897715882025e-11,8
Interannual surface geostrophic KE temporal spectra,sd01_epoch_0070,Gulf Stream,24.01643835616438,3.797716159621365e-12,1.6338122767516749e-12,8.827604146618468e-12,8
Interannual surface geostrophic KE temporal spectra,sd01_epoch_0070,Gulf Stream,25.01712328767123,5.9651250202283884e-12,1.4049211544686576e-12,2.532719818032219e-11,8
Interannual surface geostrophic KE temporal spectra,sd01_epoch_0070,Gulf Stream,26.01780821917808,4.1670825872588566e-12,6.017878690408744e-13,2.8854980604231047e-11,8
Interannual surface geostrophic KE temporal spectra,sd01_epoch_0070,Gulf Stream,27.018493150684925,4.7650646758526505e-12,1.7109795005272816e-12,1.3270668268124397e-11,8
Interannual surface geostrophic KE temporal spectra,sd01_epoch_0070,Gulf Stream,28.019178082191775,3.8229639590693605e-12,6.215322916116417e-13,2.351455206687049e-11,8
Interannual surface geostrophic KE temporal spectra,sd01_epoch_0070,Gulf Stream,29.019863013698625,1.1638057738619048e-11,3.651718221077459e-12,3.709059125801527e-11,8
Interannual surface geostrophic KE temporal spectra,sd01_epoch_0070,Gulf Stream,30.02054794520547,7.61473185056039e-12,1.3310232290691165e-12,4.3563583181408104e-11,8
Interannual surface geostrophic KE temporal spectra,sd01_epoch_0070,Gulf Stream,31.02123287671232,2.244723015660624e-11,1.4049142684368268e-11,3.586540140020721e-11,8
Interannual surface geostrophic KE temporal spectra,sd01_epoch_0070,Gulf Stream,32.02191780821917,1.978289784804496e-11,5.566957236785941e-12,7.030106943881136e-11,8
Interannual surface geostrophic KE temporal spectra,sd01_epoch_0070,Gulf Stream,33.02260273972602,1.2616135859331738e-11,2.343868206992392e-12,6.790777892130554e-11,8
Interannual surface geostrophic KE temporal spectra,sd01_epoch_0070,Gulf Stream,34.02328767123287,1.9697227317351344e-11,7.174916657494477e-12,5.407460218874475e-11,8
Interannual surface geostrophic KE temporal spectra,sd01_epoch_0070,Gulf Stream,35.02397260273972,1.982721148351563e-10,1.1645367749726735e-10,3.3757483976517517e-10,8
Interannual surface geostrophic KE temporal spectra,sd01_epoch_0070,Gulf Stream,36.02465753424657,8.400120769648811e-10,4.68707155068375e-10,1.5054608870733313e-09,8
Interannual surface geostrophic KE temporal spectra,sd01_epoch_0070,Agulhas,1.0006849315068491,2.324189817965474e-08,8.133562300060799e-09,6.641442102059027e-08,8
Interannual surface geostrophic KE temporal spectra,sd01_epoch_0070,Agulhas,2.0013698630136982,2.5074327766063974e-08,9.06692367080331e-09,6.934236304917558e-08,8
Interannual surface geostrophic KE temporal spectra,sd01_epoch_0070,Agulhas,3.0020547945205474,6.372202926436781e-09,8.021309380717799e-10,5.0621373903490906e-08,8
Interannual surface geostrophic KE temporal spectra,sd01_epoch_0070,Agulhas,4.0027397260273965,5.7757183535966684e-09,3.2274668032089434e-09,1.0335945970662175e-08,8
Interannual surface geostrophic KE temporal spectra,sd01_epoch_0070,Agulhas,5.003424657534246,3.1207260050551967e-09,5.923550626591744e-10,1.6441035812048583e-08,8
Interannual surface geostrophic KE temporal spectra,sd01_epoch_0070,Agulhas,6.004109589041095,2.6678339438450594e-09,7.278933487328962e-10,9.777995587295336e-09,8
Interannual surface geostrophic KE temporal spectra,sd01_epoch_0070,Agulhas,7.004794520547944,1.3145130404736903e-09,5.505469616738828e-10,3.138596076021823e-09,8
Interannual surface geostrophic KE temporal spectra,sd01_epoch_0070,Agulhas,8.005479452054793,4.731168969005227e-10,9.316400218837462e-11,2.4026404284369764e-09,8
Interannual surface geostrophic KE temporal spectra,sd01_epoch_0070,Agulhas,9.006164383561643,6.154531780652168e-10,2.662216858340714e-10,1.422809014238833e-09,8
Interannual surface geostrophic KE temporal spectra,sd01_epoch_0070,Agulhas,10.006849315068491,5.84627287966216e-10,1.5442294233931422e-10,2.213330873360243e-09,8
Interannual surface geostrophic KE temporal spectra,sd01_epoch_0070,Agulhas,11.00753424657534,3.9659275098274043e-10,1.379946927160599e-10,1.1397960822717416e-09,8
Interannual surface geostrophic KE temporal spectra,sd01_epoch_0070,Agulhas,12.00821917808219,8.403221786611377e-11,4.868337454445945e-12,1.4504774382575444e-09,8
Interannual surface geostrophic KE temporal spectra,sd01_epoch_0070,Agulhas,13.00890410958904,1.5574343713340478e-10,4.304589107079975e-11,5.634920687373322e-10,8
Interannual surface geostrophic KE temporal spectra,sd01_epoch_0070,Agulhas,14.009589041095888,1.269713768734725e-10,4.592687163877901e-11,3.5103045275857136e-10,8
Interannual surface geostrophic KE temporal spectra,sd01_epoch_0070,Agulhas,15.010273972602736,1.3110662303144322e-10,3.9183900872129455e-11,4.386736955772322e-10,8
Interannual surface geostrophic KE temporal spectra,sd01_epoch_0070,Agulhas,16.010958904109586,1.1936030270382978e-10,2.3479021536389937e-11,6.06791975528825e-10,8
Interannual surface geostrophic KE temporal spectra,sd01_epoch_0070,Agulhas,17.011643835616436,2.2271874281431e-10,7.221778847271117e-11,6.868617753301933e-10,8
Interannual surface geostrophic KE temporal spectra,sd01_epoch_0070,Agulhas,18.012328767123286,1.9334787588379224e-10,7.981335901080086e-11,4.68385262468597e-10,8
Interannual surface geostrophic KE temporal spectra,sd01_epoch_0070,Agulhas,19.013013698630132,1.0172449738274919e-10,1.2258510636904107e-11,8.441378952367013e-10,8
Interannual surface geostrophic KE temporal spectra,sd01_epoch_0070,Agulhas,20.013698630136982,1.3874176088701957e-10,3.323869382022235e-11,5.791225226281214e-10,8
Interannual surface geostrophic KE temporal spectra,sd01_epoch_0070,Agulhas,21.014383561643832,6.896250593027542e-11,1.5118796466804433e-11,3.145638764716092e-10,8
Interannual surface geostrophic KE temporal spectra,sd01_epoch_0070,Agulhas,22.01506849315068,9.429612790884877e-11,5.673927988392115e-11,1.5671259411104593e-10,8
Interannual surface geostrophic KE temporal spectra,sd01_epoch_0070,Agulhas,23.01575342465753,5.603021401045208e-11,1.7380441841599367e-11,1.8062744955902517e-10,8
Interannual surface geostrophic KE temporal spectra,sd01_epoch_0070,Agulhas,24.01643835616438,1.118679330162563e-10,4.04721894748519e-11,3.09210709865491e-10,8
Interannual surface geostrophic KE temporal spectra,sd01_epoch_0070,Agulhas,25.01712328767123,4.052756652255854e-11,1.1420247617598087e-11,1.438220696466699e-10,8
Interannual surface geostrophic KE temporal spectra,sd01_epoch_0070,Agulhas,26.01780821917808,6.451293810149606e-11,2.269501282281237e-11,1.8338474690369076e-10,8
Interannual surface geostrophic KE temporal spectra,sd01_epoch_0070,Agulhas,27.018493150684925,1.0533596736835075e-10,3.6421912872736435e-11,3.046425941491913e-10,8
Interannual surface geostrophic KE temporal spectra,sd01_epoch_0070,Agulhas,28.019178082191775,7.292864681390494e-11,3.1570147137281054e-11,1.6846888622278825e-10,8
Interannual surface geostrophic KE temporal spectra,sd01_epoch_0070,Agulhas,29.019863013698625,3.7480412495202894e-11,1.2665025930223418e-11,1.1091815591614662e-10,8
Interannual surface geostrophic KE temporal spectra,sd01_epoch_0070,Agulhas,30.02054794520547,6.435908102427699e-11,1.5564700251955403e-11,2.6612085316381707e-10,8
Interannual surface geostrophic KE temporal spectra,sd01_epoch_0070,Agulhas,31.02123287671232,9.160095896036741e-11,1.8976019420340512e-11,4.421757533334327e-10,8
Interannual surface geostrophic KE temporal spectra,sd01_epoch_0070,Agulhas,32.02191780821917,1.2449356367819396e-10,4.952647703704393e-11,3.129366012790316e-10,8
Interannual surface geostrophic KE temporal spectra,sd01_epoch_0070,Agulhas,33.02260273972602,1.3147898768350188e-10,2.6689388339051102e-11,6.477002763298637e-10,8
Interannual surface geostrophic KE temporal spectra,sd01_epoch_0070,Agulhas,34.02328767123287,1.8818704129661155e-10,1.0290767022321163e-10,3.4413724880912324e-10,8
Interannual surface geostrophic KE temporal spectra,sd01_epoch_0070,Agulhas,35.02397260273972,1.4578984127441495e-10,6.371800662573586e-11,3.3357411733960757e-10,8
Interannual surface geostrophic KE temporal spectra,sd01_epoch_0070,Agulhas,36.02465753424657,9.916259843941775e-11,1.901890453180137e-11,5.170235179852319e-10,8
Interannual surface geostrophic KE temporal spectra,sd01_ema_latest,Global,1.0006849315068491,3.713905397868512e-09,1.8616745058680718e-09,7.408971472102399e-09,8
Interannual surface geostrophic KE temporal spectra,sd01_ema_latest,Global,2.0013698630136982,3.0941212076602517e-09,1.6973499740163473e-09,5.640313544200597e-09,8
Interannual surface geostrophic KE temporal spectra,sd01_ema_latest,Global,3.0020547945205474,4.3318547698468416e-10,2.0391065867955966e-10,9.202542853109749e-10,8
Interannual surface geostrophic KE temporal spectra,sd01_ema_latest,Global,4.0027397260273965,2.2133313698082466e-10,8.278293782968483e-11,5.917687727700567e-10,8
Interannual surface geostrophic KE temporal spectra,sd01_ema_latest,Global,5.003424657534246,1.0321022004355613e-10,5.486406360895986e-11,1.9415895981317069e-10,8
Interannual surface geostrophic KE temporal spectra,sd01_ema_latest,Global,6.004109589041095,5.296371867345148e-11,2.100412475619267e-11,1.3355260113342572e-10,8
Interannual surface geostrophic KE temporal spectra,sd01_ema_latest,Global,7.004794520547944,2.5167269442042546e-11,5.509713931679635e-12,1.149590448837113e-10,8
Interannual surface geostrophic KE temporal spectra,sd01_ema_latest,Global,8.005479452054793,3.81700727268279e-11,1.1191868219440538e-11,1.30179736162419e-10,8
Interannual surface geostrophic KE temporal spectra,sd01_ema_latest,Global,9.006164383561643,5.947056288884003e-11,2.8163943293915887e-11,1.255771542147474e-10,8
Interannual surface geostrophic KE temporal spectra,sd01_ema_latest,Global,10.006849315068491,3.9584669712411255e-11,1.0519186068802886e-11,1.4896077186882691e-10,8
Interannual surface geostrophic KE temporal spectra,sd01_ema_latest,Global,11.00753424657534,2.5271742895547495e-11,1.2353148883090323e-11,5.1700258373222555e-11,8
Interannual surface geostrophic KE temporal spectra,sd01_ema_latest,Global,12.00821917808219,1.2539209727473582e-11,6.024410358001339e-12,2.6099115306901406e-11,8
Interannual surface geostrophic KE temporal spectra,sd01_ema_latest,Global,13.00890410958904,5.491778654451038e-12,1.2329990236699604e-12,2.4460386594399246e-11,8
Interannual surface geostrophic KE temporal spectra,sd01_ema_latest,Global,14.009589041095888,4.044778135550396e-12,1.3748657920060001e-12,1.1899510672933475e-11,8
Interannual surface geostrophic KE temporal spectra,sd01_ema_latest,Global,15.010273972602736,5.605352681969546e-12,1.5714545314907725e-12,1.999420158816582e-11,8
Interannual surface geostrophic KE temporal spectra,sd01_ema_latest,Global,16.010958904109586,4.397472627452543e-12,1.5463218048809352e-12,1.2505654028905937e-11,8
Interannual surface geostrophic KE temporal spectra,sd01_ema_latest,Global,17.011643835616436,6.117757881956677e-12,1.683161680398632e-12,2.223610597728141e-11,8
Interannual surface geostrophic KE temporal spectra,sd01_ema_latest,Global,18.012328767123286,8.387303189105736e-12,3.7415386205504455e-12,1.880158456726928e-11,8
Interannual surface geostrophic KE temporal spectra,sd01_ema_latest,Global,19.013013698630132,7.445203118266724e-12,3.0835216217002504e-12,1.7976539902348384e-11,8
Interannual surface geostrophic KE temporal spectra,sd01_ema_latest,Global,20.013698630136982,3.834470372916066e-12,7.696431214113334e-13,1.910387117318627e-11,8
Interannual surface geostrophic KE temporal spectra,sd01_ema_latest,Global,21.014383561643832,2.9032815663725957e-12,1.0673145610450562e-12,7.897431705031414e-12,8
Interannual surface geostrophic KE temporal spectra,sd01_ema_latest,Global,22.01506849315068,1.6553127398720629e-12,3.4936294268213944e-13,7.843019198735517e-12,8
Interannual surface geostrophic KE temporal spectra,sd01_ema_latest,Global,23.01575342465753,8.496327715683673e-13,2.539317324151436e-13,2.842794949875651e-12,8
Interannual surface geostrophic KE temporal spectra,sd01_ema_latest,Global,24.01643835616438,1.433393458889388e-12,4.368409284383497e-13,4.703352351465498e-12,8
Interannual surface geostrophic KE temporal spectra,sd01_ema_latest,Global,25.01712328767123,2.4079271782665316e-12,6.656928373682071e-13,8.709892867042487e-12,8
Interannual surface geostrophic KE temporal spectra,sd01_ema_latest,Global,26.01780821917808,4.074976491409298e-12,1.5204666324698387e-12,1.0921274463330142e-11,8
Interannual surface geostrophic KE temporal spectra,sd01_ema_latest,Global,27.018493150684925,1.0035597850617053e-11,4.69841457024699e-12,2.1435576344642406e-11,8
Interannual surface geostrophic KE temporal spectra,sd01_ema_latest,Global,28.019178082191775,1.0222096296522276e-11,4.075171564821659e-12,2.564094567143635e-11,8
Interannual surface geostrophic KE temporal spectra,sd01_ema_latest,Global,29.019863013698625,2.7667510514988564e-12,6.541066388353718e-13,1.1702849239688954e-11,8
Interannual surface geostrophic KE temporal spectra,sd01_ema_latest,Global,30.02054794520547,1.874313113456139e-12,4.191209412269941e-13,8.381947313319741e-12,8
Interannual surface geostrophic KE temporal spectra,sd01_ema_latest,Global,31.02123287671232,3.0285830458406476e-12,1.3635528954999364e-12,6.726776273824313e-12,8
Interannual surface geostrophic KE temporal spectra,sd01_ema_latest,Global,32.02191780821917,6.025870471599294e-12,2.2534016653772506e-12,1.61139114692246e-11,8
Interannual surface geostrophic KE temporal spectra,sd01_ema_latest,Global,33.02260273972602,9.551576471889685e-12,4.124359832068882e-12,2.212043003352402e-11,8
Interannual surface geostrophic KE temporal spectra,sd01_ema_latest,Global,34.02328767123287,5.8272251507396215e-12,2.5933869579091516e-12,1.3093515741587965e-11,8
Interannual surface geostrophic KE temporal spectra,sd01_ema_latest,Global,35.02397260273972,1.1504547998292173e-10,7.763228646414688e-11,1.7048914913273115e-10,8
Interannual surface geostrophic KE temporal spectra,sd01_ema_latest,Global,36.02465753424657,8.09841837153392e-10,5.979543098181229e-10,1.0968125665043977e-09,8
Interannual surface geostrophic KE temporal spectra,sd01_ema_latest,Gulf Stream,1.0006849315068491,4.04404581506075e-09,1.911246001775198e-09,8.556882023099175e-09,8
Interannual surface geostrophic KE temporal spectra,sd01_ema_latest,Gulf Stream,2.0013698630136982,1.0653321970546977e-09,1.239548015350088e-10,9.156020388293291e-09,8
Interannual surface geostrophic KE temporal spectra,sd01_ema_latest,Gulf Stream,3.0020547945205474,3.0481570894610206e-10,6.011035087584645e-11,1.5457007830850804e-09,8
Interannual surface geostrophic KE temporal spectra,sd01_ema_latest,Gulf Stream,4.0027397260273965,3.261563292815002e-10,9.353008524628721e-11,1.1373661303768049e-09,8
Interannual surface geostrophic KE temporal spectra,sd01_ema_latest,Gulf Stream,5.003424657534246,3.079032943083063e-10,1.1461705580794665e-10,8.271407599647528e-10,8
Interannual surface geostrophic KE temporal spectra,sd01_ema_latest,Gulf Stream,6.004109589041095,1.3545328702106847e-10,3.0187435912835476e-11,6.077890489867904e-10,8
Interannual surface geostrophic KE temporal spectra,sd01_ema_latest,Gulf Stream,7.004794520547944,1.263966260854164e-10,4.167969876915504e-11,3.8330668305116564e-10,8
Interannual surface geostrophic KE temporal spectra,sd01_ema_latest,Gulf Stream,8.005479452054793,3.581924220204897e-11,7.740796284771807e-12,1.6574756197280147e-10,8
Interannual surface geostrophic KE temporal spectra,sd01_ema_latest,Gulf Stream,9.006164383561643,2.5023673261547813e-11,7.748459529014378e-12,8.081402776331659e-11,8
Interannual surface geostrophic KE temporal spectra,sd01_ema_latest,Gulf Stream,10.006849315068491,4.370657912619932e-11,2.217711570920496e-11,8.613676746619654e-11,8
Interannual surface geostrophic KE temporal spectra,sd01_ema_latest,Gulf Stream,11.00753424657534,2.062922513706282e-11,2.845928970797008e-12,1.4953462792728946e-10,8
Interannual surface geostrophic KE temporal spectra,sd01_ema_latest,Gulf Stream,12.00821917808219,1.2492873150600152e-11,3.593445016442677e-12,4.343238280893169e-11,8
Interannual surface geostrophic KE temporal spectra,sd01_ema_latest,Gulf Stream,13.00890410958904,1.3400543343794456e-11,6.287312522354531e-12,2.8561418136992044e-11,8
Interannual surface geostrophic KE temporal spectra,sd01_ema_latest,Gulf Stream,14.009589041095888,1.2345705731756212e-11,4.328445643446723e-12,3.5212744382241946e-11,8
Interannual surface geostrophic KE temporal spectra,sd01_ema_latest,Gulf Stream,15.010273972602736,2.482110951505841e-11,9.728488526934506e-12,6.332818051363373e-11,8
Interannual surface geostrophic KE temporal spectra,sd01_ema_latest,Gulf Stream,16.010958904109586,8.266202423871419e-12,2.1284973448675004e-12,3.2102507751388e-11,8
Interannual surface geostrophic KE temporal spectra,sd01_ema_latest,Gulf Stream,17.011643835616436,1.4870601453369552e-11,5.691367128543445e-12,3.885442330295607e-11,8
Interannual surface geostrophic KE temporal spectra,sd01_ema_latest,Gulf Stream,18.012328767123286,1.483170861445304e-11,3.945602750039797e-12,5.575309892051897e-11,8
Interannual surface geostrophic KE temporal spectra,sd01_ema_latest,Gulf Stream,19.013013698630132,1.2100492274181403e-11,3.0039277047001198e-12,4.8743487750528604e-11,8
Interannual surface geostrophic KE temporal spectra,sd01_ema_latest,Gulf Stream,20.013698630136982,9.70763473563767e-12,4.496730856913781e-12,2.095704082793095e-11,8
Interannual surface geostrophic KE temporal spectra,sd01_ema_latest,Gulf Stream,21.014383561643832,4.113856138767966e-12,7.335035410542944e-13,2.3072570728361582e-11,8
Interannual surface geostrophic KE temporal spectra,sd01_ema_latest,Gulf Stream,22.01506849315068,1.0033426697394068e-11,4.2309631726836735e-12,2.379355413489121e-11,8
Interannual surface geostrophic KE temporal spectra,sd01_ema_latest,Gulf Stream,23.01575342465753,5.5359428297311095e-12,2.3933516009404076e-12,1.2804914665279204e-11,8
Interannual surface geostrophic KE temporal spectra,sd01_ema_latest,Gulf Stream,24.01643835616438,1.9989467221952105e-12,2.5182664836481583e-13,1.5867216691008668e-11,8
Interannual surface geostrophic KE temporal spectra,sd01_ema_latest,Gulf Stream,25.01712328767123,5.282057724207202e-12,1.074388803957297e-12,2.5968377275612314e-11,8
Interannual surface geostrophic KE temporal spectra,sd01_ema_latest,Gulf Stream,26.01780821917808,4.106252677712344e-12,6.556767258885313e-13,2.5715890754503172e-11,8
Interannual surface geostrophic KE temporal spectra,sd01_ema_latest,Gulf Stream,27.018493150684925,5.2110718325474736e-12,2.909121329531205e-12,9.334526328726778e-12,8
Interannual surface geostrophic KE temporal spectra,sd01_ema_latest,Gulf Stream,28.019178082191775,3.676227745956952e-12,1.0581369334545923e-12,1.2772118629316974e-11,8
Interannual surface geostrophic KE temporal spectra,sd01_ema_latest,Gulf Stream,29.019863013698625,1.0620050485986915e-11,4.316781396405943e-12,2.6127214229289815e-11,8
Interannual surface geostrophic KE temporal spectra,sd01_ema_latest,Gulf Stream,30.02054794520547,8.225209958059529e-12,1.7456935365747967e-12,3.875484295307919e-11,8
Interannual surface geostrophic KE temporal spectra,sd01_ema_latest,Gulf Stream,31.02123287671232,1.8804812006255968e-11,1.041551667245937e-11,3.3951359851947666e-11,8
Interannual surface geostrophic KE temporal spectra,sd01_ema_latest,Gulf Stream,32.02191780821917,1.8349689767069305e-11,4.63007596957819e-12,7.272258959897002e-11,8
Interannual surface geostrophic KE temporal spectra,sd01_ema_latest,Gulf Stream,33.02260273972602,1.802027367384453e-11,4.581790967069075e-12,7.087408954581376e-11,8
Interannual surface geostrophic KE temporal spectra,sd01_ema_latest,Gulf Stream,34.02328767123287,1.4701150863229043e-11,3.289353574514605e-12,6.570404543248667e-11,8
Interannual surface geostrophic KE temporal spectra,sd01_ema_latest,Gulf Stream,35.02397260273972,2.152569037499163e-10,1.2308148748336388e-10,3.7646225731764575e-10,8
Interannual surface geostrophic KE temporal spectra,sd01_ema_latest,Gulf Stream,36.02465753424657,9.343044201214328e-10,5.785213604193341e-10,1.508889401811747e-09,8
Interannual surface geostrophic KE temporal spectra,sd01_ema_latest,Agulhas,1.0006849315068491,2.3734634646432887e-08,7.156763305364914e-09,7.871335934463027e-08,8
Interannual surface geostrophic KE temporal spectra,sd01_ema_latest,Agulhas,2.0013698630136982,2.7631695630153454e-08,9.85573401528384e-09,7.746866973209937e-08,8
Interannual surface geostrophic KE temporal spectra,sd01_ema_latest,Agulhas,3.0020547945205474,9.23240290420714e-09,1.9457387309216706e-09,4.3807147399094377e-08,8
Interannual surface geostrophic KE temporal spectra,sd01_ema_latest,Agulhas,4.0027397260273965,5.979107180992137e-09,3.0639051717452405e-09,1.1668025176323663e-08,8
Interannual surface geostrophic KE temporal spectra,sd01_ema_latest,Agulhas,5.003424657534246,2.9576458860016295e-09,5.020348222618637e-10,1.7424427149436936e-08,8
Interannual surface geostrophic KE temporal spectra,sd01_ema_latest,Agulhas,6.004109589041095,2.7627029951641873e-09,7.943253789649189e-10,9.608817798866098e-09,8
Interannual surface geostrophic KE temporal spectra,sd01_ema_latest,Agulhas,7.004794520547944,1.3650022888516868e-09,7.192780348691351e-10,2.59041866739242e-09,8
Interannual surface geostrophic KE temporal spectra,sd01_ema_latest,Agulhas,8.005479452054793,4.677050657426085e-10,9.011022989275096e-11,2.4275604310592845e-09,8
Interannual surface geostrophic KE temporal spectra,sd01_ema_latest,Agulhas,9.006164383561643,5.840452028057672e-10,1.3641085880158624e-10,2.500598573436026e-09,8
Interannual surface geostrophic KE temporal spectra,sd01_ema_latest,Agulhas,10.006849315068491,7.044256755182886e-10,2.6673020252306654e-10,1.8603649966729395e-09,8
Interannual surface geostrophic KE temporal spectra,sd01_ema_latest,Agulhas,11.00753424657534,4.232700410690455e-10,1.4968683643391458e-10,1.1968823173418318e-09,8
Interannual surface geostrophic KE temporal spectra,sd01_ema_latest,Agulhas,12.00821917808219,1.6106494149634452e-10,3.089924922883719e-11,8.395645857637926e-10,8
Interannual surface geostrophic KE temporal spectra,sd01_ema_latest,Agulhas,13.00890410958904,1.0785931972722657e-10,1.551933304802472e-11,7.496219596563655e-10,8
Interannual surface geostrophic KE temporal spectra,sd01_ema_latest,Agulhas,14.009589041095888,1.008969639281715e-10,3.261932411688115e-11,3.120909953083389e-10,8
Interannual surface geostrophic KE temporal spectra,sd01_ema_latest,Agulhas,15.010273972602736,1.263962150973646e-10,3.7127121144504605e-11,4.3030546668992017e-10,8
Interannual surface geostrophic KE temporal spectra,sd01_ema_latest,Agulhas,16.010958904109586,9.766520427327375e-11,1.684683816530367e-11,5.661888617998935e-10,8
Interannual surface geostrophic KE temporal spectra,sd01_ema_latest,Agulhas,17.011643835616436,2.0663937828461658e-10,7.24542777913956e-11,5.893348737915891e-10,8
Interannual surface geostrophic KE temporal spectra,sd01_ema_latest,Agulhas,18.012328767123286,1.4844492536344752e-10,5.158690766618983e-11,4.2716062782344055e-10,8
Interannual surface geostrophic KE temporal spectra,sd01_ema_latest,Agulhas,19.013013698630132,1.1170608754112158e-10,1.789417138005497e-11,6.973360056030929e-10,8
Interannual surface geostrophic KE temporal spectra,sd01_ema_latest,Agulhas,20.013698630136982,1.169246052061858e-10,2.588114422190399e-11,5.282364328796532e-10,8
Interannual surface geostrophic KE temporal spectra,sd01_ema_latest,Agulhas,21.014383561643832,6.634029874970674e-11,1.4717257463680152e-11,2.9903908721182563e-10,8
Interannual surface geostrophic KE temporal spectra,sd01_ema_latest,Agulhas,22.01506849315068,8.35712184963803e-11,4.2824282016312884e-11,1.6308851502307248e-10,8
Interannual surface geostrophic KE temporal spectra,sd01_ema_latest,Agulhas,23.01575342465753,5.010355435232581e-11,1.6440370191781774e-11,1.5269523310316641e-10,8
Interannual surface geostrophic KE temporal spectra,sd01_ema_latest,Agulhas,24.01643835616438,1.1376375052823977e-10,4.239214254556768e-11,3.0529692903207005e-10,8
Interannual surface geostrophic KE temporal spectra,sd01_ema_latest,Agulhas,25.01712328767123,4.261314210739228e-11,1.1290298259052598e-11,1.6083542158054422e-10,8
Interannual surface geostrophic KE temporal spectra,sd01_ema_latest,Agulhas,26.01780821917808,4.311444597780175e-11,7.215632935837277e-12,2.5761502400441746e-10,8
Interannual surface geostrophic KE temporal spectra,sd01_ema_latest,Agulhas,27.018493150684925,1.0024710605557944e-10,2.886446368441626e-11,3.48161059993789e-10,8
Interannual surface geostrophic KE temporal spectra,sd01_ema_latest,Agulhas,28.019178082191775,7.710816667746515e-11,2.7311513110388902e-11,2.1769827780424593e-10,8
Interannual surface geostrophic KE temporal spectra,sd01_ema_latest,Agulhas,29.019863013698625,3.2027248449325174e-11,1.0427376722189877e-11,9.837034477252327e-11,8
Interannual surface geostrophic KE temporal spectra,sd01_ema_latest,Agulhas,30.02054794520547,6.047571842792989e-11,1.914298392780963e-11,1.9105237371385777e-10,8
Interannual surface geostrophic KE temporal spectra,sd01_ema_latest,Agulhas,31.02123287671232,1.1082585485213691e-10,3.384890363784728e-11,3.628587275711259e-10,8
Interannual surface geostrophic KE temporal spectra,sd01_ema_latest,Agulhas,32.02191780821917,1.17134953804258e-10,3.979900246394649e-11,3.447472688581833e-10,8
Interannual surface geostrophic KE temporal spectra,sd01_ema_latest,Agulhas,33.02260273972602,1.1433752729749197e-10,1.960276071815742e-11,6.668994401587297e-10,8
Interannual surface geostrophic KE temporal spectra,sd01_ema_latest,Agulhas,34.02328767123287,1.9583721882832598e-10,9.558789122179816e-11,4.0122462990027416e-10,8
Interannual surface geostrophic KE temporal spectra,sd01_ema_latest,Agulhas,35.02397260273972,1.743291162589231e-10,9.432227868291719e-11,3.222000273952373e-10,8
Interannual surface geostrophic KE temporal spectra,sd01_ema_latest,Agulhas,36.02465753424657,8.031751100381145e-11,1.3229740719687336e-11,4.876061224879266e-10,8
Interannual surface geostrophic KE temporal spectra,om4,Global,1.0006849315068491,4.330631335681971e-09,1.6727789656772352e-09,1.1211503821126653e-08,8
Interannual surface geostrophic KE temporal spectra,om4,Global,2.0013698630136982,4.541105406461906e-09,1.7585076468647957e-09,1.1726783417384286e-08,8
Interannual surface geostrophic KE temporal spectra,om4,Global,3.0020547945205474,8.161156902577421e-10,1.8029802061912004e-10,3.6941327342239216e-09,8
Interannual surface geostrophic KE temporal spectra,om4,Global,4.0027397260273965,3.781405292790306e-10,1.370272889925576e-10,1.043516666896852e-09,8
Interannual surface geostrophic KE temporal spectra,om4,Global,5.003424657534246,1.1733433404357603e-10,6.668599440331404e-11,2.064503359158921e-10,8
Interannual surface geostrophic KE temporal spectra,om4,Global,6.004109589041095,8.100000662910172e-11,3.297901925696613e-11,1.9894469944034639e-10,8
Interannual surface geostrophic KE temporal spectra,om4,Global,7.004794520547944,1.0645001185158838e-10,4.960486322661678e-11,2.2843738065430323e-10,8
Interannual surface geostrophic KE temporal spectra,om4,Global,8.005479452054793,3.0787374419483116e-11,5.9294713435732874e-12,1.598561437813158e-10,8
Interannual surface geostrophic KE temporal spectra,om4,Global,9.006164383561643,5.353070878296954e-11,1.214700690176375e-11,2.359047628754549e-10,8
Interannual surface geostrophic KE temporal spectra,om4,Global,10.006849315068491,7.117284494911141e-11,3.2763767923301076e-11,1.5460901414051644e-10,8
Interannual surface geostrophic KE temporal spectra,om4,Global,11.00753424657534,4.214040836679159e-11,1.0361481466376755e-11,1.713861114438622e-10,8
Interannual surface geostrophic KE temporal spectra,om4,Global,12.00821917808219,3.725082413777902e-11,1.2237392146487348e-11,1.1339212491789333e-10,8
Interannual surface geostrophic KE temporal spectra,om4,Global,13.00890410958904,2.8696411157171665e-11,8.693415260422926e-12,9.472502907463604e-11,8
Interannual surface geostrophic KE temporal spectra,om4,Global,14.009589041095888,2.457389415292954e-11,7.78038271570652e-12,7.7615240265793e-11,8
Interannual surface geostrophic KE temporal spectra,om4,Global,15.010273972602736,1.9503109507372085e-11,7.289850128637848e-12,5.217820308297915e-11,8
Interannual surface geostrophic KE temporal spectra,om4,Global,16.010958904109586,1.282332231274065e-11,5.12746381979348e-12,3.206996693017237e-11,8
Interannual surface geostrophic KE temporal spectra,om4,Global,17.011643835616436,1.3083899253664663e-11,5.236155078731235e-12,3.269353506648377e-11,8
Interannual surface geostrophic KE temporal spectra,om4,Global,18.012328767123286,7.403622305529751e-12,2.3606881769583253e-12,2.3219340774419154e-11,8
Interannual surface geostrophic KE temporal spectra,om4,Global,19.013013698630132,8.50017914346318e-12,3.773482835549024e-12,1.9147574964509934e-11,8
Interannual surface geostrophic KE temporal spectra,om4,Global,20.013698630136982,6.660529141910727e-12,1.966619849094845e-12,2.2557815874105192e-11,8
Interannual surface geostrophic KE temporal spectra,om4,Global,21.014383561643832,5.820841981780123e-12,6.699679461282617e-13,5.057286930316421e-11,8
Interannual surface geostrophic KE temporal spectra,om4,Global,22.01506849315068,9.773848332136961e-12,3.2171423846318344e-12,2.9693466996036785e-11,8
Interannual surface geostrophic KE temporal spectra,om4,Global,23.01575342465753,1.0204601595215022e-11,2.7494936095092577e-12,3.787384460793537e-11,8
Interannual surface geostrophic KE temporal spectra,om4,Global,24.01643835616438,1.1638414663491819e-11,3.479541420183376e-12,3.892831828173578e-11,8
Interannual surface geostrophic KE temporal spectra,om4,Global,25.01712328767123,6.140494722069821e-12,1.7025467867864572e-12,2.2146630990938268e-11,8
Interannual surface geostrophic KE temporal spectra,om4,Global,26.01780821917808,9.108804633415277e-12,5.4729083225553366e-12,1.516018850668199e-11,8
Interannual surface geostrophic KE temporal spectra,om4,Global,27.018493150684925,2.914711025301849e-12,7.928301949660591e-13,1.0715460151438667e-11,8
Interannual surface geostrophic KE temporal spectra,om4,Global,28.019178082191775,7.921125140109786e-12,3.504922529395363e-12,1.7901743322156494e-11,8
Interannual surface geostrophic KE temporal spectra,om4,Global,29.019863013698625,3.609923224458895e-12,2.1229033410816129e-13,6.138548766826176e-11,8
Interannual surface geostrophic KE temporal spectra,om4,Global,30.02054794520547,6.116561127420628e-12,1.5838636848183455e-12,2.3620921663952384e-11,8
Interannual surface geostrophic KE temporal spectra,om4,Global,31.02123287671232,6.072967564415618e-12,1.8331886005246112e-12,2.01184619126967e-11,8
Interannual surface geostrophic KE temporal spectra,om4,Global,32.02191780821917,6.163848845940494e-12,2.0122368435399784e-12,1.8880994410560365e-11,8
Interannual surface geostrophic KE temporal spectra,om4,Global,33.02260273972602,6.7762800593358345e-12,3.003559180965275e-12,1.5287853068969823e-11,8
Interannual surface geostrophic KE temporal spectra,om4,Global,34.02328767123287,3.2144796797361814e-12,7.817238770757452e-13,1.3218068316001583e-11,8
Interannual surface geostrophic KE temporal spectra,om4,Global,35.02397260273972,3.5023116106761632e-12,6.228928981337111e-13,1.9692288441606188e-11,8
Interannual surface geostrophic KE temporal spectra,om4,Global,36.02465753424657,3.4206483076681414e-12,3.946234317982721e-13,2.9650633748312954e-11,8
Interannual surface geostrophic KE temporal spectra,om4,Gulf Stream,1.0006849315068491,7.68916237285263e-09,2.2450866722412637e-09,2.633449243947012e-08,8
Interannual surface geostrophic KE temporal spectra,om4,Gulf Stream,2.0013698630136982,8.31591104477322e-09,2.877449918898197e-09,2.4033216373427306e-08,8
Interannual surface geostrophic KE temporal spectra,om4,Gulf Stream,3.0020547945205474,2.5054479777742224e-09,9.78667642222948e-10,6.4140973896661526e-09,8
Interannual surface geostrophic KE temporal spectra,om4,Gulf Stream,4.0027397260273965,1.091792016525366e-09,5.208005300426632e-10,2.2888029842267583e-09,8
Interannual surface geostrophic KE temporal spectra,om4,Gulf Stream,5.003424657534246,7.132636229726064e-10,1.607289081790951e-10,3.165236432074372e-09,8
Interannual surface geostrophic KE temporal spectra,om4,Gulf Stream,6.004109589041095,4.711313158694943e-10,9.894932474944374e-11,2.243216084141787e-09,8
Interannual surface geostrophic KE temporal spectra,om4,Gulf Stream,7.004794520547944,1.496351884692031e-10,6.039084795821082e-11,3.7076296136308304e-10,8
Interannual surface geostrophic KE temporal spectra,om4,Gulf Stream,8.005479452054793,6.864791130868079e-11,2.7489039291699102e-11,1.7143326389247641e-10,8
Interannual surface geostrophic KE temporal spectra,om4,Gulf Stream,9.006164383561643,3.227164839000738e-11,5.8307976601988575e-12,1.786135191960592e-10,8
Interannual surface geostrophic KE temporal spectra,om4,Gulf Stream,10.006849315068491,6.910134457765619e-11,1.969855762221626e-11,2.4240332282271674e-10,8
Interannual surface geostrophic KE temporal spectra,om4,Gulf Stream,11.00753424657534,4.827500844699521e-11,1.0388361686297225e-11,2.2433531974839452e-10,8
Interannual surface geostrophic KE temporal spectra,om4,Gulf Stream,12.00821917808219,2.4901041983979977e-11,3.3330875332318745e-12,1.8603228559278203e-10,8
Interannual surface geostrophic KE temporal spectra,om4,Gulf Stream,13.00890410958904,2.7397271953089074e-11,6.54933750587273e-12,1.1460861648960002e-10,8
Interannual surface geostrophic KE temporal spectra,om4,Gulf Stream,14.009589041095888,2.3721873329707273e-11,6.304642166154652e-12,8.925602110958466e-11,8
Interannual surface geostrophic KE temporal spectra,om4,Gulf Stream,15.010273972602736,1.3382688412104935e-11,3.337800832702125e-12,5.3656990968661183e-11,8
Interannual surface geostrophic KE temporal spectra,om4,Gulf Stream,16.010958904109586,1.0852466358808999e-11,4.2591821943810345e-12,2.765226296833654e-11,8
Interannual surface geostrophic KE temporal spectra,om4,Gulf Stream,17.011643835616436,7.057423890754238e-12,1.3956628144738328e-12,3.5687152697097613e-11,8
Interannual surface geostrophic KE temporal spectra,om4,Gulf Stream,18.012328767123286,4.380372170882338e-12,1.1810070535411444e-12,1.6246863469534716e-11,8
Interannual surface geostrophic KE temporal spectra,om4,Gulf Stream,19.013013698630132,4.007055361321045e-12,9.266906502139814e-13,1.7326701920413392e-11,8
Interannual surface geostrophic KE temporal spectra,om4,Gulf Stream,20.013698630136982,6.5830873700735765e-12,2.892620780729295e-12,1.498192905573194e-11,8
Interannual surface geostrophic KE temporal spectra,om4,Gulf Stream,21.014383561643832,9.118558491206378e-12,1.7516122145097746e-12,4.746947313382528e-11,8
Interannual surface geostrophic KE temporal spectra,om4,Gulf Stream,22.01506849315068,9.385584100945242e-12,4.45667555014555e-12,1.9765672399696948e-11,8
Interannual surface geostrophic KE temporal spectra,om4,Gulf Stream,23.01575342465753,7.2077483895403175e-12,3.077988304387493e-12,1.6878438677907584e-11,8
Interannual surface geostrophic KE temporal spectra,om4,Gulf Stream,24.01643835616438,9.09637753002835e-12,4.626785771143147e-12,1.78837076669666e-11,8
Interannual surface geostrophic KE temporal spectra,om4,Gulf Stream,25.01712328767123,1.0508072178513203e-11,4.254144805645778e-12,2.5955764543393712e-11,8
Interannual surface geostrophic KE temporal spectra,om4,Gulf Stream,26.01780821917808,7.320682789237466e-12,2.4916087401229996e-12,2.1509154161175417e-11,8
Interannual surface geostrophic KE temporal spectra,om4,Gulf Stream,27.018493150684925,8.184171199672997e-12,3.142590297221296e-12,2.1313837277732893e-11,8
Interannual surface geostrophic KE temporal spectra,om4,Gulf Stream,28.019178082191775,6.016447723766021e-12,1.397059440235784e-12,2.5909880546457067e-11,8
Interannual surface geostrophic KE temporal spectra,om4,Gulf Stream,29.019863013698625,2.881827642834344e-12,7.728816473364553e-13,1.0745410492829054e-11,8
Interannual surface geostrophic KE temporal spectra,om4,Gulf Stream,30.02054794520547,6.8992778107404e-12,2.405062603762425e-12,1.9791598869530646e-11,8
Interannual surface geostrophic KE temporal spectra,om4,Gulf Stream,31.02123287671232,6.618584373953018e-12,3.1828113547170078e-12,1.3763196819759346e-11,8
Interannual surface geostrophic KE temporal spectra,om4,Gulf Stream,32.02191780821917,5.016077628341014e-12,1.135114884805165e-12,2.216606892425866e-11,8
Interannual surface geostrophic KE temporal spectra,om4,Gulf Stream,33.02260273972602,3.327680297208067e-12,1.6339216603522459e-12,6.777225878772866e-12,8
Interannual surface geostrophic KE temporal spectra,om4,Gulf Stream,34.02328767123287,2.7486955534484615e-12,1.3143631452406357e-12,5.74827989730654e-12,8
Interannual surface geostrophic KE temporal spectra,om4,Gulf Stream,35.02397260273972,2.8805099445981784e-12,6.358438153670406e-13,1.304933277701123e-11,8
Interannual surface geostrophic KE temporal spectra,om4,Gulf Stream,36.02465753424657,2.026914690607896e-12,5.761059461376669e-13,7.131297967926819e-12,8
Interannual surface geostrophic KE temporal spectra,om4,Agulhas,1.0006849315068491,3.341632415416506e-08,1.0638081290889641e-08,1.049673046710524e-07,8
Interannual surface geostrophic KE temporal spectra,om4,Agulhas,2.0013698630136982,3.934763330983623e-08,7.552414283234386e-09,2.0499885056918357e-07,8
Interannual surface geostrophic KE temporal spectra,om4,Agulhas,3.0020547945205474,3.0442234023146734e-08,1.0690054830251574e-08,8.669081936768918e-08,8
Interannual surface geostrophic KE temporal spectra,om4,Agulhas,4.0027397260273965,1.441103685142041e-08,4.511077048172887e-09,4.603733895813473e-08,8
Interannual surface geostrophic KE temporal spectra,om4,Agulhas,5.003424657534246,6.468212796430566e-09,2.118853333212776e-09,1.9745480314331303e-08,8
Interannual surface geostrophic KE temporal spectra,om4,Agulhas,6.004109589041095,5.333169506798799e-09,1.1754264980795028e-09,2.4197767393129466e-08,8
Interannual surface geostrophic KE temporal spectra,om4,Agulhas,7.004794520547944,2.9847297924042426e-09,9.081448073928444e-10,9.809682179696476e-09,8
Interannual surface geostrophic KE temporal spectra,om4,Agulhas,8.005479452054793,1.742673024123523e-09,4.753582754418183e-10,6.388674450203252e-09,8
Interannual surface geostrophic KE temporal spectra,om4,Agulhas,9.006164383561643,9.208787063568793e-10,1.2770466966785713e-10,6.640458755557651e-09,8
Interannual surface geostrophic KE temporal spectra,om4,Agulhas,10.006849315068491,9.895556939128117e-10,3.0697463977385975e-10,3.1899067365194483e-09,8
Interannual surface geostrophic KE temporal spectra,om4,Agulhas,11.00753424657534,5.525494993134013e-10,2.0992093395563626e-10,1.4544092551341898e-09,8
Interannual surface geostrophic KE temporal spectra,om4,Agulhas,12.00821917808219,2.414592856209166e-10,1.3468107555078806e-10,4.3289368141834855e-10,8
Interannual surface geostrophic KE temporal spectra,om4,Agulhas,13.00890410958904,2.9285227568014686e-10,9.41522983212973e-11,9.108907259849783e-10,8
Interannual surface geostrophic KE temporal spectra,om4,Agulhas,14.009589041095888,3.8157023500721696e-10,9.212870971015178e-11,1.580352581747049e-09,8
Interannual surface geostrophic KE temporal spectra,om4,Agulhas,15.010273972602736,3.3359833551062846e-10,1.27423984360029e-10,8.733665801959585e-10,8
Interannual surface geostrophic KE temporal spectra,om4,Agulhas,16.010958904109586,2.674988057908786e-10,1.3495301129820073e-10,5.302261165661015e-10,8
Interannual surface geostrophic KE temporal spectra,om4,Agulhas,17.011643835616436,1.3236589532225594e-10,2.7289131671066634e-11,6.420405916777048e-10,8
Interannual surface geostrophic KE temporal spectra,om4,Agulhas,18.012328767123286,2.5092694779260354e-10,8.62847324334872e-11,7.297273961769333e-10,8
Interannual surface geostrophic KE temporal spectra,om4,Agulhas,19.013013698630132,1.40082895893317e-10,4.003489962176667e-11,4.901527893725227e-10,8
Interannual surface geostrophic KE temporal spectra,om4,Agulhas,20.013698630136982,1.0894496968843716e-10,3.75125474983898e-11,3.164009701267012e-10,8
Interannual surface geostrophic KE temporal spectra,om4,Agulhas,21.014383561643832,1.385300397350782e-10,2.6988493897512143e-11,7.110649442639469e-10,8
Interannual surface geostrophic KE temporal spectra,om4,Agulhas,22.01506849315068,8.783560304549107e-11,1.3056606282468859e-11,5.908957500483228e-10,8
Interannual surface geostrophic KE temporal spectra,om4,Agulhas,23.01575342465753,1.465070993292904e-10,6.962469128775476e-11,3.08286180619053e-10,8
Interannual surface geostrophic KE temporal spectra,om4,Agulhas,24.01643835616438,1.3950958202097058e-10,4.3347106616273927e-11,4.490016749666723e-10,8
Interannual surface geostrophic KE temporal spectra,om4,Agulhas,25.01712328767123,9.975726541976229e-11,4.2515750671363716e-11,2.3406647764381814e-10,8
Interannual surface geostrophic KE temporal spectra,om4,Agulhas,26.01780821917808,1.197593657563662e-10,4.759745394547787e-11,3.013250604285679e-10,8
Interannual surface geostrophic KE temporal spectra,om4,Agulhas,27.018493150684925,2.0994583602619036e-10,9.127748929452169e-11,4.828929279870261e-10,8
Interannual surface geostrophic KE temporal spectra,om4,Agulhas,28.019178082191775,1.6255150883873983e-10,5.776628136575733e-11,4.574120473230586e-10,8
Interannual surface geostrophic KE temporal spectra,om4,Agulhas,29.019863013698625,9.387713016919009e-11,1.539860044973267e-11,5.723192570371587e-10,8
Interannual surface geostrophic KE temporal spectra,om4,Agulhas,30.02054794520547,6.796672899282867e-11,1.1240218860933772e-11,4.109774290997087e-10,8
Interannual surface geostrophic KE temporal spectra,om4,Agulhas,31.02123287671232,6.116342695635334e-11,1.3458718109219341e-11,2.7795847767125583e-10,8
Interannual surface geostrophic KE temporal spectra,om4,Agulhas,32.02191780821917,6.255627343505235e-11,2.1787201273431737e-11,1.7961404482240997e-10,8
Interannual surface geostrophic KE temporal spectra,om4,Agulhas,33.02260273972602,1.0929658125950636e-10,6.336161494021717e-11,1.8853279996551381e-10,8
Interannual surface geostrophic KE temporal spectra,om4,Agulhas,34.02328767123287,6.321844184841793e-11,1.2306303893591405e-11,3.247580609335547e-10,8
Interannual surface geostrophic KE temporal spectra,om4,Agulhas,35.02397260273972,9.802008530273317e-11,3.004905283476262e-11,3.197417627633183e-10,8
Interannual surface geostrophic KE temporal spectra,om4,Agulhas,36.02465753424657,6.596998110402303e-11,8.842062532474386e-12,4.92197198434342e-10,8
