diagnostic,model,region,x,power,x_units
Surface EKE spatial spectra vs DUACS,DUACS,North Pacific,0.0022267511931989264,8.056527710714247,wavenumber (rad km-1)
Surface EKE spatial spectra vs DUACS,DUACS,North Pacific,0.006680253579596778,8.35755287666643,wavenumber (rad km-1)
Surface EKE spatial spectra vs DUACS,DUACS,North Pacific,0.01113375596599463,0.23057389158693145,wavenumber (rad km-1)
Surface EKE spatial spectra vs DUACS,DUACS,North Pacific,0.015587258352392483,0.10946721110927951,wavenumber (rad km-1)
Surface EKE spatial spectra vs DUACS,DUACS,North Pacific,0.020040760738790336,0.13338702966652727,wavenumber (rad km-1)
Surface EKE spatial spectra vs DUACS,DUACS,North Pacific,0.024494263125188185,0.10457859595671883,wavenumber (rad km-1)
Surface EKE spatial spectra vs DUACS,DUACS,North Pacific,0.028947765511586038,0.06352651745497195,wavenumber (rad km-1)
Surface EKE spatial spectra vs DUACS,DUACS,North Pacific,0.033401267897983894,0.12592436253530886,wavenumber (rad km-1)
Surface EKE spatial spectra vs DUACS,DUACS,North Pacific,0.03785477028438174,0.07552149282863979,wavenumber (rad km-1)
Surface EKE spatial spectra vs DUACS,DUACS,North Pacific,0.0423082726707796,0.07771732490248745,wavenumber (rad km-1)
Surface EKE spatial spectra vs DUACS,DUACS,North Pacific,0.04676177505717745,0.051985264228213986,wavenumber (rad km-1)
Surface EKE spatial spectra vs DUACS,DUACS,North Pacific,0.0512152774435753,0.02545508721696105,wavenumber (rad km-1)
Surface EKE spatial spectra vs DUACS,DUACS,North Pacific,0.055668779829973154,0.02577898052682145,wavenumber (rad km-1)
Surface EKE spatial spectra vs DUACS,DUACS,North Pacific,0.060122282216371004,0.01424486743310737,wavenumber (rad km-1)
Surface EKE spatial spectra vs DUACS,DUACS,North Pacific,0.06457578460276886,0.009244871247828553,wavenumber (rad km-1)
Surface EKE spatial spectra vs DUACS,DUACS,North Pacific,0.06902928698916672,0.005093215735106629,wavenumber (rad km-1)
Surface EKE spatial spectra vs DUACS,DUACS,North Pacific,0.07348278937556456,0.005200449960967856,wavenumber (rad km-1)
Surface EKE spatial spectra vs DUACS,DUACS,North Pacific,0.07793629176196241,0.004963097705832081,wavenumber (rad km-1)
Surface EKE spatial spectra vs DUACS,DUACS,North Pacific,0.08238979414836027,0.0029719526286409808,wavenumber (rad km-1)
Surface EKE spatial spectra vs DUACS,DUACS,North Pacific,0.08684329653475813,0.0023159651684214115,wavenumber (rad km-1)
Surface EKE spatial spectra vs DUACS,DUACS,North Pacific,0.09129679892115597,0.0016866181673789267,wavenumber (rad km-1)
Surface EKE spatial spectra vs DUACS,DUACS,North Pacific,0.09575030130755383,0.0012987257598860073,wavenumber (rad km-1)
Surface EKE spatial spectra vs DUACS,DUACS,North Pacific,0.10020380369395165,0.0011260827923491046,wavenumber (rad km-1)
Surface EKE spatial spectra vs DUACS,DUACS,North Pacific,0.10465730608034954,0.00101577570878463,wavenumber (rad km-1)
Surface EKE spatial spectra vs DUACS,DUACS,North Pacific,0.10911080846674737,0.0005688371696009031,wavenumber (rad km-1)
Surface EKE spatial spectra vs DUACS,DUACS,North Pacific,0.11356431085314524,0.00042642725290206935,wavenumber (rad km-1)
Surface EKE spatial spectra vs DUACS,DUACS,North Pacific,0.11801781323954308,0.00022922204597524947,wavenumber (rad km-1)
Surface EKE spatial spectra vs DUACS,DUACS,North Pacific,0.12247131562594095,0.00015423545152902268,wavenumber (rad km-1)
Surface EKE spatial spectra vs DUACS,DUACS,North Pacific,0.1269248180123388,9.963716213557114e-05,wavenumber (rad km-1)
Surface EKE spatial spectra vs DUACS,DUACS,North Pacific,0.13137832039873665,7.507873455089183e-05,wavenumber (rad km-1)
Surface EKE spatial spectra vs DUACS,DUACS,North Pacific,0.13583182278513448,5.67587668570122e-05,wavenumber (rad km-1)
Surface EKE spatial spectra vs DUACS,DUACS,North Pacific,0.14028532517153236,3.959080373636027e-05,wavenumber (rad km-1)
Surface EKE spatial spectra vs DUACS,DUACS,North Pacific,0.1447388275579302,3.416842476511932e-05,wavenumber (rad km-1)
Surface EKE spatial spectra vs DUACS,DUACS,North Pacific,0.14919232994432807,3.162039823746268e-05,wavenumber (rad km-1)
Surface EKE spatial spectra vs DUACS,DUACS,North Pacific,0.1536458323307259,2.0930592534429096e-05,wavenumber (rad km-1)
Surface EKE spatial spectra vs DUACS,DUACS,North Pacific,0.15809933471712376,1.1810981560302473e-05,wavenumber (rad km-1)
Surface EKE spatial spectra vs DUACS,DUACS,North Pacific,0.1625528371035216,1.0822298482062245e-05,wavenumber (rad km-1)
Surface EKE spatial spectra vs DUACS,DUACS,North Pacific,0.16700633948991947,6.158745991344807e-06,wavenumber (rad km-1)
Surface EKE spatial spectra vs DUACS,DUACS,North Pacific,0.1714598418763173,3.6912053678890585e-06,wavenumber (rad km-1)
Surface EKE spatial spectra vs DUACS,DUACS,North Pacific,0.17591334426271518,2.4891182582131965e-06,wavenumber (rad km-1)
Surface EKE spatial spectra vs DUACS,DUACS,North Pacific,0.180366846649113,1.4184264068807871e-06,wavenumber (rad km-1)
Surface EKE spatial spectra vs DUACS,DUACS,North Pacific,0.1848203490355109,9.297482539455908e-07,wavenumber (rad km-1)
Surface EKE spatial spectra vs DUACS,DUACS,North Pacific,0.18927385142190872,5.322710669492787e-07,wavenumber (rad km-1)
Surface EKE spatial spectra vs DUACS,DUACS,North Pacific,0.19372735380830655,2.6458292089220247e-07,wavenumber (rad km-1)
Surface EKE spatial spectra vs DUACS,DUACS,North Pacific,0.19818085619470444,1.3674193831857265e-07,wavenumber (rad km-1)
Surface EKE spatial spectra vs DUACS,DUACS,North Pacific,0.2026343585811023,5.3730147611392176e-08,wavenumber (rad km-1)
Surface EKE spatial spectra vs DUACS,DUACS,North Pacific,0.20708786096750012,2.737461760344902e-08,wavenumber (rad km-1)
Surface EKE spatial spectra vs DUACS,DUACS,North Pacific,0.21154136335389798,1.724453280443422e-08,wavenumber (rad km-1)
Surface EKE spatial spectra vs DUACS,DUACS,North Pacific,0.21599486574029583,1.0375504374323335e-08,wavenumber (rad km-1)
Surface EKE spatial spectra vs DUACS,DUACS,North Pacific,0.22044836812669372,7.53071519349067e-09,wavenumber (rad km-1)
Surface EKE spatial spectra vs DUACS,DUACS,Gulf Stream,0.0022267511931989264,105.82722582256997,wavenumber (rad km-1)
Surface EKE spatial spectra vs DUACS,DUACS,Gulf Stream,0.006680253579596778,170.8632815468342,wavenumber (rad km-1)
Surface EKE spatial spectra vs DUACS,DUACS,Gulf Stream,0.01113375596599463,86.2251497170745,wavenumber (rad km-1)
Surface EKE spatial spectra vs DUACS,DUACS,Gulf Stream,0.015587258352392483,37.59717564605176,wavenumber (rad km-1)
Surface EKE spatial spectra vs DUACS,DUACS,Gulf Stream,0.020040760738790336,5.828371905667778,wavenumber (rad km-1)
Surface EKE spatial spectra vs DUACS,DUACS,Gulf Stream,0.024494263125188185,4.0205133059817,wavenumber (rad km-1)
Surface EKE spatial spectra vs DUACS,DUACS,Gulf Stream,0.028947765511586038,1.4863718117791531,wavenumber (rad km-1)
Surface EKE spatial spectra vs DUACS,DUACS,Gulf Stream,0.033401267897983894,0.9623313485163199,wavenumber (rad km-1)
Surface EKE spatial spectra vs DUACS,DUACS,Gulf Stream,0.03785477028438174,0.5446634289026854,wavenumber (rad km-1)
Surface EKE spatial spectra vs DUACS,DUACS,Gulf Stream,0.0423082726707796,0.4798940923217662,wavenumber (rad km-1)
Surface EKE spatial spectra vs DUACS,DUACS,Gulf Stream,0.04676177505717745,0.508091347275729,wavenumber (rad km-1)
Surface EKE spatial spectra vs DUACS,DUACS,Gulf Stream,0.0512152774435753,0.3980872133326134,wavenumber (rad km-1)
Surface EKE spatial spectra vs DUACS,DUACS,Gulf Stream,0.055668779829973154,0.2777450542576911,wavenumber (rad km-1)
Surface EKE spatial spectra vs DUACS,DUACS,Gulf Stream,0.060122282216371004,0.2180093637717557,wavenumber (rad km-1)
Surface EKE spatial spectra vs DUACS,DUACS,Gulf Stream,0.06457578460276886,0.11872692777598269,wavenumber (rad km-1)
Surface EKE spatial spectra vs DUACS,DUACS,Gulf Stream,0.06902928698916672,0.06930423202459166,wavenumber (rad km-1)
Surface EKE spatial spectra vs DUACS,DUACS,Gulf Stream,0.07348278937556456,0.043802554088873125,wavenumber (rad km-1)
Surface EKE spatial spectra vs DUACS,DUACS,Gulf Stream,0.07793629176196241,0.03815064257998878,wavenumber (rad km-1)
Surface EKE spatial spectra vs DUACS,DUACS,Gulf Stream,0.08238979414836027,0.0281252209962218,wavenumber (rad km-1)
Surface EKE spatial spectra vs DUACS,DUACS,Gulf Stream,0.08684329653475813,0.02441691420152236,wavenumber (rad km-1)
Surface EKE spatial spectra vs DUACS,DUACS,Gulf Stream,0.09129679892115597,0.01290282671155755,wavenumber (rad km-1)
Surface EKE spatial spectra vs DUACS,DUACS,Gulf Stream,0.09575030130755383,0.011774826316149303,wavenumber (rad km-1)
Surface EKE spatial spectra vs DUACS,DUACS,Gulf Stream,0.10020380369395165,0.009181893262971173,wavenumber (rad km-1)
Surface EKE spatial spectra vs DUACS,DUACS,Gulf Stream,0.10465730608034954,0.005613956077868618,wavenumber (rad km-1)
Surface EKE spatial spectra vs DUACS,DUACS,Gulf Stream,0.10911080846674737,0.003977782907227908,wavenumber (rad km-1)
Surface EKE spatial spectra vs DUACS,DUACS,Gulf Stream,0.11356431085314524,0.003358227627333113,wavenumber (rad km-1)
Surface EKE spatial spectra vs DUACS,DUACS,Gulf Stream,0.11801781323954308,0.00180411061983985,wavenumber (rad km-1)
Surface EKE spatial spectra vs DUACS,DUACS,Gulf Stream,0.12247131562594095,0.0010416420484298972,wavenumber (rad km-1)
Surface EKE spatial spectra vs DUACS,DUACS,Gulf Stream,0.1269248180123388,0.0006286217122347757,wavenumber (rad km-1)
Surface EKE spatial spectra vs DUACS,DUACS,Gulf Stream,0.13137832039873665,0.00043386990684523023,wavenumber (rad km-1)
Surface EKE spatial spectra vs DUACS,DUACS,Gulf Stream,0.13583182278513448,0.00026606317990572674,wavenumber (rad km-1)
Surface EKE spatial spectra vs DUACS,DUACS,Gulf Stream,0.14028532517153236,0.00021358520064796452,wavenumber (rad km-1)
Surface EKE spatial spectra vs DUACS,DUACS,Gulf Stream,0.1447388275579302,0.00012874971418378576,wavenumber (rad km-1)
Surface EKE spatial spectra vs DUACS,DUACS,Gulf Stream,0.14919232994432807,0.00010764635045632357,wavenumber (rad km-1)
Surface EKE spatial spectra vs DUACS,DUACS,Gulf Stream,0.1536458323307259,8.622365017146752e-05,wavenumber (rad km-1)
Surface EKE spatial spectra vs DUACS,DUACS,Gulf Stream,0.15809933471712376,3.615703726516497e-05,wavenumber (rad km-1)
Surface EKE spatial spectra vs DUACS,DUACS,Gulf Stream,0.1625528371035216,1.9918584718682962e-05,wavenumber (rad km-1)
Surface EKE spatial spectra vs DUACS,DUACS,Gulf Stream,0.16700633948991947,1.6271417856502096e-05,wavenumber (rad km-1)
Surface EKE spatial spectra vs DUACS,DUACS,Gulf Stream,0.1714598418763173,8.385327284644381e-06,wavenumber (rad km-1)
Surface EKE spatial spectra vs DUACS,DUACS,Gulf Stream,0.17591334426271518,4.044720868685358e-06,wavenumber (rad km-1)
Surface EKE spatial spectra vs DUACS,DUACS,Gulf Stream,0.180366846649113,2.354995620660931e-06,wavenumber (rad km-1)
Surface EKE spatial spectra vs DUACS,DUACS,Gulf Stream,0.1848203490355109,1.1693217482189134e-06,wavenumber (rad km-1)
Surface EKE spatial spectra vs DUACS,DUACS,Gulf Stream,0.18927385142190872,5.957638123314104e-07,wavenumber (rad km-1)
Surface EKE spatial spectra vs DUACS,DUACS,Gulf Stream,0.19372735380830655,3.616530429405803e-07,wavenumber (rad km-1)
Surface EKE spatial spectra vs DUACS,DUACS,Gulf Stream,0.19818085619470444,1.3681746553620173e-07,wavenumber (rad km-1)
Surface EKE spatial spectra vs DUACS,DUACS,Gulf Stream,0.2026343585811023,7.731024449890667e-08,wavenumber (rad km-1)
Surface EKE spatial spectra vs DUACS,DUACS,Gulf Stream,0.20708786096750012,4.3264572934676426e-08,wavenumber (rad km-1)
Surface EKE spatial spectra vs DUACS,DUACS,Gulf Stream,0.21154136335389798,3.2536761650310824e-08,wavenumber (rad km-1)
Surface EKE spatial spectra vs DUACS,DUACS,Gulf Stream,0.21599486574029583,2.4352758488973144e-08,wavenumber (rad km-1)
Surface EKE spatial spectra vs DUACS,DUACS,Gulf Stream,0.22044836812669372,2.1109430276375414e-08,wavenumber (rad km-1)
Surface EKE spatial spectra vs DUACS,DUACS,Agulhas,0.002320369269637215,219.46201125061336,wavenumber (rad km-1)
Surface EKE spatial spectra vs DUACS,DUACS,Agulhas,0.0069611078089116445,349.6050315080154,wavenumber (rad km-1)
Surface EKE spatial spectra vs DUACS,DUACS,Agulhas,0.011601846348186074,30.090052486308952,wavenumber (rad km-1)
Surface EKE spatial spectra vs DUACS,DUACS,Agulhas,0.016242584887460502,7.874140819526237,wavenumber (rad km-1)
Surface EKE spatial spectra vs DUACS,DUACS,Agulhas,0.020883323426734934,2.6879997350298095,wavenumber (rad km-1)
Surface EKE spatial spectra vs DUACS,DUACS,Agulhas,0.025524061966009363,2.069547119167493,wavenumber (rad km-1)
Surface EKE spatial spectra vs DUACS,DUACS,Agulhas,0.030164800505283793,0.7799038477294569,wavenumber (rad km-1)
Surface EKE spatial spectra vs DUACS,DUACS,Agulhas,0.03480553904455822,0.5533807948824316,wavenumber (rad km-1)
Surface EKE spatial spectra vs DUACS,DUACS,Agulhas,0.03944627758383265,0.8832907729222661,wavenumber (rad km-1)
Surface EKE spatial spectra vs DUACS,DUACS,Agulhas,0.04408701612310708,0.46741541802445924,wavenumber (rad km-1)
Surface EKE spatial spectra vs DUACS,DUACS,Agulhas,0.048727754662381516,0.3367254649876685,wavenumber (rad km-1)
Surface EKE spatial spectra vs DUACS,DUACS,Agulhas,0.053368493201655945,0.26327431665185885,wavenumber (rad km-1)
Surface EKE spatial spectra vs DUACS,DUACS,Agulhas,0.05800923174093037,0.14967919128223645,wavenumber (rad km-1)
Surface EKE spatial spectra vs DUACS,DUACS,Agulhas,0.0626499702802048,0.13188976757309961,wavenumber (rad km-1)
Surface EKE spatial spectra vs DUACS,DUACS,Agulhas,0.06729070881947923,0.09658623295888596,wavenumber (rad km-1)
Surface EKE spatial spectra vs DUACS,DUACS,Agulhas,0.07193144735875365,0.050527742443192025,wavenumber (rad km-1)
Surface EKE spatial spectra vs DUACS,DUACS,Agulhas,0.0765721858980281,0.03434543865424544,wavenumber (rad km-1)
Surface EKE spatial spectra vs DUACS,DUACS,Agulhas,0.08121292443730252,0.020281394405848693,wavenumber (rad km-1)
Surface EKE spatial spectra vs DUACS,DUACS,Agulhas,0.08585366297657696,0.01281347213445035,wavenumber (rad km-1)
Surface EKE spatial spectra vs DUACS,DUACS,Agulhas,0.09049440151585138,0.010977459658132824,wavenumber (rad km-1)
Surface EKE spatial spectra vs DUACS,DUACS,Agulhas,0.0951351400551258,0.007730386619761845,wavenumber (rad km-1)
Surface EKE spatial spectra vs DUACS,DUACS,Agulhas,0.09977587859440025,0.004506924273284526,wavenumber (rad km-1)
Surface EKE spatial spectra vs DUACS,DUACS,Agulhas,0.10441661713367467,0.0037576426399085695,wavenumber (rad km-1)
Surface EKE spatial spectra vs DUACS,DUACS,Agulhas,0.1090573556729491,0.0021684711675911254,wavenumber (rad km-1)
Surface EKE spatial spectra vs DUACS,DUACS,Agulhas,0.11369809421222353,0.0016144963503427225,wavenumber (rad km-1)
Surface EKE spatial spectra vs DUACS,DUACS,Agulhas,0.11833883275149795,0.0015839803282391854,wavenumber (rad km-1)
Surface EKE spatial spectra vs DUACS,DUACS,Agulhas,0.12297957129077237,0.0008510259158178438,wavenumber (rad km-1)
Surface EKE spatial spectra vs DUACS,DUACS,Agulhas,0.12762030983004682,0.0003157628008327356,wavenumber (rad km-1)
Surface EKE spatial spectra vs DUACS,DUACS,Agulhas,0.13226104836932123,0.0002483696214205345,wavenumber (rad km-1)
Surface EKE spatial spectra vs DUACS,DUACS,Agulhas,0.13690178690859567,0.00014304234836862598,wavenumber (rad km-1)
Surface EKE spatial spectra vs DUACS,DUACS,Agulhas,0.1415425254478701,8.724155560347196e-05,wavenumber (rad km-1)
Surface EKE spatial spectra vs DUACS,DUACS,Agulhas,0.14618326398714454,8.331436373971009e-05,wavenumber (rad km-1)
Surface EKE spatial spectra vs DUACS,DUACS,Agulhas,0.15082400252641895,6.239587640774058e-05,wavenumber (rad km-1)
Surface EKE spatial spectra vs DUACS,DUACS,Agulhas,0.15546474106569338,2.4921994192402473e-05,wavenumber (rad km-1)
Surface EKE spatial spectra vs DUACS,DUACS,Agulhas,0.16010547960496785,3.045285636127204e-05,wavenumber (rad km-1)
Surface EKE spatial spectra vs DUACS,DUACS,Agulhas,0.16474621814424226,3.103485417794056e-05,wavenumber (rad km-1)
Surface EKE spatial spectra vs DUACS,DUACS,Agulhas,0.1693869566835167,8.783629664956033e-06,wavenumber (rad km-1)
Surface EKE spatial spectra vs DUACS,DUACS,Agulhas,0.17402769522279113,7.044537070437041e-06,wavenumber (rad km-1)
Surface EKE spatial spectra vs DUACS,DUACS,Agulhas,0.17866843376206554,4.289053851301896e-06,wavenumber (rad km-1)
Surface EKE spatial spectra vs DUACS,DUACS,Agulhas,0.18330917230133997,2.111958659884494e-06,wavenumber (rad km-1)
Surface EKE spatial spectra vs DUACS,DUACS,Agulhas,0.1879499108406144,9.761034172806051e-07,wavenumber (rad km-1)
Surface EKE spatial spectra vs DUACS,DUACS,Agulhas,0.19259064937988882,5.098443520051728e-07,wavenumber (rad km-1)
Surface EKE spatial spectra vs DUACS,DUACS,Agulhas,0.19723138791916328,2.996116727961785e-07,wavenumber (rad km-1)
Surface EKE spatial spectra vs DUACS,DUACS,Agulhas,0.2018721264584377,1.4527085279407771e-07,wavenumber (rad km-1)
Surface EKE spatial spectra vs DUACS,DUACS,Agulhas,0.2065128649977121,7.379670924245724e-08,wavenumber (rad km-1)
Surface EKE spatial spectra vs DUACS,DUACS,Agulhas,0.2111536035369866,5.613354630666229e-08,wavenumber (rad km-1)
Surface EKE spatial spectra vs DUACS,DUACS,Agulhas,0.21579434207626097,3.4191687090318444e-08,wavenumber (rad km-1)
Surface EKE spatial spectra vs DUACS,DUACS,Agulhas,0.22043508061553538,2.3020617472939286e-08,wavenumber (rad km-1)
Surface EKE spatial spectra vs DUACS,control_epoch_0070,North Pacific,0.0022276666703460544,0.0005334150733340604,wavenumber (rad km-1)
Surface EKE spatial spectra vs DUACS,control_epoch_0070,North Pacific,0.006683000011038162,0.0002331352030639533,wavenumber (rad km-1)
Surface EKE spatial spectra vs DUACS,control_epoch_0070,North Pacific,0.011138333351730272,7.883054092802625e-05,wavenumber (rad km-1)
Surface EKE spatial spectra vs DUACS,control_epoch_0070,North Pacific,0.01559366669242238,8.121725329307513e-05,wavenumber (rad km-1)
Surface EKE spatial spectra vs DUACS,control_epoch_0070,North Pacific,0.02004900003311449,7.947416180349335e-05,wavenumber (rad km-1)
Surface EKE spatial spectra vs DUACS,control_epoch_0070,North Pacific,0.024504333373806596,8.978080976213586e-05,wavenumber (rad km-1)
Surface EKE spatial spectra vs DUACS,control_epoch_0070,Gulf Stream,0.0022276666703460544,0.04772216382442264,wavenumber (rad km-1)
Surface EKE spatial spectra vs DUACS,control_epoch_0070,Gulf Stream,0.006683000011038162,0.04697880486969751,wavenumber (rad km-1)
Surface EKE spatial spectra vs DUACS,control_epoch_0070,Gulf Stream,0.011138333351730272,0.0067731046903103725,wavenumber (rad km-1)
Surface EKE spatial spectra vs DUACS,control_epoch_0070,Gulf Stream,0.01559366669242238,0.001447826625360039,wavenumber (rad km-1)
Surface EKE spatial spectra vs DUACS,control_epoch_0070,Gulf Stream,0.02004900003311449,0.0005121584953159264,wavenumber (rad km-1)
Surface EKE spatial spectra vs DUACS,control_epoch_0070,Gulf Stream,0.024504333373806596,0.00040954860686697234,wavenumber (rad km-1)
Surface EKE spatial spectra vs DUACS,control_epoch_0070,Agulhas,0.0023203934570558207,0.7364171486443299,wavenumber (rad km-1)
Surface EKE spatial spectra vs DUACS,control_epoch_0070,Agulhas,0.006961180371167463,1.4407058499164562,wavenumber (rad km-1)
Surface EKE spatial spectra vs DUACS,control_epoch_0070,Agulhas,0.011601967285279104,0.25549852677248874,wavenumber (rad km-1)
Surface EKE spatial spectra vs DUACS,control_epoch_0070,Agulhas,0.016242754199390745,0.07904937902985293,wavenumber (rad km-1)
Surface EKE spatial spectra vs DUACS,control_epoch_0070,Agulhas,0.020883541113502387,0.01689580184446068,wavenumber (rad km-1)
Surface EKE spatial spectra vs DUACS,control_epoch_0070,Agulhas,0.02552432802761403,0.013902445666322726,wavenumber (rad km-1)
Surface EKE spatial spectra vs DUACS,control_ema_latest,North Pacific,0.0022276666703460544,0.0007770573986480932,wavenumber (rad km-1)
Surface EKE spatial spectra vs DUACS,control_ema_latest,North Pacific,0.006683000011038162,0.0001889092489006506,wavenumber (rad km-1)
Surface EKE spatial spectra vs DUACS,control_ema_latest,North Pacific,0.011138333351730272,9.799573046587679e-05,wavenumber (rad km-1)
Surface EKE spatial spectra vs DUACS,control_ema_latest,North Pacific,0.01559366669242238,7.020776978739865e-05,wavenumber (rad km-1)
Surface EKE spatial spectra vs DUACS,control_ema_latest,North Pacific,0.02004900003311449,5.054770298806824e-05,wavenumber (rad km-1)
Surface EKE spatial spectra vs DUACS,control_ema_latest,North Pacific,0.024504333373806596,4.562902757019687e-05,wavenumber (rad km-1)
Surface EKE spatial spectra vs DUACS,control_ema_latest,Gulf Stream,0.0022276666703460544,0.04571978651987269,wavenumber (rad km-1)
Surface EKE spatial spectra vs DUACS,control_ema_latest,Gulf Stream,0.006683000011038162,0.05246102897455209,wavenumber (rad km-1)
Surface EKE spatial spectra vs DUACS,control_ema_latest,Gulf Stream,0.011138333351730272,0.006285503895838348,wavenumber (rad km-1)
Surface EKE spatial spectra vs DUACS,control_ema_latest,Gulf Stream,0.01559366669242238,0.0012490995797908877,wavenumber (rad km-1)
Surface EKE spatial spectra vs DUACS,control_ema_latest,Gulf Stream,0.02004900003311449,0.0006637230582821071,wavenumber (rad km-1)
Surface EKE spatial spectra vs DUACS,control_ema_latest,Gulf Stream,0.024504333373806596,0.000733853145255606,wavenumber (rad km-1)
Surface EKE spatial spectra vs DUACS,control_ema_latest,Agulhas,0.0023203934570558207,0.7202055360044632,wavenumber (rad km-1)
Surface EKE spatial spectra vs DUACS,control_ema_latest,Agulhas,0.006961180371167463,1.446056688376579,wavenumber (rad km-1)
Surface EKE spatial spectra vs DUACS,control_ema_latest,Agulhas,0.011601967285279104,0.2566598970512376,wavenumber (rad km-1)
Surface EKE spatial spectra vs DUACS,control_ema_latest,Agulhas,0.016242754199390745,0.07914858767042757,wavenumber (rad km-1)
Surface EKE spatial spectra vs DUACS,control_ema_latest,Agulhas,0.020883541113502387,0.016262569416878956,wavenumber (rad km-1)
Surface EKE spatial spectra vs DUACS,control_ema_latest,Agulhas,0.02552432802761403,0.012441518352773448,wavenumber (rad km-1)
Surface EKE spatial spectra vs DUACS,sd01_epoch_0070,North Pacific,0.0022276666703460544,0.0021316315787147364,wavenumber (rad km-1)
Surface EKE spatial spectra vs DUACS,sd01_epoch_0070,North Pacific,0.006683000011038162,0.00045906702455569067,wavenumber (rad km-1)
Surface EKE spatial spectra vs DUACS,sd01_epoch_0070,North Pacific,0.011138333351730272,0.00016705399174820874,wavenumber (rad km-1)
Surface EKE spatial spectra vs DUACS,sd01_epoch_0070,North Pacific,0.01559366669242238,5.525569133973638e-05,wavenumber (rad km-1)
Surface EKE spatial spectra vs DUACS,sd01_epoch_0070,North Pacific,0.02004900003311449,3.859013231313934e-05,wavenumber (rad km-1)
Surface EKE spatial spectra vs DUACS,sd01_epoch_0070,North Pacific,0.024504333373806596,5.511662964762747e-05,wavenumber (rad km-1)
Surface EKE spatial spectra vs DUACS,sd01_epoch_0070,Gulf Stream,0.0022276666703460544,0.027711692378236036,wavenumber (rad km-1)
Surface EKE spatial spectra vs DUACS,sd01_epoch_0070,Gulf Stream,0.006683000011038162,0.05746198854689868,wavenumber (rad km-1)
Surface EKE spatial spectra vs DUACS,sd01_epoch_0070,Gulf Stream,0.011138333351730272,0.008441889031376049,wavenumber (rad km-1)
Surface EKE spatial spectra vs DUACS,sd01_epoch_0070,Gulf Stream,0.01559366669242238,0.002512562433521106,wavenumber (rad km-1)
Surface EKE spatial spectra vs DUACS,sd01_epoch_0070,Gulf Stream,0.02004900003311449,0.001936168011460538,wavenumber (rad km-1)
Surface EKE spatial spectra vs DUACS,sd01_epoch_0070,Gulf Stream,0.024504333373806596,0.001424367022527491,wavenumber (rad km-1)
Surface EKE spatial spectra vs DUACS,sd01_epoch_0070,Agulhas,0.0023203934570558207,0.6469326463120697,wavenumber (rad km-1)
Surface EKE spatial spectra vs DUACS,sd01_epoch_0070,Agulhas,0.006961180371167463,1.2876700219268267,wavenumber (rad km-1)
Surface EKE spatial spectra vs DUACS,sd01_epoch_0070,Agulhas,0.011601967285279104,0.2087295303970019,wavenumber (rad km-1)
Surface EKE spatial spectra vs DUACS,sd01_epoch_0070,Agulhas,0.016242754199390745,0.052089545042081256,wavenumber (rad km-1)
Surface EKE spatial spectra vs DUACS,sd01_epoch_0070,Agulhas,0.020883541113502387,0.01256406759608838,wavenumber (rad km-1)
Surface EKE spatial spectra vs DUACS,sd01_epoch_0070,Agulhas,0.02552432802761403,0.008084217222216925,wavenumber (rad km-1)
Surface EKE spatial spectra vs DUACS,sd01_ema_latest,North Pacific,0.0022276666703460544,0.0014899429789702546,wavenumber (rad km-1)
Surface EKE spatial spectra vs DUACS,sd01_ema_latest,North Pacific,0.006683000011038162,0.0003872109477909006,wavenumber (rad km-1)
Surface EKE spatial spectra vs DUACS,sd01_ema_latest,North Pacific,0.011138333351730272,0.00010351159674830624,wavenumber (rad km-1)
Surface EKE spatial spectra vs DUACS,sd01_ema_latest,North Pacific,0.01559366669242238,3.782952709861245e-05,wavenumber (rad km-1)
Surface EKE spatial spectra vs DUACS,sd01_ema_latest,North Pacific,0.02004900003311449,3.9606661898818774e-05,wavenumber (rad km-1)
Surface EKE spatial spectra vs DUACS,sd01_ema_latest,North Pacific,0.024504333373806596,4.953775725869307e-05,wavenumber (rad km-1)
Surface EKE spatial spectra vs DUACS,sd01_ema_latest,Gulf Stream,0.0022276666703460544,0.02791452236177624,wavenumber (rad km-1)
Surface EKE spatial spectra vs DUACS,sd01_ema_latest,Gulf Stream,0.006683000011038162,0.060390772835264346,wavenumber (rad km-1)
Surface EKE spatial spectra vs DUACS,sd01_ema_latest,Gulf Stream,0.011138333351730272,0.00878998313647263,wavenumber (rad km-1)
Surface EKE spatial spectra vs DUACS,sd01_ema_latest,Gulf Stream,0.01559366669242238,0.0021332614443969333,wavenumber (rad km-1)
Surface EKE spatial spectra vs DUACS,sd01_ema_latest,Gulf Stream,0.02004900003311449,0.001608592983007606,wavenumber (rad km-1)
Surface EKE spatial spectra vs DUACS,sd01_ema_latest,Gulf Stream,0.024504333373806596,0.001459721380933898,wavenumber (rad km-1)
Surface EKE spatial spectra vs DUACS,sd01_ema_latest,Agulhas,0.0023203934570558207,0.7022826596444004,wavenumber (rad km-1)
Surface EKE spatial spectra vs DUACS,sd01_ema_latest,Agulhas,0.006961180371167463,1.3678086918539132,wavenumber (rad km-1)
Surface EKE spatial spectra vs DUACS,sd01_ema_latest,Agulhas,0.011601967285279104,0.2030569798645461,wavenumber (rad km-1)
Surface EKE spatial spectra vs DUACS,sd01_ema_latest,Agulhas,0.016242754199390745,0.05236854917842423,wavenumber (rad km-1)
Surface EKE spatial spectra vs DUACS,sd01_ema_latest,Agulhas,0.020883541113502387,0.012926650839492829,wavenumber (rad km-1)
Surface EKE spatial spectra vs DUACS,sd01_ema_latest,Agulhas,0.02552432802761403,0.00930113544939944,wavenumber (rad km-1)
Surface EKE spatial spectra vs DUACS,om4,North Pacific,0.0022276666703460544,0.0025925383402328516,wavenumber (rad km-1)
Surface EKE spatial spectra vs DUACS,om4,North Pacific,0.006683000011038162,0.0009477812532368226,wavenumber (rad km-1)
Surface EKE spatial spectra vs DUACS,om4,North Pacific,0.011138333351730272,0.0001609075381895269,wavenumber (rad km-1)
Surface EKE spatial spectra vs DUACS,om4,North Pacific,0.01559366669242238,0.00025392616908565923,wavenumber (rad km-1)
Surface EKE spatial spectra vs DUACS,om4,North Pacific,0.02004900003311449,6.34536495758133e-05,wavenumber (rad km-1)
Surface EKE spatial spectra vs DUACS,om4,North Pacific,0.024504333373806596,3.4243530196436184e-05,wavenumber (rad km-1)
Surface EKE spatial spectra vs DUACS,om4,Gulf Stream,0.0022276666703460544,0.11136262841626629,wavenumber (rad km-1)
Surface EKE spatial spectra vs DUACS,om4,Gulf Stream,0.006683000011038162,0.1100792802884019,wavenumber (rad km-1)
Surface EKE spatial spectra vs DUACS,om4,Gulf Stream,0.011138333351730272,0.012509950396111235,wavenumber (rad km-1)
Surface EKE spatial spectra vs DUACS,om4,Gulf Stream,0.01559366669242238,0.002735180053702174,wavenumber (rad km-1)
Surface EKE spatial spectra vs DUACS,om4,Gulf Stream,0.02004900003311449,0.002107201983158874,wavenumber (rad km-1)
Surface EKE spatial spectra vs DUACS,om4,Gulf Stream,0.024504333373806596,0.0014773782246349286,wavenumber (rad km-1)
Surface EKE spatial spectra vs DUACS,om4,Agulhas,0.0023203934570558207,1.2485106951326472,wavenumber (rad km-1)
Surface EKE spatial spectra vs DUACS,om4,Agulhas,0.006961180371167463,2.1779024041580195,wavenumber (rad km-1)
Surface EKE spatial spectra vs DUACS,om4,Agulhas,0.011601967285279104,0.36532004742902674,wavenumber (rad km-1)
Surface EKE spatial spectra vs DUACS,om4,Agulhas,0.016242754199390745,0.08057698267454991,wavenumber (rad km-1)
Surface EKE spatial spectra vs DUACS,om4,Agulhas,0.020883541113502387,0.020056466829659454,wavenumber (rad km-1)
Surface EKE spatial spectra vs DUACS,om4,Agulhas,0.02552432802761403,0.016854054588767403,wavenumber (rad km-1)
SST anomaly spatial spectra vs OISST,OISST,North Pacific,0.0022267511931989264,44059.47251245304,wavenumber (rad km-1)
SST anomaly spatial spectra vs OISST,OISST,North Pacific,0.006680253579596778,23233.541419275538,wavenumber (rad km-1)
SST anomaly spatial spectra vs OISST,OISST,North Pacific,0.01113375596599463,13070.962571490367,wavenumber (rad km-1)
SST anomaly spatial spectra vs OISST,OISST,North Pacific,0.015587258352392483,12147.672701996215,wavenumber (rad km-1)
SST anomaly spatial spectra vs OISST,OISST,North Pacific,0.020040760738790336,8767.965644794782,wavenumber (rad km-1)
SST anomaly spatial spectra vs OISST,OISST,North Pacific,0.024494263125188185,4503.874889065501,wavenumber (rad km-1)
SST anomaly spatial spectra vs OISST,OISST,North Pacific,0.028947765511586038,2746.228091966127,wavenumber (rad km-1)
SST anomaly spatial spectra vs OISST,OISST,North Pacific,0.033401267897983894,1744.2947657978707,wavenumber (rad km-1)
SST anomaly spatial spectra vs OISST,OISST,North Pacific,0.03785477028438174,1008.9145399754755,wavenumber (rad km-1)
SST anomaly spatial spectra vs OISST,OISST,North Pacific,0.0423082726707796,543.2900303145107,wavenumber (rad km-1)
SST anomaly spatial spectra vs OISST,OISST,North Pacific,0.04676177505717745,266.3339615233953,wavenumber (rad km-1)
SST anomaly spatial spectra vs OISST,OISST,North Pacific,0.0512152774435753,121.0598561383843,wavenumber (rad km-1)
SST anomaly spatial spectra vs OISST,OISST,North Pacific,0.055668779829973154,59.76304945950769,wavenumber (rad km-1)
SST anomaly spatial spectra vs OISST,OISST,North Pacific,0.060122282216371004,31.60896380180395,wavenumber (rad km-1)
SST anomaly spatial spectra vs OISST,OISST,North Pacific,0.06457578460276886,18.196191556279626,wavenumber (rad km-1)
SST anomaly spatial spectra vs OISST,OISST,North Pacific,0.06902928698916672,14.091658268952092,wavenumber (rad km-1)
SST anomaly spatial spectra vs OISST,OISST,North Pacific,0.07348278937556456,10.909466904794112,wavenumber (rad km-1)
SST anomaly spatial spectra vs OISST,OISST,North Pacific,0.07793629176196241,9.100167418213154,wavenumber (rad km-1)
SST anomaly spatial spectra vs OISST,OISST,North Pacific,0.08238979414836027,7.1098674801245565,wavenumber (rad km-1)
SST anomaly spatial spectra vs OISST,OISST,North Pacific,0.08684329653475813,6.450972645399598,wavenumber (rad km-1)
SST anomaly spatial spectra vs OISST,OISST,North Pacific,0.09129679892115597,4.849023214796613,wavenumber (rad km-1)
SST anomaly spatial spectra vs OISST,OISST,North Pacific,0.09575030130755383,4.02836231330537,wavenumber (rad km-1)
SST anomaly spatial spectra vs OISST,OISST,North Pacific,0.10020380369395165,3.5794160770530166,wavenumber (rad km-1)
SST anomaly spatial spectra vs OISST,OISST,North Pacific,0.10465730608034954,3.4525235014264744,wavenumber (rad km-1)
SST anomaly spatial spectra vs OISST,OISST,North Pacific,0.10911080846674737,3.422770431979168,wavenumber (rad km-1)
SST anomaly spatial spectra vs OISST,OISST,Gulf Stream,0.0022267511931989264,15085.269068470403,wavenumber (rad km-1)
SST anomaly spatial spectra vs OISST,OISST,Gulf Stream,0.006680253579596778,19071.60290165874,wavenumber (rad km-1)
SST anomaly spatial spectra vs OISST,OISST,Gulf Stream,0.01113375596599463,13201.858025463931,wavenumber (rad km-1)
SST anomaly spatial spectra vs OISST,OISST,Gulf Stream,0.015587258352392483,13155.412816581982,wavenumber (rad km-1)
SST anomaly spatial spectra vs OISST,OISST,Gulf Stream,0.020040760738790336,10741.579122363324,wavenumber (rad km-1)
SST anomaly spatial spectra vs OISST,OISST,Gulf Stream,0.024494263125188185,7708.772186577794,wavenumber (rad km-1)
SST anomaly spatial spectra vs OISST,OISST,Gulf Stream,0.028947765511586038,4692.309737805778,wavenumber (rad km-1)
SST anomaly spatial spectra vs OISST,OISST,Gulf Stream,0.033401267897983894,2999.6530950134106,wavenumber (rad km-1)
SST anomaly spatial spectra vs OISST,OISST,Gulf Stream,0.03785477028438174,1768.1354623688933,wavenumber (rad km-1)
SST anomaly spatial spectra vs OISST,OISST,Gulf Stream,0.0423082726707796,1054.5531973584368,wavenumber (rad km-1)
SST anomaly spatial spectra vs OISST,OISST,Gulf Stream,0.04676177505717745,531.6008278609555,wavenumber (rad km-1)
SST anomaly spatial spectra vs OISST,OISST,Gulf Stream,0.0512152774435753,260.1590915034949,wavenumber (rad km-1)
SST anomaly spatial spectra vs OISST,OISST,Gulf Stream,0.055668779829973154,132.49242559627643,wavenumber (rad km-1)
SST anomaly spatial spectra vs OISST,OISST,Gulf Stream,0.060122282216371004,59.67853938394871,wavenumber (rad km-1)
SST anomaly spatial spectra vs OISST,OISST,Gulf Stream,0.06457578460276886,30.55204078841857,wavenumber (rad km-1)
SST anomaly spatial spectra vs OISST,OISST,Gulf Stream,0.06902928698916672,17.17032387367855,wavenumber (rad km-1)
SST anomaly spatial spectra vs OISST,OISST,Gulf Stream,0.07348278937556456,10.194738869880766,wavenumber (rad km-1)
SST anomaly spatial spectra vs OISST,OISST,Gulf Stream,0.07793629176196241,7.65246339057982,wavenumber (rad km-1)
SST anomaly spatial spectra vs OISST,OISST,Gulf Stream,0.08238979414836027,5.4981385907601075,wavenumber (rad km-1)
SST anomaly spatial spectra vs OISST,OISST,Gulf Stream,0.08684329653475813,4.5801924979464355,wavenumber (rad km-1)
SST anomaly spatial spectra vs OISST,OISST,Gulf Stream,0.09129679892115597,3.928104715598574,wavenumber (rad km-1)
SST anomaly spatial spectra vs OISST,OISST,Gulf Stream,0.09575030130755383,3.0937077957964707,wavenumber (rad km-1)
SST anomaly spatial spectra vs OISST,OISST,Gulf Stream,0.10020380369395165,2.747058852977108,wavenumber (rad km-1)
SST anomaly spatial spectra vs OISST,OISST,Gulf Stream,0.10465730608034954,2.4483856697077484,wavenumber (rad km-1)
SST anomaly spatial spectra vs OISST,OISST,Gulf Stream,0.10911080846674737,2.556658745924703,wavenumber (rad km-1)
SST anomaly spatial spectra vs OISST,OISST,Agulhas,0.002320369269637215,15839.320314905348,wavenumber (rad km-1)
SST anomaly spatial spectra vs OISST,OISST,Agulhas,0.0069611078089116445,42468.72308324424,wavenumber (rad km-1)
SST anomaly spatial spectra vs OISST,OISST,Agulhas,0.011601846348186074,73218.2125591563,wavenumber (rad km-1)
SST anomaly spatial spectra vs OISST,OISST,Agulhas,0.016242584887460502,69391.40258086142,wavenumber (rad km-1)
SST anomaly spatial spectra vs OISST,OISST,Agulhas,0.020883323426734934,42540.693889983886,wavenumber (rad km-1)
SST anomaly spatial spectra vs OISST,OISST,Agulhas,0.025524061966009363,25962.23189478905,wavenumber (rad km-1)
SST anomaly spatial spectra vs OISST,OISST,Agulhas,0.030164800505283793,15215.200576689758,wavenumber (rad km-1)
SST anomaly spatial spectra vs OISST,OISST,Agulhas,0.03480553904455822,8140.899834340429,wavenumber (rad km-1)
SST anomaly spatial spectra vs OISST,OISST,Agulhas,0.03944627758383265,4285.705015731029,wavenumber (rad km-1)
SST anomaly spatial spectra vs OISST,OISST,Agulhas,0.04408701612310708,2170.5767146011794,wavenumber (rad km-1)
SST anomaly spatial spectra vs OISST,OISST,Agulhas,0.048727754662381516,1032.2604951139533,wavenumber (rad km-1)
SST anomaly spatial spectra vs OISST,OISST,Agulhas,0.053368493201655945,469.41424154306156,wavenumber (rad km-1)
SST anomaly spatial spectra vs OISST,OISST,Agulhas,0.05800923174093037,196.00616976359763,wavenumber (rad km-1)
SST anomaly spatial spectra vs OISST,OISST,Agulhas,0.0626499702802048,86.28305501012206,wavenumber (rad km-1)
SST anomaly spatial spectra vs OISST,OISST,Agulhas,0.06729070881947923,41.07597470042205,wavenumber (rad km-1)
SST anomaly spatial spectra vs OISST,OISST,Agulhas,0.07193144735875365,24.696281943660026,wavenumber (rad km-1)
SST anomaly spatial spectra vs OISST,OISST,Agulhas,0.0765721858980281,15.449962909650138,wavenumber (rad km-1)
SST anomaly spatial spectra vs OISST,OISST,Agulhas,0.08121292443730252,11.817142737098678,wavenumber (rad km-1)
SST anomaly spatial spectra vs OISST,OISST,Agulhas,0.08585366297657696,9.690947905151559,wavenumber (rad km-1)
SST anomaly spatial spectra vs OISST,OISST,Agulhas,0.09049440151585138,8.225804743453935,wavenumber (rad km-1)
SST anomaly spatial spectra vs OISST,OISST,Agulhas,0.0951351400551258,6.966394862889828,wavenumber (rad km-1)
SST anomaly spatial spectra vs OISST,OISST,Agulhas,0.09977587859440025,5.649983488497034,wavenumber (rad km-1)
SST anomaly spatial spectra vs OISST,OISST,Agulhas,0.10441661713367467,4.699958790880381,wavenumber (rad km-1)
SST anomaly spatial spectra vs OISST,OISST,Agulhas,0.1090573556729491,4.871127762362904,wavenumber (rad km-1)
SST anomaly spatial spectra vs OISST,control_epoch_0070,North Pacific,0.0022276666703460544,19653.61552698105,wavenumber (rad km-1)
SST anomaly spatial spectra vs OISST,control_epoch_0070,North Pacific,0.006683000011038162,5695.989196520702,wavenumber (rad km-1)
SST anomaly spatial spectra vs OISST,control_epoch_0070,North Pacific,0.011138333351730272,748.8053961135589,wavenumber (rad km-1)
SST anomaly spatial spectra vs OISST,control_epoch_0070,North Pacific,0.01559366669242238,432.01424549663994,wavenumber (rad km-1)
SST anomaly spatial spectra vs OISST,control_epoch_0070,North Pacific,0.02004900003311449,295.61497266463783,wavenumber (rad km-1)
SST anomaly spatial spectra vs OISST,control_epoch_0070,North Pacific,0.024504333373806596,164.93011976827438,wavenumber (rad km-1)
SST anomaly spatial spectra vs OISST,control_epoch_0070,Gulf Stream,0.0022276666703460544,3959.587107264552,wavenumber (rad km-1)
SST anomaly spatial spectra vs OISST,control_epoch_0070,Gulf Stream,0.006683000011038162,4193.7318092077185,wavenumber (rad km-1)
SST anomaly spatial spectra vs OISST,control_epoch_0070,Gulf Stream,0.011138333351730272,2060.750200461825,wavenumber (rad km-1)
SST anomaly spatial spectra vs OISST,control_epoch_0070,Gulf Stream,0.01559366669242238,1916.6364708464355,wavenumber (rad km-1)
SST anomaly spatial spectra vs OISST,control_epoch_0070,Gulf Stream,0.02004900003311449,1326.1056798261795,wavenumber (rad km-1)
SST anomaly spatial spectra vs OISST,control_epoch_0070,Gulf Stream,0.024504333373806596,830.1004421651628,wavenumber (rad km-1)
SST anomaly spatial spectra vs OISST,control_epoch_0070,Agulhas,0.0023203934570558207,3785.3838874199755,wavenumber (rad km-1)
SST anomaly spatial spectra vs OISST,control_epoch_0070,Agulhas,0.006961180371167463,5523.294867437878,wavenumber (rad km-1)
SST anomaly spatial spectra vs OISST,control_epoch_0070,Agulhas,0.011601967285279104,5942.942849454677,wavenumber (rad km-1)
SST anomaly spatial spectra vs OISST,control_epoch_0070,Agulhas,0.016242754199390745,7735.994199416659,wavenumber (rad km-1)
SST anomaly spatial spectra vs OISST,control_epoch_0070,Agulhas,0.020883541113502387,6176.645776040237,wavenumber (rad km-1)
SST anomaly spatial spectra vs OISST,control_epoch_0070,Agulhas,0.02552432802761403,3490.863009520377,wavenumber (rad km-1)
SST anomaly spatial spectra vs OISST,control_ema_latest,North Pacific,0.0022276666703460544,21433.84926523093,wavenumber (rad km-1)
SST anomaly spatial spectra vs OISST,control_ema_latest,North Pacific,0.006683000011038162,5896.078380959047,wavenumber (rad km-1)
SST anomaly spatial spectra vs OISST,control_ema_latest,North Pacific,0.011138333351730272,683.6560817033193,wavenumber (rad km-1)
SST anomaly spatial spectra vs OISST,control_ema_latest,North Pacific,0.01559366669242238,405.17725493807757,wavenumber (rad km-1)
SST anomaly spatial spectra vs OISST,control_ema_latest,North Pacific,0.02004900003311449,286.8023019800185,wavenumber (rad km-1)
SST anomaly spatial spectra vs OISST,control_ema_latest,North Pacific,0.024504333373806596,154.3659832483541,wavenumber (rad km-1)
SST anomaly spatial spectra vs OISST,control_ema_latest,Gulf Stream,0.0022276666703460544,4322.049877131967,wavenumber (rad km-1)
SST anomaly spatial spectra vs OISST,control_ema_latest,Gulf Stream,0.006683000011038162,4916.636979597387,wavenumber (rad km-1)
SST anomaly spatial spectra vs OISST,control_ema_latest,Gulf Stream,0.011138333351730272,2441.762800111185,wavenumber (rad km-1)
SST anomaly spatial spectra vs OISST,control_ema_latest,Gulf Stream,0.01559366669242238,2186.672864151378,wavenumber (rad km-1)
SST anomaly spatial spectra vs OISST,control_ema_latest,Gulf Stream,0.02004900003311449,1356.0581034591316,wavenumber (rad km-1)
SST anomaly spatial spectra vs OISST,control_ema_latest,Gulf Stream,0.024504333373806596,843.2267629707812,wavenumber (rad km-1)
SST anomaly spatial spectra vs OISST,control_ema_latest,Agulhas,0.0023203934570558207,3602.375818114234,wavenumber (rad km-1)
SST anomaly spatial spectra vs OISST,control_ema_latest,Agulhas,0.006961180371167463,5388.039046676502,wavenumber (rad km-1)
SST anomaly spatial spectra vs OISST,control_ema_latest,Agulhas,0.011601967285279104,5825.1914248749,wavenumber (rad km-1)
SST anomaly spatial spectra vs OISST,control_ema_latest,Agulhas,0.016242754199390745,7577.415781014792,wavenumber (rad km-1)
SST anomaly spatial spectra vs OISST,control_ema_latest,Agulhas,0.020883541113502387,6135.12757261596,wavenumber (rad km-1)
SST anomaly spatial spectra vs OISST,control_ema_latest,Agulhas,0.02552432802761403,3499.5414288667703,wavenumber (rad km-1)
SST anomaly spatial spectra vs OISST,sd01_epoch_0070,North Pacific,0.0022276666703460544,20853.359732426106,wavenumber (rad km-1)
SST anomaly spatial spectra vs OISST,sd01_epoch_0070,North Pacific,0.006683000011038162,6300.4304987245105,wavenumber (rad km-1)
SST anomaly spatial spectra vs OISST,sd01_epoch_0070,North Pacific,0.011138333351730272,759.8194838874073,wavenumber (rad km-1)
SST anomaly spatial spectra vs OISST,sd01_epoch_0070,North Pacific,0.01559366669242238,441.5975590678135,wavenumber (rad km-1)
SST anomaly spatial spectra vs OISST,sd01_epoch_0070,North Pacific,0.02004900003311449,368.0075366956847,wavenumber (rad km-1)
SST anomaly spatial spectra vs OISST,sd01_epoch_0070,North Pacific,0.024504333373806596,191.8893307988652,wavenumber (rad km-1)
SST anomaly spatial spectra vs OISST,sd01_epoch_0070,Gulf Stream,0.0022276666703460544,6079.413927670182,wavenumber (rad km-1)
SST anomaly spatial spectra vs OISST,sd01_epoch_0070,Gulf Stream,0.006683000011038162,6592.569472221381,wavenumber (rad km-1)
SST anomaly spatial spectra vs OISST,sd01_epoch_0070,Gulf Stream,0.011138333351730272,3064.4738644138856,wavenumber (rad km-1)
SST anomaly spatial spectra vs OISST,sd01_epoch_0070,Gulf Stream,0.01559366669242238,2419.514294085381,wavenumber (rad km-1)
SST anomaly spatial spectra vs OISST,sd01_epoch_0070,Gulf Stream,0.02004900003311449,1635.3366672267841,wavenumber (rad km-1)
SST anomaly spatial spectra vs OISST,sd01_epoch_0070,Gulf Stream,0.024504333373806596,1297.633807756955,wavenumber (rad km-1)
SST anomaly spatial spectra vs OISST,sd01_epoch_0070,Agulhas,0.0023203934570558207,5573.763740636627,wavenumber (rad km-1)
SST anomaly spatial spectra vs OISST,sd01_epoch_0070,Agulhas,0.006961180371167463,6720.058516603178,wavenumber (rad km-1)
SST anomaly spatial spectra vs OISST,sd01_epoch_0070,Agulhas,0.011601967285279104,5815.916378247645,wavenumber (rad km-1)
SST anomaly spatial spectra vs OISST,sd01_epoch_0070,Agulhas,0.016242754199390745,6558.164032439815,wavenumber (rad km-1)
SST anomaly spatial spectra vs OISST,sd01_epoch_0070,Agulhas,0.020883541113502387,5852.738519182899,wavenumber (rad km-1)
SST anomaly spatial spectra vs OISST,sd01_epoch_0070,Agulhas,0.02552432802761403,3381.688775419638,wavenumber (rad km-1)
SST anomaly spatial spectra vs OISST,sd01_ema_latest,North Pacific,0.0022276666703460544,21906.23798244026,wavenumber (rad km-1)
SST anomaly spatial spectra vs OISST,sd01_ema_latest,North Pacific,0.006683000011038162,6386.285774565326,wavenumber (rad km-1)
SST anomaly spatial spectra vs OISST,sd01_ema_latest,North Pacific,0.011138333351730272,699.7472317398874,wavenumber (rad km-1)
SST anomaly spatial spectra vs OISST,sd01_ema_latest,North Pacific,0.01559366669242238,446.29847912097017,wavenumber (rad km-1)
SST anomaly spatial spectra vs OISST,sd01_ema_latest,North Pacific,0.02004900003311449,347.0004056522955,wavenumber (rad km-1)
SST anomaly spatial spectra vs OISST,sd01_ema_latest,North Pacific,0.024504333373806596,186.94208406798631,wavenumber (rad km-1)
SST anomaly spatial spectra vs OISST,sd01_ema_latest,Gulf Stream,0.0022276666703460544,5872.7282793627965,wavenumber (rad km-1)
SST anomaly spatial spectra vs OISST,sd01_ema_latest,Gulf Stream,0.006683000011038162,5703.8633087028,wavenumber (rad km-1)
SST anomaly spatial spectra vs OISST,sd01_ema_latest,Gulf Stream,0.011138333351730272,2951.9541689868406,wavenumber (rad km-1)
SST anomaly spatial spectra vs OISST,sd01_ema_latest,Gulf Stream,0.01559366669242238,2305.6372684191606,wavenumber (rad km-1)
SST anomaly spatial spectra vs OISST,sd01_ema_latest,Gulf Stream,0.02004900003311449,1501.6467299300748,wavenumber (rad km-1)
SST anomaly spatial spectra vs OISST,sd01_ema_latest,Gulf Stream,0.024504333373806596,1224.5575772993025,wavenumber (rad km-1)
SST anomaly spatial spectra vs OISST,sd01_ema_latest,Agulhas,0.0023203934570558207,5565.786116653163,wavenumber (rad km-1)
SST anomaly spatial spectra vs OISST,sd01_ema_latest,Agulhas,0.006961180371167463,6592.782050638475,wavenumber (rad km-1)
SST anomaly spatial spectra vs OISST,sd01_ema_latest,Agulhas,0.011601967285279104,5695.592716464762,wavenumber (rad km-1)
SST anomaly spatial spectra vs OISST,sd01_ema_latest,Agulhas,0.016242754199390745,6708.131978915358,wavenumber (rad km-1)
SST anomaly spatial spectra vs OISST,sd01_ema_latest,Agulhas,0.020883541113502387,5979.270964502501,wavenumber (rad km-1)
SST anomaly spatial spectra vs OISST,sd01_ema_latest,Agulhas,0.02552432802761403,3521.1092562549047,wavenumber (rad km-1)
SST anomaly spatial spectra vs OISST,om4,North Pacific,0.0022276666703460544,36821.737809982646,wavenumber (rad km-1)
SST anomaly spatial spectra vs OISST,om4,North Pacific,0.006683000011038162,13731.300618937436,wavenumber (rad km-1)
SST anomaly spatial spectra vs OISST,om4,North Pacific,0.011138333351730272,1771.5778467233629,wavenumber (rad km-1)
SST anomaly spatial spectra vs OISST,om4,North Pacific,0.01559366669242238,1007.829353476217,wavenumber (rad km-1)
SST anomaly spatial spectra vs OISST,om4,North Pacific,0.02004900003311449,821.3820948616931,wavenumber (rad km-1)
SST anomaly spatial spectra vs OISST,om4,North Pacific,0.024504333373806596,527.2941691844902,wavenumber (rad km-1)
SST anomaly spatial spectra vs OISST,om4,Gulf Stream,0.0022276666703460544,17456.03193147642,wavenumber (rad km-1)
SST anomaly spatial spectra vs OISST,om4,Gulf Stream,0.006683000011038162,14559.209702390306,wavenumber (rad km-1)
SST anomaly spatial spectra vs OISST,om4,Gulf Stream,0.011138333351730272,3826.541874796407,wavenumber (rad km-1)
SST anomaly spatial spectra vs OISST,om4,Gulf Stream,0.01559366669242238,3405.500954079952,wavenumber (rad km-1)
SST anomaly spatial spectra vs OISST,om4,Gulf Stream,0.02004900003311449,2414.3387940073585,wavenumber (rad km-1)
SST anomaly spatial spectra vs OISST,om4,Gulf Stream,0.024504333373806596,1655.5975524906219,wavenumber (rad km-1)
SST anomaly spatial spectra vs OISST,om4,Agulhas,0.0023203934570558207,6827.04750540371,wavenumber (rad km-1)
SST anomaly spatial spectra vs OISST,om4,Agulhas,0.006961180371167463,10320.249746330424,wavenumber (rad km-1)
SST anomaly spatial spectra vs OISST,om4,Agulhas,0.011601967285279104,9201.978662916365,wavenumber (rad km-1)
SST anomaly spatial spectra vs OISST,om4,Agulhas,0.016242754199390745,10263.64491063808,wavenumber (rad km-1)
SST anomaly spatial spectra vs OISST,om4,Agulhas,0.020883541113502387,9124.57187064632,wavenumber (rad km-1)
SST anomaly spatial spectra vs OISST,om4,Agulhas,0.02552432802761403,5621.847711086117,wavenumber (rad km-1)
Surface geostrophic KE temporal spectra vs DUACS,DUACS,Global,0.2853515625,1.183234686404836e-07,frequency (cycles yr-1)
Surface geostrophic KE temporal spectra vs DUACS,DUACS,Global,0.570703125,1.6326822238734508e-07,frequency (cycles yr-1)
Surface geostrophic KE temporal spectra vs DUACS,DUACS,Global,0.8560546874999999,7.044717889741527e-07,frequency (cycles yr-1)
Surface geostrophic KE temporal spectra vs DUACS,DUACS,Global,1.14140625,5.523184943516946e-07,frequency (cycles yr-1)
Surface geostrophic KE temporal spectra vs DUACS,DUACS,Global,1.4267578125,1.7541294615228533e-08,frequency (cycles yr-1)
Surface geostrophic KE temporal spectra vs DUACS,DUACS,Global,1.7121093749999998,2.171569985173548e-08,frequency (cycles yr-1)
Surface geostrophic KE temporal spectra vs DUACS,DUACS,Global,1.9974609374999999,8.190614370360352e-09,frequency (cycles yr-1)
Surface geostrophic KE temporal spectra vs DUACS,DUACS,Global,2.2828125,1.5284408999670777e-08,frequency (cycles yr-1)
Surface geostrophic KE temporal spectra vs DUACS,DUACS,Global,2.5681640624999997,5.58387731931369e-09,frequency (cycles yr-1)
Surface geostrophic KE temporal spectra vs DUACS,DUACS,Global,2.853515625,1.151711488144125e-08,frequency (cycles yr-1)
Surface geostrophic KE temporal spectra vs DUACS,DUACS,Global,3.1388671875,1.666418065854834e-08,frequency (cycles yr-1)
Surface geostrophic KE temporal spectra vs DUACS,DUACS,Global,3.4242187499999996,7.545721624894087e-09,frequency (cycles yr-1)
Surface geostrophic KE temporal spectra vs DUACS,DUACS,Global,3.7095703125,1.330210584155322e-08,frequency (cycles yr-1)
Surface geostrophic KE temporal spectra vs DUACS,DUACS,Global,3.9949218749999997,1.794193124263165e-08,frequency (cycles yr-1)
Surface geostrophic KE temporal spectra vs DUACS,DUACS,Global,4.2802734375,7.46556470607917e-09,frequency (cycles yr-1)
Surface geostrophic KE temporal spectra vs DUACS,DUACS,Global,4.565625,5.9144139219709325e-09,frequency (cycles yr-1)
Surface geostrophic KE temporal spectra vs DUACS,DUACS,Global,4.8509765625,2.6515698485923695e-09,frequency (cycles yr-1)
Surface geostrophic KE temporal spectra vs DUACS,DUACS,Global,5.1363281249999995,2.23195413549504e-09,frequency (cycles yr-1)
Surface geostrophic KE temporal spectra vs DUACS,DUACS,Global,5.4216796875,7.0926023795419235e-09,frequency (cycles yr-1)
Surface geostrophic KE temporal spectra vs DUACS,DUACS,Global,5.70703125,6.050459972870017e-09,frequency (cycles yr-1)
Surface geostrophic KE temporal spectra vs DUACS,DUACS,Global,5.9923828125,3.5230724816004764e-09,frequency (cycles yr-1)
Surface geostrophic KE temporal spectra vs DUACS,DUACS,Global,6.277734375,1.867990680295282e-09,frequency (cycles yr-1)
Surface geostrophic KE temporal spectra vs DUACS,DUACS,Global,6.5630859374999995,1.1873158017384308e-09,frequency (cycles yr-1)
Surface geostrophic KE temporal spectra vs DUACS,DUACS,Global,6.848437499999999,3.95251450922784e-09,frequency (cycles yr-1)
Surface geostrophic KE temporal spectra vs DUACS,DUACS,Global,7.1337890625,5.890277665209566e-09,frequency (cycles yr-1)
Surface geostrophic KE temporal spectra vs DUACS,DUACS,Global,7.419140625,4.979610363078449e-09,frequency (cycles yr-1)
Surface geostrophic KE temporal spectra vs DUACS,DUACS,Global,7.7044921875,2.2925896213452573e-09,frequency (cycles yr-1)
Surface geostrophic KE temporal spectra vs DUACS,DUACS,Global,7.9898437499999995,1.4197289095901603e-09,frequency (cycles yr-1)
Surface geostrophic KE temporal spectra vs DUACS,DUACS,Global,8.2751953125,1.3785641830607718e-09,frequency (cycles yr-1)
Surface geostrophic KE temporal spectra vs DUACS,DUACS,Global,8.560546875,1.1470189720906866e-09,frequency (cycles yr-1)
Surface geostrophic KE temporal spectra vs DUACS,DUACS,Global,8.845898437499999,1.986029855089015e-09,frequency (cycles yr-1)
Surface geostrophic KE temporal spectra vs DUACS,DUACS,Global,9.13125,2.037845871182851e-09,frequency (cycles yr-1)
Surface geostrophic KE temporal spectra vs DUACS,DUACS,Global,9.4166015625,1.519932583815762e-09,frequency (cycles yr-1)
Surface geostrophic KE temporal spectra vs DUACS,DUACS,Global,9.701953125,1.5990352496500195e-09,frequency (cycles yr-1)
Surface geostrophic KE temporal spectra vs DUACS,DUACS,Global,9.9873046875,1.4836670188351474e-09,frequency (cycles yr-1)
Surface geostrophic KE temporal spectra vs DUACS,DUACS,Global,10.272656249999999,2.105977194521773e-09,frequency (cycles yr-1)
Surface geostrophic KE temporal spectra vs DUACS,DUACS,Global,10.5580078125,1.6769123676896146e-09,frequency (cycles yr-1)
Surface geostrophic KE temporal spectra vs DUACS,DUACS,Global,10.843359375,1.1086318525239722e-09,frequency (cycles yr-1)
Surface geostrophic KE temporal spectra vs DUACS,DUACS,Global,11.1287109375,5.116777198459134e-10,frequency (cycles yr-1)
Surface geostrophic KE temporal spectra vs DUACS,DUACS,Global,11.4140625,3.793197075520183e-10,frequency (cycles yr-1)
Surface geostrophic KE temporal spectra vs DUACS,DUACS,Global,11.699414062499999,4.95606455275172e-10,frequency (cycles yr-1)
Surface geostrophic KE temporal spectra vs DUACS,DUACS,Global,11.984765625,2.2201141878553837e-09,frequency (cycles yr-1)
Surface geostrophic KE temporal spectra vs DUACS,DUACS,Global,12.2701171875,2.8316832363870064e-09,frequency (cycles yr-1)
Surface geostrophic KE temporal spectra vs DUACS,DUACS,Global,12.55546875,1.0450175729067732e-09,frequency (cycles yr-1)
Surface geostrophic KE temporal spectra vs DUACS,DUACS,Global,12.8408203125,9.038597549743595e-10,frequency (cycles yr-1)
Surface geostrophic KE temporal spectra vs DUACS,DUACS,Global,13.126171874999999,1.801441645060444e-09,frequency (cycles yr-1)
Surface geostrophic KE temporal spectra vs DUACS,DUACS,Global,13.4115234375,1.2261149002340714e-09,frequency (cycles yr-1)
Surface geostrophic KE temporal spectra vs DUACS,DUACS,Global,13.696874999999999,7.420189479776415e-10,frequency (cycles yr-1)
Surface geostrophic KE temporal spectra vs DUACS,DUACS,Global,13.9822265625,9.158617103712388e-10,frequency (cycles yr-1)
Surface geostrophic KE temporal spectra vs DUACS,DUACS,Global,14.267578125,5.619035437491708e-10,frequency (cycles yr-1)
Surface geostrophic KE temporal spectra vs DUACS,DUACS,Global,14.552929687499999,6.652091771256422e-10,frequency (cycles yr-1)
Surface geostrophic KE temporal spectra vs DUACS,DUACS,Global,14.83828125,1.0034504316099246e-09,frequency (cycles yr-1)
Surface geostrophic KE temporal spectra vs DUACS,DUACS,Global,15.123632812499999,4.839197955273085e-10,frequency (cycles yr-1)
Surface geostrophic KE temporal spectra vs DUACS,DUACS,Global,15.408984375,2.925745284578689e-10,frequency (cycles yr-1)
Surface geostrophic KE temporal spectra vs DUACS,DUACS,Global,15.6943359375,1.3229969803214733e-10,frequency (cycles yr-1)
Surface geostrophic KE temporal spectra vs DUACS,DUACS,Global,15.979687499999999,9.666646081121614e-10,frequency (cycles yr-1)
Surface geostrophic KE temporal spectra vs DUACS,DUACS,Global,16.265039062499998,7.322870753179687e-10,frequency (cycles yr-1)
Surface geostrophic KE temporal spectra vs DUACS,DUACS,Global,16.550390625,3.7550186780134463e-10,frequency (cycles yr-1)
Surface geostrophic KE temporal spectra vs DUACS,DUACS,Global,16.8357421875,6.634847606257697e-10,frequency (cycles yr-1)
Surface geostrophic KE temporal spectra vs DUACS,DUACS,Global,17.12109375,4.875141594123282e-10,frequency (cycles yr-1)
Surface geostrophic KE temporal spectra vs DUACS,DUACS,Global,17.4064453125,3.372573240909995e-10,frequency (cycles yr-1)
Surface geostrophic KE temporal spectra vs DUACS,DUACS,Global,17.691796874999998,3.704690233432207e-10,frequency (cycles yr-1)
Surface geostrophic KE temporal spectra vs DUACS,DUACS,Global,17.9771484375,2.9319208189139263e-10,frequency (cycles yr-1)
Surface geostrophic KE temporal spectra vs DUACS,DUACS,Global,18.2625,3.509076041979675e-10,frequency (cycles yr-1)
Surface geostrophic KE temporal spectra vs DUACS,DUACS,Global,18.5478515625,1.077276554561351e-10,frequency (cycles yr-1)
Surface geostrophic KE temporal spectra vs DUACS,DUACS,Global,18.833203125,6.463842060618998e-10,frequency (cycles yr-1)
Surface geostrophic KE temporal spectra vs DUACS,DUACS,Global,19.118554687499998,7.652758020602516e-10,frequency (cycles yr-1)
Surface geostrophic KE temporal spectra vs DUACS,DUACS,Global,19.40390625,8.259668209846702e-10,frequency (cycles yr-1)
Surface geostrophic KE temporal spectra vs DUACS,DUACS,Global,19.6892578125,4.649950040810647e-10,frequency (cycles yr-1)
Surface geostrophic KE temporal spectra vs DUACS,DUACS,Global,19.974609375,5.581931356984798e-10,frequency (cycles yr-1)
Surface geostrophic KE temporal spectra vs DUACS,DUACS,Global,20.2599609375,3.765965733744409e-10,frequency (cycles yr-1)
Surface geostrophic KE temporal spectra vs DUACS,DUACS,Global,20.545312499999998,2.749820173545743e-10,frequency (cycles yr-1)
Surface geostrophic KE temporal spectra vs DUACS,DUACS,Global,20.8306640625,2.2958624535186307e-10,frequency (cycles yr-1)
Surface geostrophic KE temporal spectra vs DUACS,DUACS,Global,21.116015625,2.9383808935092757e-10,frequency (cycles yr-1)
Surface geostrophic KE temporal spectra vs DUACS,DUACS,Global,21.4013671875,1.5073389031229035e-10,frequency (cycles yr-1)
Surface geostrophic KE temporal spectra vs DUACS,DUACS,Global,21.68671875,7.414070746950104e-11,frequency (cycles yr-1)
Surface geostrophic KE temporal spectra vs DUACS,DUACS,Global,21.972070312499998,1.2020153404261004e-10,frequency (cycles yr-1)
Surface geostrophic KE temporal spectra vs DUACS,DUACS,Global,22.257421875,1.8660057275245247e-10,frequency (cycles yr-1)
Surface geostrophic KE temporal spectra vs DUACS,DUACS,Global,22.5427734375,2.596813557769965e-10,frequency (cycles yr-1)
Surface geostrophic KE temporal spectra vs DUACS,DUACS,Global,22.828125,2.994455896856255e-10,frequency (cycles yr-1)
Surface geostrophic KE temporal spectra vs DUACS,DUACS,Global,23.1134765625,4.243744378700318e-10,frequency (cycles yr-1)
Surface geostrophic KE temporal spectra vs DUACS,DUACS,Global,23.398828124999998,4.8631670780936e-10,frequency (cycles yr-1)
Surface geostrophic KE temporal spectra vs DUACS,DUACS,Global,23.6841796875,4.1817912519006525e-10,frequency (cycles yr-1)
Surface geostrophic KE temporal spectra vs DUACS,DUACS,Global,23.96953125,2.399859414773247e-10,frequency (cycles yr-1)
Surface geostrophic KE temporal spectra vs DUACS,DUACS,Global,24.2548828125,2.8134600417531624e-10,frequency (cycles yr-1)
Surface geostrophic KE temporal spectra vs DUACS,DUACS,Global,24.540234375,5.862186605596723e-10,frequency (cycles yr-1)
Surface geostrophic KE temporal spectra vs DUACS,DUACS,Global,24.825585937499998,7.80139298649772e-10,frequency (cycles yr-1)
Surface geostrophic KE temporal spectra vs DUACS,DUACS,Global,25.1109375,3.0482235197394805e-10,frequency (cycles yr-1)
Surface geostrophic KE temporal spectra vs DUACS,DUACS,Global,25.3962890625,2.251649912560491e-10,frequency (cycles yr-1)
Surface geostrophic KE temporal spectra vs DUACS,DUACS,Global,25.681640625,9.442895471261704e-11,frequency (cycles yr-1)
Surface geostrophic KE temporal spectra vs DUACS,DUACS,Global,25.9669921875,9.7902278692467e-11,frequency (cycles yr-1)
Surface geostrophic KE temporal spectra vs DUACS,DUACS,Global,26.252343749999998,3.155231118365646e-10,frequency (cycles yr-1)
Surface geostrophic KE temporal spectra vs DUACS,DUACS,Global,26.5376953125,3.338158714727331e-10,frequency (cycles yr-1)
Surface geostrophic KE temporal spectra vs DUACS,DUACS,Global,26.823046875,8.228184877549514e-11,frequency (cycles yr-1)
Surface geostrophic KE temporal spectra vs DUACS,DUACS,Global,27.1083984375,5.992930986222752e-11,frequency (cycles yr-1)
Surface geostrophic KE temporal spectra vs DUACS,DUACS,Global,27.393749999999997,9.286120712489977e-11,frequency (cycles yr-1)
Surface geostrophic KE temporal spectra vs DUACS,DUACS,Global,27.679101562499998,1.4037411222151806e-10,frequency (cycles yr-1)
Surface geostrophic KE temporal spectra vs DUACS,DUACS,Global,27.964453125,1.4911303126324246e-10,frequency (cycles yr-1)
Surface geostrophic KE temporal spectra vs DUACS,DUACS,Global,28.2498046875,1.4459586048826562e-10,frequency (cycles yr-1)
Surface geostrophic KE temporal spectra vs DUACS,DUACS,Global,28.53515625,2.470773982537631e-10,frequency (cycles yr-1)
Surface geostrophic KE temporal spectra vs DUACS,DUACS,Global,28.820507812499997,1.365279525193301e-10,frequency (cycles yr-1)
Surface geostrophic KE temporal spectra vs DUACS,DUACS,Global,29.105859374999998,6.679545758387879e-11,frequency (cycles yr-1)
Surface geostrophic KE temporal spectra vs DUACS,DUACS,Global,29.3912109375,7.002504146640031e-11,frequency (cycles yr-1)
Surface geostrophic KE temporal spectra vs DUACS,DUACS,Global,29.6765625,1.1499413126710131e-10,frequency (cycles yr-1)
Surface geostrophic KE temporal spectra vs DUACS,DUACS,Global,29.9619140625,2.293339718024314e-10,frequency (cycles yr-1)
Surface geostrophic KE temporal spectra vs DUACS,DUACS,Global,30.247265624999997,9.076207375557082e-11,frequency (cycles yr-1)
Surface geostrophic KE temporal spectra vs DUACS,DUACS,Global,30.532617187499998,3.3337678011662854e-11,frequency (cycles yr-1)
Surface geostrophic KE temporal spectra vs DUACS,DUACS,Global,30.81796875,1.0532678437128612e-10,frequency (cycles yr-1)
Surface geostrophic KE temporal spectra vs DUACS,DUACS,Global,31.1033203125,9.600529030882507e-11,frequency (cycles yr-1)
Surface geostrophic KE temporal spectra vs DUACS,DUACS,Global,31.388671875,1.2504786109994919e-10,frequency (cycles yr-1)
Surface geostrophic KE temporal spectra vs DUACS,DUACS,Global,31.674023437499997,1.2802218482380316e-10,frequency (cycles yr-1)
Surface geostrophic KE temporal spectra vs DUACS,DUACS,Global,31.959374999999998,6.814091185124606e-11,frequency (cycles yr-1)
Surface geostrophic KE temporal spectra vs DUACS,DUACS,Global,32.2447265625,4.615162274221536e-11,frequency (cycles yr-1)
Surface geostrophic KE temporal spectra vs DUACS,DUACS,Global,32.530078124999996,5.3205380320884186e-11,frequency (cycles yr-1)
Surface geostrophic KE temporal spectra vs DUACS,DUACS,Global,32.8154296875,9.038827661007771e-11,frequency (cycles yr-1)
Surface geostrophic KE temporal spectra vs DUACS,DUACS,Global,33.10078125,1.0160299448333465e-10,frequency (cycles yr-1)
Surface geostrophic KE temporal spectra vs DUACS,DUACS,Global,33.3861328125,7.399913249560681e-11,frequency (cycles yr-1)
Surface geostrophic KE temporal spectra vs DUACS,DUACS,Global,33.671484375,5.962613059551761e-11,frequency (cycles yr-1)
Surface geostrophic KE temporal spectra vs DUACS,DUACS,Global,33.956835937499996,3.2357593199882235e-11,frequency (cycles yr-1)
Surface geostrophic KE temporal spectra vs DUACS,DUACS,Global,34.2421875,4.584976571935035e-11,frequency (cycles yr-1)
Surface geostrophic KE temporal spectra vs DUACS,DUACS,Global,34.5275390625,8.256737576824222e-11,frequency (cycles yr-1)
Surface geostrophic KE temporal spectra vs DUACS,DUACS,Global,34.812890625,8.841735602521416e-11,frequency (cycles yr-1)
Surface geostrophic KE temporal spectra vs DUACS,DUACS,Global,35.0982421875,8.56149795102967e-11,frequency (cycles yr-1)
Surface geostrophic KE temporal spectra vs DUACS,DUACS,Global,35.383593749999996,3.6847927112335075e-11,frequency (cycles yr-1)
Surface geostrophic KE temporal spectra vs DUACS,DUACS,Global,35.6689453125,3.4890168231165356e-11,frequency (cycles yr-1)
Surface geostrophic KE temporal spectra vs DUACS,DUACS,Global,35.954296875,1.938854906386708e-11,frequency (cycles yr-1)
Surface geostrophic KE temporal spectra vs DUACS,DUACS,Global,36.2396484375,4.040830965793482e-11,frequency (cycles yr-1)
Surface geostrophic KE temporal spectra vs DUACS,DUACS,Global,36.525,3.82578883741954e-11,frequency (cycles yr-1)
Surface geostrophic KE temporal spectra vs DUACS,DUACS,Gulf Stream,0.2853515625,9.667450690386811e-06,frequency (cycles yr-1)
Surface geostrophic KE temporal spectra vs DUACS,DUACS,Gulf Stream,0.570703125,2.2989158782434883e-05,frequency (cycles yr-1)
Surface geostrophic KE temporal spectra vs DUACS,DUACS,Gulf Stream,0.8560546874999999,2.6167285764745436e-05,frequency (cycles yr-1)
Surface geostrophic KE temporal spectra vs DUACS,DUACS,Gulf Stream,1.14140625,1.90077135273185e-05,frequency (cycles yr-1)
Surface geostrophic KE temporal spectra vs DUACS,DUACS,Gulf Stream,1.4267578125,4.351675881615404e-06,frequency (cycles yr-1)
Surface geostrophic KE temporal spectra vs DUACS,DUACS,Gulf Stream,1.7121093749999998,8.53494887285177e-06,frequency (cycles yr-1)
Surface geostrophic KE temporal spectra vs DUACS,DUACS,Gulf Stream,1.9974609374999999,5.104299852453244e-06,frequency (cycles yr-1)
Surface geostrophic KE temporal spectra vs DUACS,DUACS,Gulf Stream,2.2828125,1.7553985675440465e-06,frequency (cycles yr-1)
Surface geostrophic KE temporal spectra vs DUACS,DUACS,Gulf Stream,2.5681640624999997,2.4755387294164938e-06,frequency (cycles yr-1)
Surface geostrophic KE temporal spectra vs DUACS,DUACS,Gulf Stream,2.853515625,2.451461358537139e-06,frequency (cycles yr-1)
Surface geostrophic KE temporal spectra vs DUACS,DUACS,Gulf Stream,3.1388671875,1.415810180772146e-06,frequency (cycles yr-1)
Surface geostrophic KE temporal spectra vs DUACS,DUACS,Gulf Stream,3.4242187499999996,9.674854336541198e-07,frequency (cycles yr-1)
Surface geostrophic KE temporal spectra vs DUACS,DUACS,Gulf Stream,3.7095703125,1.0754932561083287e-06,frequency (cycles yr-1)
Surface geostrophic KE temporal spectra vs DUACS,DUACS,Gulf Stream,3.9949218749999997,1.1157343857744948e-06,frequency (cycles yr-1)
Surface geostrophic KE temporal spectra vs DUACS,DUACS,Gulf Stream,4.2802734375,3.270088695841519e-07,frequency (cycles yr-1)
Surface geostrophic KE temporal spectra vs DUACS,DUACS,Gulf Stream,4.565625,4.0384267358679473e-07,frequency (cycles yr-1)
Surface geostrophic KE temporal spectra vs DUACS,DUACS,Gulf Stream,4.8509765625,4.44262944005255e-07,frequency (cycles yr-1)
Surface geostrophic KE temporal spectra vs DUACS,DUACS,Gulf Stream,5.1363281249999995,4.200197227977404e-07,frequency (cycles yr-1)
Surface geostrophic KE temporal spectra vs DUACS,DUACS,Gulf Stream,5.4216796875,6.583503574089196e-07,frequency (cycles yr-1)
Surface geostrophic KE temporal spectra vs DUACS,DUACS,Gulf Stream,5.70703125,9.773165938351437e-07,frequency (cycles yr-1)
Surface geostrophic KE temporal spectra vs DUACS,DUACS,Gulf Stream,5.9923828125,7.661320740581026e-07,frequency (cycles yr-1)
Surface geostrophic KE temporal spectra vs DUACS,DUACS,Gulf Stream,6.277734375,3.203945407858734e-07,frequency (cycles yr-1)
Surface geostrophic KE temporal spectra vs DUACS,DUACS,Gulf Stream,6.5630859374999995,4.6075465024574424e-07,frequency (cycles yr-1)
Surface geostrophic KE temporal spectra vs DUACS,DUACS,Gulf Stream,6.848437499999999,4.004781942870962e-07,frequency (cycles yr-1)
Surface geostrophic KE temporal spectra vs DUACS,DUACS,Gulf Stream,7.1337890625,2.021840923932962e-07,frequency (cycles yr-1)
Surface geostrophic KE temporal spectra vs DUACS,DUACS,Gulf Stream,7.419140625,2.1793749711416326e-07,frequency (cycles yr-1)
Surface geostrophic KE temporal spectra vs DUACS,DUACS,Gulf Stream,7.7044921875,4.221341378349184e-07,frequency (cycles yr-1)
Surface geostrophic KE temporal spectra vs DUACS,DUACS,Gulf Stream,7.9898437499999995,6.416332194400052e-07,frequency (cycles yr-1)
Surface geostrophic KE temporal spectra vs DUACS,DUACS,Gulf Stream,8.2751953125,1.8088800015734531e-07,frequency (cycles yr-1)
Surface geostrophic KE temporal spectra vs DUACS,DUACS,Gulf Stream,8.560546875,1.4226228493753511e-07,frequency (cycles yr-1)
Surface geostrophic KE temporal spectra vs DUACS,DUACS,Gulf Stream,8.845898437499999,2.8606004400093995e-07,frequency (cycles yr-1)
Surface geostrophic KE temporal spectra vs DUACS,DUACS,Gulf Stream,9.13125,3.4369646428561975e-07,frequency (cycles yr-1)
Surface geostrophic KE temporal spectra vs DUACS,DUACS,Gulf Stream,9.4166015625,2.63988208294922e-07,frequency (cycles yr-1)
Surface geostrophic KE temporal spectra vs DUACS,DUACS,Gulf Stream,9.701953125,3.447177411150274e-07,frequency (cycles yr-1)
Surface geostrophic KE temporal spectra vs DUACS,DUACS,Gulf Stream,9.9873046875,3.4302740524133894e-07,frequency (cycles yr-1)
Surface geostrophic KE temporal spectra vs DUACS,DUACS,Gulf Stream,10.272656249999999,1.675989895632527e-07,frequency (cycles yr-1)
Surface geostrophic KE temporal spectra vs DUACS,DUACS,Gulf Stream,10.5580078125,3.750679294417352e-07,frequency (cycles yr-1)
Surface geostrophic KE temporal spectra vs DUACS,DUACS,Gulf Stream,10.843359375,2.0389206351724776e-07,frequency (cycles yr-1)
Surface geostrophic KE temporal spectra vs DUACS,DUACS,Gulf Stream,11.1287109375,1.6005932831871123e-08,frequency (cycles yr-1)
Surface geostrophic KE temporal spectra vs DUACS,DUACS,Gulf Stream,11.4140625,1.5587472118493445e-08,frequency (cycles yr-1)
Surface geostrophic KE temporal spectra vs DUACS,DUACS,Gulf Stream,11.699414062499999,3.240223268460063e-08,frequency (cycles yr-1)
Surface geostrophic KE temporal spectra vs DUACS,DUACS,Gulf Stream,11.984765625,2.2231943969427352e-07,frequency (cycles yr-1)
Surface geostrophic KE temporal spectra vs DUACS,DUACS,Gulf Stream,12.2701171875,3.342387971197609e-07,frequency (cycles yr-1)
Surface geostrophic KE temporal spectra vs DUACS,DUACS,Gulf Stream,12.55546875,2.3724129512544498e-07,frequency (cycles yr-1)
Surface geostrophic KE temporal spectra vs DUACS,DUACS,Gulf Stream,12.8408203125,4.0261898957576215e-07,frequency (cycles yr-1)
Surface geostrophic KE temporal spectra vs DUACS,DUACS,Gulf Stream,13.126171874999999,2.8585242781612715e-07,frequency (cycles yr-1)
Surface geostrophic KE temporal spectra vs DUACS,DUACS,Gulf Stream,13.4115234375,1.910666277325874e-07,frequency (cycles yr-1)
Surface geostrophic KE temporal spectra vs DUACS,DUACS,Gulf Stream,13.696874999999999,1.1604484417338546e-07,frequency (cycles yr-1)
Surface geostrophic KE temporal spectra vs DUACS,DUACS,Gulf Stream,13.9822265625,6.441504173855287e-08,frequency (cycles yr-1)
Surface geostrophic KE temporal spectra vs DUACS,DUACS,Gulf Stream,14.267578125,6.368193278363864e-08,frequency (cycles yr-1)
Surface geostrophic KE temporal spectra vs DUACS,DUACS,Gulf Stream,14.552929687499999,6.813924405083092e-08,frequency (cycles yr-1)
Surface geostrophic KE temporal spectra vs DUACS,DUACS,Gulf Stream,14.83828125,1.9190759218505696e-07,frequency (cycles yr-1)
Surface geostrophic KE temporal spectra vs DUACS,DUACS,Gulf Stream,15.123632812499999,1.1771026398764492e-07,frequency (cycles yr-1)
Surface geostrophic KE temporal spectra vs DUACS,DUACS,Gulf Stream,15.408984375,4.3475052559026936e-08,frequency (cycles yr-1)
Surface geostrophic KE temporal spectra vs DUACS,DUACS,Gulf Stream,15.6943359375,9.018535996246944e-08,frequency (cycles yr-1)
Surface geostrophic KE temporal spectra vs DUACS,DUACS,Gulf Stream,15.979687499999999,8.66610980963505e-08,frequency (cycles yr-1)
Surface geostrophic KE temporal spectra vs DUACS,DUACS,Gulf Stream,16.265039062499998,1.0723783913431811e-08,frequency (cycles yr-1)
Surface geostrophic KE temporal spectra vs DUACS,DUACS,Gulf Stream,16.550390625,1.5177928108418317e-08,frequency (cycles yr-1)
Surface geostrophic KE temporal spectra vs DUACS,DUACS,Gulf Stream,16.8357421875,4.47899035221906e-08,frequency (cycles yr-1)
Surface geostrophic KE temporal spectra vs DUACS,DUACS,Gulf Stream,17.12109375,1.0834658809798632e-07,frequency (cycles yr-1)
Surface geostrophic KE temporal spectra vs DUACS,DUACS,Gulf Stream,17.4064453125,7.039973910634315e-08,frequency (cycles yr-1)
Surface geostrophic KE temporal spectra vs DUACS,DUACS,Gulf Stream,17.691796874999998,2.6168654892865543e-08,frequency (cycles yr-1)
Surface geostrophic KE temporal spectra vs DUACS,DUACS,Gulf Stream,17.9771484375,4.3324915445858346e-08,frequency (cycles yr-1)
Surface geostrophic KE temporal spectra vs DUACS,DUACS,Gulf Stream,18.2625,1.0137288680599537e-07,frequency (cycles yr-1)
Surface geostrophic KE temporal spectra vs DUACS,DUACS,Gulf Stream,18.5478515625,9.909196682758027e-08,frequency (cycles yr-1)
Surface geostrophic KE temporal spectra vs DUACS,DUACS,Gulf Stream,18.833203125,1.0233437694838435e-07,frequency (cycles yr-1)
Surface geostrophic KE temporal spectra vs DUACS,DUACS,Gulf Stream,19.118554687499998,4.8503679598663567e-08,frequency (cycles yr-1)
Surface geostrophic KE temporal spectra vs DUACS,DUACS,Gulf Stream,19.40390625,4.883889832862256e-08,frequency (cycles yr-1)
Surface geostrophic KE temporal spectra vs DUACS,DUACS,Gulf Stream,19.6892578125,4.245470939627338e-08,frequency (cycles yr-1)
Surface geostrophic KE temporal spectra vs DUACS,DUACS,Gulf Stream,19.974609375,1.52986248419942e-08,frequency (cycles yr-1)
Surface geostrophic KE temporal spectra vs DUACS,DUACS,Gulf Stream,20.2599609375,1.4371747598568002e-08,frequency (cycles yr-1)
Surface geostrophic KE temporal spectra vs DUACS,DUACS,Gulf Stream,20.545312499999998,1.617662482372392e-08,frequency (cycles yr-1)
Surface geostrophic KE temporal spectra vs DUACS,DUACS,Gulf Stream,20.8306640625,5.516258149661933e-08,frequency (cycles yr-1)
Surface geostrophic KE temporal spectra vs DUACS,DUACS,Gulf Stream,21.116015625,1.7412214288477294e-07,frequency (cycles yr-1)
Surface geostrophic KE temporal spectra vs DUACS,DUACS,Gulf Stream,21.4013671875,1.2310024575850736e-07,frequency (cycles yr-1)
Surface geostrophic KE temporal spectra vs DUACS,DUACS,Gulf Stream,21.68671875,5.47131689196318e-09,frequency (cycles yr-1)
Surface geostrophic KE temporal spectra vs DUACS,DUACS,Gulf Stream,21.972070312499998,1.206569489410146e-08,frequency (cycles yr-1)
Surface geostrophic KE temporal spectra vs DUACS,DUACS,Gulf Stream,22.257421875,4.3617846912406385e-08,frequency (cycles yr-1)
Surface geostrophic KE temporal spectra vs DUACS,DUACS,Gulf Stream,22.5427734375,3.818672594253102e-08,frequency (cycles yr-1)
Surface geostrophic KE temporal spectra vs DUACS,DUACS,Gulf Stream,22.828125,6.153521383389136e-08,frequency (cycles yr-1)
Surface geostrophic KE temporal spectra vs DUACS,DUACS,Gulf Stream,23.1134765625,4.13555396056579e-08,frequency (cycles yr-1)
Surface geostrophic KE temporal spectra vs DUACS,DUACS,Gulf Stream,23.398828124999998,6.600556270587042e-09,frequency (cycles yr-1)
Surface geostrophic KE temporal spectra vs DUACS,DUACS,Gulf Stream,23.6841796875,3.091464051101667e-08,frequency (cycles yr-1)
Surface geostrophic KE temporal spectra vs DUACS,DUACS,Gulf Stream,23.96953125,3.3905399310496864e-08,frequency (cycles yr-1)
Surface geostrophic KE temporal spectra vs DUACS,DUACS,Gulf Stream,24.2548828125,3.831706759192319e-08,frequency (cycles yr-1)
Surface geostrophic KE temporal spectra vs DUACS,DUACS,Gulf Stream,24.540234375,1.625220617615979e-08,frequency (cycles yr-1)
Surface geostrophic KE temporal spectra vs DUACS,DUACS,Gulf Stream,24.825585937499998,1.4400951189909873e-09,frequency (cycles yr-1)
Surface geostrophic KE temporal spectra vs DUACS,DUACS,Gulf Stream,25.1109375,2.17055696977799e-08,frequency (cycles yr-1)
Surface geostrophic KE temporal spectra vs DUACS,DUACS,Gulf Stream,25.3962890625,3.0299951026545147e-08,frequency (cycles yr-1)
Surface geostrophic KE temporal spectra vs DUACS,DUACS,Gulf Stream,25.681640625,2.1755395022032636e-08,frequency (cycles yr-1)
Surface geostrophic KE temporal spectra vs DUACS,DUACS,Gulf Stream,25.9669921875,2.7626646482339973e-08,frequency (cycles yr-1)
Surface geostrophic KE temporal spectra vs DUACS,DUACS,Gulf Stream,26.252343749999998,1.2579929599293922e-08,frequency (cycles yr-1)
Surface geostrophic KE temporal spectra vs DUACS,DUACS,Gulf Stream,26.5376953125,2.2284652019990797e-08,frequency (cycles yr-1)
Surface geostrophic KE temporal spectra vs DUACS,DUACS,Gulf Stream,26.823046875,9.997105858955363e-09,frequency (cycles yr-1)
Surface geostrophic KE temporal spectra vs DUACS,DUACS,Gulf Stream,27.1083984375,5.924421590942974e-09,frequency (cycles yr-1)
Surface geostrophic KE temporal spectra vs DUACS,DUACS,Gulf Stream,27.393749999999997,1.533903589538141e-08,frequency (cycles yr-1)
Surface geostrophic KE temporal spectra vs DUACS,DUACS,Gulf Stream,27.679101562499998,2.5814389730282955e-08,frequency (cycles yr-1)
Surface geostrophic KE temporal spectra vs DUACS,DUACS,Gulf Stream,27.964453125,1.929589958271497e-08,frequency (cycles yr-1)
Surface geostrophic KE temporal spectra vs DUACS,DUACS,Gulf Stream,28.2498046875,5.391936455662032e-09,frequency (cycles yr-1)
Surface geostrophic KE temporal spectra vs DUACS,DUACS,Gulf Stream,28.53515625,1.827137153030781e-08,frequency (cycles yr-1)
Surface geostrophic KE temporal spectra vs DUACS,DUACS,Gulf Stream,28.820507812499997,4.165580159833807e-08,frequency (cycles yr-1)
Surface geostrophic KE temporal spectra vs DUACS,DUACS,Gulf Stream,29.105859374999998,2.3136374232941253e-08,frequency (cycles yr-1)
Surface geostrophic KE temporal spectra vs DUACS,DUACS,Gulf Stream,29.3912109375,2.1758590753661483e-08,frequency (cycles yr-1)
Surface geostrophic KE temporal spectra vs DUACS,DUACS,Gulf Stream,29.6765625,2.895230316068829e-08,frequency (cycles yr-1)
Surface geostrophic KE temporal spectra vs DUACS,DUACS,Gulf Stream,29.9619140625,2.1350690239447616e-08,frequency (cycles yr-1)
Surface geostrophic KE temporal spectra vs DUACS,DUACS,Gulf Stream,30.247265624999997,9.562908594249591e-09,frequency (cycles yr-1)
Surface geostrophic KE temporal spectra vs DUACS,DUACS,Gulf Stream,30.532617187499998,5.106131717398721e-09,frequency (cycles yr-1)
Surface geostrophic KE temporal spectra vs DUACS,DUACS,Gulf Stream,30.81796875,9.230961029497655e-09,frequency (cycles yr-1)
Surface geostrophic KE temporal spectra vs DUACS,DUACS,Gulf Stream,31.1033203125,1.0493842875596709e-08,frequency (cycles yr-1)
Surface geostrophic KE temporal spectra vs DUACS,DUACS,Gulf Stream,31.388671875,1.002171911684504e-08,frequency (cycles yr-1)
Surface geostrophic KE temporal spectra vs DUACS,DUACS,Gulf Stream,31.674023437499997,4.513805079691523e-09,frequency (cycles yr-1)
Surface geostrophic KE temporal spectra vs DUACS,DUACS,Gulf Stream,31.959374999999998,1.0264381579967108e-08,frequency (cycles yr-1)
Surface geostrophic KE temporal spectra vs DUACS,DUACS,Gulf Stream,32.2447265625,1.656186348274941e-08,frequency (cycles yr-1)
Surface geostrophic KE temporal spectra vs DUACS,DUACS,Gulf Stream,32.530078124999996,7.529147439109892e-09,frequency (cycles yr-1)
Surface geostrophic KE temporal spectra vs DUACS,DUACS,Gulf Stream,32.8154296875,1.1191321814080615e-08,frequency (cycles yr-1)
Surface geostrophic KE temporal spectra vs DUACS,DUACS,Gulf Stream,33.10078125,7.895075281206339e-09,frequency (cycles yr-1)
Surface geostrophic KE temporal spectra vs DUACS,DUACS,Gulf Stream,33.3861328125,6.4075486051442555e-09,frequency (cycles yr-1)
Surface geostrophic KE temporal spectra vs DUACS,DUACS,Gulf Stream,33.671484375,8.115128876364707e-09,frequency (cycles yr-1)
Surface geostrophic KE temporal spectra vs DUACS,DUACS,Gulf Stream,33.956835937499996,9.135006459783694e-09,frequency (cycles yr-1)
Surface geostrophic KE temporal spectra vs DUACS,DUACS,Gulf Stream,34.2421875,1.2325876090920287e-08,frequency (cycles yr-1)
Surface geostrophic KE temporal spectra vs DUACS,DUACS,Gulf Stream,34.5275390625,1.3617919318401977e-08,frequency (cycles yr-1)
Surface geostrophic KE temporal spectra vs DUACS,DUACS,Gulf Stream,34.812890625,6.535046165206226e-09,frequency (cycles yr-1)
Surface geostrophic KE temporal spectra vs DUACS,DUACS,Gulf Stream,35.0982421875,6.299176176446513e-09,frequency (cycles yr-1)
Surface geostrophic KE temporal spectra vs DUACS,DUACS,Gulf Stream,35.383593749999996,1.0372400300123e-08,frequency (cycles yr-1)
Surface geostrophic KE temporal spectra vs DUACS,DUACS,Gulf Stream,35.6689453125,2.2463254939496376e-08,frequency (cycles yr-1)
Surface geostrophic KE temporal spectra vs DUACS,DUACS,Gulf Stream,35.954296875,2.8129609907055835e-08,frequency (cycles yr-1)
Surface geostrophic KE temporal spectra vs DUACS,DUACS,Gulf Stream,36.2396484375,3.164355491218751e-08,frequency (cycles yr-1)
Surface geostrophic KE temporal spectra vs DUACS,DUACS,Gulf Stream,36.525,1.3705215983464673e-08,frequency (cycles yr-1)
Surface geostrophic KE temporal spectra vs DUACS,DUACS,Agulhas,0.2853515625,2.890853534018816e-06,frequency (cycles yr-1)
Surface geostrophic KE temporal spectra vs DUACS,DUACS,Agulhas,0.570703125,3.6213729024568463e-06,frequency (cycles yr-1)
Surface geostrophic KE temporal spectra vs DUACS,DUACS,Agulhas,0.8560546874999999,8.341050053051602e-06,frequency (cycles yr-1)
Surface geostrophic KE temporal spectra vs DUACS,DUACS,Agulhas,1.14140625,4.943480656461023e-06,frequency (cycles yr-1)
Surface geostrophic KE temporal spectra vs DUACS,DUACS,Agulhas,1.4267578125,2.0108321665747185e-06,frequency (cycles yr-1)
Surface geostrophic KE temporal spectra vs DUACS,DUACS,Agulhas,1.7121093749999998,2.8172140333636345e-06,frequency (cycles yr-1)
Surface geostrophic KE temporal spectra vs DUACS,DUACS,Agulhas,1.9974609374999999,3.32712375984237e-06,frequency (cycles yr-1)
Surface geostrophic KE temporal spectra vs DUACS,DUACS,Agulhas,2.2828125,1.0964048728501662e-06,frequency (cycles yr-1)
Surface geostrophic KE temporal spectra vs DUACS,DUACS,Agulhas,2.5681640624999997,2.1579726835928583e-06,frequency (cycles yr-1)
Surface geostrophic KE temporal spectra vs DUACS,DUACS,Agulhas,2.853515625,3.1507197546131392e-06,frequency (cycles yr-1)
Surface geostrophic KE temporal spectra vs DUACS,DUACS,Agulhas,3.1388671875,2.1445142326686698e-06,frequency (cycles yr-1)
Surface geostrophic KE temporal spectra vs DUACS,DUACS,Agulhas,3.4242187499999996,6.503862010484961e-07,frequency (cycles yr-1)
Surface geostrophic KE temporal spectra vs DUACS,DUACS,Agulhas,3.7095703125,8.34188470369187e-08,frequency (cycles yr-1)
Surface geostrophic KE temporal spectra vs DUACS,DUACS,Agulhas,3.9949218749999997,7.243307874751626e-07,frequency (cycles yr-1)
Surface geostrophic KE temporal spectra vs DUACS,DUACS,Agulhas,4.2802734375,2.6819559223599093e-07,frequency (cycles yr-1)
Surface geostrophic KE temporal spectra vs DUACS,DUACS,Agulhas,4.565625,6.429238475924977e-08,frequency (cycles yr-1)
Surface geostrophic KE temporal spectra vs DUACS,DUACS,Agulhas,4.8509765625,2.3249888391004534e-08,frequency (cycles yr-1)
Surface geostrophic KE temporal spectra vs DUACS,DUACS,Agulhas,5.1363281249999995,1.6891394465344943e-07,frequency (cycles yr-1)
Surface geostrophic KE temporal spectra vs DUACS,DUACS,Agulhas,5.4216796875,1.8976115631365372e-07,frequency (cycles yr-1)
Surface geostrophic KE temporal spectra vs DUACS,DUACS,Agulhas,5.70703125,1.5882705279491226e-07,frequency (cycles yr-1)
Surface geostrophic KE temporal spectra vs DUACS,DUACS,Agulhas,5.9923828125,1.9729623093224106e-07,frequency (cycles yr-1)
Surface geostrophic KE temporal spectra vs DUACS,DUACS,Agulhas,6.277734375,1.9907905376861407e-07,frequency (cycles yr-1)
Surface geostrophic KE temporal spectra vs DUACS,DUACS,Agulhas,6.5630859374999995,1.0960409895413733e-07,frequency (cycles yr-1)
Surface geostrophic KE temporal spectra vs DUACS,DUACS,Agulhas,6.848437499999999,2.394743306735406e-07,frequency (cycles yr-1)
Surface geostrophic KE temporal spectra vs DUACS,DUACS,Agulhas,7.1337890625,1.540965995855847e-07,frequency (cycles yr-1)
Surface geostrophic KE temporal spectra vs DUACS,DUACS,Agulhas,7.419140625,1.7339904295252402e-07,frequency (cycles yr-1)
Surface geostrophic KE temporal spectra vs DUACS,DUACS,Agulhas,7.7044921875,3.035208733574191e-07,frequency (cycles yr-1)
Surface geostrophic KE temporal spectra vs DUACS,DUACS,Agulhas,7.9898437499999995,1.5328678515832994e-07,frequency (cycles yr-1)
Surface geostrophic KE temporal spectra vs DUACS,DUACS,Agulhas,8.2751953125,1.106631087746904e-07,frequency (cycles yr-1)
Surface geostrophic KE temporal spectra vs DUACS,DUACS,Agulhas,8.560546875,1.618118278783824e-07,frequency (cycles yr-1)
Surface geostrophic KE temporal spectra vs DUACS,DUACS,Agulhas,8.845898437499999,1.7575960897786154e-07,frequency (cycles yr-1)
Surface geostrophic KE temporal spectra vs DUACS,DUACS,Agulhas,9.13125,1.2949447825144125e-07,frequency (cycles yr-1)
Surface geostrophic KE temporal spectra vs DUACS,DUACS,Agulhas,9.4166015625,6.263328274843939e-08,frequency (cycles yr-1)
Surface geostrophic KE temporal spectra vs DUACS,DUACS,Agulhas,9.701953125,5.466213865481138e-08,frequency (cycles yr-1)
Surface geostrophic KE temporal spectra vs DUACS,DUACS,Agulhas,9.9873046875,4.982507751054611e-08,frequency (cycles yr-1)
Surface geostrophic KE temporal spectra vs DUACS,DUACS,Agulhas,10.272656249999999,3.469315654700427e-08,frequency (cycles yr-1)
Surface geostrophic KE temporal spectra vs DUACS,DUACS,Agulhas,10.5580078125,8.851956743683708e-08,frequency (cycles yr-1)
Surface geostrophic KE temporal spectra vs DUACS,DUACS,Agulhas,10.843359375,1.3927057130558025e-07,frequency (cycles yr-1)
Surface geostrophic KE temporal spectra vs DUACS,DUACS,Agulhas,11.1287109375,4.083234082354935e-08,frequency (cycles yr-1)
Surface geostrophic KE temporal spectra vs DUACS,DUACS,Agulhas,11.4140625,2.8254689995137383e-08,frequency (cycles yr-1)
Surface geostrophic KE temporal spectra vs DUACS,DUACS,Agulhas,11.699414062499999,2.3513914611433463e-08,frequency (cycles yr-1)
Surface geostrophic KE temporal spectra vs DUACS,DUACS,Agulhas,11.984765625,1.581204711721079e-08,frequency (cycles yr-1)
Surface geostrophic KE temporal spectra vs DUACS,DUACS,Agulhas,12.2701171875,3.578162477334628e-08,frequency (cycles yr-1)
Surface geostrophic KE temporal spectra vs DUACS,DUACS,Agulhas,12.55546875,1.7423724158838172e-08,frequency (cycles yr-1)
Surface geostrophic KE temporal spectra vs DUACS,DUACS,Agulhas,12.8408203125,2.0417751682694038e-08,frequency (cycles yr-1)
Surface geostrophic KE temporal spectra vs DUACS,DUACS,Agulhas,13.126171874999999,2.8067338918780573e-08,frequency (cycles yr-1)
Surface geostrophic KE temporal spectra vs DUACS,DUACS,Agulhas,13.4115234375,2.949975868590081e-08,frequency (cycles yr-1)
Surface geostrophic KE temporal spectra vs DUACS,DUACS,Agulhas,13.696874999999999,1.4794137304858102e-08,frequency (cycles yr-1)
Surface geostrophic KE temporal spectra vs DUACS,DUACS,Agulhas,13.9822265625,1.0557647455189993e-08,frequency (cycles yr-1)
Surface geostrophic KE temporal spectra vs DUACS,DUACS,Agulhas,14.267578125,8.987734288621577e-09,frequency (cycles yr-1)
Surface geostrophic KE temporal spectra vs DUACS,DUACS,Agulhas,14.552929687499999,1.0659031299499385e-08,frequency (cycles yr-1)
Surface geostrophic KE temporal spectra vs DUACS,DUACS,Agulhas,14.83828125,9.461454561997354e-09,frequency (cycles yr-1)
Surface geostrophic KE temporal spectra vs DUACS,DUACS,Agulhas,15.123632812499999,1.6675291372754446e-08,frequency (cycles yr-1)
Surface geostrophic KE temporal spectra vs DUACS,DUACS,Agulhas,15.408984375,3.059236465210269e-08,frequency (cycles yr-1)
Surface geostrophic KE temporal spectra vs DUACS,DUACS,Agulhas,15.6943359375,3.178007152237512e-08,frequency (cycles yr-1)
Surface geostrophic KE temporal spectra vs DUACS,DUACS,Agulhas,15.979687499999999,1.2950362777235154e-08,frequency (cycles yr-1)
Surface geostrophic KE temporal spectra vs DUACS,DUACS,Agulhas,16.265039062499998,3.2562935917096113e-09,frequency (cycles yr-1)
Surface geostrophic KE temporal spectra vs DUACS,DUACS,Agulhas,16.550390625,8.724696843694677e-09,frequency (cycles yr-1)
Surface geostrophic KE temporal spectra vs DUACS,DUACS,Agulhas,16.8357421875,1.5759149729979492e-08,frequency (cycles yr-1)
Surface geostrophic KE temporal spectra vs DUACS,DUACS,Agulhas,17.12109375,2.599832265706798e-08,frequency (cycles yr-1)
Surface geostrophic KE temporal spectra vs DUACS,DUACS,Agulhas,17.4064453125,1.7764663983870183e-08,frequency (cycles yr-1)
Surface geostrophic KE temporal spectra vs DUACS,DUACS,Agulhas,17.691796874999998,1.9370700929050425e-08,frequency (cycles yr-1)
Surface geostrophic KE temporal spectra vs DUACS,DUACS,Agulhas,17.9771484375,1.0921684553539059e-08,frequency (cycles yr-1)
Surface geostrophic KE temporal spectra vs DUACS,DUACS,Agulhas,18.2625,2.9011738375666786e-09,frequency (cycles yr-1)
Surface geostrophic KE temporal spectra vs DUACS,DUACS,Agulhas,18.5478515625,6.706569147055676e-09,frequency (cycles yr-1)
Surface geostrophic KE temporal spectra vs DUACS,DUACS,Agulhas,18.833203125,1.8524796798884392e-09,frequency (cycles yr-1)
Surface geostrophic KE temporal spectra vs DUACS,DUACS,Agulhas,19.118554687499998,1.5118299429851773e-08,frequency (cycles yr-1)
Surface geostrophic KE temporal spectra vs DUACS,DUACS,Agulhas,19.40390625,2.890462096585266e-08,frequency (cycles yr-1)
Surface geostrophic KE temporal spectra vs DUACS,DUACS,Agulhas,19.6892578125,4.32528394678758e-09,frequency (cycles yr-1)
Surface geostrophic KE temporal spectra vs DUACS,DUACS,Agulhas,19.974609375,3.3956559326944115e-09,frequency (cycles yr-1)
Surface geostrophic KE temporal spectra vs DUACS,DUACS,Agulhas,20.2599609375,4.345732340191708e-09,frequency (cycles yr-1)
Surface geostrophic KE temporal spectra vs DUACS,DUACS,Agulhas,20.545312499999998,8.33653315937929e-09,frequency (cycles yr-1)
Surface geostrophic KE temporal spectra vs DUACS,DUACS,Agulhas,20.8306640625,2.6004390749143372e-08,frequency (cycles yr-1)
Surface geostrophic KE temporal spectra vs DUACS,DUACS,Agulhas,21.116015625,2.9979776054584665e-08,frequency (cycles yr-1)
Surface geostrophic KE temporal spectra vs DUACS,DUACS,Agulhas,21.4013671875,1.3877797833065836e-08,frequency (cycles yr-1)
Surface geostrophic KE temporal spectra vs DUACS,DUACS,Agulhas,21.68671875,1.936109286927726e-09,frequency (cycles yr-1)
Surface geostrophic KE temporal spectra vs DUACS,DUACS,Agulhas,21.972070312499998,1.1919020025472105e-09,frequency (cycles yr-1)
Surface geostrophic KE temporal spectra vs DUACS,DUACS,Agulhas,22.257421875,3.856283046892093e-09,frequency (cycles yr-1)
Surface geostrophic KE temporal spectra vs DUACS,DUACS,Agulhas,22.5427734375,6.259291637478522e-09,frequency (cycles yr-1)
Surface geostrophic KE temporal spectra vs DUACS,DUACS,Agulhas,22.828125,8.029835280845272e-09,frequency (cycles yr-1)
Surface geostrophic KE temporal spectra vs DUACS,DUACS,Agulhas,23.1134765625,7.015014084978366e-09,frequency (cycles yr-1)
Surface geostrophic KE temporal spectra vs DUACS,DUACS,Agulhas,23.398828124999998,5.958518586535738e-09,frequency (cycles yr-1)
Surface geostrophic KE temporal spectra vs DUACS,DUACS,Agulhas,23.6841796875,8.133581254945395e-09,frequency (cycles yr-1)
Surface geostrophic KE temporal spectra vs DUACS,DUACS,Agulhas,23.96953125,2.4510181903110676e-09,frequency (cycles yr-1)
Surface geostrophic KE temporal spectra vs DUACS,DUACS,Agulhas,24.2548828125,2.6196644546926893e-09,frequency (cycles yr-1)
Surface geostrophic KE temporal spectra vs DUACS,DUACS,Agulhas,24.540234375,4.140052075118753e-09,frequency (cycles yr-1)
Surface geostrophic KE temporal spectra vs DUACS,DUACS,Agulhas,24.825585937499998,9.33598215430748e-09,frequency (cycles yr-1)
Surface geostrophic KE temporal spectra vs DUACS,DUACS,Agulhas,25.1109375,1.1913778716886319e-08,frequency (cycles yr-1)
Surface geostrophic KE temporal spectra vs DUACS,DUACS,Agulhas,25.3962890625,8.75393873315428e-09,frequency (cycles yr-1)
Surface geostrophic KE temporal spectra vs DUACS,DUACS,Agulhas,25.681640625,5.610087035773496e-09,frequency (cycles yr-1)
Surface geostrophic KE temporal spectra vs DUACS,DUACS,Agulhas,25.9669921875,2.442314096301256e-08,frequency (cycles yr-1)
Surface geostrophic KE temporal spectra vs DUACS,DUACS,Agulhas,26.252343749999998,1.37282842041215e-08,frequency (cycles yr-1)
Surface geostrophic KE temporal spectra vs DUACS,DUACS,Agulhas,26.5376953125,2.3238364105635553e-09,frequency (cycles yr-1)
Surface geostrophic KE temporal spectra vs DUACS,DUACS,Agulhas,26.823046875,3.328686958663792e-09,frequency (cycles yr-1)
Surface geostrophic KE temporal spectra vs DUACS,DUACS,Agulhas,27.1083984375,5.854431439706773e-09,frequency (cycles yr-1)
Surface geostrophic KE temporal spectra vs DUACS,DUACS,Agulhas,27.393749999999997,2.8241038252834005e-09,frequency (cycles yr-1)
Surface geostrophic KE temporal spectra vs DUACS,DUACS,Agulhas,27.679101562499998,2.9543683050487836e-09,frequency (cycles yr-1)
Surface geostrophic KE temporal spectra vs DUACS,DUACS,Agulhas,27.964453125,9.258856981028015e-09,frequency (cycles yr-1)
Surface geostrophic KE temporal spectra vs DUACS,DUACS,Agulhas,28.2498046875,8.349594601271205e-09,frequency (cycles yr-1)
Surface geostrophic KE temporal spectra vs DUACS,DUACS,Agulhas,28.53515625,4.206095551542456e-09,frequency (cycles yr-1)
Surface geostrophic KE temporal spectra vs DUACS,DUACS,Agulhas,28.820507812499997,4.8800206077381295e-09,frequency (cycles yr-1)
Surface geostrophic KE temporal spectra vs DUACS,DUACS,Agulhas,29.105859374999998,2.9877353078280105e-09,frequency (cycles yr-1)
Surface geostrophic KE temporal spectra vs DUACS,DUACS,Agulhas,29.3912109375,7.162021298008397e-09,frequency (cycles yr-1)
Surface geostrophic KE temporal spectra vs DUACS,DUACS,Agulhas,29.6765625,6.016131298572461e-09,frequency (cycles yr-1)
Surface geostrophic KE temporal spectra vs DUACS,DUACS,Agulhas,29.9619140625,2.9842505617938536e-09,frequency (cycles yr-1)
Surface geostrophic KE temporal spectra vs DUACS,DUACS,Agulhas,30.247265624999997,2.5849222540870995e-09,frequency (cycles yr-1)
Surface geostrophic KE temporal spectra vs DUACS,DUACS,Agulhas,30.532617187499998,2.3813975466717996e-09,frequency (cycles yr-1)
Surface geostrophic KE temporal spectra vs DUACS,DUACS,Agulhas,30.81796875,4.3555303216885634e-09,frequency (cycles yr-1)
Surface geostrophic KE temporal spectra vs DUACS,DUACS,Agulhas,31.1033203125,4.694747281421416e-09,frequency (cycles yr-1)
Surface geostrophic KE temporal spectra vs DUACS,DUACS,Agulhas,31.388671875,2.347488677217052e-09,frequency (cycles yr-1)
Surface geostrophic KE temporal spectra vs DUACS,DUACS,Agulhas,31.674023437499997,2.4608565139542787e-09,frequency (cycles yr-1)
Surface geostrophic KE temporal spectra vs DUACS,DUACS,Agulhas,31.959374999999998,3.689385603451469e-09,frequency (cycles yr-1)
Surface geostrophic KE temporal spectra vs DUACS,DUACS,Agulhas,32.2447265625,3.978128688096027e-09,frequency (cycles yr-1)
Surface geostrophic KE temporal spectra vs DUACS,DUACS,Agulhas,32.530078124999996,1.9446445915110513e-09,frequency (cycles yr-1)
Surface geostrophic KE temporal spectra vs DUACS,DUACS,Agulhas,32.8154296875,1.3532558152575996e-09,frequency (cycles yr-1)
Surface geostrophic KE temporal spectra vs DUACS,DUACS,Agulhas,33.10078125,1.6663578708173755e-09,frequency (cycles yr-1)
Surface geostrophic KE temporal spectra vs DUACS,DUACS,Agulhas,33.3861328125,1.1090844605871434e-09,frequency (cycles yr-1)
Surface geostrophic KE temporal spectra vs DUACS,DUACS,Agulhas,33.671484375,2.4019847115251425e-09,frequency (cycles yr-1)
Surface geostrophic KE temporal spectra vs DUACS,DUACS,Agulhas,33.956835937499996,2.8161588576390535e-09,frequency (cycles yr-1)
Surface geostrophic KE temporal spectra vs DUACS,DUACS,Agulhas,34.2421875,5.4093715225623976e-09,frequency (cycles yr-1)
Surface geostrophic KE temporal spectra vs DUACS,DUACS,Agulhas,34.5275390625,3.1535760855838373e-09,frequency (cycles yr-1)
Surface geostrophic KE temporal spectra vs DUACS,DUACS,Agulhas,34.812890625,2.5457902206600094e-09,frequency (cycles yr-1)
Surface geostrophic KE temporal spectra vs DUACS,DUACS,Agulhas,35.0982421875,1.4209754977267598e-09,frequency (cycles yr-1)
Surface geostrophic KE temporal spectra vs DUACS,DUACS,Agulhas,35.383593749999996,1.7716301192197267e-09,frequency (cycles yr-1)
Surface geostrophic KE temporal spectra vs DUACS,DUACS,Agulhas,35.6689453125,1.2932939403148429e-09,frequency (cycles yr-1)
Surface geostrophic KE temporal spectra vs DUACS,DUACS,Agulhas,35.954296875,1.7737647613885924e-09,frequency (cycles yr-1)
Surface geostrophic KE temporal spectra vs DUACS,DUACS,Agulhas,36.2396484375,2.7320535963278212e-09,frequency (cycles yr-1)
Surface geostrophic KE temporal spectra vs DUACS,DUACS,Agulhas,36.525,5.394782752776986e-10,frequency (cycles yr-1)
Surface geostrophic KE temporal spectra vs DUACS,control_epoch_0070,Global,0.2853515625,7.3464644250719635e-09,frequency (cycles yr-1)
Surface geostrophic KE temporal spectra vs DUACS,control_epoch_0070,Global,0.570703125,6.8085153266547175e-09,frequency (cycles yr-1)
Surface geostrophic KE temporal spectra vs DUACS,control_epoch_0070,Global,0.8560546874999999,2.0379554619669873e-08,frequency (cycles yr-1)
Surface geostrophic KE temporal spectra vs DUACS,control_epoch_0070,Global,1.14140625,1.5810466680459323e-08,frequency (cycles yr-1)
Surface geostrophic KE temporal spectra vs DUACS,control_epoch_0070,Global,1.4267578125,2.220094698230007e-09,frequency (cycles yr-1)
Surface geostrophic KE temporal spectra vs DUACS,control_epoch_0070,Global,1.7121093749999998,1.378834720667275e-09,frequency (cycles yr-1)
Surface geostrophic KE temporal spectra vs DUACS,control_epoch_0070,Global,1.9974609374999999,2.5088249829488545e-09,frequency (cycles yr-1)
Surface geostrophic KE temporal spectra vs DUACS,control_epoch_0070,Global,2.2828125,9.18665163571038e-10,frequency (cycles yr-1)
Surface geostrophic KE temporal spectra vs DUACS,control_epoch_0070,Global,2.5681640624999997,7.168815977691843e-10,frequency (cycles yr-1)
Surface geostrophic KE temporal spectra vs DUACS,control_epoch_0070,Global,2.853515625,1.7760153054101311e-09,frequency (cycles yr-1)
Surface geostrophic KE temporal spectra vs DUACS,control_epoch_0070,Global,3.1388671875,1.5969252990717244e-09,frequency (cycles yr-1)
Surface geostrophic KE temporal spectra vs DUACS,control_epoch_0070,Global,3.4242187499999996,2.9981992952809527e-10,frequency (cycles yr-1)
Surface geostrophic KE temporal spectra vs DUACS,control_epoch_0070,Global,3.7095703125,1.36366603984237e-10,frequency (cycles yr-1)
Surface geostrophic KE temporal spectra vs DUACS,control_epoch_0070,Global,3.9949218749999997,3.127642577302148e-10,frequency (cycles yr-1)
Surface geostrophic KE temporal spectra vs DUACS,control_epoch_0070,Global,4.2802734375,3.0739792128815744e-10,frequency (cycles yr-1)
Surface geostrophic KE temporal spectra vs DUACS,control_epoch_0070,Global,4.565625,2.74916893712559e-10,frequency (cycles yr-1)
Surface geostrophic KE temporal spectra vs DUACS,control_epoch_0070,Global,4.8509765625,2.405680133051984e-10,frequency (cycles yr-1)
Surface geostrophic KE temporal spectra vs DUACS,control_epoch_0070,Global,5.1363281249999995,2.003679574222828e-10,frequency (cycles yr-1)
Surface geostrophic KE temporal spectra vs DUACS,control_epoch_0070,Global,5.4216796875,1.8279127829270365e-10,frequency (cycles yr-1)
Surface geostrophic KE temporal spectra vs DUACS,control_epoch_0070,Global,5.70703125,1.793758034166849e-10,frequency (cycles yr-1)
Surface geostrophic KE temporal spectra vs DUACS,control_epoch_0070,Global,5.9923828125,9.743522713548092e-11,frequency (cycles yr-1)
Surface geostrophic KE temporal spectra vs DUACS,control_epoch_0070,Global,6.277734375,3.3780096867274066e-11,frequency (cycles yr-1)
Surface geostrophic KE temporal spectra vs DUACS,control_epoch_0070,Global,6.5630859374999995,1.4277160888013805e-10,frequency (cycles yr-1)
Surface geostrophic KE temporal spectra vs DUACS,control_epoch_0070,Global,6.848437499999999,1.8918768183900316e-10,frequency (cycles yr-1)
Surface geostrophic KE temporal spectra vs DUACS,control_epoch_0070,Global,7.1337890625,4.5113564503152404e-11,frequency (cycles yr-1)
Surface geostrophic KE temporal spectra vs DUACS,control_epoch_0070,Global,7.419140625,4.843649002867858e-11,frequency (cycles yr-1)
Surface geostrophic KE temporal spectra vs DUACS,control_epoch_0070,Global,7.7044921875,3.809673156968154e-11,frequency (cycles yr-1)
Surface geostrophic KE temporal spectra vs DUACS,control_epoch_0070,Global,7.9898437499999995,4.1979086916194626e-11,frequency (cycles yr-1)
Surface geostrophic KE temporal spectra vs DUACS,control_epoch_0070,Global,8.2751953125,6.047662691322356e-11,frequency (cycles yr-1)
Surface geostrophic KE temporal spectra vs DUACS,control_epoch_0070,Global,8.560546875,1.2676071763654873e-10,frequency (cycles yr-1)
Surface geostrophic KE temporal spectra vs DUACS,control_epoch_0070,Global,8.845898437499999,1.570776087292362e-10,frequency (cycles yr-1)
Surface geostrophic KE temporal spectra vs DUACS,control_epoch_0070,Global,9.13125,9.410119963765009e-11,frequency (cycles yr-1)
Surface geostrophic KE temporal spectra vs DUACS,control_epoch_0070,Global,9.4166015625,7.17117972730413e-11,frequency (cycles yr-1)
Surface geostrophic KE temporal spectra vs DUACS,control_epoch_0070,Global,9.701953125,1.0408120333084935e-10,frequency (cycles yr-1)
Surface geostrophic KE temporal spectra vs DUACS,control_epoch_0070,Global,9.9873046875,7.094383690408767e-11,frequency (cycles yr-1)
Surface geostrophic KE temporal spectra vs DUACS,control_epoch_0070,Global,10.272656249999999,6.872489439680983e-12,frequency (cycles yr-1)
Surface geostrophic KE temporal spectra vs DUACS,control_epoch_0070,Global,10.5580078125,1.1798441576336772e-11,frequency (cycles yr-1)
Surface geostrophic KE temporal spectra vs DUACS,control_epoch_0070,Global,10.843359375,1.0515888871019478e-11,frequency (cycles yr-1)
Surface geostrophic KE temporal spectra vs DUACS,control_epoch_0070,Global,11.1287109375,1.603730491136874e-11,frequency (cycles yr-1)
Surface geostrophic KE temporal spectra vs DUACS,control_epoch_0070,Global,11.4140625,2.5077709035099385e-11,frequency (cycles yr-1)
Surface geostrophic KE temporal spectra vs DUACS,control_epoch_0070,Global,11.699414062499999,4.470502144552537e-11,frequency (cycles yr-1)
Surface geostrophic KE temporal spectra vs DUACS,control_epoch_0070,Global,11.984765625,3.7775737617043255e-11,frequency (cycles yr-1)
Surface geostrophic KE temporal spectra vs DUACS,control_epoch_0070,Global,12.2701171875,5.289594749788206e-11,frequency (cycles yr-1)
Surface geostrophic KE temporal spectra vs DUACS,control_epoch_0070,Global,12.55546875,3.2753674798541996e-11,frequency (cycles yr-1)
Surface geostrophic KE temporal spectra vs DUACS,control_epoch_0070,Global,12.8408203125,3.342137876594421e-11,frequency (cycles yr-1)
Surface geostrophic KE temporal spectra vs DUACS,control_epoch_0070,Global,13.126171874999999,6.468467714803957e-12,frequency (cycles yr-1)
Surface geostrophic KE temporal spectra vs DUACS,control_epoch_0070,Global,13.4115234375,1.1429305536629788e-11,frequency (cycles yr-1)
Surface geostrophic KE temporal spectra vs DUACS,control_epoch_0070,Global,13.696874999999999,2.13005686400353e-11,frequency (cycles yr-1)
Surface geostrophic KE temporal spectra vs DUACS,control_epoch_0070,Global,13.9822265625,4.311245987594265e-11,frequency (cycles yr-1)
Surface geostrophic KE temporal spectra vs DUACS,control_epoch_0070,Global,14.267578125,5.062380045552467e-11,frequency (cycles yr-1)
Surface geostrophic KE temporal spectra vs DUACS,control_epoch_0070,Global,14.552929687499999,6.420890448648439e-11,frequency (cycles yr-1)
Surface geostrophic KE temporal spectra vs DUACS,control_epoch_0070,Global,14.83828125,4.4493759436662795e-11,frequency (cycles yr-1)
Surface geostrophic KE temporal spectra vs DUACS,control_epoch_0070,Global,15.123632812499999,1.263734115940142e-11,frequency (cycles yr-1)
Surface geostrophic KE temporal spectra vs DUACS,control_epoch_0070,Global,15.408984375,1.0243884341753497e-11,frequency (cycles yr-1)
Surface geostrophic KE temporal spectra vs DUACS,control_epoch_0070,Global,15.6943359375,1.4474504231339035e-11,frequency (cycles yr-1)
Surface geostrophic KE temporal spectra vs DUACS,control_epoch_0070,Global,15.979687499999999,2.167979897633134e-11,frequency (cycles yr-1)
Surface geostrophic KE temporal spectra vs DUACS,control_epoch_0070,Global,16.265039062499998,9.798488025731358e-12,frequency (cycles yr-1)
Surface geostrophic KE temporal spectra vs DUACS,control_epoch_0070,Global,16.550390625,6.451875202307343e-12,frequency (cycles yr-1)
Surface geostrophic KE temporal spectra vs DUACS,control_epoch_0070,Global,16.8357421875,6.0027918719704296e-12,frequency (cycles yr-1)
Surface geostrophic KE temporal spectra vs DUACS,control_epoch_0070,Global,17.12109375,5.796804243519919e-12,frequency (cycles yr-1)
Surface geostrophic KE temporal spectra vs DUACS,control_epoch_0070,Global,17.4064453125,2.2309003953619623e-11,frequency (cycles yr-1)
Surface geostrophic KE temporal spectra vs DUACS,control_epoch_0070,Global,17.691796874999998,2.017142991431286e-11,frequency (cycles yr-1)
Surface geostrophic KE temporal spectra vs DUACS,control_epoch_0070,Global,17.9771484375,7.660197825316705e-12,frequency (cycles yr-1)
Surface geostrophic KE temporal spectra vs DUACS,control_epoch_0070,Global,18.2625,2.096958864520169e-11,frequency (cycles yr-1)
Surface geostrophic KE temporal spectra vs DUACS,control_epoch_0070,Global,18.5478515625,1.0210982551771997e-11,frequency (cycles yr-1)
Surface geostrophic KE temporal spectra vs DUACS,control_epoch_0070,Global,18.833203125,2.761285303403686e-11,frequency (cycles yr-1)
Surface geostrophic KE temporal spectra vs DUACS,control_epoch_0070,Global,19.118554687499998,1.8862932382665768e-11,frequency (cycles yr-1)
Surface geostrophic KE temporal spectra vs DUACS,control_epoch_0070,Global,19.40390625,4.4609920942843604e-12,frequency (cycles yr-1)
Surface geostrophic KE temporal spectra vs DUACS,control_epoch_0070,Global,19.6892578125,4.359757915305706e-12,frequency (cycles yr-1)
Surface geostrophic KE temporal spectra vs DUACS,control_epoch_0070,Global,19.974609375,5.972490941234628e-12,frequency (cycles yr-1)
Surface geostrophic KE temporal spectra vs DUACS,control_epoch_0070,Global,20.2599609375,9.000886168798267e-12,frequency (cycles yr-1)
Surface geostrophic KE temporal spectra vs DUACS,control_epoch_0070,Global,20.545312499999998,9.32295992092614e-12,frequency (cycles yr-1)
Surface geostrophic KE temporal spectra vs DUACS,control_epoch_0070,Global,20.8306640625,1.165407443771601e-11,frequency (cycles yr-1)
Surface geostrophic KE temporal spectra vs DUACS,control_epoch_0070,Global,21.116015625,1.749631989649609e-11,frequency (cycles yr-1)
Surface geostrophic KE temporal spectra vs DUACS,control_epoch_0070,Global,21.4013671875,1.6105485105024445e-11,frequency (cycles yr-1)
Surface geostrophic KE temporal spectra vs DUACS,control_epoch_0070,Global,21.68671875,2.8180906494090395e-11,frequency (cycles yr-1)
Surface geostrophic KE temporal spectra vs DUACS,control_epoch_0070,Global,21.972070312499998,4.055461780028129e-11,frequency (cycles yr-1)
Surface geostrophic KE temporal spectra vs DUACS,control_epoch_0070,Global,22.257421875,3.425337127934567e-11,frequency (cycles yr-1)
Surface geostrophic KE temporal spectra vs DUACS,control_epoch_0070,Global,22.5427734375,2.663203462295333e-11,frequency (cycles yr-1)
Surface geostrophic KE temporal spectra vs DUACS,control_epoch_0070,Global,22.828125,1.32793969698587e-11,frequency (cycles yr-1)
Surface geostrophic KE temporal spectra vs DUACS,control_epoch_0070,Global,23.1134765625,3.993017690470434e-12,frequency (cycles yr-1)
Surface geostrophic KE temporal spectra vs DUACS,control_epoch_0070,Global,23.398828124999998,2.5004661598826555e-12,frequency (cycles yr-1)
Surface geostrophic KE temporal spectra vs DUACS,control_epoch_0070,Global,23.6841796875,1.1011664969857124e-11,frequency (cycles yr-1)
Surface geostrophic KE temporal spectra vs DUACS,control_epoch_0070,Global,23.96953125,1.079052226057024e-11,frequency (cycles yr-1)
Surface geostrophic KE temporal spectra vs DUACS,control_epoch_0070,Global,24.2548828125,1.580018919178351e-11,frequency (cycles yr-1)
Surface geostrophic KE temporal spectra vs DUACS,control_epoch_0070,Global,24.540234375,8.852559927683281e-12,frequency (cycles yr-1)
Surface geostrophic KE temporal spectra vs DUACS,control_epoch_0070,Global,24.825585937499998,1.2280570102757448e-11,frequency (cycles yr-1)
Surface geostrophic KE temporal spectra vs DUACS,control_epoch_0070,Global,25.1109375,6.6551092320065545e-12,frequency (cycles yr-1)
Surface geostrophic KE temporal spectra vs DUACS,control_epoch_0070,Global,25.3962890625,5.072082330867738e-12,frequency (cycles yr-1)
Surface geostrophic KE temporal spectra vs DUACS,control_epoch_0070,Global,25.681640625,3.2772851613274453e-12,frequency (cycles yr-1)
Surface geostrophic KE temporal spectra vs DUACS,control_epoch_0070,Global,25.9669921875,2.890153163359867e-12,frequency (cycles yr-1)
Surface geostrophic KE temporal spectra vs DUACS,control_epoch_0070,Global,26.252343749999998,1.0537660637597535e-12,frequency (cycles yr-1)
Surface geostrophic KE temporal spectra vs DUACS,control_epoch_0070,Global,26.5376953125,1.587592604349195e-11,frequency (cycles yr-1)
Surface geostrophic KE temporal spectra vs DUACS,control_epoch_0070,Global,26.823046875,2.6691440051340698e-11,frequency (cycles yr-1)
Surface geostrophic KE temporal spectra vs DUACS,control_epoch_0070,Global,27.1083984375,2.5070306281526714e-11,frequency (cycles yr-1)
Surface geostrophic KE temporal spectra vs DUACS,control_epoch_0070,Global,27.393749999999997,2.7569610548557256e-11,frequency (cycles yr-1)
Surface geostrophic KE temporal spectra vs DUACS,control_epoch_0070,Global,27.679101562499998,2.4983007662754783e-11,frequency (cycles yr-1)
Surface geostrophic KE temporal spectra vs DUACS,control_epoch_0070,Global,27.964453125,1.3965013943568266e-11,frequency (cycles yr-1)
Surface geostrophic KE temporal spectra vs DUACS,control_epoch_0070,Global,28.2498046875,2.826781128696259e-12,frequency (cycles yr-1)
Surface geostrophic KE temporal spectra vs DUACS,control_epoch_0070,Global,28.53515625,8.277395913750317e-13,frequency (cycles yr-1)
Surface geostrophic KE temporal spectra vs DUACS,control_epoch_0070,Global,28.820507812499997,4.314759088307081e-12,frequency (cycles yr-1)
Surface geostrophic KE temporal spectra vs DUACS,control_epoch_0070,Global,29.105859374999998,4.975340300080263e-12,frequency (cycles yr-1)
Surface geostrophic KE temporal spectra vs DUACS,control_epoch_0070,Global,29.3912109375,6.361427819037349e-12,frequency (cycles yr-1)
Surface geostrophic KE temporal spectra vs DUACS,control_epoch_0070,Global,29.6765625,8.953686901440953e-12,frequency (cycles yr-1)
Surface geostrophic KE temporal spectra vs DUACS,control_epoch_0070,Global,29.9619140625,7.314450766627898e-12,frequency (cycles yr-1)
Surface geostrophic KE temporal spectra vs DUACS,control_epoch_0070,Global,30.247265624999997,6.063011630179496e-12,frequency (cycles yr-1)
Surface geostrophic KE temporal spectra vs DUACS,control_epoch_0070,Global,30.532617187499998,6.914170747489985e-12,frequency (cycles yr-1)
Surface geostrophic KE temporal spectra vs DUACS,control_epoch_0070,Global,30.81796875,8.226874283580556e-12,frequency (cycles yr-1)
Surface geostrophic KE temporal spectra vs DUACS,control_epoch_0070,Global,31.1033203125,1.1318874615807102e-11,frequency (cycles yr-1)
Surface geostrophic KE temporal spectra vs DUACS,control_epoch_0070,Global,31.388671875,1.8242229340633604e-11,frequency (cycles yr-1)
Surface geostrophic KE temporal spectra vs DUACS,control_epoch_0070,Global,31.674023437499997,1.1597962798900035e-11,frequency (cycles yr-1)
Surface geostrophic KE temporal spectra vs DUACS,control_epoch_0070,Global,31.959374999999998,5.826510580403869e-12,frequency (cycles yr-1)
Surface geostrophic KE temporal spectra vs DUACS,control_epoch_0070,Global,32.2447265625,8.573068961552429e-12,frequency (cycles yr-1)
Surface geostrophic KE temporal spectra vs DUACS,control_epoch_0070,Global,32.530078124999996,1.0713131062011183e-11,frequency (cycles yr-1)
Surface geostrophic KE temporal spectra vs DUACS,control_epoch_0070,Global,32.8154296875,5.03717051070057e-12,frequency (cycles yr-1)
Surface geostrophic KE temporal spectra vs DUACS,control_epoch_0070,Global,33.10078125,2.7344806202882894e-12,frequency (cycles yr-1)
Surface geostrophic KE temporal spectra vs DUACS,control_epoch_0070,Global,33.3861328125,1.4300864734867826e-11,frequency (cycles yr-1)
Surface geostrophic KE temporal spectra vs DUACS,control_epoch_0070,Global,33.671484375,1.71340382214701e-11,frequency (cycles yr-1)
Surface geostrophic KE temporal spectra vs DUACS,control_epoch_0070,Global,33.956835937499996,6.024964743251806e-12,frequency (cycles yr-1)
Surface geostrophic KE temporal spectra vs DUACS,control_epoch_0070,Global,34.2421875,1.0256552430233812e-11,frequency (cycles yr-1)
Surface geostrophic KE temporal spectra vs DUACS,control_epoch_0070,Global,34.5275390625,1.096911526933343e-11,frequency (cycles yr-1)
Surface geostrophic KE temporal spectra vs DUACS,control_epoch_0070,Global,34.812890625,1.6366027247443262e-11,frequency (cycles yr-1)
Surface geostrophic KE temporal spectra vs DUACS,control_epoch_0070,Global,35.0982421875,1.1770329101396515e-11,frequency (cycles yr-1)
Surface geostrophic KE temporal spectra vs DUACS,control_epoch_0070,Global,35.383593749999996,6.563482374259132e-11,frequency (cycles yr-1)
Surface geostrophic KE temporal spectra vs DUACS,control_epoch_0070,Global,35.6689453125,7.18330316354096e-11,frequency (cycles yr-1)
Surface geostrophic KE temporal spectra vs DUACS,control_epoch_0070,Global,35.954296875,1.460156417219125e-11,frequency (cycles yr-1)
Surface geostrophic KE temporal spectra vs DUACS,control_epoch_0070,Global,36.2396484375,2.6290982300710825e-10,frequency (cycles yr-1)
Surface geostrophic KE temporal spectra vs DUACS,control_epoch_0070,Global,36.525,5.594173829220925e-10,frequency (cycles yr-1)
Surface geostrophic KE temporal spectra vs DUACS,control_epoch_0070,Gulf Stream,0.2853515625,1.2477280217398028e-08,frequency (cycles yr-1)
Surface geostrophic KE temporal spectra vs DUACS,control_epoch_0070,Gulf Stream,0.570703125,1.3623481891729023e-08,frequency (cycles yr-1)
Surface geostrophic KE temporal spectra vs DUACS,control_epoch_0070,Gulf Stream,0.8560546874999999,1.776731670282053e-08,frequency (cycles yr-1)
Surface geostrophic KE temporal spectra vs DUACS,control_epoch_0070,Gulf Stream,1.14140625,1.1479315549880587e-08,frequency (cycles yr-1)
Surface geostrophic KE temporal spectra vs DUACS,control_epoch_0070,Gulf Stream,1.4267578125,3.627434122406804e-09,frequency (cycles yr-1)
Surface geostrophic KE temporal spectra vs DUACS,control_epoch_0070,Gulf Stream,1.7121093749999998,9.993632693874116e-10,frequency (cycles yr-1)
Surface geostrophic KE temporal spectra vs DUACS,control_epoch_0070,Gulf Stream,1.9974609374999999,2.1638101356784044e-09,frequency (cycles yr-1)
Surface geostrophic KE temporal spectra vs DUACS,control_epoch_0070,Gulf Stream,2.2828125,1.0973669451354329e-09,frequency (cycles yr-1)
Surface geostrophic KE temporal spectra vs DUACS,control_epoch_0070,Gulf Stream,2.5681640624999997,5.657713359391405e-10,frequency (cycles yr-1)
Surface geostrophic KE temporal spectra vs DUACS,control_epoch_0070,Gulf Stream,2.853515625,1.489796392690687e-09,frequency (cycles yr-1)
Surface geostrophic KE temporal spectra vs DUACS,control_epoch_0070,Gulf Stream,3.1388671875,7.362643941927958e-10,frequency (cycles yr-1)
Surface geostrophic KE temporal spectra vs DUACS,control_epoch_0070,Gulf Stream,3.4242187499999996,7.027654084810091e-10,frequency (cycles yr-1)
Surface geostrophic KE temporal spectra vs DUACS,control_epoch_0070,Gulf Stream,3.7095703125,9.041103365823333e-10,frequency (cycles yr-1)
Surface geostrophic KE temporal spectra vs DUACS,control_epoch_0070,Gulf Stream,3.9949218749999997,5.762070119681686e-10,frequency (cycles yr-1)
Surface geostrophic KE temporal spectra vs DUACS,control_epoch_0070,Gulf Stream,4.2802734375,5.117995495103453e-10,frequency (cycles yr-1)
Surface geostrophic KE temporal spectra vs DUACS,control_epoch_0070,Gulf Stream,4.565625,3.7309382197027723e-10,frequency (cycles yr-1)
Surface geostrophic KE temporal spectra vs DUACS,control_epoch_0070,Gulf Stream,4.8509765625,1.8692185773987942e-10,frequency (cycles yr-1)
Surface geostrophic KE temporal spectra vs DUACS,control_epoch_0070,Gulf Stream,5.1363281249999995,9.842331611087544e-10,frequency (cycles yr-1)
Surface geostrophic KE temporal spectra vs DUACS,control_epoch_0070,Gulf Stream,5.4216796875,9.999299651849297e-10,frequency (cycles yr-1)
Surface geostrophic KE temporal spectra vs DUACS,control_epoch_0070,Gulf Stream,5.70703125,9.829170242938062e-10,frequency (cycles yr-1)
Surface geostrophic KE temporal spectra vs DUACS,control_epoch_0070,Gulf Stream,5.9923828125,6.181461637723268e-10,frequency (cycles yr-1)
Surface geostrophic KE temporal spectra vs DUACS,control_epoch_0070,Gulf Stream,6.277734375,1.429850188680957e-10,frequency (cycles yr-1)
Surface geostrophic KE temporal spectra vs DUACS,control_epoch_0070,Gulf Stream,6.5630859374999995,1.198615683132569e-10,frequency (cycles yr-1)
Surface geostrophic KE temporal spectra vs DUACS,control_epoch_0070,Gulf Stream,6.848437499999999,1.7218645196321752e-10,frequency (cycles yr-1)
Surface geostrophic KE temporal spectra vs DUACS,control_epoch_0070,Gulf Stream,7.1337890625,2.0637030769356187e-10,frequency (cycles yr-1)
Surface geostrophic KE temporal spectra vs DUACS,control_epoch_0070,Gulf Stream,7.419140625,1.5425913968970143e-10,frequency (cycles yr-1)
Surface geostrophic KE temporal spectra vs DUACS,control_epoch_0070,Gulf Stream,7.7044921875,1.0628848954917983e-10,frequency (cycles yr-1)
Surface geostrophic KE temporal spectra vs DUACS,control_epoch_0070,Gulf Stream,7.9898437499999995,1.4853784596342933e-10,frequency (cycles yr-1)
Surface geostrophic KE temporal spectra vs DUACS,control_epoch_0070,Gulf Stream,8.2751953125,1.6029957123274086e-10,frequency (cycles yr-1)
Surface geostrophic KE temporal spectra vs DUACS,control_epoch_0070,Gulf Stream,8.560546875,5.620210302014586e-11,frequency (cycles yr-1)
Surface geostrophic KE temporal spectra vs DUACS,control_epoch_0070,Gulf Stream,8.845898437499999,1.1777743413413888e-10,frequency (cycles yr-1)
Surface geostrophic KE temporal spectra vs DUACS,control_epoch_0070,Gulf Stream,9.13125,2.3762436617540867e-10,frequency (cycles yr-1)
Surface geostrophic KE temporal spectra vs DUACS,control_epoch_0070,Gulf Stream,9.4166015625,1.4514402997629542e-10,frequency (cycles yr-1)
Surface geostrophic KE temporal spectra vs DUACS,control_epoch_0070,Gulf Stream,9.701953125,6.867718576693638e-11,frequency (cycles yr-1)
Surface geostrophic KE temporal spectra vs DUACS,control_epoch_0070,Gulf Stream,9.9873046875,4.880193484645538e-11,frequency (cycles yr-1)
Surface geostrophic KE temporal spectra vs DUACS,control_epoch_0070,Gulf Stream,10.272656249999999,5.263905506911838e-11,frequency (cycles yr-1)
Surface geostrophic KE temporal spectra vs DUACS,control_epoch_0070,Gulf Stream,10.5580078125,9.268515285869402e-11,frequency (cycles yr-1)
Surface geostrophic KE temporal spectra vs DUACS,control_epoch_0070,Gulf Stream,10.843359375,1.4350049256829528e-10,frequency (cycles yr-1)
Surface geostrophic KE temporal spectra vs DUACS,control_epoch_0070,Gulf Stream,11.1287109375,1.391141001532169e-10,frequency (cycles yr-1)
Surface geostrophic KE temporal spectra vs DUACS,control_epoch_0070,Gulf Stream,11.4140625,1.1029773362192745e-10,frequency (cycles yr-1)
Surface geostrophic KE temporal spectra vs DUACS,control_epoch_0070,Gulf Stream,11.699414062499999,4.9568993658890837e-11,frequency (cycles yr-1)
Surface geostrophic KE temporal spectra vs DUACS,control_epoch_0070,Gulf Stream,11.984765625,1.0100913809483855e-10,frequency (cycles yr-1)
Surface geostrophic KE temporal spectra vs DUACS,control_epoch_0070,Gulf Stream,12.2701171875,7.700459757762143e-11,frequency (cycles yr-1)
Surface geostrophic KE temporal spectra vs DUACS,control_epoch_0070,Gulf Stream,12.55546875,9.819070787426077e-11,frequency (cycles yr-1)
Surface geostrophic KE temporal spectra vs DUACS,control_epoch_0070,Gulf Stream,12.8408203125,1.676455672831527e-10,frequency (cycles yr-1)
Surface geostrophic KE temporal spectra vs DUACS,control_epoch_0070,Gulf Stream,13.126171874999999,9.178175603295631e-11,frequency (cycles yr-1)
Surface geostrophic KE temporal spectra vs DUACS,control_epoch_0070,Gulf Stream,13.4115234375,6.760163026901443e-11,frequency (cycles yr-1)
Surface geostrophic KE temporal spectra vs DUACS,control_epoch_0070,Gulf Stream,13.696874999999999,3.58434018466538e-11,frequency (cycles yr-1)
Surface geostrophic KE temporal spectra vs DUACS,control_epoch_0070,Gulf Stream,13.9822265625,3.1541546678156253e-11,frequency (cycles yr-1)
Surface geostrophic KE temporal spectra vs DUACS,control_epoch_0070,Gulf Stream,14.267578125,1.09157424524266e-10,frequency (cycles yr-1)
Surface geostrophic KE temporal spectra vs DUACS,control_epoch_0070,Gulf Stream,14.552929687499999,1.1208237761637753e-10,frequency (cycles yr-1)
Surface geostrophic KE temporal spectra vs DUACS,control_epoch_0070,Gulf Stream,14.83828125,6.021773267010152e-11,frequency (cycles yr-1)
Surface geostrophic KE temporal spectra vs DUACS,control_epoch_0070,Gulf Stream,15.123632812499999,3.514958994789429e-11,frequency (cycles yr-1)
Surface geostrophic KE temporal spectra vs DUACS,control_epoch_0070,Gulf Stream,15.408984375,3.644771738578382e-11,frequency (cycles yr-1)
Surface geostrophic KE temporal spectra vs DUACS,control_epoch_0070,Gulf Stream,15.6943359375,5.413242156684549e-11,frequency (cycles yr-1)
Surface geostrophic KE temporal spectra vs DUACS,control_epoch_0070,Gulf Stream,15.979687499999999,2.1135281607157566e-11,frequency (cycles yr-1)
Surface geostrophic KE temporal spectra vs DUACS,control_epoch_0070,Gulf Stream,16.265039062499998,2.8444457436432345e-11,frequency (cycles yr-1)
Surface geostrophic KE temporal spectra vs DUACS,control_epoch_0070,Gulf Stream,16.550390625,6.275005690497938e-11,frequency (cycles yr-1)
Surface geostrophic KE temporal spectra vs DUACS,control_epoch_0070,Gulf Stream,16.8357421875,9.835079196684697e-11,frequency (cycles yr-1)
Surface geostrophic KE temporal spectra vs DUACS,control_epoch_0070,Gulf Stream,17.12109375,7.416200097874873e-11,frequency (cycles yr-1)
Surface geostrophic KE temporal spectra vs DUACS,control_epoch_0070,Gulf Stream,17.4064453125,3.0023364909455034e-11,frequency (cycles yr-1)
Surface geostrophic KE temporal spectra vs DUACS,control_epoch_0070,Gulf Stream,17.691796874999998,8.879098207900284e-11,frequency (cycles yr-1)
Surface geostrophic KE temporal spectra vs DUACS,control_epoch_0070,Gulf Stream,17.9771484375,1.0361214810701096e-10,frequency (cycles yr-1)
Surface geostrophic KE temporal spectra vs DUACS,control_epoch_0070,Gulf Stream,18.2625,7.677539987138158e-11,frequency (cycles yr-1)
Surface geostrophic KE temporal spectra vs DUACS,control_epoch_0070,Gulf Stream,18.5478515625,1.2849686882545845e-10,frequency (cycles yr-1)
Surface geostrophic KE temporal spectra vs DUACS,control_epoch_0070,Gulf Stream,18.833203125,7.222675012172612e-11,frequency (cycles yr-1)
Surface geostrophic KE temporal spectra vs DUACS,control_epoch_0070,Gulf Stream,19.118554687499998,2.8966371252060748e-11,frequency (cycles yr-1)
Surface geostrophic KE temporal spectra vs DUACS,control_epoch_0070,Gulf Stream,19.40390625,8.246473147700032e-11,frequency (cycles yr-1)
Surface geostrophic KE temporal spectra vs DUACS,control_epoch_0070,Gulf Stream,19.6892578125,9.132130823237894e-11,frequency (cycles yr-1)
Surface geostrophic KE temporal spectra vs DUACS,control_epoch_0070,Gulf Stream,19.974609375,4.064944493078858e-11,frequency (cycles yr-1)
Surface geostrophic KE temporal spectra vs DUACS,control_epoch_0070,Gulf Stream,20.2599609375,1.125408804288862e-11,frequency (cycles yr-1)
Surface geostrophic KE temporal spectra vs DUACS,control_epoch_0070,Gulf Stream,20.545312499999998,1.4755284865157293e-11,frequency (cycles yr-1)
Surface geostrophic KE temporal spectra vs DUACS,control_epoch_0070,Gulf Stream,20.8306640625,2.9574990344337594e-11,frequency (cycles yr-1)
Surface geostrophic KE temporal spectra vs DUACS,control_epoch_0070,Gulf Stream,21.116015625,2.2055063566062104e-11,frequency (cycles yr-1)
Surface geostrophic KE temporal spectra vs DUACS,control_epoch_0070,Gulf Stream,21.4013671875,1.8332220629945116e-11,frequency (cycles yr-1)
Surface geostrophic KE temporal spectra vs DUACS,control_epoch_0070,Gulf Stream,21.68671875,2.8177748046515667e-11,frequency (cycles yr-1)
Surface geostrophic KE temporal spectra vs DUACS,control_epoch_0070,Gulf Stream,21.972070312499998,3.712603454629558e-11,frequency (cycles yr-1)
Surface geostrophic KE temporal spectra vs DUACS,control_epoch_0070,Gulf Stream,22.257421875,4.661159823678046e-11,frequency (cycles yr-1)
Surface geostrophic KE temporal spectra vs DUACS,control_epoch_0070,Gulf Stream,22.5427734375,1.7158397802221876e-11,frequency (cycles yr-1)
Surface geostrophic KE temporal spectra vs DUACS,control_epoch_0070,Gulf Stream,22.828125,1.4600810290320655e-11,frequency (cycles yr-1)
Surface geostrophic KE temporal spectra vs DUACS,control_epoch_0070,Gulf Stream,23.1134765625,1.976754895205151e-11,frequency (cycles yr-1)
Surface geostrophic KE temporal spectra vs DUACS,control_epoch_0070,Gulf Stream,23.398828124999998,3.6175426942445375e-11,frequency (cycles yr-1)
Surface geostrophic KE temporal spectra vs DUACS,control_epoch_0070,Gulf Stream,23.6841796875,7.461621428765054e-11,frequency (cycles yr-1)
Surface geostrophic KE temporal spectra vs DUACS,control_epoch_0070,Gulf Stream,23.96953125,5.669595545660662e-11,frequency (cycles yr-1)
Surface geostrophic KE temporal spectra vs DUACS,control_epoch_0070,Gulf Stream,24.2548828125,3.006229105651674e-11,frequency (cycles yr-1)
Surface geostrophic KE temporal spectra vs DUACS,control_epoch_0070,Gulf Stream,24.540234375,1.339132830456606e-11,frequency (cycles yr-1)
Surface geostrophic KE temporal spectra vs DUACS,control_epoch_0070,Gulf Stream,24.825585937499998,2.3452339024482097e-11,frequency (cycles yr-1)
Surface geostrophic KE temporal spectra vs DUACS,control_epoch_0070,Gulf Stream,25.1109375,6.301652536632624e-11,frequency (cycles yr-1)
Surface geostrophic KE temporal spectra vs DUACS,control_epoch_0070,Gulf Stream,25.3962890625,3.669239118049724e-11,frequency (cycles yr-1)
Surface geostrophic KE temporal spectra vs DUACS,control_epoch_0070,Gulf Stream,25.681640625,1.49823738715464e-11,frequency (cycles yr-1)
Surface geostrophic KE temporal spectra vs DUACS,control_epoch_0070,Gulf Stream,25.9669921875,1.4766669357923866e-11,frequency (cycles yr-1)
Surface geostrophic KE temporal spectra vs DUACS,control_epoch_0070,Gulf Stream,26.252343749999998,2.1824763590017654e-11,frequency (cycles yr-1)
Surface geostrophic KE temporal spectra vs DUACS,control_epoch_0070,Gulf Stream,26.5376953125,1.4642368443392342e-11,frequency (cycles yr-1)
Surface geostrophic KE temporal spectra vs DUACS,control_epoch_0070,Gulf Stream,26.823046875,1.636194618832228e-11,frequency (cycles yr-1)
Surface geostrophic KE temporal spectra vs DUACS,control_epoch_0070,Gulf Stream,27.1083984375,2.453398793441983e-11,frequency (cycles yr-1)
Surface geostrophic KE temporal spectra vs DUACS,control_epoch_0070,Gulf Stream,27.393749999999997,3.7770910856569956e-11,frequency (cycles yr-1)
Surface geostrophic KE temporal spectra vs DUACS,control_epoch_0070,Gulf Stream,27.679101562499998,2.1229059054692442e-11,frequency (cycles yr-1)
Surface geostrophic KE temporal spectra vs DUACS,control_epoch_0070,Gulf Stream,27.964453125,9.973899672371285e-12,frequency (cycles yr-1)
Surface geostrophic KE temporal spectra vs DUACS,control_epoch_0070,Gulf Stream,28.2498046875,2.485799527072168e-11,frequency (cycles yr-1)
Surface geostrophic KE temporal spectra vs DUACS,control_epoch_0070,Gulf Stream,28.53515625,5.1945085601784454e-11,frequency (cycles yr-1)
Surface geostrophic KE temporal spectra vs DUACS,control_epoch_0070,Gulf Stream,28.820507812499997,3.7122634493578134e-11,frequency (cycles yr-1)
Surface geostrophic KE temporal spectra vs DUACS,control_epoch_0070,Gulf Stream,29.105859374999998,8.37215240017351e-12,frequency (cycles yr-1)
Surface geostrophic KE temporal spectra vs DUACS,control_epoch_0070,Gulf Stream,29.3912109375,8.052584959132321e-12,frequency (cycles yr-1)
Surface geostrophic KE temporal spectra vs DUACS,control_epoch_0070,Gulf Stream,29.6765625,1.4283595413903824e-11,frequency (cycles yr-1)
Surface geostrophic KE temporal spectra vs DUACS,control_epoch_0070,Gulf Stream,29.9619140625,6.77349178584947e-12,frequency (cycles yr-1)
Surface geostrophic KE temporal spectra vs DUACS,control_epoch_0070,Gulf Stream,30.247265624999997,1.3026863774435471e-11,frequency (cycles yr-1)
Surface geostrophic KE temporal spectra vs DUACS,control_epoch_0070,Gulf Stream,30.532617187499998,4.9462234681023963e-11,frequency (cycles yr-1)
Surface geostrophic KE temporal spectra vs DUACS,control_epoch_0070,Gulf Stream,30.81796875,6.122692627955035e-11,frequency (cycles yr-1)
Surface geostrophic KE temporal spectra vs DUACS,control_epoch_0070,Gulf Stream,31.1033203125,6.38322764335443e-11,frequency (cycles yr-1)
Surface geostrophic KE temporal spectra vs DUACS,control_epoch_0070,Gulf Stream,31.388671875,5.702905566067849e-11,frequency (cycles yr-1)
Surface geostrophic KE temporal spectra vs DUACS,control_epoch_0070,Gulf Stream,31.674023437499997,2.3338579081389927e-11,frequency (cycles yr-1)
Surface geostrophic KE temporal spectra vs DUACS,control_epoch_0070,Gulf Stream,31.959374999999998,2.40038784323972e-11,frequency (cycles yr-1)
Surface geostrophic KE temporal spectra vs DUACS,control_epoch_0070,Gulf Stream,32.2447265625,3.060952926520758e-11,frequency (cycles yr-1)
Surface geostrophic KE temporal spectra vs DUACS,control_epoch_0070,Gulf Stream,32.530078124999996,2.795891418307285e-11,frequency (cycles yr-1)
Surface geostrophic KE temporal spectra vs DUACS,control_epoch_0070,Gulf Stream,32.8154296875,2.1515886832311534e-11,frequency (cycles yr-1)
Surface geostrophic KE temporal spectra vs DUACS,control_epoch_0070,Gulf Stream,33.10078125,2.869290437740558e-11,frequency (cycles yr-1)
Surface geostrophic KE temporal spectra vs DUACS,control_epoch_0070,Gulf Stream,33.3861328125,3.2167061885017534e-11,frequency (cycles yr-1)
Surface geostrophic KE temporal spectra vs DUACS,control_epoch_0070,Gulf Stream,33.671484375,1.4746291532409226e-11,frequency (cycles yr-1)
Surface geostrophic KE temporal spectra vs DUACS,control_epoch_0070,Gulf Stream,33.956835937499996,8.546897848879256e-12,frequency (cycles yr-1)
Surface geostrophic KE temporal spectra vs DUACS,control_epoch_0070,Gulf Stream,34.2421875,5.6197266027190335e-12,frequency (cycles yr-1)
Surface geostrophic KE temporal spectra vs DUACS,control_epoch_0070,Gulf Stream,34.5275390625,3.913835698320005e-12,frequency (cycles yr-1)
Surface geostrophic KE temporal spectra vs DUACS,control_epoch_0070,Gulf Stream,34.812890625,6.702679850707196e-12,frequency (cycles yr-1)
Surface geostrophic KE temporal spectra vs DUACS,control_epoch_0070,Gulf Stream,35.0982421875,2.6268765550031275e-11,frequency (cycles yr-1)
Surface geostrophic KE temporal spectra vs DUACS,control_epoch_0070,Gulf Stream,35.383593749999996,1.4345605804415966e-10,frequency (cycles yr-1)
Surface geostrophic KE temporal spectra vs DUACS,control_epoch_0070,Gulf Stream,35.6689453125,1.54894239190095e-10,frequency (cycles yr-1)
Surface geostrophic KE temporal spectra vs DUACS,control_epoch_0070,Gulf Stream,35.954296875,3.223565235975352e-10,frequency (cycles yr-1)
Surface geostrophic KE temporal spectra vs DUACS,control_epoch_0070,Gulf Stream,36.2396484375,6.008766778931851e-10,frequency (cycles yr-1)
Surface geostrophic KE temporal spectra vs DUACS,control_epoch_0070,Gulf Stream,36.525,1.8202634557636892e-10,frequency (cycles yr-1)
Surface geostrophic KE temporal spectra vs DUACS,control_epoch_0070,Agulhas,0.2853515625,1.0613338547471688e-07,frequency (cycles yr-1)
Surface geostrophic KE temporal spectra vs DUACS,control_epoch_0070,Agulhas,0.570703125,8.971105356022286e-08,frequency (cycles yr-1)
Surface geostrophic KE temporal spectra vs DUACS,control_epoch_0070,Agulhas,0.8560546874999999,1.9258157269625656e-07,frequency (cycles yr-1)
Surface geostrophic KE temporal spectra vs DUACS,control_epoch_0070,Agulhas,1.14140625,1.5829039865418119e-07,frequency (cycles yr-1)
Surface geostrophic KE temporal spectra vs DUACS,control_epoch_0070,Agulhas,1.4267578125,7.259501107667792e-08,frequency (cycles yr-1)
Surface geostrophic KE temporal spectra vs DUACS,control_epoch_0070,Agulhas,1.7121093749999998,3.4103509054531264e-08,frequency (cycles yr-1)
Surface geostrophic KE temporal spectra vs DUACS,control_epoch_0070,Agulhas,1.9974609374999999,2.2031717587249462e-08,frequency (cycles yr-1)
Surface geostrophic KE temporal spectra vs DUACS,control_epoch_0070,Agulhas,2.2828125,9.47555210425429e-09,frequency (cycles yr-1)
Surface geostrophic KE temporal spectra vs DUACS,control_epoch_0070,Agulhas,2.5681640624999997,7.676854161734009e-09,frequency (cycles yr-1)
Surface geostrophic KE temporal spectra vs DUACS,control_epoch_0070,Agulhas,2.853515625,7.860492768357144e-09,frequency (cycles yr-1)
Surface geostrophic KE temporal spectra vs DUACS,control_epoch_0070,Agulhas,3.1388671875,1.5226544619278842e-08,frequency (cycles yr-1)
Surface geostrophic KE temporal spectra vs DUACS,control_epoch_0070,Agulhas,3.4242187499999996,2.3226366419481526e-08,frequency (cycles yr-1)
Surface geostrophic KE temporal spectra vs DUACS,control_epoch_0070,Agulhas,3.7095703125,1.0898162035026685e-08,frequency (cycles yr-1)
Surface geostrophic KE temporal spectra vs DUACS,control_epoch_0070,Agulhas,3.9949218749999997,1.2581446703679659e-08,frequency (cycles yr-1)
Surface geostrophic KE temporal spectra vs DUACS,control_epoch_0070,Agulhas,4.2802734375,1.7744093202413352e-08,frequency (cycles yr-1)
Surface geostrophic KE temporal spectra vs DUACS,control_epoch_0070,Agulhas,4.565625,2.0881175225107942e-08,frequency (cycles yr-1)
Surface geostrophic KE temporal spectra vs DUACS,control_epoch_0070,Agulhas,4.8509765625,1.458941142024174e-08,frequency (cycles yr-1)
Surface geostrophic KE temporal spectra vs DUACS,control_epoch_0070,Agulhas,5.1363281249999995,5.577261741542721e-09,frequency (cycles yr-1)
Surface geostrophic KE temporal spectra vs DUACS,control_epoch_0070,Agulhas,5.4216796875,1.7276800581323987e-09,frequency (cycles yr-1)
Surface geostrophic KE temporal spectra vs DUACS,control_epoch_0070,Agulhas,5.70703125,2.0145668346100866e-09,frequency (cycles yr-1)
Surface geostrophic KE temporal spectra vs DUACS,control_epoch_0070,Agulhas,5.9923828125,3.845491958297943e-09,frequency (cycles yr-1)
Surface geostrophic KE temporal spectra vs DUACS,control_epoch_0070,Agulhas,6.277734375,1.11083757152855e-08,frequency (cycles yr-1)
Surface geostrophic KE temporal spectra vs DUACS,control_epoch_0070,Agulhas,6.5630859374999995,3.3648115165091376e-09,frequency (cycles yr-1)
Surface geostrophic KE temporal spectra vs DUACS,control_epoch_0070,Agulhas,6.848437499999999,2.9826744754340177e-09,frequency (cycles yr-1)
Surface geostrophic KE temporal spectra vs DUACS,control_epoch_0070,Agulhas,7.1337890625,4.607482817001942e-09,frequency (cycles yr-1)
Surface geostrophic KE temporal spectra vs DUACS,control_epoch_0070,Agulhas,7.419140625,3.135066670700833e-09,frequency (cycles yr-1)
Surface geostrophic KE temporal spectra vs DUACS,control_epoch_0070,Agulhas,7.7044921875,3.2604524186276866e-09,frequency (cycles yr-1)
Surface geostrophic KE temporal spectra vs DUACS,control_epoch_0070,Agulhas,7.9898437499999995,1.6229079355507316e-09,frequency (cycles yr-1)
Surface geostrophic KE temporal spectra vs DUACS,control_epoch_0070,Agulhas,8.2751953125,1.26071702674026e-09,frequency (cycles yr-1)
Surface geostrophic KE temporal spectra vs DUACS,control_epoch_0070,Agulhas,8.560546875,2.936494620147347e-09,frequency (cycles yr-1)
Surface geostrophic KE temporal spectra vs DUACS,control_epoch_0070,Agulhas,8.845898437499999,6.872292700255337e-10,frequency (cycles yr-1)
Surface geostrophic KE temporal spectra vs DUACS,control_epoch_0070,Agulhas,9.13125,2.591302612938513e-10,frequency (cycles yr-1)
Surface geostrophic KE temporal spectra vs DUACS,control_epoch_0070,Agulhas,9.4166015625,8.4811395205455e-10,frequency (cycles yr-1)
Surface geostrophic KE temporal spectra vs DUACS,control_epoch_0070,Agulhas,9.701953125,7.937402189928166e-10,frequency (cycles yr-1)
Surface geostrophic KE temporal spectra vs DUACS,control_epoch_0070,Agulhas,9.9873046875,1.6885449118497328e-09,frequency (cycles yr-1)
Surface geostrophic KE temporal spectra vs DUACS,control_epoch_0070,Agulhas,10.272656249999999,1.1328749271080606e-09,frequency (cycles yr-1)
Surface geostrophic KE temporal spectra vs DUACS,control_epoch_0070,Agulhas,10.5580078125,7.281176935678257e-10,frequency (cycles yr-1)
Surface geostrophic KE temporal spectra vs DUACS,control_epoch_0070,Agulhas,10.843359375,5.525492586730138e-10,frequency (cycles yr-1)
Surface geostrophic KE temporal spectra vs DUACS,control_epoch_0070,Agulhas,11.1287109375,2.587787478546699e-10,frequency (cycles yr-1)
Surface geostrophic KE temporal spectra vs DUACS,control_epoch_0070,Agulhas,11.4140625,6.163124081695546e-10,frequency (cycles yr-1)
Surface geostrophic KE temporal spectra vs DUACS,control_epoch_0070,Agulhas,11.699414062499999,4.88285173572964e-10,frequency (cycles yr-1)
Surface geostrophic KE temporal spectra vs DUACS,control_epoch_0070,Agulhas,11.984765625,5.435887167058566e-10,frequency (cycles yr-1)
Surface geostrophic KE temporal spectra vs DUACS,control_epoch_0070,Agulhas,12.2701171875,4.97680147644212e-10,frequency (cycles yr-1)
Surface geostrophic KE temporal spectra vs DUACS,control_epoch_0070,Agulhas,12.55546875,3.0377988640570553e-10,frequency (cycles yr-1)
Surface geostrophic KE temporal spectra vs DUACS,control_epoch_0070,Agulhas,12.8408203125,1.200409847293898e-10,frequency (cycles yr-1)
Surface geostrophic KE temporal spectra vs DUACS,control_epoch_0070,Agulhas,13.126171874999999,2.108623419191731e-10,frequency (cycles yr-1)
Surface geostrophic KE temporal spectra vs DUACS,control_epoch_0070,Agulhas,13.4115234375,2.23268487849713e-10,frequency (cycles yr-1)
Surface geostrophic KE temporal spectra vs DUACS,control_epoch_0070,Agulhas,13.696874999999999,3.775268344626438e-10,frequency (cycles yr-1)
Surface geostrophic KE temporal spectra vs DUACS,control_epoch_0070,Agulhas,13.9822265625,2.4489254563746207e-10,frequency (cycles yr-1)
Surface geostrophic KE temporal spectra vs DUACS,control_epoch_0070,Agulhas,14.267578125,9.81764678759663e-11,frequency (cycles yr-1)
Surface geostrophic KE temporal spectra vs DUACS,control_epoch_0070,Agulhas,14.552929687499999,1.0950532160849359e-10,frequency (cycles yr-1)
Surface geostrophic KE temporal spectra vs DUACS,control_epoch_0070,Agulhas,14.83828125,3.214977181225967e-10,frequency (cycles yr-1)
Surface geostrophic KE temporal spectra vs DUACS,control_epoch_0070,Agulhas,15.123632812499999,3.028337449871896e-10,frequency (cycles yr-1)
Surface geostrophic KE temporal spectra vs DUACS,control_epoch_0070,Agulhas,15.408984375,1.1259345770837219e-10,frequency (cycles yr-1)
Surface geostrophic KE temporal spectra vs DUACS,control_epoch_0070,Agulhas,15.6943359375,1.5595588899574526e-10,frequency (cycles yr-1)
Surface geostrophic KE temporal spectra vs DUACS,control_epoch_0070,Agulhas,15.979687499999999,5.842569455083733e-10,frequency (cycles yr-1)
Surface geostrophic KE temporal spectra vs DUACS,control_epoch_0070,Agulhas,16.265039062499998,8.57747915236219e-10,frequency (cycles yr-1)
Surface geostrophic KE temporal spectra vs DUACS,control_epoch_0070,Agulhas,16.550390625,4.1975552286832105e-10,frequency (cycles yr-1)
Surface geostrophic KE temporal spectra vs DUACS,control_epoch_0070,Agulhas,16.8357421875,2.2534256323197102e-10,frequency (cycles yr-1)
Surface geostrophic KE temporal spectra vs DUACS,control_epoch_0070,Agulhas,17.12109375,3.091899487705114e-10,frequency (cycles yr-1)
Surface geostrophic KE temporal spectra vs DUACS,control_epoch_0070,Agulhas,17.4064453125,2.643147611669379e-10,frequency (cycles yr-1)
Surface geostrophic KE temporal spectra vs DUACS,control_epoch_0070,Agulhas,17.691796874999998,2.48691957631539e-10,frequency (cycles yr-1)
Surface geostrophic KE temporal spectra vs DUACS,control_epoch_0070,Agulhas,17.9771484375,2.417027233989487e-10,frequency (cycles yr-1)
Surface geostrophic KE temporal spectra vs DUACS,control_epoch_0070,Agulhas,18.2625,1.8060442915538528e-10,frequency (cycles yr-1)
Surface geostrophic KE temporal spectra vs DUACS,control_epoch_0070,Agulhas,18.5478515625,2.7734182459175324e-10,frequency (cycles yr-1)
Surface geostrophic KE temporal spectra vs DUACS,control_epoch_0070,Agulhas,18.833203125,2.843324017871217e-10,frequency (cycles yr-1)
Surface geostrophic KE temporal spectra vs DUACS,control_epoch_0070,Agulhas,19.118554687499998,1.4170791715570884e-10,frequency (cycles yr-1)
Surface geostrophic KE temporal spectra vs DUACS,control_epoch_0070,Agulhas,19.40390625,2.9071648547223127e-10,frequency (cycles yr-1)
Surface geostrophic KE temporal spectra vs DUACS,control_epoch_0070,Agulhas,19.6892578125,1.6841172321668098e-10,frequency (cycles yr-1)
Surface geostrophic KE temporal spectra vs DUACS,control_epoch_0070,Agulhas,19.974609375,2.2444735333927371e-10,frequency (cycles yr-1)
Surface geostrophic KE temporal spectra vs DUACS,control_epoch_0070,Agulhas,20.2599609375,3.0533710500692384e-10,frequency (cycles yr-1)
Surface geostrophic KE temporal spectra vs DUACS,control_epoch_0070,Agulhas,20.545312499999998,2.2885945249690703e-10,frequency (cycles yr-1)
Surface geostrophic KE temporal spectra vs DUACS,control_epoch_0070,Agulhas,20.8306640625,5.889445909844274e-11,frequency (cycles yr-1)
Surface geostrophic KE temporal spectra vs DUACS,control_epoch_0070,Agulhas,21.116015625,5.763728294493464e-11,frequency (cycles yr-1)
Surface geostrophic KE temporal spectra vs DUACS,control_epoch_0070,Agulhas,21.4013671875,2.558456148275885e-11,frequency (cycles yr-1)
Surface geostrophic KE temporal spectra vs DUACS,control_epoch_0070,Agulhas,21.68671875,3.7736119654891686e-11,frequency (cycles yr-1)
Surface geostrophic KE temporal spectra vs DUACS,control_epoch_0070,Agulhas,21.972070312499998,5.3553040363549604e-11,frequency (cycles yr-1)
Surface geostrophic KE temporal spectra vs DUACS,control_epoch_0070,Agulhas,22.257421875,8.35322944287061e-11,frequency (cycles yr-1)
Surface geostrophic KE temporal spectra vs DUACS,control_epoch_0070,Agulhas,22.5427734375,1.4547810876704726e-10,frequency (cycles yr-1)
Surface geostrophic KE temporal spectra vs DUACS,control_epoch_0070,Agulhas,22.828125,1.0741413834375088e-10,frequency (cycles yr-1)
Surface geostrophic KE temporal spectra vs DUACS,control_epoch_0070,Agulhas,23.1134765625,4.041652091551433e-11,frequency (cycles yr-1)
Surface geostrophic KE temporal spectra vs DUACS,control_epoch_0070,Agulhas,23.398828124999998,6.111800743521388e-11,frequency (cycles yr-1)
Surface geostrophic KE temporal spectra vs DUACS,control_epoch_0070,Agulhas,23.6841796875,8.370788590188517e-11,frequency (cycles yr-1)
Surface geostrophic KE temporal spectra vs DUACS,control_epoch_0070,Agulhas,23.96953125,6.164206502409121e-11,frequency (cycles yr-1)
Surface geostrophic KE temporal spectra vs DUACS,control_epoch_0070,Agulhas,24.2548828125,5.372872935765804e-11,frequency (cycles yr-1)
Surface geostrophic KE temporal spectra vs DUACS,control_epoch_0070,Agulhas,24.540234375,6.421431524001639e-11,frequency (cycles yr-1)
Surface geostrophic KE temporal spectra vs DUACS,control_epoch_0070,Agulhas,24.825585937499998,6.318820728124405e-11,frequency (cycles yr-1)
Surface geostrophic KE temporal spectra vs DUACS,control_epoch_0070,Agulhas,25.1109375,1.3989689155079602e-10,frequency (cycles yr-1)
Surface geostrophic KE temporal spectra vs DUACS,control_epoch_0070,Agulhas,25.3962890625,8.489522095076978e-11,frequency (cycles yr-1)
Surface geostrophic KE temporal spectra vs DUACS,control_epoch_0070,Agulhas,25.681640625,1.182963192685822e-10,frequency (cycles yr-1)
Surface geostrophic KE temporal spectra vs DUACS,control_epoch_0070,Agulhas,25.9669921875,7.100930421516536e-11,frequency (cycles yr-1)
Surface geostrophic KE temporal spectra vs DUACS,control_epoch_0070,Agulhas,26.252343749999998,5.088368616336663e-11,frequency (cycles yr-1)
Surface geostrophic KE temporal spectra vs DUACS,control_epoch_0070,Agulhas,26.5376953125,1.064847592524781e-10,frequency (cycles yr-1)
Surface geostrophic KE temporal spectra vs DUACS,control_epoch_0070,Agulhas,26.823046875,1.508837600918011e-10,frequency (cycles yr-1)
Surface geostrophic KE temporal spectra vs DUACS,control_epoch_0070,Agulhas,27.1083984375,1.1907905595019992e-10,frequency (cycles yr-1)
Surface geostrophic KE temporal spectra vs DUACS,control_epoch_0070,Agulhas,27.393749999999997,9.587828567337402e-11,frequency (cycles yr-1)
Surface geostrophic KE temporal spectra vs DUACS,control_epoch_0070,Agulhas,27.679101562499998,5.945645230254361e-11,frequency (cycles yr-1)
Surface geostrophic KE temporal spectra vs DUACS,control_epoch_0070,Agulhas,27.964453125,2.30967862378749e-10,frequency (cycles yr-1)
Surface geostrophic KE temporal spectra vs DUACS,control_epoch_0070,Agulhas,28.2498046875,1.1005809479400934e-10,frequency (cycles yr-1)
Surface geostrophic KE temporal spectra vs DUACS,control_epoch_0070,Agulhas,28.53515625,7.246397231861695e-11,frequency (cycles yr-1)
Surface geostrophic KE temporal spectra vs DUACS,control_epoch_0070,Agulhas,28.820507812499997,1.7033221973129184e-10,frequency (cycles yr-1)
Surface geostrophic KE temporal spectra vs DUACS,control_epoch_0070,Agulhas,29.105859374999998,8.516898225700824e-11,frequency (cycles yr-1)
Surface geostrophic KE temporal spectra vs DUACS,control_epoch_0070,Agulhas,29.3912109375,1.2751597233874283e-10,frequency (cycles yr-1)
Surface geostrophic KE temporal spectra vs DUACS,control_epoch_0070,Agulhas,29.6765625,1.2785621196186035e-10,frequency (cycles yr-1)
Surface geostrophic KE temporal spectra vs DUACS,control_epoch_0070,Agulhas,29.9619140625,6.35058832778353e-11,frequency (cycles yr-1)
Surface geostrophic KE temporal spectra vs DUACS,control_epoch_0070,Agulhas,30.247265624999997,1.0531261815867989e-10,frequency (cycles yr-1)
Surface geostrophic KE temporal spectra vs DUACS,control_epoch_0070,Agulhas,30.532617187499998,1.2461691404897046e-10,frequency (cycles yr-1)
Surface geostrophic KE temporal spectra vs DUACS,control_epoch_0070,Agulhas,30.81796875,5.471193325743957e-11,frequency (cycles yr-1)
Surface geostrophic KE temporal spectra vs DUACS,control_epoch_0070,Agulhas,31.1033203125,9.651331250310802e-11,frequency (cycles yr-1)
Surface geostrophic KE temporal spectra vs DUACS,control_epoch_0070,Agulhas,31.388671875,5.6916675093599676e-11,frequency (cycles yr-1)
Surface geostrophic KE temporal spectra vs DUACS,control_epoch_0070,Agulhas,31.674023437499997,5.650564953450109e-11,frequency (cycles yr-1)
Surface geostrophic KE temporal spectra vs DUACS,control_epoch_0070,Agulhas,31.959374999999998,9.157880946498929e-11,frequency (cycles yr-1)
Surface geostrophic KE temporal spectra vs DUACS,control_epoch_0070,Agulhas,32.2447265625,2.2027451969112826e-10,frequency (cycles yr-1)
Surface geostrophic KE temporal spectra vs DUACS,control_epoch_0070,Agulhas,32.530078124999996,4.031390802164264e-10,frequency (cycles yr-1)
Surface geostrophic KE temporal spectra vs DUACS,control_epoch_0070,Agulhas,32.8154296875,2.445566225563699e-10,frequency (cycles yr-1)
Surface geostrophic KE temporal spectra vs DUACS,control_epoch_0070,Agulhas,33.10078125,9.898758865575782e-11,frequency (cycles yr-1)
Surface geostrophic KE temporal spectra vs DUACS,control_epoch_0070,Agulhas,33.3861328125,9.2466639057733e-11,frequency (cycles yr-1)
Surface geostrophic KE temporal spectra vs DUACS,control_epoch_0070,Agulhas,33.671484375,2.2562487303753677e-11,frequency (cycles yr-1)
Surface geostrophic KE temporal spectra vs DUACS,control_epoch_0070,Agulhas,33.956835937499996,4.0099402346663155e-11,frequency (cycles yr-1)
Surface geostrophic KE temporal spectra vs DUACS,control_epoch_0070,Agulhas,34.2421875,1.2787896038382173e-10,frequency (cycles yr-1)
Surface geostrophic KE temporal spectra vs DUACS,control_epoch_0070,Agulhas,34.5275390625,2.6402986467738936e-10,frequency (cycles yr-1)
Surface geostrophic KE temporal spectra vs DUACS,control_epoch_0070,Agulhas,34.812890625,2.0805840019954785e-10,frequency (cycles yr-1)
Surface geostrophic KE temporal spectra vs DUACS,control_epoch_0070,Agulhas,35.0982421875,1.1189415679366521e-10,frequency (cycles yr-1)
Surface geostrophic KE temporal spectra vs DUACS,control_epoch_0070,Agulhas,35.383593749999996,7.852759924013312e-11,frequency (cycles yr-1)
Surface geostrophic KE temporal spectra vs DUACS,control_epoch_0070,Agulhas,35.6689453125,1.0725084251919565e-10,frequency (cycles yr-1)
Surface geostrophic KE temporal spectra vs DUACS,control_epoch_0070,Agulhas,35.954296875,2.3656599335435326e-10,frequency (cycles yr-1)
Surface geostrophic KE temporal spectra vs DUACS,control_epoch_0070,Agulhas,36.2396484375,8.536619950362122e-10,frequency (cycles yr-1)
Surface geostrophic KE temporal spectra vs DUACS,control_epoch_0070,Agulhas,36.525,9.342036019398498e-10,frequency (cycles yr-1)
Surface geostrophic KE temporal spectra vs DUACS,control_ema_latest,Global,0.2853515625,7.460334691811967e-09,frequency (cycles yr-1)
Surface geostrophic KE temporal spectra vs DUACS,control_ema_latest,Global,0.570703125,6.477694272673608e-09,frequency (cycles yr-1)
Surface geostrophic KE temporal spectra vs DUACS,control_ema_latest,Global,0.8560546874999999,2.1232218427545122e-08,frequency (cycles yr-1)
Surface geostrophic KE temporal spectra vs DUACS,control_ema_latest,Global,1.14140625,1.6772560437925453e-08,frequency (cycles yr-1)
Surface geostrophic KE temporal spectra vs DUACS,control_ema_latest,Global,1.4267578125,2.0933718185699102e-09,frequency (cycles yr-1)
Surface geostrophic KE temporal spectra vs DUACS,control_ema_latest,Global,1.7121093749999998,1.0375430958566638e-09,frequency (cycles yr-1)
Surface geostrophic KE temporal spectra vs DUACS,control_ema_latest,Global,1.9974609374999999,2.1856759076314668e-09,frequency (cycles yr-1)
Surface geostrophic KE temporal spectra vs DUACS,control_ema_latest,Global,2.2828125,7.984552235316531e-10,frequency (cycles yr-1)
Surface geostrophic KE temporal spectra vs DUACS,control_ema_latest,Global,2.5681640624999997,5.132276401209931e-10,frequency (cycles yr-1)
Surface geostrophic KE temporal spectra vs DUACS,control_ema_latest,Global,2.853515625,1.5563254076442907e-09,frequency (cycles yr-1)
Surface geostrophic KE temporal spectra vs DUACS,control_ema_latest,Global,3.1388671875,1.5225912630191958e-09,frequency (cycles yr-1)
Surface geostrophic KE temporal spectra vs DUACS,control_ema_latest,Global,3.4242187499999996,3.9771080868935145e-10,frequency (cycles yr-1)
Surface geostrophic KE temporal spectra vs DUACS,control_ema_latest,Global,3.7095703125,1.0457524223838204e-10,frequency (cycles yr-1)
Surface geostrophic KE temporal spectra vs DUACS,control_ema_latest,Global,3.9949218749999997,1.922431800062643e-10,frequency (cycles yr-1)
Surface geostrophic KE temporal spectra vs DUACS,control_ema_latest,Global,4.2802734375,2.4981235939420446e-10,frequency (cycles yr-1)
Surface geostrophic KE temporal spectra vs DUACS,control_ema_latest,Global,4.565625,2.5494659070992093e-10,frequency (cycles yr-1)
Surface geostrophic KE temporal spectra vs DUACS,control_ema_latest,Global,4.8509765625,2.6157202893153024e-10,frequency (cycles yr-1)
Surface geostrophic KE temporal spectra vs DUACS,control_ema_latest,Global,5.1363281249999995,2.1666285234731184e-10,frequency (cycles yr-1)
Surface geostrophic KE temporal spectra vs DUACS,control_ema_latest,Global,5.4216796875,1.5608129026079963e-10,frequency (cycles yr-1)
Surface geostrophic KE temporal spectra vs DUACS,control_ema_latest,Global,5.70703125,1.546206666144666e-10,frequency (cycles yr-1)
Surface geostrophic KE temporal spectra vs DUACS,control_ema_latest,Global,5.9923828125,5.60901604173161e-11,frequency (cycles yr-1)
Surface geostrophic KE temporal spectra vs DUACS,control_ema_latest,Global,6.277734375,6.150000497864848e-11,frequency (cycles yr-1)
Surface geostrophic KE temporal spectra vs DUACS,control_ema_latest,Global,6.5630859374999995,1.5640614140241693e-10,frequency (cycles yr-1)
Surface geostrophic KE temporal spectra vs DUACS,control_ema_latest,Global,6.848437499999999,2.337801907110555e-10,frequency (cycles yr-1)
Surface geostrophic KE temporal spectra vs DUACS,control_ema_latest,Global,7.1337890625,5.3962289380219556e-11,frequency (cycles yr-1)
Surface geostrophic KE temporal spectra vs DUACS,control_ema_latest,Global,7.419140625,4.8975960994280346e-11,frequency (cycles yr-1)
Surface geostrophic KE temporal spectra vs DUACS,control_ema_latest,Global,7.7044921875,1.9489272549194375e-11,frequency (cycles yr-1)
Surface geostrophic KE temporal spectra vs DUACS,control_ema_latest,Global,7.9898437499999995,2.801689856280719e-11,frequency (cycles yr-1)
Surface geostrophic KE temporal spectra vs DUACS,control_ema_latest,Global,8.2751953125,6.155096321665921e-11,frequency (cycles yr-1)
Surface geostrophic KE temporal spectra vs DUACS,control_ema_latest,Global,8.560546875,1.340393856236065e-10,frequency (cycles yr-1)
Surface geostrophic KE temporal spectra vs DUACS,control_ema_latest,Global,8.845898437499999,1.4100640155208735e-10,frequency (cycles yr-1)
Surface geostrophic KE temporal spectra vs DUACS,control_ema_latest,Global,9.13125,6.74961524826644e-11,frequency (cycles yr-1)
Surface geostrophic KE temporal spectra vs DUACS,control_ema_latest,Global,9.4166015625,5.1218085161104286e-11,frequency (cycles yr-1)
Surface geostrophic KE temporal spectra vs DUACS,control_ema_latest,Global,9.701953125,1.007515753519128e-10,frequency (cycles yr-1)
Surface geostrophic KE temporal spectra vs DUACS,control_ema_latest,Global,9.9873046875,7.106626447914382e-11,frequency (cycles yr-1)
Surface geostrophic KE temporal spectra vs DUACS,control_ema_latest,Global,10.272656249999999,6.2176979291144994e-12,frequency (cycles yr-1)
Surface geostrophic KE temporal spectra vs DUACS,control_ema_latest,Global,10.5580078125,2.1780517146223918e-11,frequency (cycles yr-1)
Surface geostrophic KE temporal spectra vs DUACS,control_ema_latest,Global,10.843359375,8.376293741443312e-12,frequency (cycles yr-1)
Surface geostrophic KE temporal spectra vs DUACS,control_ema_latest,Global,11.1287109375,1.463925723398288e-11,frequency (cycles yr-1)
Surface geostrophic KE temporal spectra vs DUACS,control_ema_latest,Global,11.4140625,2.9689301323988086e-11,frequency (cycles yr-1)
Surface geostrophic KE temporal spectra vs DUACS,control_ema_latest,Global,11.699414062499999,4.088455555752135e-11,frequency (cycles yr-1)
Surface geostrophic KE temporal spectra vs DUACS,control_ema_latest,Global,11.984765625,3.176280482166047e-11,frequency (cycles yr-1)
Surface geostrophic KE temporal spectra vs DUACS,control_ema_latest,Global,12.2701171875,3.930450804941549e-11,frequency (cycles yr-1)
Surface geostrophic KE temporal spectra vs DUACS,control_ema_latest,Global,12.55546875,2.9096665772388685e-11,frequency (cycles yr-1)
Surface geostrophic KE temporal spectra vs DUACS,control_ema_latest,Global,12.8408203125,2.513526643547312e-11,frequency (cycles yr-1)
Surface geostrophic KE temporal spectra vs DUACS,control_ema_latest,Global,13.126171874999999,4.050503481797915e-12,frequency (cycles yr-1)
Surface geostrophic KE temporal spectra vs DUACS,control_ema_latest,Global,13.4115234375,1.0743027688148762e-11,frequency (cycles yr-1)
Surface geostrophic KE temporal spectra vs DUACS,control_ema_latest,Global,13.696874999999999,2.4626010039979145e-11,frequency (cycles yr-1)
Surface geostrophic KE temporal spectra vs DUACS,control_ema_latest,Global,13.9822265625,3.583001195834834e-11,frequency (cycles yr-1)
Surface geostrophic KE temporal spectra vs DUACS,control_ema_latest,Global,14.267578125,3.5411425965854036e-11,frequency (cycles yr-1)
Surface geostrophic KE temporal spectra vs DUACS,control_ema_latest,Global,14.552929687499999,4.631747496802588e-11,frequency (cycles yr-1)
Surface geostrophic KE temporal spectra vs DUACS,control_ema_latest,Global,14.83828125,3.471095372131116e-11,frequency (cycles yr-1)
Surface geostrophic KE temporal spectra vs DUACS,control_ema_latest,Global,15.123632812499999,1.3641388502721792e-11,frequency (cycles yr-1)
Surface geostrophic KE temporal spectra vs DUACS,control_ema_latest,Global,15.408984375,8.489999265860407e-12,frequency (cycles yr-1)
Surface geostrophic KE temporal spectra vs DUACS,control_ema_latest,Global,15.6943359375,1.2738200360340342e-11,frequency (cycles yr-1)
Surface geostrophic KE temporal spectra vs DUACS,control_ema_latest,Global,15.979687499999999,1.9925415446696403e-11,frequency (cycles yr-1)
Surface geostrophic KE temporal spectra vs DUACS,control_ema_latest,Global,16.265039062499998,6.665078977869808e-12,frequency (cycles yr-1)
Surface geostrophic KE temporal spectra vs DUACS,control_ema_latest,Global,16.550390625,1.2131669541072413e-11,frequency (cycles yr-1)
Surface geostrophic KE temporal spectra vs DUACS,control_ema_latest,Global,16.8357421875,7.676994901177952e-12,frequency (cycles yr-1)
Surface geostrophic KE temporal spectra vs DUACS,control_ema_latest,Global,17.12109375,7.401979098208539e-12,frequency (cycles yr-1)
Surface geostrophic KE temporal spectra vs DUACS,control_ema_latest,Global,17.4064453125,2.2429136093618592e-11,frequency (cycles yr-1)
Surface geostrophic KE temporal spectra vs DUACS,control_ema_latest,Global,17.691796874999998,1.861325738771943e-11,frequency (cycles yr-1)
Surface geostrophic KE temporal spectra vs DUACS,control_ema_latest,Global,17.9771484375,6.822495379115853e-12,frequency (cycles yr-1)
Surface geostrophic KE temporal spectra vs DUACS,control_ema_latest,Global,18.2625,1.906943377790296e-11,frequency (cycles yr-1)
Surface geostrophic KE temporal spectra vs DUACS,control_ema_latest,Global,18.5478515625,1.0773189322576662e-11,frequency (cycles yr-1)
Surface geostrophic KE temporal spectra vs DUACS,control_ema_latest,Global,18.833203125,3.1961136169711743e-11,frequency (cycles yr-1)
Surface geostrophic KE temporal spectra vs DUACS,control_ema_latest,Global,19.118554687499998,2.3713548300355178e-11,frequency (cycles yr-1)
Surface geostrophic KE temporal spectra vs DUACS,control_ema_latest,Global,19.40390625,5.797562258899831e-12,frequency (cycles yr-1)
Surface geostrophic KE temporal spectra vs DUACS,control_ema_latest,Global,19.6892578125,5.873096440412424e-12,frequency (cycles yr-1)
Surface geostrophic KE temporal spectra vs DUACS,control_ema_latest,Global,19.974609375,8.48439345593851e-12,frequency (cycles yr-1)
Surface geostrophic KE temporal spectra vs DUACS,control_ema_latest,Global,20.2599609375,7.212593887425732e-12,frequency (cycles yr-1)
Surface geostrophic KE temporal spectra vs DUACS,control_ema_latest,Global,20.545312499999998,8.608190113419497e-12,frequency (cycles yr-1)
Surface geostrophic KE temporal spectra vs DUACS,control_ema_latest,Global,20.8306640625,1.1208829997161875e-11,frequency (cycles yr-1)
Surface geostrophic KE temporal spectra vs DUACS,control_ema_latest,Global,21.116015625,1.843197136410556e-11,frequency (cycles yr-1)
Surface geostrophic KE temporal spectra vs DUACS,control_ema_latest,Global,21.4013671875,1.6482864724325605e-11,frequency (cycles yr-1)
Surface geostrophic KE temporal spectra vs DUACS,control_ema_latest,Global,21.68671875,2.3842097463889315e-11,frequency (cycles yr-1)
Surface geostrophic KE temporal spectra vs DUACS,control_ema_latest,Global,21.972070312499998,2.8744928191935952e-11,frequency (cycles yr-1)
Surface geostrophic KE temporal spectra vs DUACS,control_ema_latest,Global,22.257421875,2.434367893113762e-11,frequency (cycles yr-1)
Surface geostrophic KE temporal spectra vs DUACS,control_ema_latest,Global,22.5427734375,2.3789676566887605e-11,frequency (cycles yr-1)
Surface geostrophic KE temporal spectra vs DUACS,control_ema_latest,Global,22.828125,1.4143358668360181e-11,frequency (cycles yr-1)
Surface geostrophic KE temporal spectra vs DUACS,control_ema_latest,Global,23.1134765625,3.6302949611768555e-12,frequency (cycles yr-1)
Surface geostrophic KE temporal spectra vs DUACS,control_ema_latest,Global,23.398828124999998,1.3198810548811837e-12,frequency (cycles yr-1)
Surface geostrophic KE temporal spectra vs DUACS,control_ema_latest,Global,23.6841796875,1.110455485048789e-11,frequency (cycles yr-1)
Surface geostrophic KE temporal spectra vs DUACS,control_ema_latest,Global,23.96953125,1.2468062233376512e-11,frequency (cycles yr-1)
Surface geostrophic KE temporal spectra vs DUACS,control_ema_latest,Global,24.2548828125,1.496837214047989e-11,frequency (cycles yr-1)
Surface geostrophic KE temporal spectra vs DUACS,control_ema_latest,Global,24.540234375,6.765707328455792e-12,frequency (cycles yr-1)
Surface geostrophic KE temporal spectra vs DUACS,control_ema_latest,Global,24.825585937499998,1.036627084736102e-11,frequency (cycles yr-1)
Surface geostrophic KE temporal spectra vs DUACS,control_ema_latest,Global,25.1109375,7.0159836778457584e-12,frequency (cycles yr-1)
Surface geostrophic KE temporal spectra vs DUACS,control_ema_latest,Global,25.3962890625,4.538844840041522e-12,frequency (cycles yr-1)
Surface geostrophic KE temporal spectra vs DUACS,control_ema_latest,Global,25.681640625,2.268702531629616e-12,frequency (cycles yr-1)
Surface geostrophic KE temporal spectra vs DUACS,control_ema_latest,Global,25.9669921875,3.044017360043553e-12,frequency (cycles yr-1)
Surface geostrophic KE temporal spectra vs DUACS,control_ema_latest,Global,26.252343749999998,6.127915977558538e-13,frequency (cycles yr-1)
Surface geostrophic KE temporal spectra vs DUACS,control_ema_latest,Global,26.5376953125,1.3477748522988137e-11,frequency (cycles yr-1)
Surface geostrophic KE temporal spectra vs DUACS,control_ema_latest,Global,26.823046875,1.920333185566851e-11,frequency (cycles yr-1)
Surface geostrophic KE temporal spectra vs DUACS,control_ema_latest,Global,27.1083984375,1.5138793466403187e-11,frequency (cycles yr-1)
Surface geostrophic KE temporal spectra vs DUACS,control_ema_latest,Global,27.393749999999997,1.9015326430517358e-11,frequency (cycles yr-1)
Surface geostrophic KE temporal spectra vs DUACS,control_ema_latest,Global,27.679101562499998,1.9689286084950557e-11,frequency (cycles yr-1)
Surface geostrophic KE temporal spectra vs DUACS,control_ema_latest,Global,27.964453125,1.4391649660885337e-11,frequency (cycles yr-1)
Surface geostrophic KE temporal spectra vs DUACS,control_ema_latest,Global,28.2498046875,3.134311529869417e-12,frequency (cycles yr-1)
Surface geostrophic KE temporal spectra vs DUACS,control_ema_latest,Global,28.53515625,1.4420650443506924e-12,frequency (cycles yr-1)
Surface geostrophic KE temporal spectra vs DUACS,control_ema_latest,Global,28.820507812499997,4.5595423065174254e-12,frequency (cycles yr-1)
Surface geostrophic KE temporal spectra vs DUACS,control_ema_latest,Global,29.105859374999998,6.051317216671143e-12,frequency (cycles yr-1)
Surface geostrophic KE temporal spectra vs DUACS,control_ema_latest,Global,29.3912109375,6.148010853122546e-12,frequency (cycles yr-1)
Surface geostrophic KE temporal spectra vs DUACS,control_ema_latest,Global,29.6765625,8.205977568812056e-12,frequency (cycles yr-1)
Surface geostrophic KE temporal spectra vs DUACS,control_ema_latest,Global,29.9619140625,9.862496444355924e-12,frequency (cycles yr-1)
Surface geostrophic KE temporal spectra vs DUACS,control_ema_latest,Global,30.247265624999997,7.13247687681331e-12,frequency (cycles yr-1)
Surface geostrophic KE temporal spectra vs DUACS,control_ema_latest,Global,30.532617187499998,4.144129419019268e-12,frequency (cycles yr-1)
Surface geostrophic KE temporal spectra vs DUACS,control_ema_latest,Global,30.81796875,6.3907705523176855e-12,frequency (cycles yr-1)
Surface geostrophic KE temporal spectra vs DUACS,control_ema_latest,Global,31.1033203125,8.958566640348767e-12,frequency (cycles yr-1)
Surface geostrophic KE temporal spectra vs DUACS,control_ema_latest,Global,31.388671875,1.9666963715853976e-11,frequency (cycles yr-1)
Surface geostrophic KE temporal spectra vs DUACS,control_ema_latest,Global,31.674023437499997,1.5858877312532208e-11,frequency (cycles yr-1)
Surface geostrophic KE temporal spectra vs DUACS,control_ema_latest,Global,31.959374999999998,8.721647147222049e-12,frequency (cycles yr-1)
Surface geostrophic KE temporal spectra vs DUACS,control_ema_latest,Global,32.2447265625,8.275395261234697e-12,frequency (cycles yr-1)
Surface geostrophic KE temporal spectra vs DUACS,control_ema_latest,Global,32.530078124999996,7.739488282338745e-12,frequency (cycles yr-1)
Surface geostrophic KE temporal spectra vs DUACS,control_ema_latest,Global,32.8154296875,1.6441863986738253e-12,frequency (cycles yr-1)
Surface geostrophic KE temporal spectra vs DUACS,control_ema_latest,Global,33.10078125,6.985215487120376e-12,frequency (cycles yr-1)
Surface geostrophic KE temporal spectra vs DUACS,control_ema_latest,Global,33.3861328125,1.598868329673074e-11,frequency (cycles yr-1)
Surface geostrophic KE temporal spectra vs DUACS,control_ema_latest,Global,33.671484375,1.237654139624972e-11,frequency (cycles yr-1)
Surface geostrophic KE temporal spectra vs DUACS,control_ema_latest,Global,33.956835937499996,4.170041414591481e-12,frequency (cycles yr-1)
Surface geostrophic KE temporal spectra vs DUACS,control_ema_latest,Global,34.2421875,4.693545044575559e-12,frequency (cycles yr-1)
Surface geostrophic KE temporal spectra vs DUACS,control_ema_latest,Global,34.5275390625,5.479895634923495e-12,frequency (cycles yr-1)
Surface geostrophic KE temporal spectra vs DUACS,control_ema_latest,Global,34.812890625,1.5127120937110743e-11,frequency (cycles yr-1)
Surface geostrophic KE temporal spectra vs DUACS,control_ema_latest,Global,35.0982421875,8.860066530773887e-12,frequency (cycles yr-1)
Surface geostrophic KE temporal spectra vs DUACS,control_ema_latest,Global,35.383593749999996,5.565721635778597e-11,frequency (cycles yr-1)
Surface geostrophic KE temporal spectra vs DUACS,control_ema_latest,Global,35.6689453125,6.7172080660354e-11,frequency (cycles yr-1)
Surface geostrophic KE temporal spectra vs DUACS,control_ema_latest,Global,35.954296875,1.3677012132769158e-11,frequency (cycles yr-1)
Surface geostrophic KE temporal spectra vs DUACS,control_ema_latest,Global,36.2396484375,2.3979858093864607e-10,frequency (cycles yr-1)
Surface geostrophic KE temporal spectra vs DUACS,control_ema_latest,Global,36.525,5.073858517477219e-10,frequency (cycles yr-1)
Surface geostrophic KE temporal spectra vs DUACS,control_ema_latest,Gulf Stream,0.2853515625,1.8140325244279905e-08,frequency (cycles yr-1)
Surface geostrophic KE temporal spectra vs DUACS,control_ema_latest,Gulf Stream,0.570703125,2.1577505527158006e-08,frequency (cycles yr-1)
Surface geostrophic KE temporal spectra vs DUACS,control_ema_latest,Gulf Stream,0.8560546874999999,1.745297781714315e-08,frequency (cycles yr-1)
Surface geostrophic KE temporal spectra vs DUACS,control_ema_latest,Gulf Stream,1.14140625,9.448427568494234e-09,frequency (cycles yr-1)
Surface geostrophic KE temporal spectra vs DUACS,control_ema_latest,Gulf Stream,1.4267578125,4.072403215192586e-09,frequency (cycles yr-1)
Surface geostrophic KE temporal spectra vs DUACS,control_ema_latest,Gulf Stream,1.7121093749999998,1.2930865837368442e-09,frequency (cycles yr-1)
Surface geostrophic KE temporal spectra vs DUACS,control_ema_latest,Gulf Stream,1.9974609374999999,2.1795349284245093e-09,frequency (cycles yr-1)
Surface geostrophic KE temporal spectra vs DUACS,control_ema_latest,Gulf Stream,2.2828125,7.511875394629886e-10,frequency (cycles yr-1)
Surface geostrophic KE temporal spectra vs DUACS,control_ema_latest,Gulf Stream,2.5681640624999997,5.551180176905974e-10,frequency (cycles yr-1)
Surface geostrophic KE temporal spectra vs DUACS,control_ema_latest,Gulf Stream,2.853515625,1.4010325124719235e-09,frequency (cycles yr-1)
Surface geostrophic KE temporal spectra vs DUACS,control_ema_latest,Gulf Stream,3.1388671875,8.820816058764074e-10,frequency (cycles yr-1)
Surface geostrophic KE temporal spectra vs DUACS,control_ema_latest,Gulf Stream,3.4242187499999996,5.518630808052292e-10,frequency (cycles yr-1)
Surface geostrophic KE temporal spectra vs DUACS,control_ema_latest,Gulf Stream,3.7095703125,7.01724360005038e-10,frequency (cycles yr-1)
Surface geostrophic KE temporal spectra vs DUACS,control_ema_latest,Gulf Stream,3.9949218749999997,5.233573268014859e-10,frequency (cycles yr-1)
Surface geostrophic KE temporal spectra vs DUACS,control_ema_latest,Gulf Stream,4.2802734375,5.352379920070485e-10,frequency (cycles yr-1)
Surface geostrophic KE temporal spectra vs DUACS,control_ema_latest,Gulf Stream,4.565625,4.176799626961598e-10,frequency (cycles yr-1)
Surface geostrophic KE temporal spectra vs DUACS,control_ema_latest,Gulf Stream,4.8509765625,1.5668105971625602e-10,frequency (cycles yr-1)
Surface geostrophic KE temporal spectra vs DUACS,control_ema_latest,Gulf Stream,5.1363281249999995,6.621786490324806e-10,frequency (cycles yr-1)
Surface geostrophic KE temporal spectra vs DUACS,control_ema_latest,Gulf Stream,5.4216796875,8.3671432802629e-10,frequency (cycles yr-1)
Surface geostrophic KE temporal spectra vs DUACS,control_ema_latest,Gulf Stream,5.70703125,7.059313868926842e-10,frequency (cycles yr-1)
Surface geostrophic KE temporal spectra vs DUACS,control_ema_latest,Gulf Stream,5.9923828125,4.687623549147409e-10,frequency (cycles yr-1)
Surface geostrophic KE temporal spectra vs DUACS,control_ema_latest,Gulf Stream,6.277734375,2.0039743080309275e-10,frequency (cycles yr-1)
Surface geostrophic KE temporal spectra vs DUACS,control_ema_latest,Gulf Stream,6.5630859374999995,5.595853331293592e-11,frequency (cycles yr-1)
Surface geostrophic KE temporal spectra vs DUACS,control_ema_latest,Gulf Stream,6.848437499999999,2.1056195383513145e-10,frequency (cycles yr-1)
Surface geostrophic KE temporal spectra vs DUACS,control_ema_latest,Gulf Stream,7.1337890625,2.0212723002939003e-10,frequency (cycles yr-1)
Surface geostrophic KE temporal spectra vs DUACS,control_ema_latest,Gulf Stream,7.419140625,1.6611044021050778e-10,frequency (cycles yr-1)
Surface geostrophic KE temporal spectra vs DUACS,control_ema_latest,Gulf Stream,7.7044921875,5.1003089526584623e-11,frequency (cycles yr-1)
Surface geostrophic KE temporal spectra vs DUACS,control_ema_latest,Gulf Stream,7.9898437499999995,1.2753324008152008e-10,frequency (cycles yr-1)
Surface geostrophic KE temporal spectra vs DUACS,control_ema_latest,Gulf Stream,8.2751953125,1.3381440913309905e-10,frequency (cycles yr-1)
Surface geostrophic KE temporal spectra vs DUACS,control_ema_latest,Gulf Stream,8.560546875,4.245892960083257e-11,frequency (cycles yr-1)
Surface geostrophic KE temporal spectra vs DUACS,control_ema_latest,Gulf Stream,8.845898437499999,1.3000060311873822e-10,frequency (cycles yr-1)
Surface geostrophic KE temporal spectra vs DUACS,control_ema_latest,Gulf Stream,9.13125,2.1835675448303652e-10,frequency (cycles yr-1)
Surface geostrophic KE temporal spectra vs DUACS,control_ema_latest,Gulf Stream,9.4166015625,1.2956754275420456e-10,frequency (cycles yr-1)
Surface geostrophic KE temporal spectra vs DUACS,control_ema_latest,Gulf Stream,9.701953125,8.006372251940909e-11,frequency (cycles yr-1)
Surface geostrophic KE temporal spectra vs DUACS,control_ema_latest,Gulf Stream,9.9873046875,6.250088806757821e-11,frequency (cycles yr-1)
Surface geostrophic KE temporal spectra vs DUACS,control_ema_latest,Gulf Stream,10.272656249999999,7.469392527051828e-11,frequency (cycles yr-1)
Surface geostrophic KE temporal spectra vs DUACS,control_ema_latest,Gulf Stream,10.5580078125,1.2686093678895524e-10,frequency (cycles yr-1)
Surface geostrophic KE temporal spectra vs DUACS,control_ema_latest,Gulf Stream,10.843359375,1.7570696288735782e-10,frequency (cycles yr-1)
Surface geostrophic KE temporal spectra vs DUACS,control_ema_latest,Gulf Stream,11.1287109375,1.2472461126684957e-10,frequency (cycles yr-1)
Surface geostrophic KE temporal spectra vs DUACS,control_ema_latest,Gulf Stream,11.4140625,8.284363375541873e-11,frequency (cycles yr-1)
Surface geostrophic KE temporal spectra vs DUACS,control_ema_latest,Gulf Stream,11.699414062499999,5.635832035121475e-11,frequency (cycles yr-1)
Surface geostrophic KE temporal spectra vs DUACS,control_ema_latest,Gulf Stream,11.984765625,1.1389614456269178e-10,frequency (cycles yr-1)
Surface geostrophic KE temporal spectra vs DUACS,control_ema_latest,Gulf Stream,12.2701171875,1.0592194462558083e-10,frequency (cycles yr-1)
Surface geostrophic KE temporal spectra vs DUACS,control_ema_latest,Gulf Stream,12.55546875,1.4169508437561878e-10,frequency (cycles yr-1)
Surface geostrophic KE temporal spectra vs DUACS,control_ema_latest,Gulf Stream,12.8408203125,1.4727409404784007e-10,frequency (cycles yr-1)
Surface geostrophic KE temporal spectra vs DUACS,control_ema_latest,Gulf Stream,13.126171874999999,5.834330566812777e-11,frequency (cycles yr-1)
Surface geostrophic KE temporal spectra vs DUACS,control_ema_latest,Gulf Stream,13.4115234375,3.684625231314932e-11,frequency (cycles yr-1)
Surface geostrophic KE temporal spectra vs DUACS,control_ema_latest,Gulf Stream,13.696874999999999,2.6303643648038833e-11,frequency (cycles yr-1)
Surface geostrophic KE temporal spectra vs DUACS,control_ema_latest,Gulf Stream,13.9822265625,3.804968263659054e-11,frequency (cycles yr-1)
Surface geostrophic KE temporal spectra vs DUACS,control_ema_latest,Gulf Stream,14.267578125,1.3566402644896793e-10,frequency (cycles yr-1)
Surface geostrophic KE temporal spectra vs DUACS,control_ema_latest,Gulf Stream,14.552929687499999,1.225405599851217e-10,frequency (cycles yr-1)
Surface geostrophic KE temporal spectra vs DUACS,control_ema_latest,Gulf Stream,14.83828125,4.647175802977451e-11,frequency (cycles yr-1)
Surface geostrophic KE temporal spectra vs DUACS,control_ema_latest,Gulf Stream,15.123632812499999,3.079230565227289e-11,frequency (cycles yr-1)
Surface geostrophic KE temporal spectra vs DUACS,control_ema_latest,Gulf Stream,15.408984375,4.951729336744472e-11,frequency (cycles yr-1)
Surface geostrophic KE temporal spectra vs DUACS,control_ema_latest,Gulf Stream,15.6943359375,7.64448522354729e-11,frequency (cycles yr-1)
Surface geostrophic KE temporal spectra vs DUACS,control_ema_latest,Gulf Stream,15.979687499999999,3.869655826008846e-11,frequency (cycles yr-1)
Surface geostrophic KE temporal spectra vs DUACS,control_ema_latest,Gulf Stream,16.265039062499998,2.0628455834639992e-11,frequency (cycles yr-1)
Surface geostrophic KE temporal spectra vs DUACS,control_ema_latest,Gulf Stream,16.550390625,4.842609391077018e-11,frequency (cycles yr-1)
Surface geostrophic KE temporal spectra vs DUACS,control_ema_latest,Gulf Stream,16.8357421875,7.501259151277097e-11,frequency (cycles yr-1)
Surface geostrophic KE temporal spectra vs DUACS,control_ema_latest,Gulf Stream,17.12109375,6.018092236922532e-11,frequency (cycles yr-1)
Surface geostrophic KE temporal spectra vs DUACS,control_ema_latest,Gulf Stream,17.4064453125,2.856114130529548e-11,frequency (cycles yr-1)
Surface geostrophic KE temporal spectra vs DUACS,control_ema_latest,Gulf Stream,17.691796874999998,7.45579120366466e-11,frequency (cycles yr-1)
Surface geostrophic KE temporal spectra vs DUACS,control_ema_latest,Gulf Stream,17.9771484375,8.518255274591386e-11,frequency (cycles yr-1)
Surface geostrophic KE temporal spectra vs DUACS,control_ema_latest,Gulf Stream,18.2625,6.522383395628335e-11,frequency (cycles yr-1)
Surface geostrophic KE temporal spectra vs DUACS,control_ema_latest,Gulf Stream,18.5478515625,9.684821720911119e-11,frequency (cycles yr-1)
Surface geostrophic KE temporal spectra vs DUACS,control_ema_latest,Gulf Stream,18.833203125,6.081804118903468e-11,frequency (cycles yr-1)
Surface geostrophic KE temporal spectra vs DUACS,control_ema_latest,Gulf Stream,19.118554687499998,3.468263432120729e-11,frequency (cycles yr-1)
Surface geostrophic KE temporal spectra vs DUACS,control_ema_latest,Gulf Stream,19.40390625,8.038477491866179e-11,frequency (cycles yr-1)
Surface geostrophic KE temporal spectra vs DUACS,control_ema_latest,Gulf Stream,19.6892578125,8.106551512463601e-11,frequency (cycles yr-1)
Surface geostrophic KE temporal spectra vs DUACS,control_ema_latest,Gulf Stream,19.974609375,3.5699382482187065e-11,frequency (cycles yr-1)
Surface geostrophic KE temporal spectra vs DUACS,control_ema_latest,Gulf Stream,20.2599609375,1.5215690265119846e-11,frequency (cycles yr-1)
Surface geostrophic KE temporal spectra vs DUACS,control_ema_latest,Gulf Stream,20.545312499999998,2.889376628104466e-11,frequency (cycles yr-1)
Surface geostrophic KE temporal spectra vs DUACS,control_ema_latest,Gulf Stream,20.8306640625,4.1080202752059374e-11,frequency (cycles yr-1)
Surface geostrophic KE temporal spectra vs DUACS,control_ema_latest,Gulf Stream,21.116015625,3.370868389440718e-11,frequency (cycles yr-1)
Surface geostrophic KE temporal spectra vs DUACS,control_ema_latest,Gulf Stream,21.4013671875,1.6820484826865423e-11,frequency (cycles yr-1)
Surface geostrophic KE temporal spectra vs DUACS,control_ema_latest,Gulf Stream,21.68671875,2.324525547541883e-11,frequency (cycles yr-1)
Surface geostrophic KE temporal spectra vs DUACS,control_ema_latest,Gulf Stream,21.972070312499998,5.035781831973211e-11,frequency (cycles yr-1)
Surface geostrophic KE temporal spectra vs DUACS,control_ema_latest,Gulf Stream,22.257421875,6.980202921471931e-11,frequency (cycles yr-1)
Surface geostrophic KE temporal spectra vs DUACS,control_ema_latest,Gulf Stream,22.5427734375,2.262768514574973e-11,frequency (cycles yr-1)
Surface geostrophic KE temporal spectra vs DUACS,control_ema_latest,Gulf Stream,22.828125,8.078646118938127e-12,frequency (cycles yr-1)
Surface geostrophic KE temporal spectra vs DUACS,control_ema_latest,Gulf Stream,23.1134765625,9.446461836420111e-12,frequency (cycles yr-1)
Surface geostrophic KE temporal spectra vs DUACS,control_ema_latest,Gulf Stream,23.398828124999998,2.3132165327456275e-11,frequency (cycles yr-1)
Surface geostrophic KE temporal spectra vs DUACS,control_ema_latest,Gulf Stream,23.6841796875,6.905794638089397e-11,frequency (cycles yr-1)
Surface geostrophic KE temporal spectra vs DUACS,control_ema_latest,Gulf Stream,23.96953125,7.989052726546887e-11,frequency (cycles yr-1)
Surface geostrophic KE temporal spectra vs DUACS,control_ema_latest,Gulf Stream,24.2548828125,4.247215764495996e-11,frequency (cycles yr-1)
Surface geostrophic KE temporal spectra vs DUACS,control_ema_latest,Gulf Stream,24.540234375,2.108389466771107e-11,frequency (cycles yr-1)
Surface geostrophic KE temporal spectra vs DUACS,control_ema_latest,Gulf Stream,24.825585937499998,2.0339905692913542e-11,frequency (cycles yr-1)
Surface geostrophic KE temporal spectra vs DUACS,control_ema_latest,Gulf Stream,25.1109375,5.4567645859032937e-11,frequency (cycles yr-1)
Surface geostrophic KE temporal spectra vs DUACS,control_ema_latest,Gulf Stream,25.3962890625,3.071113340021792e-11,frequency (cycles yr-1)
Surface geostrophic KE temporal spectra vs DUACS,control_ema_latest,Gulf Stream,25.681640625,1.8370481445099555e-11,frequency (cycles yr-1)
Surface geostrophic KE temporal spectra vs DUACS,control_ema_latest,Gulf Stream,25.9669921875,1.4837844556878994e-11,frequency (cycles yr-1)
Surface geostrophic KE temporal spectra vs DUACS,control_ema_latest,Gulf Stream,26.252343749999998,2.0967676608308027e-11,frequency (cycles yr-1)
Surface geostrophic KE temporal spectra vs DUACS,control_ema_latest,Gulf Stream,26.5376953125,1.3632893861569073e-11,frequency (cycles yr-1)
Surface geostrophic KE temporal spectra vs DUACS,control_ema_latest,Gulf Stream,26.823046875,1.3911564841762482e-11,frequency (cycles yr-1)
Surface geostrophic KE temporal spectra vs DUACS,control_ema_latest,Gulf Stream,27.1083984375,1.644141284661221e-11,frequency (cycles yr-1)
Surface geostrophic KE temporal spectra vs DUACS,control_ema_latest,Gulf Stream,27.393749999999997,2.879011851948998e-11,frequency (cycles yr-1)
Surface geostrophic KE temporal spectra vs DUACS,control_ema_latest,Gulf Stream,27.679101562499998,2.0962180134793336e-11,frequency (cycles yr-1)
Surface geostrophic KE temporal spectra vs DUACS,control_ema_latest,Gulf Stream,27.964453125,5.204046417475267e-12,frequency (cycles yr-1)
Surface geostrophic KE temporal spectra vs DUACS,control_ema_latest,Gulf Stream,28.2498046875,2.121892720985143e-11,frequency (cycles yr-1)
Surface geostrophic KE temporal spectra vs DUACS,control_ema_latest,Gulf Stream,28.53515625,4.0465082853131906e-11,frequency (cycles yr-1)
Surface geostrophic KE temporal spectra vs DUACS,control_ema_latest,Gulf Stream,28.820507812499997,2.7125209622314404e-11,frequency (cycles yr-1)
Surface geostrophic KE temporal spectra vs DUACS,control_ema_latest,Gulf Stream,29.105859374999998,1.4785013469832748e-11,frequency (cycles yr-1)
Surface geostrophic KE temporal spectra vs DUACS,control_ema_latest,Gulf Stream,29.3912109375,1.1266870266464821e-11,frequency (cycles yr-1)
Surface geostrophic KE temporal spectra vs DUACS,control_ema_latest,Gulf Stream,29.6765625,1.6674022857959787e-11,frequency (cycles yr-1)
Surface geostrophic KE temporal spectra vs DUACS,control_ema_latest,Gulf Stream,29.9619140625,4.020964997371376e-12,frequency (cycles yr-1)
Surface geostrophic KE temporal spectra vs DUACS,control_ema_latest,Gulf Stream,30.247265624999997,2.2984595621207048e-11,frequency (cycles yr-1)
Surface geostrophic KE temporal spectra vs DUACS,control_ema_latest,Gulf Stream,30.532617187499998,4.224404364832993e-11,frequency (cycles yr-1)
Surface geostrophic KE temporal spectra vs DUACS,control_ema_latest,Gulf Stream,30.81796875,5.032079769840765e-11,frequency (cycles yr-1)
Surface geostrophic KE temporal spectra vs DUACS,control_ema_latest,Gulf Stream,31.1033203125,6.182631373503159e-11,frequency (cycles yr-1)
Surface geostrophic KE temporal spectra vs DUACS,control_ema_latest,Gulf Stream,31.388671875,4.9578222774219824e-11,frequency (cycles yr-1)
Surface geostrophic KE temporal spectra vs DUACS,control_ema_latest,Gulf Stream,31.674023437499997,1.7956368604101145e-11,frequency (cycles yr-1)
Surface geostrophic KE temporal spectra vs DUACS,control_ema_latest,Gulf Stream,31.959374999999998,2.674082082811251e-11,frequency (cycles yr-1)
Surface geostrophic KE temporal spectra vs DUACS,control_ema_latest,Gulf Stream,32.2447265625,3.406733258097304e-11,frequency (cycles yr-1)
Surface geostrophic KE temporal spectra vs DUACS,control_ema_latest,Gulf Stream,32.530078124999996,2.4570328498407724e-11,frequency (cycles yr-1)
Surface geostrophic KE temporal spectra vs DUACS,control_ema_latest,Gulf Stream,32.8154296875,1.9142243345817525e-11,frequency (cycles yr-1)
Surface geostrophic KE temporal spectra vs DUACS,control_ema_latest,Gulf Stream,33.10078125,1.698002729430091e-11,frequency (cycles yr-1)
Surface geostrophic KE temporal spectra vs DUACS,control_ema_latest,Gulf Stream,33.3861328125,2.3699526555622585e-11,frequency (cycles yr-1)
Surface geostrophic KE temporal spectra vs DUACS,control_ema_latest,Gulf Stream,33.671484375,1.1845257683434552e-11,frequency (cycles yr-1)
Surface geostrophic KE temporal spectra vs DUACS,control_ema_latest,Gulf Stream,33.956835937499996,3.808548213078736e-12,frequency (cycles yr-1)
Surface geostrophic KE temporal spectra vs DUACS,control_ema_latest,Gulf Stream,34.2421875,3.786366180713598e-12,frequency (cycles yr-1)
Surface geostrophic KE temporal spectra vs DUACS,control_ema_latest,Gulf Stream,34.5275390625,3.2493117302587618e-12,frequency (cycles yr-1)
Surface geostrophic KE temporal spectra vs DUACS,control_ema_latest,Gulf Stream,34.812890625,1.031745287203318e-11,frequency (cycles yr-1)
Surface geostrophic KE temporal spectra vs DUACS,control_ema_latest,Gulf Stream,35.0982421875,1.3612663714122493e-11,frequency (cycles yr-1)
Surface geostrophic KE temporal spectra vs DUACS,control_ema_latest,Gulf Stream,35.383593749999996,1.395802825845814e-10,frequency (cycles yr-1)
Surface geostrophic KE temporal spectra vs DUACS,control_ema_latest,Gulf Stream,35.6689453125,1.6929699488888948e-10,frequency (cycles yr-1)
Surface geostrophic KE temporal spectra vs DUACS,control_ema_latest,Gulf Stream,35.954296875,2.9017369666791986e-10,frequency (cycles yr-1)
Surface geostrophic KE temporal spectra vs DUACS,control_ema_latest,Gulf Stream,36.2396484375,5.71293930866244e-10,frequency (cycles yr-1)
Surface geostrophic KE temporal spectra vs DUACS,control_ema_latest,Gulf Stream,36.525,2.375237962142624e-10,frequency (cycles yr-1)
Surface geostrophic KE temporal spectra vs DUACS,control_ema_latest,Agulhas,0.2853515625,1.0918698605094408e-07,frequency (cycles yr-1)
Surface geostrophic KE temporal spectra vs DUACS,control_ema_latest,Agulhas,0.570703125,8.036104144551248e-08,frequency (cycles yr-1)
Surface geostrophic KE temporal spectra vs DUACS,control_ema_latest,Agulhas,0.8560546874999999,1.8257566367732392e-07,frequency (cycles yr-1)
Surface geostrophic KE temporal spectra vs DUACS,control_ema_latest,Agulhas,1.14140625,1.5418359441391041e-07,frequency (cycles yr-1)
Surface geostrophic KE temporal spectra vs DUACS,control_ema_latest,Agulhas,1.4267578125,7.302538769736444e-08,frequency (cycles yr-1)
Surface geostrophic KE temporal spectra vs DUACS,control_ema_latest,Agulhas,1.7121093749999998,3.617676863289931e-08,frequency (cycles yr-1)
Surface geostrophic KE temporal spectra vs DUACS,control_ema_latest,Agulhas,1.9974609374999999,1.989064777883828e-08,frequency (cycles yr-1)
Surface geostrophic KE temporal spectra vs DUACS,control_ema_latest,Agulhas,2.2828125,1.038023470140874e-08,frequency (cycles yr-1)
Surface geostrophic KE temporal spectra vs DUACS,control_ema_latest,Agulhas,2.5681640624999997,9.041744676743318e-09,frequency (cycles yr-1)
Surface geostrophic KE temporal spectra vs DUACS,control_ema_latest,Agulhas,2.853515625,9.53733625326454e-09,frequency (cycles yr-1)
Surface geostrophic KE temporal spectra vs DUACS,control_ema_latest,Agulhas,3.1388671875,1.5851405784430364e-08,frequency (cycles yr-1)
Surface geostrophic KE temporal spectra vs DUACS,control_ema_latest,Agulhas,3.4242187499999996,2.30776972871792e-08,frequency (cycles yr-1)
Surface geostrophic KE temporal spectra vs DUACS,control_ema_latest,Agulhas,3.7095703125,9.562777546581677e-09,frequency (cycles yr-1)
Surface geostrophic KE temporal spectra vs DUACS,control_ema_latest,Agulhas,3.9949218749999997,1.0406810525515069e-08,frequency (cycles yr-1)
Surface geostrophic KE temporal spectra vs DUACS,control_ema_latest,Agulhas,4.2802734375,1.4887644527333469e-08,frequency (cycles yr-1)
Surface geostrophic KE temporal spectra vs DUACS,control_ema_latest,Agulhas,4.565625,1.8759564118082263e-08,frequency (cycles yr-1)
Surface geostrophic KE temporal spectra vs DUACS,control_ema_latest,Agulhas,4.8509765625,1.3769309726413482e-08,frequency (cycles yr-1)
Surface geostrophic KE temporal spectra vs DUACS,control_ema_latest,Agulhas,5.1363281249999995,5.198709320062956e-09,frequency (cycles yr-1)
Surface geostrophic KE temporal spectra vs DUACS,control_ema_latest,Agulhas,5.4216796875,1.301008270177721e-09,frequency (cycles yr-1)
Surface geostrophic KE temporal spectra vs DUACS,control_ema_latest,Agulhas,5.70703125,2.8709923736676004e-09,frequency (cycles yr-1)
Surface geostrophic KE temporal spectra vs DUACS,control_ema_latest,Agulhas,5.9923828125,3.3041866652506906e-09,frequency (cycles yr-1)
Surface geostrophic KE temporal spectra vs DUACS,control_ema_latest,Agulhas,6.277734375,9.216482117298483e-09,frequency (cycles yr-1)
Surface geostrophic KE temporal spectra vs DUACS,control_ema_latest,Agulhas,6.5630859374999995,2.940635948395597e-09,frequency (cycles yr-1)
Surface geostrophic KE temporal spectra vs DUACS,control_ema_latest,Agulhas,6.848437499999999,2.1504324110465367e-09,frequency (cycles yr-1)
Surface geostrophic KE temporal spectra vs DUACS,control_ema_latest,Agulhas,7.1337890625,4.189320934504056e-09,frequency (cycles yr-1)
Surface geostrophic KE temporal spectra vs DUACS,control_ema_latest,Agulhas,7.419140625,2.767953377724799e-09,frequency (cycles yr-1)
Surface geostrophic KE temporal spectra vs DUACS,control_ema_latest,Agulhas,7.7044921875,2.866507688094899e-09,frequency (cycles yr-1)
Surface geostrophic KE temporal spectra vs DUACS,control_ema_latest,Agulhas,7.9898437499999995,1.6318213922915488e-09,frequency (cycles yr-1)
Surface geostrophic KE temporal spectra vs DUACS,control_ema_latest,Agulhas,8.2751953125,1.348097595638536e-09,frequency (cycles yr-1)
Surface geostrophic KE temporal spectra vs DUACS,control_ema_latest,Agulhas,8.560546875,2.964180683218526e-09,frequency (cycles yr-1)
Surface geostrophic KE temporal spectra vs DUACS,control_ema_latest,Agulhas,8.845898437499999,7.786460674051484e-10,frequency (cycles yr-1)
Surface geostrophic KE temporal spectra vs DUACS,control_ema_latest,Agulhas,9.13125,2.3822103569502087e-10,frequency (cycles yr-1)
Surface geostrophic KE temporal spectra vs DUACS,control_ema_latest,Agulhas,9.4166015625,6.608189978054387e-10,frequency (cycles yr-1)
Surface geostrophic KE temporal spectra vs DUACS,control_ema_latest,Agulhas,9.701953125,6.113080432739109e-10,frequency (cycles yr-1)
Surface geostrophic KE temporal spectra vs DUACS,control_ema_latest,Agulhas,9.9873046875,1.6332127096748223e-09,frequency (cycles yr-1)
Surface geostrophic KE temporal spectra vs DUACS,control_ema_latest,Agulhas,10.272656249999999,1.294187598802857e-09,frequency (cycles yr-1)
Surface geostrophic KE temporal spectra vs DUACS,control_ema_latest,Agulhas,10.5580078125,1.001353853712692e-09,frequency (cycles yr-1)
Surface geostrophic KE temporal spectra vs DUACS,control_ema_latest,Agulhas,10.843359375,5.919621890610414e-10,frequency (cycles yr-1)
Surface geostrophic KE temporal spectra vs DUACS,control_ema_latest,Agulhas,11.1287109375,2.11421738542456e-10,frequency (cycles yr-1)
Surface geostrophic KE temporal spectra vs DUACS,control_ema_latest,Agulhas,11.4140625,5.066993425430727e-10,frequency (cycles yr-1)
Surface geostrophic KE temporal spectra vs DUACS,control_ema_latest,Agulhas,11.699414062499999,5.138773134121578e-10,frequency (cycles yr-1)
Surface geostrophic KE temporal spectra vs DUACS,control_ema_latest,Agulhas,11.984765625,5.891531331002326e-10,frequency (cycles yr-1)
Surface geostrophic KE temporal spectra vs DUACS,control_ema_latest,Agulhas,12.2701171875,6.284130292299353e-10,frequency (cycles yr-1)
Surface geostrophic KE temporal spectra vs DUACS,control_ema_latest,Agulhas,12.55546875,3.2089617942825327e-10,frequency (cycles yr-1)
Surface geostrophic KE temporal spectra vs DUACS,control_ema_latest,Agulhas,12.8408203125,1.7207902768553418e-10,frequency (cycles yr-1)
Surface geostrophic KE temporal spectra vs DUACS,control_ema_latest,Agulhas,13.126171874999999,2.3243029570255186e-10,frequency (cycles yr-1)
Surface geostrophic KE temporal spectra vs DUACS,control_ema_latest,Agulhas,13.4115234375,1.5840470184403854e-10,frequency (cycles yr-1)
Surface geostrophic KE temporal spectra vs DUACS,control_ema_latest,Agulhas,13.696874999999999,2.6895555563272955e-10,frequency (cycles yr-1)
Surface geostrophic KE temporal spectra vs DUACS,control_ema_latest,Agulhas,13.9822265625,1.648256163851903e-10,frequency (cycles yr-1)
Surface geostrophic KE temporal spectra vs DUACS,control_ema_latest,Agulhas,14.267578125,6.052915655087705e-11,frequency (cycles yr-1)
Surface geostrophic KE temporal spectra vs DUACS,control_ema_latest,Agulhas,14.552929687499999,1.4977406178704912e-10,frequency (cycles yr-1)
Surface geostrophic KE temporal spectra vs DUACS,control_ema_latest,Agulhas,14.83828125,3.9049636012798005e-10,frequency (cycles yr-1)
Surface geostrophic KE temporal spectra vs DUACS,control_ema_latest,Agulhas,15.123632812499999,2.6465038589571053e-10,frequency (cycles yr-1)
Surface geostrophic KE temporal spectra vs DUACS,control_ema_latest,Agulhas,15.408984375,6.544343131437266e-11,frequency (cycles yr-1)
Surface geostrophic KE temporal spectra vs DUACS,control_ema_latest,Agulhas,15.6943359375,1.5416653926571515e-10,frequency (cycles yr-1)
Surface geostrophic KE temporal spectra vs DUACS,control_ema_latest,Agulhas,15.979687499999999,5.91232636556215e-10,frequency (cycles yr-1)
Surface geostrophic KE temporal spectra vs DUACS,control_ema_latest,Agulhas,16.265039062499998,9.338446906723967e-10,frequency (cycles yr-1)
Surface geostrophic KE temporal spectra vs DUACS,control_ema_latest,Agulhas,16.550390625,4.662895056101312e-10,frequency (cycles yr-1)
Surface geostrophic KE temporal spectra vs DUACS,control_ema_latest,Agulhas,16.8357421875,2.203859624527941e-10,frequency (cycles yr-1)
Surface geostrophic KE temporal spectra vs DUACS,control_ema_latest,Agulhas,17.12109375,2.6428592302578284e-10,frequency (cycles yr-1)
Surface geostrophic KE temporal spectra vs DUACS,control_ema_latest,Agulhas,17.4064453125,1.7546259233796116e-10,frequency (cycles yr-1)
Surface geostrophic KE temporal spectra vs DUACS,control_ema_latest,Agulhas,17.691796874999998,2.575114697142937e-10,frequency (cycles yr-1)
Surface geostrophic KE temporal spectra vs DUACS,control_ema_latest,Agulhas,17.9771484375,2.662019022783646e-10,frequency (cycles yr-1)
Surface geostrophic KE temporal spectra vs DUACS,control_ema_latest,Agulhas,18.2625,2.2618898711698258e-10,frequency (cycles yr-1)
Surface geostrophic KE temporal spectra vs DUACS,control_ema_latest,Agulhas,18.5478515625,3.554557874339677e-10,frequency (cycles yr-1)
Surface geostrophic KE temporal spectra vs DUACS,control_ema_latest,Agulhas,18.833203125,3.15819376830662e-10,frequency (cycles yr-1)
Surface geostrophic KE temporal spectra vs DUACS,control_ema_latest,Agulhas,19.118554687499998,8.725243350579026e-11,frequency (cycles yr-1)
Surface geostrophic KE temporal spectra vs DUACS,control_ema_latest,Agulhas,19.40390625,2.438200244086086e-10,frequency (cycles yr-1)
Surface geostrophic KE temporal spectra vs DUACS,control_ema_latest,Agulhas,19.6892578125,1.8228134228515005e-10,frequency (cycles yr-1)
Surface geostrophic KE temporal spectra vs DUACS,control_ema_latest,Agulhas,19.974609375,2.6314906002339294e-10,frequency (cycles yr-1)
Surface geostrophic KE temporal spectra vs DUACS,control_ema_latest,Agulhas,20.2599609375,3.3991581876921624e-10,frequency (cycles yr-1)
Surface geostrophic KE temporal spectra vs DUACS,control_ema_latest,Agulhas,20.545312499999998,2.732972853353451e-10,frequency (cycles yr-1)
Surface geostrophic KE temporal spectra vs DUACS,control_ema_latest,Agulhas,20.8306640625,6.63197278358571e-11,frequency (cycles yr-1)
Surface geostrophic KE temporal spectra vs DUACS,control_ema_latest,Agulhas,21.116015625,4.0931767429241623e-11,frequency (cycles yr-1)
Surface geostrophic KE temporal spectra vs DUACS,control_ema_latest,Agulhas,21.4013671875,3.073588480631279e-11,frequency (cycles yr-1)
Surface geostrophic KE temporal spectra vs DUACS,control_ema_latest,Agulhas,21.68671875,4.514432538442896e-11,frequency (cycles yr-1)
Surface geostrophic KE temporal spectra vs DUACS,control_ema_latest,Agulhas,21.972070312499998,6.833397960605597e-11,frequency (cycles yr-1)
Surface geostrophic KE temporal spectra vs DUACS,control_ema_latest,Agulhas,22.257421875,7.230644475655208e-11,frequency (cycles yr-1)
Surface geostrophic KE temporal spectra vs DUACS,control_ema_latest,Agulhas,22.5427734375,1.2490028531480817e-10,frequency (cycles yr-1)
Surface geostrophic KE temporal spectra vs DUACS,control_ema_latest,Agulhas,22.828125,1.0986376261374026e-10,frequency (cycles yr-1)
Surface geostrophic KE temporal spectra vs DUACS,control_ema_latest,Agulhas,23.1134765625,3.357129379497021e-11,frequency (cycles yr-1)
Surface geostrophic KE temporal spectra vs DUACS,control_ema_latest,Agulhas,23.398828124999998,6.636032300460821e-11,frequency (cycles yr-1)
Surface geostrophic KE temporal spectra vs DUACS,control_ema_latest,Agulhas,23.6841796875,1.0332241716212532e-10,frequency (cycles yr-1)
Surface geostrophic KE temporal spectra vs DUACS,control_ema_latest,Agulhas,23.96953125,6.64233943812405e-11,frequency (cycles yr-1)
Surface geostrophic KE temporal spectra vs DUACS,control_ema_latest,Agulhas,24.2548828125,5.660255769929166e-11,frequency (cycles yr-1)
Surface geostrophic KE temporal spectra vs DUACS,control_ema_latest,Agulhas,24.540234375,6.9426431895187e-11,frequency (cycles yr-1)
Surface geostrophic KE temporal spectra vs DUACS,control_ema_latest,Agulhas,24.825585937499998,5.901405132480921e-11,frequency (cycles yr-1)
Surface geostrophic KE temporal spectra vs DUACS,control_ema_latest,Agulhas,25.1109375,1.2914607383980085e-10,frequency (cycles yr-1)
Surface geostrophic KE temporal spectra vs DUACS,control_ema_latest,Agulhas,25.3962890625,1.0870275323334358e-10,frequency (cycles yr-1)
Surface geostrophic KE temporal spectra vs DUACS,control_ema_latest,Agulhas,25.681640625,1.3234028195815795e-10,frequency (cycles yr-1)
Surface geostrophic KE temporal spectra vs DUACS,control_ema_latest,Agulhas,25.9669921875,6.93788732810592e-11,frequency (cycles yr-1)
Surface geostrophic KE temporal spectra vs DUACS,control_ema_latest,Agulhas,26.252343749999998,5.7613313743042814e-11,frequency (cycles yr-1)
Surface geostrophic KE temporal spectra vs DUACS,control_ema_latest,Agulhas,26.5376953125,7.913032742882391e-11,frequency (cycles yr-1)
Surface geostrophic KE temporal spectra vs DUACS,control_ema_latest,Agulhas,26.823046875,1.0321313268710705e-10,frequency (cycles yr-1)
Surface geostrophic KE temporal spectra vs DUACS,control_ema_latest,Agulhas,27.1083984375,1.1068215444457916e-10,frequency (cycles yr-1)
Surface geostrophic KE temporal spectra vs DUACS,control_ema_latest,Agulhas,27.393749999999997,1.1137255604190416e-10,frequency (cycles yr-1)
Surface geostrophic KE temporal spectra vs DUACS,control_ema_latest,Agulhas,27.679101562499998,5.084384596960731e-11,frequency (cycles yr-1)
Surface geostrophic KE temporal spectra vs DUACS,control_ema_latest,Agulhas,27.964453125,2.0907319237846203e-10,frequency (cycles yr-1)
Surface geostrophic KE temporal spectra vs DUACS,control_ema_latest,Agulhas,28.2498046875,9.60370262928758e-11,frequency (cycles yr-1)
Surface geostrophic KE temporal spectra vs DUACS,control_ema_latest,Agulhas,28.53515625,7.157007026640466e-11,frequency (cycles yr-1)
Surface geostrophic KE temporal spectra vs DUACS,control_ema_latest,Agulhas,28.820507812499997,1.6509732724207062e-10,frequency (cycles yr-1)
Surface geostrophic KE temporal spectra vs DUACS,control_ema_latest,Agulhas,29.105859374999998,7.622012336905835e-11,frequency (cycles yr-1)
Surface geostrophic KE temporal spectra vs DUACS,control_ema_latest,Agulhas,29.3912109375,1.1681649437445003e-10,frequency (cycles yr-1)
Surface geostrophic KE temporal spectra vs DUACS,control_ema_latest,Agulhas,29.6765625,8.682797040588291e-11,frequency (cycles yr-1)
Surface geostrophic KE temporal spectra vs DUACS,control_ema_latest,Agulhas,29.9619140625,5.560876417575969e-11,frequency (cycles yr-1)
Surface geostrophic KE temporal spectra vs DUACS,control_ema_latest,Agulhas,30.247265624999997,6.417032700011724e-11,frequency (cycles yr-1)
Surface geostrophic KE temporal spectra vs DUACS,control_ema_latest,Agulhas,30.532617187499998,8.014537546665398e-11,frequency (cycles yr-1)
Surface geostrophic KE temporal spectra vs DUACS,control_ema_latest,Agulhas,30.81796875,5.642359725002449e-11,frequency (cycles yr-1)
Surface geostrophic KE temporal spectra vs DUACS,control_ema_latest,Agulhas,31.1033203125,8.539200550303175e-11,frequency (cycles yr-1)
Surface geostrophic KE temporal spectra vs DUACS,control_ema_latest,Agulhas,31.388671875,8.350594902347887e-11,frequency (cycles yr-1)
Surface geostrophic KE temporal spectra vs DUACS,control_ema_latest,Agulhas,31.674023437499997,6.03342591114991e-11,frequency (cycles yr-1)
Surface geostrophic KE temporal spectra vs DUACS,control_ema_latest,Agulhas,31.959374999999998,8.08729731728862e-11,frequency (cycles yr-1)
Surface geostrophic KE temporal spectra vs DUACS,control_ema_latest,Agulhas,32.2447265625,2.1787845462057225e-10,frequency (cycles yr-1)
Surface geostrophic KE temporal spectra vs DUACS,control_ema_latest,Agulhas,32.530078124999996,3.6933446848132877e-10,frequency (cycles yr-1)
Surface geostrophic KE temporal spectra vs DUACS,control_ema_latest,Agulhas,32.8154296875,2.3270079335729125e-10,frequency (cycles yr-1)
Surface geostrophic KE temporal spectra vs DUACS,control_ema_latest,Agulhas,33.10078125,1.151990073717154e-10,frequency (cycles yr-1)
Surface geostrophic KE temporal spectra vs DUACS,control_ema_latest,Agulhas,33.3861328125,1.106846234572871e-10,frequency (cycles yr-1)
Surface geostrophic KE temporal spectra vs DUACS,control_ema_latest,Agulhas,33.671484375,2.4387239382746594e-11,frequency (cycles yr-1)
Surface geostrophic KE temporal spectra vs DUACS,control_ema_latest,Agulhas,33.956835937499996,3.328376544605027e-11,frequency (cycles yr-1)
Surface geostrophic KE temporal spectra vs DUACS,control_ema_latest,Agulhas,34.2421875,1.1741703441534597e-10,frequency (cycles yr-1)
Surface geostrophic KE temporal spectra vs DUACS,control_ema_latest,Agulhas,34.5275390625,2.4469470318201545e-10,frequency (cycles yr-1)
Surface geostrophic KE temporal spectra vs DUACS,control_ema_latest,Agulhas,34.812890625,1.68593846505589e-10,frequency (cycles yr-1)
Surface geostrophic KE temporal spectra vs DUACS,control_ema_latest,Agulhas,35.0982421875,8.137063888253794e-11,frequency (cycles yr-1)
Surface geostrophic KE temporal spectra vs DUACS,control_ema_latest,Agulhas,35.383593749999996,6.794026289906131e-11,frequency (cycles yr-1)
Surface geostrophic KE temporal spectra vs DUACS,control_ema_latest,Agulhas,35.6689453125,1.0994928613598117e-10,frequency (cycles yr-1)
Surface geostrophic KE temporal spectra vs DUACS,control_ema_latest,Agulhas,35.954296875,1.7880847359654143e-10,frequency (cycles yr-1)
Surface geostrophic KE temporal spectra vs DUACS,control_ema_latest,Agulhas,36.2396484375,1.0472861270889204e-09,frequency (cycles yr-1)
Surface geostrophic KE temporal spectra vs DUACS,control_ema_latest,Agulhas,36.525,1.4367874065915888e-09,frequency (cycles yr-1)
Surface geostrophic KE temporal spectra vs DUACS,sd01_epoch_0070,Global,0.2853515625,1.1361518961376657e-08,frequency (cycles yr-1)
Surface geostrophic KE temporal spectra vs DUACS,sd01_epoch_0070,Global,0.570703125,6.285850587141183e-09,frequency (cycles yr-1)
Surface geostrophic KE temporal spectra vs DUACS,sd01_epoch_0070,Global,0.8560546874999999,1.8003272558999857e-08,frequency (cycles yr-1)
Surface geostrophic KE temporal spectra vs DUACS,sd01_epoch_0070,Global,1.14140625,1.4826690858712519e-08,frequency (cycles yr-1)
Surface geostrophic KE temporal spectra vs DUACS,sd01_epoch_0070,Global,1.4267578125,2.0410902734662695e-09,frequency (cycles yr-1)
Surface geostrophic KE temporal spectra vs DUACS,sd01_epoch_0070,Global,1.7121093749999998,1.0301444317566278e-09,frequency (cycles yr-1)
Surface geostrophic KE temporal spectra vs DUACS,sd01_epoch_0070,Global,1.9974609374999999,1.5670307511738534e-09,frequency (cycles yr-1)
Surface geostrophic KE temporal spectra vs DUACS,sd01_epoch_0070,Global,2.2828125,9.139964532190421e-10,frequency (cycles yr-1)
Surface geostrophic KE temporal spectra vs DUACS,sd01_epoch_0070,Global,2.5681640624999997,3.5863815583598933e-10,frequency (cycles yr-1)
Surface geostrophic KE temporal spectra vs DUACS,sd01_epoch_0070,Global,2.853515625,4.3584366151864755e-10,frequency (cycles yr-1)
Surface geostrophic KE temporal spectra vs DUACS,sd01_epoch_0070,Global,3.1388671875,6.236712853792839e-10,frequency (cycles yr-1)
Surface geostrophic KE temporal spectra vs DUACS,sd01_epoch_0070,Global,3.4242187499999996,2.774923800980313e-10,frequency (cycles yr-1)
Surface geostrophic KE temporal spectra vs DUACS,sd01_epoch_0070,Global,3.7095703125,2.9808369027898596e-10,frequency (cycles yr-1)
Surface geostrophic KE temporal spectra vs DUACS,sd01_epoch_0070,Global,3.9949218749999997,5.473599327561894e-10,frequency (cycles yr-1)
Surface geostrophic KE temporal spectra vs DUACS,sd01_epoch_0070,Global,4.2802734375,1.7290653794165707e-10,frequency (cycles yr-1)
Surface geostrophic KE temporal spectra vs DUACS,sd01_epoch_0070,Global,4.565625,5.009393147879124e-11,frequency (cycles yr-1)
Surface geostrophic KE temporal spectra vs DUACS,sd01_epoch_0070,Global,4.8509765625,1.3595393247555154e-10,frequency (cycles yr-1)
Surface geostrophic KE temporal spectra vs DUACS,sd01_epoch_0070,Global,5.1363281249999995,1.5024241045506178e-10,frequency (cycles yr-1)
Surface geostrophic KE temporal spectra vs DUACS,sd01_epoch_0070,Global,5.4216796875,1.3553276829116713e-10,frequency (cycles yr-1)
Surface geostrophic KE temporal spectra vs DUACS,sd01_epoch_0070,Global,5.70703125,9.007000140391978e-11,frequency (cycles yr-1)
Surface geostrophic KE temporal spectra vs DUACS,sd01_epoch_0070,Global,5.9923828125,3.7157815244089376e-11,frequency (cycles yr-1)
Surface geostrophic KE temporal spectra vs DUACS,sd01_epoch_0070,Global,6.277734375,4.641571536680463e-11,frequency (cycles yr-1)
Surface geostrophic KE temporal spectra vs DUACS,sd01_epoch_0070,Global,6.5630859374999995,6.627747319595536e-11,frequency (cycles yr-1)
Surface geostrophic KE temporal spectra vs DUACS,sd01_epoch_0070,Global,6.848437499999999,9.646184940110348e-11,frequency (cycles yr-1)
Surface geostrophic KE temporal spectra vs DUACS,sd01_epoch_0070,Global,7.1337890625,5.375300969692955e-11,frequency (cycles yr-1)
Surface geostrophic KE temporal spectra vs DUACS,sd01_epoch_0070,Global,7.419140625,2.6065674042980137e-11,frequency (cycles yr-1)
Surface geostrophic KE temporal spectra vs DUACS,sd01_epoch_0070,Global,7.7044921875,1.9669013260922906e-11,frequency (cycles yr-1)
Surface geostrophic KE temporal spectra vs DUACS,sd01_epoch_0070,Global,7.9898437499999995,2.937684370944797e-11,frequency (cycles yr-1)
Surface geostrophic KE temporal spectra vs DUACS,sd01_epoch_0070,Global,8.2751953125,5.657226730282596e-11,frequency (cycles yr-1)
Surface geostrophic KE temporal spectra vs DUACS,sd01_epoch_0070,Global,8.560546875,5.100155472560956e-11,frequency (cycles yr-1)
Surface geostrophic KE temporal spectra vs DUACS,sd01_epoch_0070,Global,8.845898437499999,7.481302627748875e-11,frequency (cycles yr-1)
Surface geostrophic KE temporal spectra vs DUACS,sd01_epoch_0070,Global,9.13125,8.980237987847983e-11,frequency (cycles yr-1)
Surface geostrophic KE temporal spectra vs DUACS,sd01_epoch_0070,Global,9.4166015625,7.029063459121214e-11,frequency (cycles yr-1)
Surface geostrophic KE temporal spectra vs DUACS,sd01_epoch_0070,Global,9.701953125,7.671114448983099e-11,frequency (cycles yr-1)
Surface geostrophic KE temporal spectra vs DUACS,sd01_epoch_0070,Global,9.9873046875,3.776386486864182e-11,frequency (cycles yr-1)
Surface geostrophic KE temporal spectra vs DUACS,sd01_epoch_0070,Global,10.272656249999999,2.323348029194811e-11,frequency (cycles yr-1)
Surface geostrophic KE temporal spectra vs DUACS,sd01_epoch_0070,Global,10.5580078125,7.496864338290857e-11,frequency (cycles yr-1)
Surface geostrophic KE temporal spectra vs DUACS,sd01_epoch_0070,Global,10.843359375,4.6693292503214876e-11,frequency (cycles yr-1)
Surface geostrophic KE temporal spectra vs DUACS,sd01_epoch_0070,Global,11.1287109375,7.684292330788653e-12,frequency (cycles yr-1)
Surface geostrophic KE temporal spectra vs DUACS,sd01_epoch_0070,Global,11.4140625,2.246746218982007e-11,frequency (cycles yr-1)
Surface geostrophic KE temporal spectra vs DUACS,sd01_epoch_0070,Global,11.699414062499999,4.857221719904197e-11,frequency (cycles yr-1)
Surface geostrophic KE temporal spectra vs DUACS,sd01_epoch_0070,Global,11.984765625,2.857787597518763e-11,frequency (cycles yr-1)
Surface geostrophic KE temporal spectra vs DUACS,sd01_epoch_0070,Global,12.2701171875,1.1692897650203076e-11,frequency (cycles yr-1)
Surface geostrophic KE temporal spectra vs DUACS,sd01_epoch_0070,Global,12.55546875,1.9287949441624954e-11,frequency (cycles yr-1)
Surface geostrophic KE temporal spectra vs DUACS,sd01_epoch_0070,Global,12.8408203125,4.082702495675518e-12,frequency (cycles yr-1)
Surface geostrophic KE temporal spectra vs DUACS,sd01_epoch_0070,Global,13.126171874999999,1.0418315605200985e-11,frequency (cycles yr-1)
Surface geostrophic KE temporal spectra vs DUACS,sd01_epoch_0070,Global,13.4115234375,9.267302997707039e-12,frequency (cycles yr-1)
Surface geostrophic KE temporal spectra vs DUACS,sd01_epoch_0070,Global,13.696874999999999,3.346387135465125e-12,frequency (cycles yr-1)
Surface geostrophic KE temporal spectra vs DUACS,sd01_epoch_0070,Global,13.9822265625,7.060851567531651e-12,frequency (cycles yr-1)
Surface geostrophic KE temporal spectra vs DUACS,sd01_epoch_0070,Global,14.267578125,1.531874676549994e-11,frequency (cycles yr-1)
Surface geostrophic KE temporal spectra vs DUACS,sd01_epoch_0070,Global,14.552929687499999,2.0536573482400434e-11,frequency (cycles yr-1)
Surface geostrophic KE temporal spectra vs DUACS,sd01_epoch_0070,Global,14.83828125,1.3512385609228642e-11,frequency (cycles yr-1)
Surface geostrophic KE temporal spectra vs DUACS,sd01_epoch_0070,Global,15.123632812499999,1.4797383624515373e-11,frequency (cycles yr-1)
Surface geostrophic KE temporal spectra vs DUACS,sd01_epoch_0070,Global,15.408984375,1.4641925151750168e-11,frequency (cycles yr-1)
Surface geostrophic KE temporal spectra vs DUACS,sd01_epoch_0070,Global,15.6943359375,9.801420621823973e-12,frequency (cycles yr-1)
Surface geostrophic KE temporal spectra vs DUACS,sd01_epoch_0070,Global,15.979687499999999,7.682171646361064e-12,frequency (cycles yr-1)
Surface geostrophic KE temporal spectra vs DUACS,sd01_epoch_0070,Global,16.265039062499998,1.3332331625326775e-11,frequency (cycles yr-1)
Surface geostrophic KE temporal spectra vs DUACS,sd01_epoch_0070,Global,16.550390625,8.010794775062993e-12,frequency (cycles yr-1)
Surface geostrophic KE temporal spectra vs DUACS,sd01_epoch_0070,Global,16.8357421875,1.3863254076628037e-12,frequency (cycles yr-1)
Surface geostrophic KE temporal spectra vs DUACS,sd01_epoch_0070,Global,17.12109375,5.341113613001922e-12,frequency (cycles yr-1)
Surface geostrophic KE temporal spectra vs DUACS,sd01_epoch_0070,Global,17.4064453125,1.0869799210186093e-11,frequency (cycles yr-1)
Surface geostrophic KE temporal spectra vs DUACS,sd01_epoch_0070,Global,17.691796874999998,1.2685007636187125e-11,frequency (cycles yr-1)
Surface geostrophic KE temporal spectra vs DUACS,sd01_epoch_0070,Global,17.9771484375,5.757358594330367e-12,frequency (cycles yr-1)
Surface geostrophic KE temporal spectra vs DUACS,sd01_epoch_0070,Global,18.2625,5.672301862708303e-12,frequency (cycles yr-1)
Surface geostrophic KE temporal spectra vs DUACS,sd01_epoch_0070,Global,18.5478515625,3.033069542317776e-12,frequency (cycles yr-1)
Surface geostrophic KE temporal spectra vs DUACS,sd01_epoch_0070,Global,18.833203125,9.500549498037317e-12,frequency (cycles yr-1)
Surface geostrophic KE temporal spectra vs DUACS,sd01_epoch_0070,Global,19.118554687499998,1.1953557011536966e-11,frequency (cycles yr-1)
Surface geostrophic KE temporal spectra vs DUACS,sd01_epoch_0070,Global,19.40390625,7.842886278858457e-12,frequency (cycles yr-1)
Surface geostrophic KE temporal spectra vs DUACS,sd01_epoch_0070,Global,19.6892578125,2.688923002460473e-12,frequency (cycles yr-1)
Surface geostrophic KE temporal spectra vs DUACS,sd01_epoch_0070,Global,19.974609375,7.909721596236213e-12,frequency (cycles yr-1)
Surface geostrophic KE temporal spectra vs DUACS,sd01_epoch_0070,Global,20.2599609375,1.1978263364793798e-11,frequency (cycles yr-1)
Surface geostrophic KE temporal spectra vs DUACS,sd01_epoch_0070,Global,20.545312499999998,4.174828250143676e-12,frequency (cycles yr-1)
Surface geostrophic KE temporal spectra vs DUACS,sd01_epoch_0070,Global,20.8306640625,5.021054677352014e-12,frequency (cycles yr-1)
Surface geostrophic KE temporal spectra vs DUACS,sd01_epoch_0070,Global,21.116015625,5.598118440240263e-12,frequency (cycles yr-1)
Surface geostrophic KE temporal spectra vs DUACS,sd01_epoch_0070,Global,21.4013671875,4.05211282483123e-12,frequency (cycles yr-1)
Surface geostrophic KE temporal spectra vs DUACS,sd01_epoch_0070,Global,21.68671875,6.112407572797571e-12,frequency (cycles yr-1)
Surface geostrophic KE temporal spectra vs DUACS,sd01_epoch_0070,Global,21.972070312499998,8.372721486492153e-12,frequency (cycles yr-1)
Surface geostrophic KE temporal spectra vs DUACS,sd01_epoch_0070,Global,22.257421875,5.282373424808547e-12,frequency (cycles yr-1)
Surface geostrophic KE temporal spectra vs DUACS,sd01_epoch_0070,Global,22.5427734375,4.667462565293618e-12,frequency (cycles yr-1)
Surface geostrophic KE temporal spectra vs DUACS,sd01_epoch_0070,Global,22.828125,5.216732231784266e-12,frequency (cycles yr-1)
Surface geostrophic KE temporal spectra vs DUACS,sd01_epoch_0070,Global,23.1134765625,4.870616333633402e-12,frequency (cycles yr-1)
Surface geostrophic KE temporal spectra vs DUACS,sd01_epoch_0070,Global,23.398828124999998,2.6426036076138665e-12,frequency (cycles yr-1)
Surface geostrophic KE temporal spectra vs DUACS,sd01_epoch_0070,Global,23.6841796875,3.4551490171713083e-12,frequency (cycles yr-1)
Surface geostrophic KE temporal spectra vs DUACS,sd01_epoch_0070,Global,23.96953125,5.312818979552006e-12,frequency (cycles yr-1)
Surface geostrophic KE temporal spectra vs DUACS,sd01_epoch_0070,Global,24.2548828125,3.326420705732817e-12,frequency (cycles yr-1)
Surface geostrophic KE temporal spectra vs DUACS,sd01_epoch_0070,Global,24.540234375,7.332438710103095e-12,frequency (cycles yr-1)
Surface geostrophic KE temporal spectra vs DUACS,sd01_epoch_0070,Global,24.825585937499998,1.3811234994302184e-11,frequency (cycles yr-1)
Surface geostrophic KE temporal spectra vs DUACS,sd01_epoch_0070,Global,25.1109375,7.740075745399445e-12,frequency (cycles yr-1)
Surface geostrophic KE temporal spectra vs DUACS,sd01_epoch_0070,Global,25.3962890625,4.208468153489369e-12,frequency (cycles yr-1)
Surface geostrophic KE temporal spectra vs DUACS,sd01_epoch_0070,Global,25.681640625,1.0616404676399051e-11,frequency (cycles yr-1)
Surface geostrophic KE temporal spectra vs DUACS,sd01_epoch_0070,Global,25.9669921875,7.2160564582226844e-12,frequency (cycles yr-1)
Surface geostrophic KE temporal spectra vs DUACS,sd01_epoch_0070,Global,26.252343749999998,1.9618484486271525e-12,frequency (cycles yr-1)
Surface geostrophic KE temporal spectra vs DUACS,sd01_epoch_0070,Global,26.5376953125,3.3336563137936814e-12,frequency (cycles yr-1)
Surface geostrophic KE temporal spectra vs DUACS,sd01_epoch_0070,Global,26.823046875,8.391595280117523e-12,frequency (cycles yr-1)
Surface geostrophic KE temporal spectra vs DUACS,sd01_epoch_0070,Global,27.1083984375,1.0509343993305245e-11,frequency (cycles yr-1)
Surface geostrophic KE temporal spectra vs DUACS,sd01_epoch_0070,Global,27.393749999999997,1.7377063573227915e-11,frequency (cycles yr-1)
Surface geostrophic KE temporal spectra vs DUACS,sd01_epoch_0070,Global,27.679101562499998,1.58545909202214e-11,frequency (cycles yr-1)
Surface geostrophic KE temporal spectra vs DUACS,sd01_epoch_0070,Global,27.964453125,1.0121048474670451e-11,frequency (cycles yr-1)
Surface geostrophic KE temporal spectra vs DUACS,sd01_epoch_0070,Global,28.2498046875,5.595302743328129e-12,frequency (cycles yr-1)
Surface geostrophic KE temporal spectra vs DUACS,sd01_epoch_0070,Global,28.53515625,3.2020203688151556e-12,frequency (cycles yr-1)
Surface geostrophic KE temporal spectra vs DUACS,sd01_epoch_0070,Global,28.820507812499997,4.052527257392661e-12,frequency (cycles yr-1)
Surface geostrophic KE temporal spectra vs DUACS,sd01_epoch_0070,Global,29.105859374999998,3.427351906513207e-12,frequency (cycles yr-1)
Surface geostrophic KE temporal spectra vs DUACS,sd01_epoch_0070,Global,29.3912109375,1.0604792582367686e-11,frequency (cycles yr-1)
Surface geostrophic KE temporal spectra vs DUACS,sd01_epoch_0070,Global,29.6765625,1.1301287535485272e-11,frequency (cycles yr-1)
Surface geostrophic KE temporal spectra vs DUACS,sd01_epoch_0070,Global,29.9619140625,3.4767463657315984e-12,frequency (cycles yr-1)
Surface geostrophic KE temporal spectra vs DUACS,sd01_epoch_0070,Global,30.247265624999997,3.6627572998156854e-12,frequency (cycles yr-1)
Surface geostrophic KE temporal spectra vs DUACS,sd01_epoch_0070,Global,30.532617187499998,2.0907648075976614e-12,frequency (cycles yr-1)
Surface geostrophic KE temporal spectra vs DUACS,sd01_epoch_0070,Global,30.81796875,2.6871075275161696e-12,frequency (cycles yr-1)
Surface geostrophic KE temporal spectra vs DUACS,sd01_epoch_0070,Global,31.1033203125,5.686486584991984e-12,frequency (cycles yr-1)
Surface geostrophic KE temporal spectra vs DUACS,sd01_epoch_0070,Global,31.388671875,2.997082340709506e-12,frequency (cycles yr-1)
Surface geostrophic KE temporal spectra vs DUACS,sd01_epoch_0070,Global,31.674023437499997,3.7236813111408135e-12,frequency (cycles yr-1)
Surface geostrophic KE temporal spectra vs DUACS,sd01_epoch_0070,Global,31.959374999999998,5.719323243005626e-12,frequency (cycles yr-1)
Surface geostrophic KE temporal spectra vs DUACS,sd01_epoch_0070,Global,32.2447265625,8.76986105018478e-12,frequency (cycles yr-1)
Surface geostrophic KE temporal spectra vs DUACS,sd01_epoch_0070,Global,32.530078124999996,1.8114486807935756e-11,frequency (cycles yr-1)
Surface geostrophic KE temporal spectra vs DUACS,sd01_epoch_0070,Global,32.8154296875,4.810713280954544e-12,frequency (cycles yr-1)
Surface geostrophic KE temporal spectra vs DUACS,sd01_epoch_0070,Global,33.10078125,8.01792001422557e-12,frequency (cycles yr-1)
Surface geostrophic KE temporal spectra vs DUACS,sd01_epoch_0070,Global,33.3861328125,1.4831110473863177e-11,frequency (cycles yr-1)
Surface geostrophic KE temporal spectra vs DUACS,sd01_epoch_0070,Global,33.671484375,1.2073333003774453e-11,frequency (cycles yr-1)
Surface geostrophic KE temporal spectra vs DUACS,sd01_epoch_0070,Global,33.956835937499996,9.612063144898393e-12,frequency (cycles yr-1)
Surface geostrophic KE temporal spectra vs DUACS,sd01_epoch_0070,Global,34.2421875,5.8890714546648314e-12,frequency (cycles yr-1)
Surface geostrophic KE temporal spectra vs DUACS,sd01_epoch_0070,Global,34.5275390625,3.703884081256873e-12,frequency (cycles yr-1)
Surface geostrophic KE temporal spectra vs DUACS,sd01_epoch_0070,Global,34.812890625,8.706918426488512e-12,frequency (cycles yr-1)
Surface geostrophic KE temporal spectra vs DUACS,sd01_epoch_0070,Global,35.0982421875,1.7385667899865258e-11,frequency (cycles yr-1)
Surface geostrophic KE temporal spectra vs DUACS,sd01_epoch_0070,Global,35.383593749999996,1.5443122217755145e-10,frequency (cycles yr-1)
Surface geostrophic KE temporal spectra vs DUACS,sd01_epoch_0070,Global,35.6689453125,1.5145214543932947e-10,frequency (cycles yr-1)
Surface geostrophic KE temporal spectra vs DUACS,sd01_epoch_0070,Global,35.954296875,7.492980956504942e-12,frequency (cycles yr-1)
Surface geostrophic KE temporal spectra vs DUACS,sd01_epoch_0070,Global,36.2396484375,5.864886406326314e-10,frequency (cycles yr-1)
Surface geostrophic KE temporal spectra vs DUACS,sd01_epoch_0070,Global,36.525,1.2047111689995415e-09,frequency (cycles yr-1)
Surface geostrophic KE temporal spectra vs DUACS,sd01_epoch_0070,Gulf Stream,0.2853515625,1.3855607868544102e-08,frequency (cycles yr-1)
Surface geostrophic KE temporal spectra vs DUACS,sd01_epoch_0070,Gulf Stream,0.570703125,1.8083735288108126e-08,frequency (cycles yr-1)
Surface geostrophic KE temporal spectra vs DUACS,sd01_epoch_0070,Gulf Stream,0.8560546874999999,2.2892449753617073e-08,frequency (cycles yr-1)
Surface geostrophic KE temporal spectra vs DUACS,sd01_epoch_0070,Gulf Stream,1.14140625,1.2710337378389446e-08,frequency (cycles yr-1)
Surface geostrophic KE temporal spectra vs DUACS,sd01_epoch_0070,Gulf Stream,1.4267578125,2.8996733350586866e-09,frequency (cycles yr-1)
Surface geostrophic KE temporal spectra vs DUACS,sd01_epoch_0070,Gulf Stream,1.7121093749999998,3.024037663059681e-09,frequency (cycles yr-1)
Surface geostrophic KE temporal spectra vs DUACS,sd01_epoch_0070,Gulf Stream,1.9974609374999999,3.1568790672814496e-09,frequency (cycles yr-1)
Surface geostrophic KE temporal spectra vs DUACS,sd01_epoch_0070,Gulf Stream,2.2828125,2.7309073885818714e-09,frequency (cycles yr-1)
Surface geostrophic KE temporal spectra vs DUACS,sd01_epoch_0070,Gulf Stream,2.5681640624999997,8.684217799087191e-10,frequency (cycles yr-1)
Surface geostrophic KE temporal spectra vs DUACS,sd01_epoch_0070,Gulf Stream,2.853515625,4.864807681941309e-10,frequency (cycles yr-1)
Surface geostrophic KE temporal spectra vs DUACS,sd01_epoch_0070,Gulf Stream,3.1388671875,9.552008344191005e-11,frequency (cycles yr-1)
Surface geostrophic KE temporal spectra vs DUACS,sd01_epoch_0070,Gulf Stream,3.4242187499999996,5.728428609080725e-10,frequency (cycles yr-1)
Surface geostrophic KE temporal spectra vs DUACS,sd01_epoch_0070,Gulf Stream,3.7095703125,1.0220735100260118e-09,frequency (cycles yr-1)
Surface geostrophic KE temporal spectra vs DUACS,sd01_epoch_0070,Gulf Stream,3.9949218749999997,6.165006221673362e-10,frequency (cycles yr-1)
Surface geostrophic KE temporal spectra vs DUACS,sd01_epoch_0070,Gulf Stream,4.2802734375,2.382350029512847e-10,frequency (cycles yr-1)
Surface geostrophic KE temporal spectra vs DUACS,sd01_epoch_0070,Gulf Stream,4.565625,9.60669101081092e-11,frequency (cycles yr-1)
Surface geostrophic KE temporal spectra vs DUACS,sd01_epoch_0070,Gulf Stream,4.8509765625,9.631129101016035e-11,frequency (cycles yr-1)
Surface geostrophic KE temporal spectra vs DUACS,sd01_epoch_0070,Gulf Stream,5.1363281249999995,2.0711363566593169e-10,frequency (cycles yr-1)
Surface geostrophic KE temporal spectra vs DUACS,sd01_epoch_0070,Gulf Stream,5.4216796875,1.1778156874572191e-10,frequency (cycles yr-1)
Surface geostrophic KE temporal spectra vs DUACS,sd01_epoch_0070,Gulf Stream,5.70703125,2.9974760090386324e-10,frequency (cycles yr-1)
Surface geostrophic KE temporal spectra vs DUACS,sd01_epoch_0070,Gulf Stream,5.9923828125,3.592003922446041e-10,frequency (cycles yr-1)
Surface geostrophic KE temporal spectra vs DUACS,sd01_epoch_0070,Gulf Stream,6.277734375,1.4847750391444933e-10,frequency (cycles yr-1)
Surface geostrophic KE temporal spectra vs DUACS,sd01_epoch_0070,Gulf Stream,6.5630859374999995,2.2478895580889083e-10,frequency (cycles yr-1)
Surface geostrophic KE temporal spectra vs DUACS,sd01_epoch_0070,Gulf Stream,6.848437499999999,3.413759356970052e-10,frequency (cycles yr-1)
Surface geostrophic KE temporal spectra vs DUACS,sd01_epoch_0070,Gulf Stream,7.1337890625,3.568479193471552e-10,frequency (cycles yr-1)
Surface geostrophic KE temporal spectra vs DUACS,sd01_epoch_0070,Gulf Stream,7.419140625,3.862770195281027e-10,frequency (cycles yr-1)
Surface geostrophic KE temporal spectra vs DUACS,sd01_epoch_0070,Gulf Stream,7.7044921875,1.2140571077781707e-10,frequency (cycles yr-1)
Surface geostrophic KE temporal spectra vs DUACS,sd01_epoch_0070,Gulf Stream,7.9898437499999995,9.935621576840483e-11,frequency (cycles yr-1)
Surface geostrophic KE temporal spectra vs DUACS,sd01_epoch_0070,Gulf Stream,8.2751953125,7.692472446708747e-11,frequency (cycles yr-1)
Surface geostrophic KE temporal spectra vs DUACS,sd01_epoch_0070,Gulf Stream,8.560546875,6.850211187835031e-11,frequency (cycles yr-1)
Surface geostrophic KE temporal spectra vs DUACS,sd01_epoch_0070,Gulf Stream,8.845898437499999,2.4825286853924166e-11,frequency (cycles yr-1)
Surface geostrophic KE temporal spectra vs DUACS,sd01_epoch_0070,Gulf Stream,9.13125,1.8005389993423283e-11,frequency (cycles yr-1)
Surface geostrophic KE temporal spectra vs DUACS,sd01_epoch_0070,Gulf Stream,9.4166015625,1.8315451595345606e-11,frequency (cycles yr-1)
Surface geostrophic KE temporal spectra vs DUACS,sd01_epoch_0070,Gulf Stream,9.701953125,2.980309698800155e-11,frequency (cycles yr-1)
Surface geostrophic KE temporal spectra vs DUACS,sd01_epoch_0070,Gulf Stream,9.9873046875,4.874135164880176e-11,frequency (cycles yr-1)
Surface geostrophic KE temporal spectra vs DUACS,sd01_epoch_0070,Gulf Stream,10.272656249999999,5.209659679425374e-11,frequency (cycles yr-1)
Surface geostrophic KE temporal spectra vs DUACS,sd01_epoch_0070,Gulf Stream,10.5580078125,4.5018275183847615e-11,frequency (cycles yr-1)
Surface geostrophic KE temporal spectra vs DUACS,sd01_epoch_0070,Gulf Stream,10.843359375,9.518038522164147e-11,frequency (cycles yr-1)
Surface geostrophic KE temporal spectra vs DUACS,sd01_epoch_0070,Gulf Stream,11.1287109375,1.1682175985673772e-10,frequency (cycles yr-1)
Surface geostrophic KE temporal spectra vs DUACS,sd01_epoch_0070,Gulf Stream,11.4140625,1.0070515957695953e-10,frequency (cycles yr-1)
Surface geostrophic KE temporal spectra vs DUACS,sd01_epoch_0070,Gulf Stream,11.699414062499999,5.389522091251586e-11,frequency (cycles yr-1)
Surface geostrophic KE temporal spectra vs DUACS,sd01_epoch_0070,Gulf Stream,11.984765625,1.6334449500085597e-11,frequency (cycles yr-1)
Surface geostrophic KE temporal spectra vs DUACS,sd01_epoch_0070,Gulf Stream,12.2701171875,3.445509780511028e-11,frequency (cycles yr-1)
Surface geostrophic KE temporal spectra vs DUACS,sd01_epoch_0070,Gulf Stream,12.55546875,3.94458789771189e-11,frequency (cycles yr-1)
Surface geostrophic KE temporal spectra vs DUACS,sd01_epoch_0070,Gulf Stream,12.8408203125,5.203840010650257e-11,frequency (cycles yr-1)
Surface geostrophic KE temporal spectra vs DUACS,sd01_epoch_0070,Gulf Stream,13.126171874999999,7.370659374734703e-11,frequency (cycles yr-1)
Surface geostrophic KE temporal spectra vs DUACS,sd01_epoch_0070,Gulf Stream,13.4115234375,4.170741687525664e-11,frequency (cycles yr-1)
Surface geostrophic KE temporal spectra vs DUACS,sd01_epoch_0070,Gulf Stream,13.696874999999999,3.417984418166172e-11,frequency (cycles yr-1)
Surface geostrophic KE temporal spectra vs DUACS,sd01_epoch_0070,Gulf Stream,13.9822265625,9.663629805187263e-12,frequency (cycles yr-1)
Surface geostrophic KE temporal spectra vs DUACS,sd01_epoch_0070,Gulf Stream,14.267578125,1.2464358843174539e-11,frequency (cycles yr-1)
Surface geostrophic KE temporal spectra vs DUACS,sd01_epoch_0070,Gulf Stream,14.552929687499999,3.148351587275725e-11,frequency (cycles yr-1)
Surface geostrophic KE temporal spectra vs DUACS,sd01_epoch_0070,Gulf Stream,14.83828125,4.607226516007182e-11,frequency (cycles yr-1)
Surface geostrophic KE temporal spectra vs DUACS,sd01_epoch_0070,Gulf Stream,15.123632812499999,2.6650750156478684e-11,frequency (cycles yr-1)
Surface geostrophic KE temporal spectra vs DUACS,sd01_epoch_0070,Gulf Stream,15.408984375,5.441963472656914e-11,frequency (cycles yr-1)
Surface geostrophic KE temporal spectra vs DUACS,sd01_epoch_0070,Gulf Stream,15.6943359375,1.4189989597851347e-11,frequency (cycles yr-1)
Surface geostrophic KE temporal spectra vs DUACS,sd01_epoch_0070,Gulf Stream,15.979687499999999,2.411483278772861e-11,frequency (cycles yr-1)
Surface geostrophic KE temporal spectra vs DUACS,sd01_epoch_0070,Gulf Stream,16.265039062499998,2.8613837774333123e-11,frequency (cycles yr-1)
Surface geostrophic KE temporal spectra vs DUACS,sd01_epoch_0070,Gulf Stream,16.550390625,5.5176621666999256e-11,frequency (cycles yr-1)
Surface geostrophic KE temporal spectra vs DUACS,sd01_epoch_0070,Gulf Stream,16.8357421875,5.034755845168876e-11,frequency (cycles yr-1)
Surface geostrophic KE temporal spectra vs DUACS,sd01_epoch_0070,Gulf Stream,17.12109375,2.348851728480563e-11,frequency (cycles yr-1)
Surface geostrophic KE temporal spectra vs DUACS,sd01_epoch_0070,Gulf Stream,17.4064453125,2.8179306635176764e-11,frequency (cycles yr-1)
Surface geostrophic KE temporal spectra vs DUACS,sd01_epoch_0070,Gulf Stream,17.691796874999998,4.093785588630524e-11,frequency (cycles yr-1)
Surface geostrophic KE temporal spectra vs DUACS,sd01_epoch_0070,Gulf Stream,17.9771484375,4.8105377238006535e-11,frequency (cycles yr-1)
Surface geostrophic KE temporal spectra vs DUACS,sd01_epoch_0070,Gulf Stream,18.2625,1.944463205864452e-11,frequency (cycles yr-1)
Surface geostrophic KE temporal spectra vs DUACS,sd01_epoch_0070,Gulf Stream,18.5478515625,5.8031120078240254e-11,frequency (cycles yr-1)
Surface geostrophic KE temporal spectra vs DUACS,sd01_epoch_0070,Gulf Stream,18.833203125,4.2589601461682646e-11,frequency (cycles yr-1)
Surface geostrophic KE temporal spectra vs DUACS,sd01_epoch_0070,Gulf Stream,19.118554687499998,2.2865108478555014e-11,frequency (cycles yr-1)
Surface geostrophic KE temporal spectra vs DUACS,sd01_epoch_0070,Gulf Stream,19.40390625,3.102007027253338e-11,frequency (cycles yr-1)
Surface geostrophic KE temporal spectra vs DUACS,sd01_epoch_0070,Gulf Stream,19.6892578125,3.3437971318711935e-11,frequency (cycles yr-1)
Surface geostrophic KE temporal spectra vs DUACS,sd01_epoch_0070,Gulf Stream,19.974609375,4.017783755779412e-11,frequency (cycles yr-1)
Surface geostrophic KE temporal spectra vs DUACS,sd01_epoch_0070,Gulf Stream,20.2599609375,1.5083657969909143e-11,frequency (cycles yr-1)
Surface geostrophic KE temporal spectra vs DUACS,sd01_epoch_0070,Gulf Stream,20.545312499999998,2.0465694154276345e-11,frequency (cycles yr-1)
Surface geostrophic KE temporal spectra vs DUACS,sd01_epoch_0070,Gulf Stream,20.8306640625,9.20033817628218e-12,frequency (cycles yr-1)
Surface geostrophic KE temporal spectra vs DUACS,sd01_epoch_0070,Gulf Stream,21.116015625,2.7096429482912047e-11,frequency (cycles yr-1)
Surface geostrophic KE temporal spectra vs DUACS,sd01_epoch_0070,Gulf Stream,21.4013671875,1.006105956847572e-11,frequency (cycles yr-1)
Surface geostrophic KE temporal spectra vs DUACS,sd01_epoch_0070,Gulf Stream,21.68671875,2.1454404823950353e-11,frequency (cycles yr-1)
Surface geostrophic KE temporal spectra vs DUACS,sd01_epoch_0070,Gulf Stream,21.972070312499998,2.6164325546506116e-11,frequency (cycles yr-1)
Surface geostrophic KE temporal spectra vs DUACS,sd01_epoch_0070,Gulf Stream,22.257421875,1.250068143679445e-11,frequency (cycles yr-1)
Surface geostrophic KE temporal spectra vs DUACS,sd01_epoch_0070,Gulf Stream,22.5427734375,3.64681564485853e-12,frequency (cycles yr-1)
Surface geostrophic KE temporal spectra vs DUACS,sd01_epoch_0070,Gulf Stream,22.828125,9.625265996430972e-12,frequency (cycles yr-1)
Surface geostrophic KE temporal spectra vs DUACS,sd01_epoch_0070,Gulf Stream,23.1134765625,1.0374328230298257e-11,frequency (cycles yr-1)
Surface geostrophic KE temporal spectra vs DUACS,sd01_epoch_0070,Gulf Stream,23.398828124999998,3.4812476996431015e-11,frequency (cycles yr-1)
Surface geostrophic KE temporal spectra vs DUACS,sd01_epoch_0070,Gulf Stream,23.6841796875,3.3187355524596266e-11,frequency (cycles yr-1)
Surface geostrophic KE temporal spectra vs DUACS,sd01_epoch_0070,Gulf Stream,23.96953125,1.7226601087381726e-11,frequency (cycles yr-1)
Surface geostrophic KE temporal spectra vs DUACS,sd01_epoch_0070,Gulf Stream,24.2548828125,4.566682171665159e-12,frequency (cycles yr-1)
Surface geostrophic KE temporal spectra vs DUACS,sd01_epoch_0070,Gulf Stream,24.540234375,3.813671454992885e-12,frequency (cycles yr-1)
Surface geostrophic KE temporal spectra vs DUACS,sd01_epoch_0070,Gulf Stream,24.825585937499998,1.9527579814304865e-11,frequency (cycles yr-1)
Surface geostrophic KE temporal spectra vs DUACS,sd01_epoch_0070,Gulf Stream,25.1109375,2.6462161995497148e-11,frequency (cycles yr-1)
Surface geostrophic KE temporal spectra vs DUACS,sd01_epoch_0070,Gulf Stream,25.3962890625,2.4129125750773003e-11,frequency (cycles yr-1)
Surface geostrophic KE temporal spectra vs DUACS,sd01_epoch_0070,Gulf Stream,25.681640625,2.0051128179405823e-11,frequency (cycles yr-1)
Surface geostrophic KE temporal spectra vs DUACS,sd01_epoch_0070,Gulf Stream,25.9669921875,8.498073692117516e-12,frequency (cycles yr-1)
Surface geostrophic KE temporal spectra vs DUACS,sd01_epoch_0070,Gulf Stream,26.252343749999998,4.889960228012997e-12,frequency (cycles yr-1)
Surface geostrophic KE temporal spectra vs DUACS,sd01_epoch_0070,Gulf Stream,26.5376953125,5.6963238594531964e-12,frequency (cycles yr-1)
Surface geostrophic KE temporal spectra vs DUACS,sd01_epoch_0070,Gulf Stream,26.823046875,4.6869399979720325e-12,frequency (cycles yr-1)
Surface geostrophic KE temporal spectra vs DUACS,sd01_epoch_0070,Gulf Stream,27.1083984375,2.9852325163370276e-12,frequency (cycles yr-1)
Surface geostrophic KE temporal spectra vs DUACS,sd01_epoch_0070,Gulf Stream,27.393749999999997,4.426992291218632e-12,frequency (cycles yr-1)
Surface geostrophic KE temporal spectra vs DUACS,sd01_epoch_0070,Gulf Stream,27.679101562499998,7.881642758793404e-12,frequency (cycles yr-1)
Surface geostrophic KE temporal spectra vs DUACS,sd01_epoch_0070,Gulf Stream,27.964453125,1.0009319504519582e-11,frequency (cycles yr-1)
Surface geostrophic KE temporal spectra vs DUACS,sd01_epoch_0070,Gulf Stream,28.2498046875,2.0339060045769132e-11,frequency (cycles yr-1)
Surface geostrophic KE temporal spectra vs DUACS,sd01_epoch_0070,Gulf Stream,28.53515625,2.510617048813753e-11,frequency (cycles yr-1)
Surface geostrophic KE temporal spectra vs DUACS,sd01_epoch_0070,Gulf Stream,28.820507812499997,2.149839161915761e-11,frequency (cycles yr-1)
Surface geostrophic KE temporal spectra vs DUACS,sd01_epoch_0070,Gulf Stream,29.105859374999998,4.028563390830676e-11,frequency (cycles yr-1)
Surface geostrophic KE temporal spectra vs DUACS,sd01_epoch_0070,Gulf Stream,29.3912109375,4.848426351729612e-11,frequency (cycles yr-1)
Surface geostrophic KE temporal spectra vs DUACS,sd01_epoch_0070,Gulf Stream,29.6765625,3.777669436112746e-11,frequency (cycles yr-1)
Surface geostrophic KE temporal spectra vs DUACS,sd01_epoch_0070,Gulf Stream,29.9619140625,2.5991816369327698e-11,frequency (cycles yr-1)
Surface geostrophic KE temporal spectra vs DUACS,sd01_epoch_0070,Gulf Stream,30.247265624999997,9.07205006783325e-12,frequency (cycles yr-1)
Surface geostrophic KE temporal spectra vs DUACS,sd01_epoch_0070,Gulf Stream,30.532617187499998,2.461251194233207e-11,frequency (cycles yr-1)
Surface geostrophic KE temporal spectra vs DUACS,sd01_epoch_0070,Gulf Stream,30.81796875,1.9129563952849697e-11,frequency (cycles yr-1)
Surface geostrophic KE temporal spectra vs DUACS,sd01_epoch_0070,Gulf Stream,31.1033203125,1.4421532864882341e-11,frequency (cycles yr-1)
Surface geostrophic KE temporal spectra vs DUACS,sd01_epoch_0070,Gulf Stream,31.388671875,4.439708621560484e-11,frequency (cycles yr-1)
Surface geostrophic KE temporal spectra vs DUACS,sd01_epoch_0070,Gulf Stream,31.674023437499997,3.1873648756951726e-11,frequency (cycles yr-1)
Surface geostrophic KE temporal spectra vs DUACS,sd01_epoch_0070,Gulf Stream,31.959374999999998,2.1838339799064695e-11,frequency (cycles yr-1)
Surface geostrophic KE temporal spectra vs DUACS,sd01_epoch_0070,Gulf Stream,32.2447265625,3.908616662187911e-11,frequency (cycles yr-1)
Surface geostrophic KE temporal spectra vs DUACS,sd01_epoch_0070,Gulf Stream,32.530078124999996,3.6844161662848146e-11,frequency (cycles yr-1)
Surface geostrophic KE temporal spectra vs DUACS,sd01_epoch_0070,Gulf Stream,32.8154296875,4.6213797381381815e-11,frequency (cycles yr-1)
Surface geostrophic KE temporal spectra vs DUACS,sd01_epoch_0070,Gulf Stream,33.10078125,3.8996489947319637e-11,frequency (cycles yr-1)
Surface geostrophic KE temporal spectra vs DUACS,sd01_epoch_0070,Gulf Stream,33.3861328125,3.180636291783403e-11,frequency (cycles yr-1)
Surface geostrophic KE temporal spectra vs DUACS,sd01_epoch_0070,Gulf Stream,33.671484375,4.407107138410567e-11,frequency (cycles yr-1)
Surface geostrophic KE temporal spectra vs DUACS,sd01_epoch_0070,Gulf Stream,33.956835937499996,3.014148157439345e-11,frequency (cycles yr-1)
Surface geostrophic KE temporal spectra vs DUACS,sd01_epoch_0070,Gulf Stream,34.2421875,2.2711342562118987e-11,frequency (cycles yr-1)
Surface geostrophic KE temporal spectra vs DUACS,sd01_epoch_0070,Gulf Stream,34.5275390625,4.4861003834817103e-11,frequency (cycles yr-1)
Surface geostrophic KE temporal spectra vs DUACS,sd01_epoch_0070,Gulf Stream,34.812890625,6.649227856520386e-11,frequency (cycles yr-1)
Surface geostrophic KE temporal spectra vs DUACS,sd01_epoch_0070,Gulf Stream,35.0982421875,8.287866237191716e-11,frequency (cycles yr-1)
Surface geostrophic KE temporal spectra vs DUACS,sd01_epoch_0070,Gulf Stream,35.383593749999996,2.4389035529870283e-10,frequency (cycles yr-1)
Surface geostrophic KE temporal spectra vs DUACS,sd01_epoch_0070,Gulf Stream,35.6689453125,2.420782454860917e-10,frequency (cycles yr-1)
Surface geostrophic KE temporal spectra vs DUACS,sd01_epoch_0070,Gulf Stream,35.954296875,2.6093828708830244e-11,frequency (cycles yr-1)
Surface geostrophic KE temporal spectra vs DUACS,sd01_epoch_0070,Gulf Stream,36.2396484375,4.6000407844727264e-10,frequency (cycles yr-1)
Surface geostrophic KE temporal spectra vs DUACS,sd01_epoch_0070,Gulf Stream,36.525,7.952477205001695e-10,frequency (cycles yr-1)
Surface geostrophic KE temporal spectra vs DUACS,sd01_epoch_0070,Agulhas,0.2853515625,7.951383068494247e-08,frequency (cycles yr-1)
Surface geostrophic KE temporal spectra vs DUACS,sd01_epoch_0070,Agulhas,0.570703125,1.5691854422929483e-07,frequency (cycles yr-1)
Surface geostrophic KE temporal spectra vs DUACS,sd01_epoch_0070,Agulhas,0.8560546874999999,1.5304546399590033e-07,frequency (cycles yr-1)
Surface geostrophic KE temporal spectra vs DUACS,sd01_epoch_0070,Agulhas,1.14140625,1.1324500636269197e-07,frequency (cycles yr-1)
Surface geostrophic KE temporal spectra vs DUACS,sd01_epoch_0070,Agulhas,1.4267578125,4.918392768957712e-08,frequency (cycles yr-1)
Surface geostrophic KE temporal spectra vs DUACS,sd01_epoch_0070,Agulhas,1.7121093749999998,2.3631069352258683e-08,frequency (cycles yr-1)
Surface geostrophic KE temporal spectra vs DUACS,sd01_epoch_0070,Agulhas,1.9974609374999999,2.4996014979412605e-08,frequency (cycles yr-1)
Surface geostrophic KE temporal spectra vs DUACS,sd01_epoch_0070,Agulhas,2.2828125,1.1709617253572742e-08,frequency (cycles yr-1)
Surface geostrophic KE temporal spectra vs DUACS,sd01_epoch_0070,Agulhas,2.5681640624999997,1.1160933602073479e-08,frequency (cycles yr-1)
Surface geostrophic KE temporal spectra vs DUACS,sd01_epoch_0070,Agulhas,2.853515625,8.108152046328205e-09,frequency (cycles yr-1)
Surface geostrophic KE temporal spectra vs DUACS,sd01_epoch_0070,Agulhas,3.1388671875,1.823284465623179e-08,frequency (cycles yr-1)
Surface geostrophic KE temporal spectra vs DUACS,sd01_epoch_0070,Agulhas,3.4242187499999996,1.733548114671908e-08,frequency (cycles yr-1)
Surface geostrophic KE temporal spectra vs DUACS,sd01_epoch_0070,Agulhas,3.7095703125,8.644330950358998e-09,frequency (cycles yr-1)
Surface geostrophic KE temporal spectra vs DUACS,sd01_epoch_0070,Agulhas,3.9949218749999997,6.094768678523257e-09,frequency (cycles yr-1)
Surface geostrophic KE temporal spectra vs DUACS,sd01_epoch_0070,Agulhas,4.2802734375,5.915782328247698e-09,frequency (cycles yr-1)
Surface geostrophic KE temporal spectra vs DUACS,sd01_epoch_0070,Agulhas,4.565625,1.5383489853079204e-08,frequency (cycles yr-1)
Surface geostrophic KE temporal spectra vs DUACS,sd01_epoch_0070,Agulhas,4.8509765625,1.2046528060635969e-08,frequency (cycles yr-1)
Surface geostrophic KE temporal spectra vs DUACS,sd01_epoch_0070,Agulhas,5.1363281249999995,6.080952632616338e-09,frequency (cycles yr-1)
Surface geostrophic KE temporal spectra vs DUACS,sd01_epoch_0070,Agulhas,5.4216796875,6.061267575808808e-09,frequency (cycles yr-1)
Surface geostrophic KE temporal spectra vs DUACS,sd01_epoch_0070,Agulhas,5.70703125,7.075256997469037e-09,frequency (cycles yr-1)
Surface geostrophic KE temporal spectra vs DUACS,sd01_epoch_0070,Agulhas,5.9923828125,4.962430163734907e-09,frequency (cycles yr-1)
Surface geostrophic KE temporal spectra vs DUACS,sd01_epoch_0070,Agulhas,6.277734375,6.5327199676015785e-09,frequency (cycles yr-1)
Surface geostrophic KE temporal spectra vs DUACS,sd01_epoch_0070,Agulhas,6.5630859374999995,1.898374067783045e-09,frequency (cycles yr-1)
Surface geostrophic KE temporal spectra vs DUACS,sd01_epoch_0070,Agulhas,6.848437499999999,1.0045208762778677e-09,frequency (cycles yr-1)
Surface geostrophic KE temporal spectra vs DUACS,sd01_epoch_0070,Agulhas,7.1337890625,2.092771019203415e-09,frequency (cycles yr-1)
Surface geostrophic KE temporal spectra vs DUACS,sd01_epoch_0070,Agulhas,7.419140625,2.2360937115656416e-09,frequency (cycles yr-1)
Surface geostrophic KE temporal spectra vs DUACS,sd01_epoch_0070,Agulhas,7.7044921875,1.696341188001067e-09,frequency (cycles yr-1)
Surface geostrophic KE temporal spectra vs DUACS,sd01_epoch_0070,Agulhas,7.9898437499999995,1.0448653587680887e-09,frequency (cycles yr-1)
Surface geostrophic KE temporal spectra vs DUACS,sd01_epoch_0070,Agulhas,8.2751953125,1.5552289236596358e-09,frequency (cycles yr-1)
Surface geostrophic KE temporal spectra vs DUACS,sd01_epoch_0070,Agulhas,8.560546875,2.202573901637299e-09,frequency (cycles yr-1)
Surface geostrophic KE temporal spectra vs DUACS,sd01_epoch_0070,Agulhas,8.845898437499999,8.256758655638991e-10,frequency (cycles yr-1)
Surface geostrophic KE temporal spectra vs DUACS,sd01_epoch_0070,Agulhas,9.13125,1.0154508717904895e-09,frequency (cycles yr-1)
Surface geostrophic KE temporal spectra vs DUACS,sd01_epoch_0070,Agulhas,9.4166015625,1.558450819102609e-09,frequency (cycles yr-1)
Surface geostrophic KE temporal spectra vs DUACS,sd01_epoch_0070,Agulhas,9.701953125,1.3292106484715632e-09,frequency (cycles yr-1)
Surface geostrophic KE temporal spectra vs DUACS,sd01_epoch_0070,Agulhas,9.9873046875,1.841100606060461e-09,frequency (cycles yr-1)
Surface geostrophic KE temporal spectra vs DUACS,sd01_epoch_0070,Agulhas,10.272656249999999,1.7009377759045495e-09,frequency (cycles yr-1)
Surface geostrophic KE temporal spectra vs DUACS,sd01_epoch_0070,Agulhas,10.5580078125,1.6063088358517298e-09,frequency (cycles yr-1)
Surface geostrophic KE temporal spectra vs DUACS,sd01_epoch_0070,Agulhas,10.843359375,1.1150635820573122e-09,frequency (cycles yr-1)
Surface geostrophic KE temporal spectra vs DUACS,sd01_epoch_0070,Agulhas,11.1287109375,6.171416069092358e-10,frequency (cycles yr-1)
Surface geostrophic KE temporal spectra vs DUACS,sd01_epoch_0070,Agulhas,11.4140625,1.0360782627445693e-09,frequency (cycles yr-1)
Surface geostrophic KE temporal spectra vs DUACS,sd01_epoch_0070,Agulhas,11.699414062499999,5.501237322214817e-10,frequency (cycles yr-1)
Surface geostrophic KE temporal spectra vs DUACS,sd01_epoch_0070,Agulhas,11.984765625,3.793409194799826e-10,frequency (cycles yr-1)
Surface geostrophic KE temporal spectra vs DUACS,sd01_epoch_0070,Agulhas,12.2701171875,2.2165069808364384e-10,frequency (cycles yr-1)
Surface geostrophic KE temporal spectra vs DUACS,sd01_epoch_0070,Agulhas,12.55546875,5.812961396498093e-10,frequency (cycles yr-1)
Surface geostrophic KE temporal spectra vs DUACS,sd01_epoch_0070,Agulhas,12.8408203125,5.756447904775932e-10,frequency (cycles yr-1)
Surface geostrophic KE temporal spectra vs DUACS,sd01_epoch_0070,Agulhas,13.126171874999999,4.2591448565689127e-10,frequency (cycles yr-1)
Surface geostrophic KE temporal spectra vs DUACS,sd01_epoch_0070,Agulhas,13.4115234375,2.677335073072177e-10,frequency (cycles yr-1)
Surface geostrophic KE temporal spectra vs DUACS,sd01_epoch_0070,Agulhas,13.696874999999999,4.3392317692926464e-10,frequency (cycles yr-1)
Surface geostrophic KE temporal spectra vs DUACS,sd01_epoch_0070,Agulhas,13.9822265625,1.4549642468563953e-10,frequency (cycles yr-1)
Surface geostrophic KE temporal spectra vs DUACS,sd01_epoch_0070,Agulhas,14.267578125,9.206581130351467e-11,frequency (cycles yr-1)
Surface geostrophic KE temporal spectra vs DUACS,sd01_epoch_0070,Agulhas,14.552929687499999,2.8543125965167253e-10,frequency (cycles yr-1)
Surface geostrophic KE temporal spectra vs DUACS,sd01_epoch_0070,Agulhas,14.83828125,2.794530145884347e-10,frequency (cycles yr-1)
Surface geostrophic KE temporal spectra vs DUACS,sd01_epoch_0070,Agulhas,15.123632812499999,2.3271379818455793e-10,frequency (cycles yr-1)
Surface geostrophic KE temporal spectra vs DUACS,sd01_epoch_0070,Agulhas,15.408984375,9.979641988923672e-11,frequency (cycles yr-1)
Surface geostrophic KE temporal spectra vs DUACS,sd01_epoch_0070,Agulhas,15.6943359375,1.158208965236721e-10,frequency (cycles yr-1)
Surface geostrophic KE temporal spectra vs DUACS,sd01_epoch_0070,Agulhas,15.979687499999999,3.1926512464872433e-10,frequency (cycles yr-1)
Surface geostrophic KE temporal spectra vs DUACS,sd01_epoch_0070,Agulhas,16.265039062499998,4.865390127925246e-10,frequency (cycles yr-1)
Surface geostrophic KE temporal spectra vs DUACS,sd01_epoch_0070,Agulhas,16.550390625,3.9306435543404974e-10,frequency (cycles yr-1)
Surface geostrophic KE temporal spectra vs DUACS,sd01_epoch_0070,Agulhas,16.8357421875,3.7433812164862423e-10,frequency (cycles yr-1)
Surface geostrophic KE temporal spectra vs DUACS,sd01_epoch_0070,Agulhas,17.12109375,5.635130736345143e-10,frequency (cycles yr-1)
Surface geostrophic KE temporal spectra vs DUACS,sd01_epoch_0070,Agulhas,17.4064453125,3.732966735053663e-10,frequency (cycles yr-1)
Surface geostrophic KE temporal spectra vs DUACS,sd01_epoch_0070,Agulhas,17.691796874999998,5.781591923524873e-10,frequency (cycles yr-1)
Surface geostrophic KE temporal spectra vs DUACS,sd01_epoch_0070,Agulhas,17.9771484375,3.511267120544261e-10,frequency (cycles yr-1)
Surface geostrophic KE temporal spectra vs DUACS,sd01_epoch_0070,Agulhas,18.2625,1.4212369236214258e-10,frequency (cycles yr-1)
Surface geostrophic KE temporal spectra vs DUACS,sd01_epoch_0070,Agulhas,18.5478515625,4.4503660813395694e-10,frequency (cycles yr-1)
Surface geostrophic KE temporal spectra vs DUACS,sd01_epoch_0070,Agulhas,18.833203125,6.984536338867971e-10,frequency (cycles yr-1)
Surface geostrophic KE temporal spectra vs DUACS,sd01_epoch_0070,Agulhas,19.118554687499998,4.0272299123561853e-10,frequency (cycles yr-1)
Surface geostrophic KE temporal spectra vs DUACS,sd01_epoch_0070,Agulhas,19.40390625,5.488141556477755e-10,frequency (cycles yr-1)
Surface geostrophic KE temporal spectra vs DUACS,sd01_epoch_0070,Agulhas,19.6892578125,4.0567376284143774e-10,frequency (cycles yr-1)
Surface geostrophic KE temporal spectra vs DUACS,sd01_epoch_0070,Agulhas,19.974609375,3.705332647700508e-10,frequency (cycles yr-1)
Surface geostrophic KE temporal spectra vs DUACS,sd01_epoch_0070,Agulhas,20.2599609375,3.950427168609153e-10,frequency (cycles yr-1)
Surface geostrophic KE temporal spectra vs DUACS,sd01_epoch_0070,Agulhas,20.545312499999998,3.6296876642909065e-10,frequency (cycles yr-1)
Surface geostrophic KE temporal spectra vs DUACS,sd01_epoch_0070,Agulhas,20.8306640625,1.1242607448437184e-10,frequency (cycles yr-1)
Surface geostrophic KE temporal spectra vs DUACS,sd01_epoch_0070,Agulhas,21.116015625,2.737556421851034e-11,frequency (cycles yr-1)
Surface geostrophic KE temporal spectra vs DUACS,sd01_epoch_0070,Agulhas,21.4013671875,2.5098931817403127e-11,frequency (cycles yr-1)
Surface geostrophic KE temporal spectra vs DUACS,sd01_epoch_0070,Agulhas,21.68671875,1.3056558377661065e-10,frequency (cycles yr-1)
Surface geostrophic KE temporal spectra vs DUACS,sd01_epoch_0070,Agulhas,21.972070312499998,1.4255885818428663e-10,frequency (cycles yr-1)
Surface geostrophic KE temporal spectra vs DUACS,sd01_epoch_0070,Agulhas,22.257421875,7.375650036987152e-11,frequency (cycles yr-1)
Surface geostrophic KE temporal spectra vs DUACS,sd01_epoch_0070,Agulhas,22.5427734375,9.844037535036957e-11,frequency (cycles yr-1)
Surface geostrophic KE temporal spectra vs DUACS,sd01_epoch_0070,Agulhas,22.828125,1.4144419659234726e-10,frequency (cycles yr-1)
Surface geostrophic KE temporal spectra vs DUACS,sd01_epoch_0070,Agulhas,23.1134765625,1.0309004678066218e-10,frequency (cycles yr-1)
Surface geostrophic KE temporal spectra vs DUACS,sd01_epoch_0070,Agulhas,23.398828124999998,2.6365763300520924e-10,frequency (cycles yr-1)
Surface geostrophic KE temporal spectra vs DUACS,sd01_epoch_0070,Agulhas,23.6841796875,3.6283030448097156e-10,frequency (cycles yr-1)
Surface geostrophic KE temporal spectra vs DUACS,sd01_epoch_0070,Agulhas,23.96953125,4.3692942729195166e-10,frequency (cycles yr-1)
Surface geostrophic KE temporal spectra vs DUACS,sd01_epoch_0070,Agulhas,24.2548828125,5.773789901917206e-11,frequency (cycles yr-1)
Surface geostrophic KE temporal spectra vs DUACS,sd01_epoch_0070,Agulhas,24.540234375,4.884990098532871e-11,frequency (cycles yr-1)
Surface geostrophic KE temporal spectra vs DUACS,sd01_epoch_0070,Agulhas,24.825585937499998,2.0377568325678113e-11,frequency (cycles yr-1)
Surface geostrophic KE temporal spectra vs DUACS,sd01_epoch_0070,Agulhas,25.1109375,1.610536610000855e-10,frequency (cycles yr-1)
Surface geostrophic KE temporal spectra vs DUACS,sd01_epoch_0070,Agulhas,25.3962890625,1.1424397956616099e-10,frequency (cycles yr-1)
Surface geostrophic KE temporal spectra vs DUACS,sd01_epoch_0070,Agulhas,25.681640625,1.4895870484024885e-10,frequency (cycles yr-1)
Surface geostrophic KE temporal spectra vs DUACS,sd01_epoch_0070,Agulhas,25.9669921875,1.2757713835341158e-10,frequency (cycles yr-1)
Surface geostrophic KE temporal spectra vs DUACS,sd01_epoch_0070,Agulhas,26.252343749999998,1.5461776825338802e-10,frequency (cycles yr-1)
Surface geostrophic KE temporal spectra vs DUACS,sd01_epoch_0070,Agulhas,26.5376953125,2.5508830495531497e-10,frequency (cycles yr-1)
Surface geostrophic KE temporal spectra vs DUACS,sd01_epoch_0070,Agulhas,26.823046875,3.3271093304325826e-10,frequency (cycles yr-1)
Surface geostrophic KE temporal spectra vs DUACS,sd01_epoch_0070,Agulhas,27.1083984375,2.0463148104726093e-10,frequency (cycles yr-1)
Surface geostrophic KE temporal spectra vs DUACS,sd01_epoch_0070,Agulhas,27.393749999999997,1.237302490186757e-10,frequency (cycles yr-1)
Surface geostrophic KE temporal spectra vs DUACS,sd01_epoch_0070,Agulhas,27.679101562499998,1.0712238521128371e-10,frequency (cycles yr-1)
Surface geostrophic KE temporal spectra vs DUACS,sd01_epoch_0070,Agulhas,27.964453125,1.5539015253881413e-10,frequency (cycles yr-1)
Surface geostrophic KE temporal spectra vs DUACS,sd01_epoch_0070,Agulhas,28.2498046875,4.453412697134591e-11,frequency (cycles yr-1)
Surface geostrophic KE temporal spectra vs DUACS,sd01_epoch_0070,Agulhas,28.53515625,9.439949647104251e-11,frequency (cycles yr-1)
Surface geostrophic KE temporal spectra vs DUACS,sd01_epoch_0070,Agulhas,28.820507812499997,6.410501844440978e-11,frequency (cycles yr-1)
Surface geostrophic KE temporal spectra vs DUACS,sd01_epoch_0070,Agulhas,29.105859374999998,5.893330311204757e-11,frequency (cycles yr-1)
Surface geostrophic KE temporal spectra vs DUACS,sd01_epoch_0070,Agulhas,29.3912109375,6.494538106398305e-11,frequency (cycles yr-1)
Surface geostrophic KE temporal spectra vs DUACS,sd01_epoch_0070,Agulhas,29.6765625,5.852477161720349e-11,frequency (cycles yr-1)
Surface geostrophic KE temporal spectra vs DUACS,sd01_epoch_0070,Agulhas,29.9619140625,3.977942136330446e-11,frequency (cycles yr-1)
Surface geostrophic KE temporal spectra vs DUACS,sd01_epoch_0070,Agulhas,30.247265624999997,6.243099434602257e-11,frequency (cycles yr-1)
Surface geostrophic KE temporal spectra vs DUACS,sd01_epoch_0070,Agulhas,30.532617187499998,2.357122965381371e-10,frequency (cycles yr-1)
Surface geostrophic KE temporal spectra vs DUACS,sd01_epoch_0070,Agulhas,30.81796875,8.830812771087473e-11,frequency (cycles yr-1)
Surface geostrophic KE temporal spectra vs DUACS,sd01_epoch_0070,Agulhas,31.1033203125,1.2135523694351728e-10,frequency (cycles yr-1)
Surface geostrophic KE temporal spectra vs DUACS,sd01_epoch_0070,Agulhas,31.388671875,8.920193037210664e-11,frequency (cycles yr-1)
Surface geostrophic KE temporal spectra vs DUACS,sd01_epoch_0070,Agulhas,31.674023437499997,1.876852542862187e-10,frequency (cycles yr-1)
Surface geostrophic KE temporal spectra vs DUACS,sd01_epoch_0070,Agulhas,31.959374999999998,1.2065997826861845e-10,frequency (cycles yr-1)
Surface geostrophic KE temporal spectra vs DUACS,sd01_epoch_0070,Agulhas,32.2447265625,1.7262881695290123e-10,frequency (cycles yr-1)
Surface geostrophic KE temporal spectra vs DUACS,sd01_epoch_0070,Agulhas,32.530078124999996,2.9811035960981055e-10,frequency (cycles yr-1)
Surface geostrophic KE temporal spectra vs DUACS,sd01_epoch_0070,Agulhas,32.8154296875,3.5696987558979557e-10,frequency (cycles yr-1)
Surface geostrophic KE temporal spectra vs DUACS,sd01_epoch_0070,Agulhas,33.10078125,3.723497895762326e-10,frequency (cycles yr-1)
Surface geostrophic KE temporal spectra vs DUACS,sd01_epoch_0070,Agulhas,33.3861328125,1.6921280160457523e-10,frequency (cycles yr-1)
Surface geostrophic KE temporal spectra vs DUACS,sd01_epoch_0070,Agulhas,33.671484375,8.829003600924537e-11,frequency (cycles yr-1)
Surface geostrophic KE temporal spectra vs DUACS,sd01_epoch_0070,Agulhas,33.956835937499996,1.0362448984290143e-10,frequency (cycles yr-1)
Surface geostrophic KE temporal spectra vs DUACS,sd01_epoch_0070,Agulhas,34.2421875,1.240098923593944e-10,frequency (cycles yr-1)
Surface geostrophic KE temporal spectra vs DUACS,sd01_epoch_0070,Agulhas,34.5275390625,2.2004562327985365e-10,frequency (cycles yr-1)
Surface geostrophic KE temporal spectra vs DUACS,sd01_epoch_0070,Agulhas,34.812890625,1.0321822552496074e-10,frequency (cycles yr-1)
Surface geostrophic KE temporal spectra vs DUACS,sd01_epoch_0070,Agulhas,35.0982421875,1.5751785810681857e-10,frequency (cycles yr-1)
Surface geostrophic KE temporal spectra vs DUACS,sd01_epoch_0070,Agulhas,35.383593749999996,1.859062558019505e-10,frequency (cycles yr-1)
Surface geostrophic KE temporal spectra vs DUACS,sd01_epoch_0070,Agulhas,35.6689453125,1.8065564142022922e-10,frequency (cycles yr-1)
Surface geostrophic KE temporal spectra vs DUACS,sd01_epoch_0070,Agulhas,35.954296875,9.192804601762277e-11,frequency (cycles yr-1)
Surface geostrophic KE temporal spectra vs DUACS,sd01_epoch_0070,Agulhas,36.2396484375,2.4917246281714414e-10,frequency (cycles yr-1)
Surface geostrophic KE temporal spectra vs DUACS,sd01_epoch_0070,Agulhas,36.525,3.189090916024513e-10,frequency (cycles yr-1)
Surface geostrophic KE temporal spectra vs DUACS,sd01_ema_latest,Global,0.2853515625,1.1551020094189521e-08,frequency (cycles yr-1)
Surface geostrophic KE temporal spectra vs DUACS,sd01_ema_latest,Global,0.570703125,6.417431872899659e-09,frequency (cycles yr-1)
Surface geostrophic KE temporal spectra vs DUACS,sd01_ema_latest,Global,0.8560546874999999,1.8777512465355598e-08,frequency (cycles yr-1)
Surface geostrophic KE temporal spectra vs DUACS,sd01_ema_latest,Global,1.14140625,1.518210176668848e-08,frequency (cycles yr-1)
Surface geostrophic KE temporal spectra vs DUACS,sd01_ema_latest,Global,1.4267578125,1.943404757866539e-09,frequency (cycles yr-1)
Surface geostrophic KE temporal spectra vs DUACS,sd01_ema_latest,Global,1.7121093749999998,9.75794356765043e-10,frequency (cycles yr-1)
Surface geostrophic KE temporal spectra vs DUACS,sd01_ema_latest,Global,1.9974609374999999,1.6008211914741566e-09,frequency (cycles yr-1)
Surface geostrophic KE temporal spectra vs DUACS,sd01_ema_latest,Global,2.2828125,8.791044509407362e-10,frequency (cycles yr-1)
Surface geostrophic KE temporal spectra vs DUACS,sd01_ema_latest,Global,2.5681640624999997,2.732462570982696e-10,frequency (cycles yr-1)
Surface geostrophic KE temporal spectra vs DUACS,sd01_ema_latest,Global,2.853515625,5.143259937799286e-10,frequency (cycles yr-1)
Surface geostrophic KE temporal spectra vs DUACS,sd01_ema_latest,Global,3.1388671875,6.784716352935322e-10,frequency (cycles yr-1)
Surface geostrophic KE temporal spectra vs DUACS,sd01_ema_latest,Global,3.4242187499999996,3.2597156619448433e-10,frequency (cycles yr-1)
Surface geostrophic KE temporal spectra vs DUACS,sd01_ema_latest,Global,3.7095703125,2.901611706756418e-10,frequency (cycles yr-1)
Surface geostrophic KE temporal spectra vs DUACS,sd01_ema_latest,Global,3.9949218749999997,5.814734651738306e-10,frequency (cycles yr-1)
Surface geostrophic KE temporal spectra vs DUACS,sd01_ema_latest,Global,4.2802734375,2.0077141584129122e-10,frequency (cycles yr-1)
Surface geostrophic KE temporal spectra vs DUACS,sd01_ema_latest,Global,4.565625,7.493496388423356e-11,frequency (cycles yr-1)
Surface geostrophic KE temporal spectra vs DUACS,sd01_ema_latest,Global,4.8509765625,1.8619553781713938e-10,frequency (cycles yr-1)
Surface geostrophic KE temporal spectra vs DUACS,sd01_ema_latest,Global,5.1363281249999995,1.9327717724168328e-10,frequency (cycles yr-1)
Surface geostrophic KE temporal spectra vs DUACS,sd01_ema_latest,Global,5.4216796875,1.5911149948853982e-10,frequency (cycles yr-1)
Surface geostrophic KE temporal spectra vs DUACS,sd01_ema_latest,Global,5.70703125,9.812558431939441e-11,frequency (cycles yr-1)
Surface geostrophic KE temporal spectra vs DUACS,sd01_ema_latest,Global,5.9923828125,6.688598192054519e-11,frequency (cycles yr-1)
Surface geostrophic KE temporal spectra vs DUACS,sd01_ema_latest,Global,6.277734375,4.562622090450288e-11,frequency (cycles yr-1)
Surface geostrophic KE temporal spectra vs DUACS,sd01_ema_latest,Global,6.5630859374999995,5.672337018512979e-11,frequency (cycles yr-1)
Surface geostrophic KE temporal spectra vs DUACS,sd01_ema_latest,Global,6.848437499999999,6.671657993453457e-11,frequency (cycles yr-1)
Surface geostrophic KE temporal spectra vs DUACS,sd01_ema_latest,Global,7.1337890625,2.285512045807908e-11,frequency (cycles yr-1)
Surface geostrophic KE temporal spectra vs DUACS,sd01_ema_latest,Global,7.419140625,1.1277480204179613e-11,frequency (cycles yr-1)
Surface geostrophic KE temporal spectra vs DUACS,sd01_ema_latest,Global,7.7044921875,1.8250816511197264e-11,frequency (cycles yr-1)
Surface geostrophic KE temporal spectra vs DUACS,sd01_ema_latest,Global,7.9898437499999995,4.5687830689257636e-11,frequency (cycles yr-1)
Surface geostrophic KE temporal spectra vs DUACS,sd01_ema_latest,Global,8.2751953125,5.766643583555593e-11,frequency (cycles yr-1)
Surface geostrophic KE temporal spectra vs DUACS,sd01_ema_latest,Global,8.560546875,5.052305550821097e-11,frequency (cycles yr-1)
Surface geostrophic KE temporal spectra vs DUACS,sd01_ema_latest,Global,8.845898437499999,7.68871847918099e-11,frequency (cycles yr-1)
Surface geostrophic KE temporal spectra vs DUACS,sd01_ema_latest,Global,9.13125,8.147610414045405e-11,frequency (cycles yr-1)
Surface geostrophic KE temporal spectra vs DUACS,sd01_ema_latest,Global,9.4166015625,5.6925438078890297e-11,frequency (cycles yr-1)
Surface geostrophic KE temporal spectra vs DUACS,sd01_ema_latest,Global,9.701953125,5.553484067254467e-11,frequency (cycles yr-1)
Surface geostrophic KE temporal spectra vs DUACS,sd01_ema_latest,Global,9.9873046875,3.092988059168043e-11,frequency (cycles yr-1)
Surface geostrophic KE temporal spectra vs DUACS,sd01_ema_latest,Global,10.272656249999999,2.092241590569476e-11,frequency (cycles yr-1)
Surface geostrophic KE temporal spectra vs DUACS,sd01_ema_latest,Global,10.5580078125,6.25034972746449e-11,frequency (cycles yr-1)
Surface geostrophic KE temporal spectra vs DUACS,sd01_ema_latest,Global,10.843359375,3.981849814559193e-11,frequency (cycles yr-1)
Surface geostrophic KE temporal spectra vs DUACS,sd01_ema_latest,Global,11.1287109375,7.243635028924209e-12,frequency (cycles yr-1)
Surface geostrophic KE temporal spectra vs DUACS,sd01_ema_latest,Global,11.4140625,1.719426092857694e-11,frequency (cycles yr-1)
Surface geostrophic KE temporal spectra vs DUACS,sd01_ema_latest,Global,11.699414062499999,3.889898621184834e-11,frequency (cycles yr-1)
Surface geostrophic KE temporal spectra vs DUACS,sd01_ema_latest,Global,11.984765625,2.6828563927341373e-11,frequency (cycles yr-1)
Surface geostrophic KE temporal spectra vs DUACS,sd01_ema_latest,Global,12.2701171875,1.2385699934693502e-11,frequency (cycles yr-1)
Surface geostrophic KE temporal spectra vs DUACS,sd01_ema_latest,Global,12.55546875,1.892659060441783e-11,frequency (cycles yr-1)
Surface geostrophic KE temporal spectra vs DUACS,sd01_ema_latest,Global,12.8408203125,2.924479516425542e-12,frequency (cycles yr-1)
Surface geostrophic KE temporal spectra vs DUACS,sd01_ema_latest,Global,13.126171874999999,7.118175504125625e-12,frequency (cycles yr-1)
Surface geostrophic KE temporal spectra vs DUACS,sd01_ema_latest,Global,13.4115234375,9.944469128008956e-12,frequency (cycles yr-1)
Surface geostrophic KE temporal spectra vs DUACS,sd01_ema_latest,Global,13.696874999999999,8.44476183064917e-12,frequency (cycles yr-1)
Surface geostrophic KE temporal spectra vs DUACS,sd01_ema_latest,Global,13.9822265625,8.686125340151024e-12,frequency (cycles yr-1)
Surface geostrophic KE temporal spectra vs DUACS,sd01_ema_latest,Global,14.267578125,1.6255933267827187e-11,frequency (cycles yr-1)
Surface geostrophic KE temporal spectra vs DUACS,sd01_ema_latest,Global,14.552929687499999,2.0118083606942404e-11,frequency (cycles yr-1)
Surface geostrophic KE temporal spectra vs DUACS,sd01_ema_latest,Global,14.83828125,1.2621759443098125e-11,frequency (cycles yr-1)
Surface geostrophic KE temporal spectra vs DUACS,sd01_ema_latest,Global,15.123632812499999,1.0327980335567293e-11,frequency (cycles yr-1)
Surface geostrophic KE temporal spectra vs DUACS,sd01_ema_latest,Global,15.408984375,9.80367992571171e-12,frequency (cycles yr-1)
Surface geostrophic KE temporal spectra vs DUACS,sd01_ema_latest,Global,15.6943359375,6.7321865003946365e-12,frequency (cycles yr-1)
Surface geostrophic KE temporal spectra vs DUACS,sd01_ema_latest,Global,15.979687499999999,7.953491577148976e-12,frequency (cycles yr-1)
Surface geostrophic KE temporal spectra vs DUACS,sd01_ema_latest,Global,16.265039062499998,1.5258643795252416e-11,frequency (cycles yr-1)
Surface geostrophic KE temporal spectra vs DUACS,sd01_ema_latest,Global,16.550390625,9.850898791312321e-12,frequency (cycles yr-1)
Surface geostrophic KE temporal spectra vs DUACS,sd01_ema_latest,Global,16.8357421875,9.626063743424478e-13,frequency (cycles yr-1)
Surface geostrophic KE temporal spectra vs DUACS,sd01_ema_latest,Global,17.12109375,7.668067788362705e-12,frequency (cycles yr-1)
Surface geostrophic KE temporal spectra vs DUACS,sd01_ema_latest,Global,17.4064453125,1.2476945824983828e-11,frequency (cycles yr-1)
Surface geostrophic KE temporal spectra vs DUACS,sd01_ema_latest,Global,17.691796874999998,1.2179668685758045e-11,frequency (cycles yr-1)
Surface geostrophic KE temporal spectra vs DUACS,sd01_ema_latest,Global,17.9771484375,6.109038668440202e-12,frequency (cycles yr-1)
Surface geostrophic KE temporal spectra vs DUACS,sd01_ema_latest,Global,18.2625,1.0802256595283637e-11,frequency (cycles yr-1)
Surface geostrophic KE temporal spectra vs DUACS,sd01_ema_latest,Global,18.5478515625,4.59200495565399e-12,frequency (cycles yr-1)
Surface geostrophic KE temporal spectra vs DUACS,sd01_ema_latest,Global,18.833203125,9.297926567364435e-12,frequency (cycles yr-1)
Surface geostrophic KE temporal spectra vs DUACS,sd01_ema_latest,Global,19.118554687499998,1.4370410637687493e-11,frequency (cycles yr-1)
Surface geostrophic KE temporal spectra vs DUACS,sd01_ema_latest,Global,19.40390625,9.277453808793322e-12,frequency (cycles yr-1)
Surface geostrophic KE temporal spectra vs DUACS,sd01_ema_latest,Global,19.6892578125,2.696510052536945e-12,frequency (cycles yr-1)
Surface geostrophic KE temporal spectra vs DUACS,sd01_ema_latest,Global,19.974609375,8.889428045235702e-12,frequency (cycles yr-1)
Surface geostrophic KE temporal spectra vs DUACS,sd01_ema_latest,Global,20.2599609375,1.261436609068316e-11,frequency (cycles yr-1)
Surface geostrophic KE temporal spectra vs DUACS,sd01_ema_latest,Global,20.545312499999998,4.657570373248022e-12,frequency (cycles yr-1)
Surface geostrophic KE temporal spectra vs DUACS,sd01_ema_latest,Global,20.8306640625,4.687860494429592e-12,frequency (cycles yr-1)
Surface geostrophic KE temporal spectra vs DUACS,sd01_ema_latest,Global,21.116015625,7.593290040313027e-12,frequency (cycles yr-1)
Surface geostrophic KE temporal spectra vs DUACS,sd01_ema_latest,Global,21.4013671875,5.617842166824527e-12,frequency (cycles yr-1)
Surface geostrophic KE temporal spectra vs DUACS,sd01_ema_latest,Global,21.68671875,8.858130472444506e-12,frequency (cycles yr-1)
Surface geostrophic KE temporal spectra vs DUACS,sd01_ema_latest,Global,21.972070312499998,1.0296150217375409e-11,frequency (cycles yr-1)
Surface geostrophic KE temporal spectra vs DUACS,sd01_ema_latest,Global,22.257421875,6.075936950037056e-12,frequency (cycles yr-1)
Surface geostrophic KE temporal spectra vs DUACS,sd01_ema_latest,Global,22.5427734375,5.9541617722906745e-12,frequency (cycles yr-1)
Surface geostrophic KE temporal spectra vs DUACS,sd01_ema_latest,Global,22.828125,6.9071012485746295e-12,frequency (cycles yr-1)
Surface geostrophic KE temporal spectra vs DUACS,sd01_ema_latest,Global,23.1134765625,3.745010874360831e-12,frequency (cycles yr-1)
Surface geostrophic KE temporal spectra vs DUACS,sd01_ema_latest,Global,23.398828124999998,1.4193842681766677e-12,frequency (cycles yr-1)
Surface geostrophic KE temporal spectra vs DUACS,sd01_ema_latest,Global,23.6841796875,2.4102141851432866e-12,frequency (cycles yr-1)
Surface geostrophic KE temporal spectra vs DUACS,sd01_ema_latest,Global,23.96953125,5.410596619184056e-12,frequency (cycles yr-1)
Surface geostrophic KE temporal spectra vs DUACS,sd01_ema_latest,Global,24.2548828125,4.5142265043632116e-12,frequency (cycles yr-1)
Surface geostrophic KE temporal spectra vs DUACS,sd01_ema_latest,Global,24.540234375,5.999995158963827e-12,frequency (cycles yr-1)
Surface geostrophic KE temporal spectra vs DUACS,sd01_ema_latest,Global,24.825585937499998,8.757197690303456e-12,frequency (cycles yr-1)
Surface geostrophic KE temporal spectra vs DUACS,sd01_ema_latest,Global,25.1109375,4.730549170443094e-12,frequency (cycles yr-1)
Surface geostrophic KE temporal spectra vs DUACS,sd01_ema_latest,Global,25.3962890625,2.8135362537347697e-12,frequency (cycles yr-1)
Surface geostrophic KE temporal spectra vs DUACS,sd01_ema_latest,Global,25.681640625,6.625847407872217e-12,frequency (cycles yr-1)
Surface geostrophic KE temporal spectra vs DUACS,sd01_ema_latest,Global,25.9669921875,5.271471483051626e-12,frequency (cycles yr-1)
Surface geostrophic KE temporal spectra vs DUACS,sd01_ema_latest,Global,26.252343749999998,2.3061131937969075e-12,frequency (cycles yr-1)
Surface geostrophic KE temporal spectra vs DUACS,sd01_ema_latest,Global,26.5376953125,2.694830293818108e-12,frequency (cycles yr-1)
Surface geostrophic KE temporal spectra vs DUACS,sd01_ema_latest,Global,26.823046875,3.269639253443342e-12,frequency (cycles yr-1)
Surface geostrophic KE temporal spectra vs DUACS,sd01_ema_latest,Global,27.1083984375,5.515653685360718e-12,frequency (cycles yr-1)
Surface geostrophic KE temporal spectra vs DUACS,sd01_ema_latest,Global,27.393749999999997,1.445368192388465e-11,frequency (cycles yr-1)
Surface geostrophic KE temporal spectra vs DUACS,sd01_ema_latest,Global,27.679101562499998,1.649352677044743e-11,frequency (cycles yr-1)
Surface geostrophic KE temporal spectra vs DUACS,sd01_ema_latest,Global,27.964453125,1.0597598124487466e-11,frequency (cycles yr-1)
Surface geostrophic KE temporal spectra vs DUACS,sd01_ema_latest,Global,28.2498046875,6.193425001934116e-12,frequency (cycles yr-1)
Surface geostrophic KE temporal spectra vs DUACS,sd01_ema_latest,Global,28.53515625,4.437320095606687e-12,frequency (cycles yr-1)
Surface geostrophic KE temporal spectra vs DUACS,sd01_ema_latest,Global,28.820507812499997,3.189741114863615e-12,frequency (cycles yr-1)
Surface geostrophic KE temporal spectra vs DUACS,sd01_ema_latest,Global,29.105859374999998,2.752971680398146e-12,frequency (cycles yr-1)
Surface geostrophic KE temporal spectra vs DUACS,sd01_ema_latest,Global,29.3912109375,6.798223661886694e-12,frequency (cycles yr-1)
Surface geostrophic KE temporal spectra vs DUACS,sd01_ema_latest,Global,29.6765625,7.537812594294878e-12,frequency (cycles yr-1)
Surface geostrophic KE temporal spectra vs DUACS,sd01_ema_latest,Global,29.9619140625,3.888730336910908e-12,frequency (cycles yr-1)
Surface geostrophic KE temporal spectra vs DUACS,sd01_ema_latest,Global,30.247265624999997,3.6473820083992155e-12,frequency (cycles yr-1)
Surface geostrophic KE temporal spectra vs DUACS,sd01_ema_latest,Global,30.532617187499998,2.3255183465825354e-12,frequency (cycles yr-1)
Surface geostrophic KE temporal spectra vs DUACS,sd01_ema_latest,Global,30.81796875,3.784183722344719e-12,frequency (cycles yr-1)
Surface geostrophic KE temporal spectra vs DUACS,sd01_ema_latest,Global,31.1033203125,7.78272322230279e-12,frequency (cycles yr-1)
Surface geostrophic KE temporal spectra vs DUACS,sd01_ema_latest,Global,31.388671875,4.002806606398006e-12,frequency (cycles yr-1)
Surface geostrophic KE temporal spectra vs DUACS,sd01_ema_latest,Global,31.674023437499997,4.599714377250282e-12,frequency (cycles yr-1)
Surface geostrophic KE temporal spectra vs DUACS,sd01_ema_latest,Global,31.959374999999998,4.9422325346186394e-12,frequency (cycles yr-1)
Surface geostrophic KE temporal spectra vs DUACS,sd01_ema_latest,Global,32.2447265625,1.129490089656165e-11,frequency (cycles yr-1)
Surface geostrophic KE temporal spectra vs DUACS,sd01_ema_latest,Global,32.530078124999996,2.2297165031645027e-11,frequency (cycles yr-1)
Surface geostrophic KE temporal spectra vs DUACS,sd01_ema_latest,Global,32.8154296875,2.918208219413269e-12,frequency (cycles yr-1)
Surface geostrophic KE temporal spectra vs DUACS,sd01_ema_latest,Global,33.10078125,5.987044464415906e-12,frequency (cycles yr-1)
Surface geostrophic KE temporal spectra vs DUACS,sd01_ema_latest,Global,33.3861328125,1.4081783467991332e-11,frequency (cycles yr-1)
Surface geostrophic KE temporal spectra vs DUACS,sd01_ema_latest,Global,33.671484375,1.416465800495357e-11,frequency (cycles yr-1)
Surface geostrophic KE temporal spectra vs DUACS,sd01_ema_latest,Global,33.956835937499996,7.090354129337763e-12,frequency (cycles yr-1)
Surface geostrophic KE temporal spectra vs DUACS,sd01_ema_latest,Global,34.2421875,6.704908908053016e-12,frequency (cycles yr-1)
Surface geostrophic KE temporal spectra vs DUACS,sd01_ema_latest,Global,34.5275390625,7.41756489438648e-12,frequency (cycles yr-1)
Surface geostrophic KE temporal spectra vs DUACS,sd01_ema_latest,Global,34.812890625,1.1023452427898877e-11,frequency (cycles yr-1)
Surface geostrophic KE temporal spectra vs DUACS,sd01_ema_latest,Global,35.0982421875,1.555719934213316e-11,frequency (cycles yr-1)
Surface geostrophic KE temporal spectra vs DUACS,sd01_ema_latest,Global,35.383593749999996,1.4782004254716824e-10,frequency (cycles yr-1)
Surface geostrophic KE temporal spectra vs DUACS,sd01_ema_latest,Global,35.6689453125,1.4737828403074569e-10,frequency (cycles yr-1)
Surface geostrophic KE temporal spectra vs DUACS,sd01_ema_latest,Global,35.954296875,6.945726452434679e-12,frequency (cycles yr-1)
Surface geostrophic KE temporal spectra vs DUACS,sd01_ema_latest,Global,36.2396484375,6.369158438549587e-10,frequency (cycles yr-1)
Surface geostrophic KE temporal spectra vs DUACS,sd01_ema_latest,Global,36.525,1.31750373474239e-09,frequency (cycles yr-1)
Surface geostrophic KE temporal spectra vs DUACS,sd01_ema_latest,Gulf Stream,0.2853515625,1.561395873903135e-08,frequency (cycles yr-1)
Surface geostrophic KE temporal spectra vs DUACS,sd01_ema_latest,Gulf Stream,0.570703125,2.302994045586585e-08,frequency (cycles yr-1)
Surface geostrophic KE temporal spectra vs DUACS,sd01_ema_latest,Gulf Stream,0.8560546874999999,2.3066379849536834e-08,frequency (cycles yr-1)
Surface geostrophic KE temporal spectra vs DUACS,sd01_ema_latest,Gulf Stream,1.14140625,1.206680688328031e-08,frequency (cycles yr-1)
Surface geostrophic KE temporal spectra vs DUACS,sd01_ema_latest,Gulf Stream,1.4267578125,3.3225795612778712e-09,frequency (cycles yr-1)
Surface geostrophic KE temporal spectra vs DUACS,sd01_ema_latest,Gulf Stream,1.7121093749999998,3.1988057561759272e-09,frequency (cycles yr-1)
Surface geostrophic KE temporal spectra vs DUACS,sd01_ema_latest,Gulf Stream,1.9974609374999999,4.063495874685755e-09,frequency (cycles yr-1)
Surface geostrophic KE temporal spectra vs DUACS,sd01_ema_latest,Gulf Stream,2.2828125,2.7130042519177965e-09,frequency (cycles yr-1)
Surface geostrophic KE temporal spectra vs DUACS,sd01_ema_latest,Gulf Stream,2.5681640624999997,6.247563500740844e-10,frequency (cycles yr-1)
Surface geostrophic KE temporal spectra vs DUACS,sd01_ema_latest,Gulf Stream,2.853515625,3.822792202349134e-10,frequency (cycles yr-1)
Surface geostrophic KE temporal spectra vs DUACS,sd01_ema_latest,Gulf Stream,3.1388671875,1.836858272294985e-10,frequency (cycles yr-1)
Surface geostrophic KE temporal spectra vs DUACS,sd01_ema_latest,Gulf Stream,3.4242187499999996,3.650748694532826e-10,frequency (cycles yr-1)
Surface geostrophic KE temporal spectra vs DUACS,sd01_ema_latest,Gulf Stream,3.7095703125,8.371220705403875e-10,frequency (cycles yr-1)
Surface geostrophic KE temporal spectra vs DUACS,sd01_ema_latest,Gulf Stream,3.9949218749999997,5.709022895699558e-10,frequency (cycles yr-1)
Surface geostrophic KE temporal spectra vs DUACS,sd01_ema_latest,Gulf Stream,4.2802734375,3.6814328713009517e-10,frequency (cycles yr-1)
Surface geostrophic KE temporal spectra vs DUACS,sd01_ema_latest,Gulf Stream,4.565625,9.790186874103557e-11,frequency (cycles yr-1)
Surface geostrophic KE temporal spectra vs DUACS,sd01_ema_latest,Gulf Stream,4.8509765625,8.759589995732949e-11,frequency (cycles yr-1)
Surface geostrophic KE temporal spectra vs DUACS,sd01_ema_latest,Gulf Stream,5.1363281249999995,2.4068671182397745e-10,frequency (cycles yr-1)
Surface geostrophic KE temporal spectra vs DUACS,sd01_ema_latest,Gulf Stream,5.4216796875,1.5795209550838118e-10,frequency (cycles yr-1)
Surface geostrophic KE temporal spectra vs DUACS,sd01_ema_latest,Gulf Stream,5.70703125,3.06614000129263e-10,frequency (cycles yr-1)
Surface geostrophic KE temporal spectra vs DUACS,sd01_ema_latest,Gulf Stream,5.9923828125,2.7871911852691463e-10,frequency (cycles yr-1)
Surface geostrophic KE temporal spectra vs DUACS,sd01_ema_latest,Gulf Stream,6.277734375,1.3333331353058768e-10,frequency (cycles yr-1)
Surface geostrophic KE temporal spectra vs DUACS,sd01_ema_latest,Gulf Stream,6.5630859374999995,2.5231008037263145e-10,frequency (cycles yr-1)
Surface geostrophic KE temporal spectra vs DUACS,sd01_ema_latest,Gulf Stream,6.848437499999999,3.335266955811054e-10,frequency (cycles yr-1)
Surface geostrophic KE temporal spectra vs DUACS,sd01_ema_latest,Gulf Stream,7.1337890625,3.387437203026102e-10,frequency (cycles yr-1)
Surface geostrophic KE temporal spectra vs DUACS,sd01_ema_latest,Gulf Stream,7.419140625,4.084802573839203e-10,frequency (cycles yr-1)
Surface geostrophic KE temporal spectra vs DUACS,sd01_ema_latest,Gulf Stream,7.7044921875,8.371282535241303e-11,frequency (cycles yr-1)
Surface geostrophic KE temporal spectra vs DUACS,sd01_ema_latest,Gulf Stream,7.9898437499999995,5.411532843692657e-11,frequency (cycles yr-1)
Surface geostrophic KE temporal spectra vs DUACS,sd01_ema_latest,Gulf Stream,8.2751953125,8.287814413047386e-11,frequency (cycles yr-1)
Surface geostrophic KE temporal spectra vs DUACS,sd01_ema_latest,Gulf Stream,8.560546875,5.859088177927804e-11,frequency (cycles yr-1)
Surface geostrophic KE temporal spectra vs DUACS,sd01_ema_latest,Gulf Stream,8.845898437499999,1.1003044096710515e-11,frequency (cycles yr-1)
Surface geostrophic KE temporal spectra vs DUACS,sd01_ema_latest,Gulf Stream,9.13125,1.4465732988995273e-11,frequency (cycles yr-1)
Surface geostrophic KE temporal spectra vs DUACS,sd01_ema_latest,Gulf Stream,9.4166015625,1.8170084593255816e-11,frequency (cycles yr-1)
Surface geostrophic KE temporal spectra vs DUACS,sd01_ema_latest,Gulf Stream,9.701953125,2.3900078410487325e-11,frequency (cycles yr-1)
Surface geostrophic KE temporal spectra vs DUACS,sd01_ema_latest,Gulf Stream,9.9873046875,3.4937824077648454e-11,frequency (cycles yr-1)
Surface geostrophic KE temporal spectra vs DUACS,sd01_ema_latest,Gulf Stream,10.272656249999999,5.077988061656785e-11,frequency (cycles yr-1)
Surface geostrophic KE temporal spectra vs DUACS,sd01_ema_latest,Gulf Stream,10.5580078125,5.5355025485937876e-11,frequency (cycles yr-1)
Surface geostrophic KE temporal spectra vs DUACS,sd01_ema_latest,Gulf Stream,10.843359375,8.525245895851967e-11,frequency (cycles yr-1)
Surface geostrophic KE temporal spectra vs DUACS,sd01_ema_latest,Gulf Stream,11.1287109375,1.0244279619799249e-10,frequency (cycles yr-1)
Surface geostrophic KE temporal spectra vs DUACS,sd01_ema_latest,Gulf Stream,11.4140625,8.049304979581909e-11,frequency (cycles yr-1)
Surface geostrophic KE temporal spectra vs DUACS,sd01_ema_latest,Gulf Stream,11.699414062499999,3.6119074700455304e-11,frequency (cycles yr-1)
Surface geostrophic KE temporal spectra vs DUACS,sd01_ema_latest,Gulf Stream,11.984765625,1.643198793145581e-11,frequency (cycles yr-1)
Surface geostrophic KE temporal spectra vs DUACS,sd01_ema_latest,Gulf Stream,12.2701171875,3.675775432727005e-11,frequency (cycles yr-1)
Surface geostrophic KE temporal spectra vs DUACS,sd01_ema_latest,Gulf Stream,12.55546875,2.1139379657593308e-11,frequency (cycles yr-1)
Surface geostrophic KE temporal spectra vs DUACS,sd01_ema_latest,Gulf Stream,12.8408203125,2.259998618402761e-11,frequency (cycles yr-1)
Surface geostrophic KE temporal spectra vs DUACS,sd01_ema_latest,Gulf Stream,13.126171874999999,4.6114173440017216e-11,frequency (cycles yr-1)
Surface geostrophic KE temporal spectra vs DUACS,sd01_ema_latest,Gulf Stream,13.4115234375,4.8613340876692035e-11,frequency (cycles yr-1)
Surface geostrophic KE temporal spectra vs DUACS,sd01_ema_latest,Gulf Stream,13.696874999999999,3.710272365840394e-11,frequency (cycles yr-1)
Surface geostrophic KE temporal spectra vs DUACS,sd01_ema_latest,Gulf Stream,13.9822265625,8.523601704730744e-12,frequency (cycles yr-1)
Surface geostrophic KE temporal spectra vs DUACS,sd01_ema_latest,Gulf Stream,14.267578125,6.735689892704872e-12,frequency (cycles yr-1)
Surface geostrophic KE temporal spectra vs DUACS,sd01_ema_latest,Gulf Stream,14.552929687499999,2.0799596463653395e-11,frequency (cycles yr-1)
Surface geostrophic KE temporal spectra vs DUACS,sd01_ema_latest,Gulf Stream,14.83828125,3.692935533529916e-11,frequency (cycles yr-1)
Surface geostrophic KE temporal spectra vs DUACS,sd01_ema_latest,Gulf Stream,15.123632812499999,1.7401121489589176e-11,frequency (cycles yr-1)
Surface geostrophic KE temporal spectra vs DUACS,sd01_ema_latest,Gulf Stream,15.408984375,4.8625350334614315e-11,frequency (cycles yr-1)
Surface geostrophic KE temporal spectra vs DUACS,sd01_ema_latest,Gulf Stream,15.6943359375,1.4289749438852157e-11,frequency (cycles yr-1)
Surface geostrophic KE temporal spectra vs DUACS,sd01_ema_latest,Gulf Stream,15.979687499999999,1.272261150927877e-11,frequency (cycles yr-1)
Surface geostrophic KE temporal spectra vs DUACS,sd01_ema_latest,Gulf Stream,16.265039062499998,1.2791453480395964e-11,frequency (cycles yr-1)
Surface geostrophic KE temporal spectra vs DUACS,sd01_ema_latest,Gulf Stream,16.550390625,3.479383215787661e-11,frequency (cycles yr-1)
Surface geostrophic KE temporal spectra vs DUACS,sd01_ema_latest,Gulf Stream,16.8357421875,4.328227707090648e-11,frequency (cycles yr-1)
Surface geostrophic KE temporal spectra vs DUACS,sd01_ema_latest,Gulf Stream,17.12109375,2.6055843242536073e-11,frequency (cycles yr-1)
Surface geostrophic KE temporal spectra vs DUACS,sd01_ema_latest,Gulf Stream,17.4064453125,2.66753834308465e-11,frequency (cycles yr-1)
Surface geostrophic KE temporal spectra vs DUACS,sd01_ema_latest,Gulf Stream,17.691796874999998,2.8648582092221854e-11,frequency (cycles yr-1)
Surface geostrophic KE temporal spectra vs DUACS,sd01_ema_latest,Gulf Stream,17.9771484375,3.9792662260079463e-11,frequency (cycles yr-1)
Surface geostrophic KE temporal spectra vs DUACS,sd01_ema_latest,Gulf Stream,18.2625,2.2945204537151667e-11,frequency (cycles yr-1)
Surface geostrophic KE temporal spectra vs DUACS,sd01_ema_latest,Gulf Stream,18.5478515625,4.891248462595683e-11,frequency (cycles yr-1)
Surface geostrophic KE temporal spectra vs DUACS,sd01_ema_latest,Gulf Stream,18.833203125,3.311334449372878e-11,frequency (cycles yr-1)
Surface geostrophic KE temporal spectra vs DUACS,sd01_ema_latest,Gulf Stream,19.118554687499998,2.3371927953001983e-11,frequency (cycles yr-1)
Surface geostrophic KE temporal spectra vs DUACS,sd01_ema_latest,Gulf Stream,19.40390625,3.195166059982657e-11,frequency (cycles yr-1)
Surface geostrophic KE temporal spectra vs DUACS,sd01_ema_latest,Gulf Stream,19.6892578125,2.8665687585054702e-11,frequency (cycles yr-1)
Surface geostrophic KE temporal spectra vs DUACS,sd01_ema_latest,Gulf Stream,19.974609375,3.056094569460375e-11,frequency (cycles yr-1)
Surface geostrophic KE temporal spectra vs DUACS,sd01_ema_latest,Gulf Stream,20.2599609375,8.23355726828961e-12,frequency (cycles yr-1)
Surface geostrophic KE temporal spectra vs DUACS,sd01_ema_latest,Gulf Stream,20.545312499999998,1.1308707909460917e-11,frequency (cycles yr-1)
Surface geostrophic KE temporal spectra vs DUACS,sd01_ema_latest,Gulf Stream,20.8306640625,7.342739331632363e-12,frequency (cycles yr-1)
Surface geostrophic KE temporal spectra vs DUACS,sd01_ema_latest,Gulf Stream,21.116015625,1.929791905515682e-11,frequency (cycles yr-1)
Surface geostrophic KE temporal spectra vs DUACS,sd01_ema_latest,Gulf Stream,21.4013671875,7.880144619779324e-12,frequency (cycles yr-1)
Surface geostrophic KE temporal spectra vs DUACS,sd01_ema_latest,Gulf Stream,21.68671875,2.1366372788200058e-11,frequency (cycles yr-1)
Surface geostrophic KE temporal spectra vs DUACS,sd01_ema_latest,Gulf Stream,21.972070312499998,2.3822550804542563e-11,frequency (cycles yr-1)
Surface geostrophic KE temporal spectra vs DUACS,sd01_ema_latest,Gulf Stream,22.257421875,1.143682309011452e-11,frequency (cycles yr-1)
Surface geostrophic KE temporal spectra vs DUACS,sd01_ema_latest,Gulf Stream,22.5427734375,2.6440052259106077e-12,frequency (cycles yr-1)
Surface geostrophic KE temporal spectra vs DUACS,sd01_ema_latest,Gulf Stream,22.828125,1.0380141214216273e-11,frequency (cycles yr-1)
Surface geostrophic KE temporal spectra vs DUACS,sd01_ema_latest,Gulf Stream,23.1134765625,1.4312461427817516e-11,frequency (cycles yr-1)
Surface geostrophic KE temporal spectra vs DUACS,sd01_ema_latest,Gulf Stream,23.398828124999998,2.184557338710161e-11,frequency (cycles yr-1)
Surface geostrophic KE temporal spectra vs DUACS,sd01_ema_latest,Gulf Stream,23.6841796875,1.9529237814324654e-11,frequency (cycles yr-1)
Surface geostrophic KE temporal spectra vs DUACS,sd01_ema_latest,Gulf Stream,23.96953125,1.2968038032289874e-11,frequency (cycles yr-1)
Surface geostrophic KE temporal spectra vs DUACS,sd01_ema_latest,Gulf Stream,24.2548828125,6.383204736674619e-12,frequency (cycles yr-1)
Surface geostrophic KE temporal spectra vs DUACS,sd01_ema_latest,Gulf Stream,24.540234375,5.156393733321381e-12,frequency (cycles yr-1)
Surface geostrophic KE temporal spectra vs DUACS,sd01_ema_latest,Gulf Stream,24.825585937499998,2.0054220425985557e-11,frequency (cycles yr-1)
Surface geostrophic KE temporal spectra vs DUACS,sd01_ema_latest,Gulf Stream,25.1109375,2.3335724338893277e-11,frequency (cycles yr-1)
Surface geostrophic KE temporal spectra vs DUACS,sd01_ema_latest,Gulf Stream,25.3962890625,1.9601898599099067e-11,frequency (cycles yr-1)
Surface geostrophic KE temporal spectra vs DUACS,sd01_ema_latest,Gulf Stream,25.681640625,2.218604218938098e-11,frequency (cycles yr-1)
Surface geostrophic KE temporal spectra vs DUACS,sd01_ema_latest,Gulf Stream,25.9669921875,1.3596403577388748e-11,frequency (cycles yr-1)
Surface geostrophic KE temporal spectra vs DUACS,sd01_ema_latest,Gulf Stream,26.252343749999998,5.286377678202015e-12,frequency (cycles yr-1)
Surface geostrophic KE temporal spectra vs DUACS,sd01_ema_latest,Gulf Stream,26.5376953125,7.650538408690316e-12,frequency (cycles yr-1)
Surface geostrophic KE temporal spectra vs DUACS,sd01_ema_latest,Gulf Stream,26.823046875,5.472067796162001e-12,frequency (cycles yr-1)
Surface geostrophic KE temporal spectra vs DUACS,sd01_ema_latest,Gulf Stream,27.1083984375,3.3428031593832615e-12,frequency (cycles yr-1)
Surface geostrophic KE temporal spectra vs DUACS,sd01_ema_latest,Gulf Stream,27.393749999999997,3.2318294711974427e-12,frequency (cycles yr-1)
Surface geostrophic KE temporal spectra vs DUACS,sd01_ema_latest,Gulf Stream,27.679101562499998,6.610649603671494e-12,frequency (cycles yr-1)
Surface geostrophic KE temporal spectra vs DUACS,sd01_ema_latest,Gulf Stream,27.964453125,1.0665193558102714e-11,frequency (cycles yr-1)
Surface geostrophic KE temporal spectra vs DUACS,sd01_ema_latest,Gulf Stream,28.2498046875,1.8780258636077685e-11,frequency (cycles yr-1)
Surface geostrophic KE temporal spectra vs DUACS,sd01_ema_latest,Gulf Stream,28.53515625,1.5562799968697702e-11,frequency (cycles yr-1)
Surface geostrophic KE temporal spectra vs DUACS,sd01_ema_latest,Gulf Stream,28.820507812499997,1.2625184182096625e-11,frequency (cycles yr-1)
Surface geostrophic KE temporal spectra vs DUACS,sd01_ema_latest,Gulf Stream,29.105859374999998,4.080616159679271e-11,frequency (cycles yr-1)
Surface geostrophic KE temporal spectra vs DUACS,sd01_ema_latest,Gulf Stream,29.3912109375,4.5947360619382304e-11,frequency (cycles yr-1)
Surface geostrophic KE temporal spectra vs DUACS,sd01_ema_latest,Gulf Stream,29.6765625,3.5587510454003863e-11,frequency (cycles yr-1)
Surface geostrophic KE temporal spectra vs DUACS,sd01_ema_latest,Gulf Stream,29.9619140625,1.6842860364924773e-11,frequency (cycles yr-1)
Surface geostrophic KE temporal spectra vs DUACS,sd01_ema_latest,Gulf Stream,30.247265624999997,6.826007927018203e-12,frequency (cycles yr-1)
Surface geostrophic KE temporal spectra vs DUACS,sd01_ema_latest,Gulf Stream,30.532617187499998,1.9489482675781965e-11,frequency (cycles yr-1)
Surface geostrophic KE temporal spectra vs DUACS,sd01_ema_latest,Gulf Stream,30.81796875,2.0240614442494273e-11,frequency (cycles yr-1)
Surface geostrophic KE temporal spectra vs DUACS,sd01_ema_latest,Gulf Stream,31.1033203125,8.934504560642915e-12,frequency (cycles yr-1)
Surface geostrophic KE temporal spectra vs DUACS,sd01_ema_latest,Gulf Stream,31.388671875,2.5242125343959616e-11,frequency (cycles yr-1)
Surface geostrophic KE temporal spectra vs DUACS,sd01_ema_latest,Gulf Stream,31.674023437499997,1.491346729882443e-11,frequency (cycles yr-1)
Surface geostrophic KE temporal spectra vs DUACS,sd01_ema_latest,Gulf Stream,31.959374999999998,2.1187905864051286e-11,frequency (cycles yr-1)
Surface geostrophic KE temporal spectra vs DUACS,sd01_ema_latest,Gulf Stream,32.2447265625,4.4315082767712213e-11,frequency (cycles yr-1)
Surface geostrophic KE temporal spectra vs DUACS,sd01_ema_latest,Gulf Stream,32.530078124999996,3.128594461297124e-11,frequency (cycles yr-1)
Surface geostrophic KE temporal spectra vs DUACS,sd01_ema_latest,Gulf Stream,32.8154296875,2.2097586954298116e-11,frequency (cycles yr-1)
Surface geostrophic KE temporal spectra vs DUACS,sd01_ema_latest,Gulf Stream,33.10078125,1.8147935409855576e-11,frequency (cycles yr-1)
Surface geostrophic KE temporal spectra vs DUACS,sd01_ema_latest,Gulf Stream,33.3861328125,2.0795395057279204e-11,frequency (cycles yr-1)
Surface geostrophic KE temporal spectra vs DUACS,sd01_ema_latest,Gulf Stream,33.671484375,2.9799926603744536e-11,frequency (cycles yr-1)
Surface geostrophic KE temporal spectra vs DUACS,sd01_ema_latest,Gulf Stream,33.956835937499996,3.202650086462265e-11,frequency (cycles yr-1)
Surface geostrophic KE temporal spectra vs DUACS,sd01_ema_latest,Gulf Stream,34.2421875,3.655544391926261e-11,frequency (cycles yr-1)
Surface geostrophic KE temporal spectra vs DUACS,sd01_ema_latest,Gulf Stream,34.5275390625,5.825393574869458e-11,frequency (cycles yr-1)
Surface geostrophic KE temporal spectra vs DUACS,sd01_ema_latest,Gulf Stream,34.812890625,7.09726986599476e-11,frequency (cycles yr-1)
Surface geostrophic KE temporal spectra vs DUACS,sd01_ema_latest,Gulf Stream,35.0982421875,8.223743240334833e-11,frequency (cycles yr-1)
Surface geostrophic KE temporal spectra vs DUACS,sd01_ema_latest,Gulf Stream,35.383593749999996,2.255926348169643e-10,frequency (cycles yr-1)
Surface geostrophic KE temporal spectra vs DUACS,sd01_ema_latest,Gulf Stream,35.6689453125,2.938059565370882e-10,frequency (cycles yr-1)
Surface geostrophic KE temporal spectra vs DUACS,sd01_ema_latest,Gulf Stream,35.954296875,3.971841452667944e-11,frequency (cycles yr-1)
Surface geostrophic KE temporal spectra vs DUACS,sd01_ema_latest,Gulf Stream,36.2396484375,4.978083385761009e-10,frequency (cycles yr-1)
Surface geostrophic KE temporal spectra vs DUACS,sd01_ema_latest,Gulf Stream,36.525,1.021845111528681e-09,frequency (cycles yr-1)
Surface geostrophic KE temporal spectra vs DUACS,sd01_ema_latest,Agulhas,0.2853515625,6.852562647633862e-08,frequency (cycles yr-1)
Surface geostrophic KE temporal spectra vs DUACS,sd01_ema_latest,Agulhas,0.570703125,1.65999792140961e-07,frequency (cycles yr-1)
Surface geostrophic KE temporal spectra vs DUACS,sd01_ema_latest,Agulhas,0.8560546874999999,1.7558309089768321e-07,frequency (cycles yr-1)
Surface geostrophic KE temporal spectra vs DUACS,sd01_ema_latest,Agulhas,1.14140625,1.2518269403976538e-07,frequency (cycles yr-1)
Surface geostrophic KE temporal spectra vs DUACS,sd01_ema_latest,Agulhas,1.4267578125,5.211359659991279e-08,frequency (cycles yr-1)
Surface geostrophic KE temporal spectra vs DUACS,sd01_ema_latest,Agulhas,1.7121093749999998,2.865120947732242e-08,frequency (cycles yr-1)
Surface geostrophic KE temporal spectra vs DUACS,sd01_ema_latest,Agulhas,1.9974609374999999,2.9345803242232064e-08,frequency (cycles yr-1)
Surface geostrophic KE temporal spectra vs DUACS,sd01_ema_latest,Agulhas,2.2828125,1.2903729920943099e-08,frequency (cycles yr-1)
Surface geostrophic KE temporal spectra vs DUACS,sd01_ema_latest,Agulhas,2.5681640624999997,1.0193866867828157e-08,frequency (cycles yr-1)
Surface geostrophic KE temporal spectra vs DUACS,sd01_ema_latest,Agulhas,2.853515625,9.473076683310952e-09,frequency (cycles yr-1)
Surface geostrophic KE temporal spectra vs DUACS,sd01_ema_latest,Agulhas,3.1388671875,1.9605733401405477e-08,frequency (cycles yr-1)
Surface geostrophic KE temporal spectra vs DUACS,sd01_ema_latest,Agulhas,3.4242187499999996,1.5885751883088993e-08,frequency (cycles yr-1)
Surface geostrophic KE temporal spectra vs DUACS,sd01_ema_latest,Agulhas,3.7095703125,9.174392687394197e-09,frequency (cycles yr-1)
Surface geostrophic KE temporal spectra vs DUACS,sd01_ema_latest,Agulhas,3.9949218749999997,5.894367747522172e-09,frequency (cycles yr-1)
Surface geostrophic KE temporal spectra vs DUACS,sd01_ema_latest,Agulhas,4.2802734375,5.2552748934372356e-09,frequency (cycles yr-1)
Surface geostrophic KE temporal spectra vs DUACS,sd01_ema_latest,Agulhas,4.565625,1.4889322002237588e-08,frequency (cycles yr-1)
Surface geostrophic KE temporal spectra vs DUACS,sd01_ema_latest,Agulhas,4.8509765625,1.1662180361342422e-08,frequency (cycles yr-1)
Surface geostrophic KE temporal spectra vs DUACS,sd01_ema_latest,Agulhas,5.1363281249999995,5.92847436830056e-09,frequency (cycles yr-1)
Surface geostrophic KE temporal spectra vs DUACS,sd01_ema_latest,Agulhas,5.4216796875,6.370100451146523e-09,frequency (cycles yr-1)
Surface geostrophic KE temporal spectra vs DUACS,sd01_ema_latest,Agulhas,5.70703125,6.485877702138061e-09,frequency (cycles yr-1)
Surface geostrophic KE temporal spectra vs DUACS,sd01_ema_latest,Agulhas,5.9923828125,4.678996127305633e-09,frequency (cycles yr-1)
Surface geostrophic KE temporal spectra vs DUACS,sd01_ema_latest,Agulhas,6.277734375,5.615184123962288e-09,frequency (cycles yr-1)
Surface geostrophic KE temporal spectra vs DUACS,sd01_ema_latest,Agulhas,6.5630859374999995,1.7864599127306225e-09,frequency (cycles yr-1)
Surface geostrophic KE temporal spectra vs DUACS,sd01_ema_latest,Agulhas,6.848437499999999,1.0746698037767854e-09,frequency (cycles yr-1)
Surface geostrophic KE temporal spectra vs DUACS,sd01_ema_latest,Agulhas,7.1337890625,2.0997136391464783e-09,frequency (cycles yr-1)
Surface geostrophic KE temporal spectra vs DUACS,sd01_ema_latest,Agulhas,7.419140625,1.910116859687274e-09,frequency (cycles yr-1)
Surface geostrophic KE temporal spectra vs DUACS,sd01_ema_latest,Agulhas,7.7044921875,1.5365862423665046e-09,frequency (cycles yr-1)
Surface geostrophic KE temporal spectra vs DUACS,sd01_ema_latest,Agulhas,7.9898437499999995,9.098192886210623e-10,frequency (cycles yr-1)
Surface geostrophic KE temporal spectra vs DUACS,sd01_ema_latest,Agulhas,8.2751953125,1.2416297964349557e-09,frequency (cycles yr-1)
Surface geostrophic KE temporal spectra vs DUACS,sd01_ema_latest,Agulhas,8.560546875,2.345303965063329e-09,frequency (cycles yr-1)
Surface geostrophic KE temporal spectra vs DUACS,sd01_ema_latest,Agulhas,8.845898437499999,8.065789277578368e-10,frequency (cycles yr-1)
Surface geostrophic KE temporal spectra vs DUACS,sd01_ema_latest,Agulhas,9.13125,9.976558594075881e-10,frequency (cycles yr-1)
Surface geostrophic KE temporal spectra vs DUACS,sd01_ema_latest,Agulhas,9.4166015625,1.3896398191669654e-09,frequency (cycles yr-1)
Surface geostrophic KE temporal spectra vs DUACS,sd01_ema_latest,Agulhas,9.701953125,1.1713502959279619e-09,frequency (cycles yr-1)
Surface geostrophic KE temporal spectra vs DUACS,sd01_ema_latest,Agulhas,9.9873046875,1.7326504859596267e-09,frequency (cycles yr-1)
Surface geostrophic KE temporal spectra vs DUACS,sd01_ema_latest,Agulhas,10.272656249999999,1.5945570153955703e-09,frequency (cycles yr-1)
Surface geostrophic KE temporal spectra vs DUACS,sd01_ema_latest,Agulhas,10.5580078125,1.5622991771351056e-09,frequency (cycles yr-1)
Surface geostrophic KE temporal spectra vs DUACS,sd01_ema_latest,Agulhas,10.843359375,1.1778472737161406e-09,frequency (cycles yr-1)
Surface geostrophic KE temporal spectra vs DUACS,sd01_ema_latest,Agulhas,11.1287109375,7.478649982613708e-10,frequency (cycles yr-1)
Surface geostrophic KE temporal spectra vs DUACS,sd01_ema_latest,Agulhas,11.4140625,1.163631550582809e-09,frequency (cycles yr-1)
Surface geostrophic KE temporal spectra vs DUACS,sd01_ema_latest,Agulhas,11.699414062499999,5.25695815638985e-10,frequency (cycles yr-1)
Surface geostrophic KE temporal spectra vs DUACS,sd01_ema_latest,Agulhas,11.984765625,3.086658443880751e-10,frequency (cycles yr-1)
Surface geostrophic KE temporal spectra vs DUACS,sd01_ema_latest,Agulhas,12.2701171875,2.402540226246341e-10,frequency (cycles yr-1)
Surface geostrophic KE temporal spectra vs DUACS,sd01_ema_latest,Agulhas,12.55546875,5.493568290537748e-10,frequency (cycles yr-1)
Surface geostrophic KE temporal spectra vs DUACS,sd01_ema_latest,Agulhas,12.8408203125,6.326916833637597e-10,frequency (cycles yr-1)
Surface geostrophic KE temporal spectra vs DUACS,sd01_ema_latest,Agulhas,13.126171874999999,4.875306217721286e-10,frequency (cycles yr-1)
Surface geostrophic KE temporal spectra vs DUACS,sd01_ema_latest,Agulhas,13.4115234375,2.2149873722464576e-10,frequency (cycles yr-1)
Surface geostrophic KE temporal spectra vs DUACS,sd01_ema_latest,Agulhas,13.696874999999999,3.320980728434388e-10,frequency (cycles yr-1)
Surface geostrophic KE temporal spectra vs DUACS,sd01_ema_latest,Agulhas,13.9822265625,1.1522623420179859e-10,frequency (cycles yr-1)
Surface geostrophic KE temporal spectra vs DUACS,sd01_ema_latest,Agulhas,14.267578125,1.3481418171646843e-10,frequency (cycles yr-1)
Surface geostrophic KE temporal spectra vs DUACS,sd01_ema_latest,Agulhas,14.552929687499999,3.2888280428213393e-10,frequency (cycles yr-1)
Surface geostrophic KE temporal spectra vs DUACS,sd01_ema_latest,Agulhas,14.83828125,2.571111753148164e-10,frequency (cycles yr-1)
Surface geostrophic KE temporal spectra vs DUACS,sd01_ema_latest,Agulhas,15.123632812499999,1.8209037600159266e-10,frequency (cycles yr-1)
Surface geostrophic KE temporal spectra vs DUACS,sd01_ema_latest,Agulhas,15.408984375,8.237122684382745e-11,frequency (cycles yr-1)
Surface geostrophic KE temporal spectra vs DUACS,sd01_ema_latest,Agulhas,15.6943359375,1.1104442785232185e-10,frequency (cycles yr-1)
Surface geostrophic KE temporal spectra vs DUACS,sd01_ema_latest,Agulhas,15.979687499999999,2.9801379633280194e-10,frequency (cycles yr-1)
Surface geostrophic KE temporal spectra vs DUACS,sd01_ema_latest,Agulhas,16.265039062499998,4.874612783307279e-10,frequency (cycles yr-1)
Surface geostrophic KE temporal spectra vs DUACS,sd01_ema_latest,Agulhas,16.550390625,4.083527134000951e-10,frequency (cycles yr-1)
Surface geostrophic KE temporal spectra vs DUACS,sd01_ema_latest,Agulhas,16.8357421875,3.275594162656008e-10,frequency (cycles yr-1)
Surface geostrophic KE temporal spectra vs DUACS,sd01_ema_latest,Agulhas,17.12109375,4.717214925989555e-10,frequency (cycles yr-1)
Surface geostrophic KE temporal spectra vs DUACS,sd01_ema_latest,Agulhas,17.4064453125,3.908789212612364e-10,frequency (cycles yr-1)
Surface geostrophic KE temporal spectra vs DUACS,sd01_ema_latest,Agulhas,17.691796874999998,5.972904695237924e-10,frequency (cycles yr-1)
Surface geostrophic KE temporal spectra vs DUACS,sd01_ema_latest,Agulhas,17.9771484375,4.3589540204745037e-10,frequency (cycles yr-1)
Surface geostrophic KE temporal spectra vs DUACS,sd01_ema_latest,Agulhas,18.2625,2.687725340526966e-10,frequency (cycles yr-1)
Surface geostrophic KE temporal spectra vs DUACS,sd01_ema_latest,Agulhas,18.5478515625,5.358463712272573e-10,frequency (cycles yr-1)
Surface geostrophic KE temporal spectra vs DUACS,sd01_ema_latest,Agulhas,18.833203125,7.134857516862301e-10,frequency (cycles yr-1)
Surface geostrophic KE temporal spectra vs DUACS,sd01_ema_latest,Agulhas,19.118554687499998,4.152185081687657e-10,frequency (cycles yr-1)
Surface geostrophic KE temporal spectra vs DUACS,sd01_ema_latest,Agulhas,19.40390625,4.558127672151216e-10,frequency (cycles yr-1)
Surface geostrophic KE temporal spectra vs DUACS,sd01_ema_latest,Agulhas,19.6892578125,3.686788017674983e-10,frequency (cycles yr-1)
Surface geostrophic KE temporal spectra vs DUACS,sd01_ema_latest,Agulhas,19.974609375,3.890768931430871e-10,frequency (cycles yr-1)
Surface geostrophic KE temporal spectra vs DUACS,sd01_ema_latest,Agulhas,20.2599609375,3.776834194449591e-10,frequency (cycles yr-1)
Surface geostrophic KE temporal spectra vs DUACS,sd01_ema_latest,Agulhas,20.545312499999998,3.022660965019677e-10,frequency (cycles yr-1)
Surface geostrophic KE temporal spectra vs DUACS,sd01_ema_latest,Agulhas,20.8306640625,8.659117201953614e-11,frequency (cycles yr-1)
Surface geostrophic KE temporal spectra vs DUACS,sd01_ema_latest,Agulhas,21.116015625,1.6782991285922156e-11,frequency (cycles yr-1)
Surface geostrophic KE temporal spectra vs DUACS,sd01_ema_latest,Agulhas,21.4013671875,3.864441074091941e-11,frequency (cycles yr-1)
Surface geostrophic KE temporal spectra vs DUACS,sd01_ema_latest,Agulhas,21.68671875,1.66347980505559e-10,frequency (cycles yr-1)
Surface geostrophic KE temporal spectra vs DUACS,sd01_ema_latest,Agulhas,21.972070312499998,1.7658508687470798e-10,frequency (cycles yr-1)
Surface geostrophic KE temporal spectra vs DUACS,sd01_ema_latest,Agulhas,22.257421875,9.702797802930582e-11,frequency (cycles yr-1)
Surface geostrophic KE temporal spectra vs DUACS,sd01_ema_latest,Agulhas,22.5427734375,1.0012921931404685e-10,frequency (cycles yr-1)
Surface geostrophic KE temporal spectra vs DUACS,sd01_ema_latest,Agulhas,22.828125,1.2807411043056779e-10,frequency (cycles yr-1)
Surface geostrophic KE temporal spectra vs DUACS,sd01_ema_latest,Agulhas,23.1134765625,1.0994772254747827e-10,frequency (cycles yr-1)
Surface geostrophic KE temporal spectra vs DUACS,sd01_ema_latest,Agulhas,23.398828124999998,3.199904385534038e-10,frequency (cycles yr-1)
Surface geostrophic KE temporal spectra vs DUACS,sd01_ema_latest,Agulhas,23.6841796875,3.912259580723152e-10,frequency (cycles yr-1)
Surface geostrophic KE temporal spectra vs DUACS,sd01_ema_latest,Agulhas,23.96953125,3.6107351656979407e-10,frequency (cycles yr-1)
Surface geostrophic KE temporal spectra vs DUACS,sd01_ema_latest,Agulhas,24.2548828125,7.024726796727524e-11,frequency (cycles yr-1)
Surface geostrophic KE temporal spectra vs DUACS,sd01_ema_latest,Agulhas,24.540234375,6.283474933886963e-11,frequency (cycles yr-1)
Surface geostrophic KE temporal spectra vs DUACS,sd01_ema_latest,Agulhas,24.825585937499998,9.791825844505353e-12,frequency (cycles yr-1)
Surface geostrophic KE temporal spectra vs DUACS,sd01_ema_latest,Agulhas,25.1109375,1.5882095596106958e-10,frequency (cycles yr-1)
Surface geostrophic KE temporal spectra vs DUACS,sd01_ema_latest,Agulhas,25.3962890625,1.1381149347158214e-10,frequency (cycles yr-1)
Surface geostrophic KE temporal spectra vs DUACS,sd01_ema_latest,Agulhas,25.681640625,1.5075573812859054e-10,frequency (cycles yr-1)
Surface geostrophic KE temporal spectra vs DUACS,sd01_ema_latest,Agulhas,25.9669921875,1.2603818586375483e-10,frequency (cycles yr-1)
Surface geostrophic KE temporal spectra vs DUACS,sd01_ema_latest,Agulhas,26.252343749999998,1.5347226026306233e-10,frequency (cycles yr-1)
Surface geostrophic KE temporal spectra vs DUACS,sd01_ema_latest,Agulhas,26.5376953125,2.501822889379566e-10,frequency (cycles yr-1)
Surface geostrophic KE temporal spectra vs DUACS,sd01_ema_latest,Agulhas,26.823046875,3.186998509805896e-10,frequency (cycles yr-1)
Surface geostrophic KE temporal spectra vs DUACS,sd01_ema_latest,Agulhas,27.1083984375,1.9853872055794488e-10,frequency (cycles yr-1)
Surface geostrophic KE temporal spectra vs DUACS,sd01_ema_latest,Agulhas,27.393749999999997,1.179041384205699e-10,frequency (cycles yr-1)
Surface geostrophic KE temporal spectra vs DUACS,sd01_ema_latest,Agulhas,27.679101562499998,1.1000152424647424e-10,frequency (cycles yr-1)
Surface geostrophic KE temporal spectra vs DUACS,sd01_ema_latest,Agulhas,27.964453125,1.7282024648565927e-10,frequency (cycles yr-1)
Surface geostrophic KE temporal spectra vs DUACS,sd01_ema_latest,Agulhas,28.2498046875,3.1486661617453586e-11,frequency (cycles yr-1)
Surface geostrophic KE temporal spectra vs DUACS,sd01_ema_latest,Agulhas,28.53515625,1.1611005385159817e-10,frequency (cycles yr-1)
Surface geostrophic KE temporal spectra vs DUACS,sd01_ema_latest,Agulhas,28.820507812499997,8.5376616761265e-11,frequency (cycles yr-1)
Surface geostrophic KE temporal spectra vs DUACS,sd01_ema_latest,Agulhas,29.105859374999998,4.64473875600201e-11,frequency (cycles yr-1)
Surface geostrophic KE temporal spectra vs DUACS,sd01_ema_latest,Agulhas,29.3912109375,3.409646944503987e-11,frequency (cycles yr-1)
Surface geostrophic KE temporal spectra vs DUACS,sd01_ema_latest,Agulhas,29.6765625,4.3498791091675864e-11,frequency (cycles yr-1)
Surface geostrophic KE temporal spectra vs DUACS,sd01_ema_latest,Agulhas,29.9619140625,6.13128790350302e-11,frequency (cycles yr-1)
Surface geostrophic KE temporal spectra vs DUACS,sd01_ema_latest,Agulhas,30.247265624999997,6.552514978904634e-11,frequency (cycles yr-1)
Surface geostrophic KE temporal spectra vs DUACS,sd01_ema_latest,Agulhas,30.532617187499998,2.0804591471227683e-10,frequency (cycles yr-1)
Surface geostrophic KE temporal spectra vs DUACS,sd01_ema_latest,Agulhas,30.81796875,7.419426710184016e-11,frequency (cycles yr-1)
Surface geostrophic KE temporal spectra vs DUACS,sd01_ema_latest,Agulhas,31.1033203125,1.1164683798428938e-10,frequency (cycles yr-1)
Surface geostrophic KE temporal spectra vs DUACS,sd01_ema_latest,Agulhas,31.388671875,7.611913099852785e-11,frequency (cycles yr-1)
Surface geostrophic KE temporal spectra vs DUACS,sd01_ema_latest,Agulhas,31.674023437499997,1.9726787595786554e-10,frequency (cycles yr-1)
Surface geostrophic KE temporal spectra vs DUACS,sd01_ema_latest,Agulhas,31.959374999999998,1.3167783279879448e-10,frequency (cycles yr-1)
Surface geostrophic KE temporal spectra vs DUACS,sd01_ema_latest,Agulhas,32.2447265625,1.6645065833243516e-10,frequency (cycles yr-1)
Surface geostrophic KE temporal spectra vs DUACS,sd01_ema_latest,Agulhas,32.530078124999996,3.313895854040967e-10,frequency (cycles yr-1)
Surface geostrophic KE temporal spectra vs DUACS,sd01_ema_latest,Agulhas,32.8154296875,3.756273012056211e-10,frequency (cycles yr-1)
Surface geostrophic KE temporal spectra vs DUACS,sd01_ema_latest,Agulhas,33.10078125,3.261454265927602e-10,frequency (cycles yr-1)
Surface geostrophic KE temporal spectra vs DUACS,sd01_ema_latest,Agulhas,33.3861328125,1.4444742122880217e-10,frequency (cycles yr-1)
Surface geostrophic KE temporal spectra vs DUACS,sd01_ema_latest,Agulhas,33.671484375,6.059274463896511e-11,frequency (cycles yr-1)
Surface geostrophic KE temporal spectra vs DUACS,sd01_ema_latest,Agulhas,33.956835937499996,1.0484005685494818e-10,frequency (cycles yr-1)
Surface geostrophic KE temporal spectra vs DUACS,sd01_ema_latest,Agulhas,34.2421875,1.826906706706118e-10,frequency (cycles yr-1)
Surface geostrophic KE temporal spectra vs DUACS,sd01_ema_latest,Agulhas,34.5275390625,2.1823781620058827e-10,frequency (cycles yr-1)
Surface geostrophic KE temporal spectra vs DUACS,sd01_ema_latest,Agulhas,34.812890625,9.07580129773473e-11,frequency (cycles yr-1)
Surface geostrophic KE temporal spectra vs DUACS,sd01_ema_latest,Agulhas,35.0982421875,1.476444173620935e-10,frequency (cycles yr-1)
Surface geostrophic KE temporal spectra vs DUACS,sd01_ema_latest,Agulhas,35.383593749999996,1.6962279846805566e-10,frequency (cycles yr-1)
Surface geostrophic KE temporal spectra vs DUACS,sd01_ema_latest,Agulhas,35.6689453125,1.4983113374807145e-10,frequency (cycles yr-1)
Surface geostrophic KE temporal spectra vs DUACS,sd01_ema_latest,Agulhas,35.954296875,8.303500233334132e-11,frequency (cycles yr-1)
Surface geostrophic KE temporal spectra vs DUACS,sd01_ema_latest,Agulhas,36.2396484375,2.086617830780521e-10,frequency (cycles yr-1)
Surface geostrophic KE temporal spectra vs DUACS,sd01_ema_latest,Agulhas,36.525,2.010284846561639e-10,frequency (cycles yr-1)
Surface geostrophic KE temporal spectra vs DUACS,om4,Global,0.2853515625,1.346673789120398e-08,frequency (cycles yr-1)
Surface geostrophic KE temporal spectra vs DUACS,om4,Global,0.570703125,1.2446445632696507e-08,frequency (cycles yr-1)
Surface geostrophic KE temporal spectra vs DUACS,om4,Global,0.8560546874999999,2.344045497608646e-08,frequency (cycles yr-1)
Surface geostrophic KE temporal spectra vs DUACS,om4,Global,1.14140625,1.8871737329806976e-08,frequency (cycles yr-1)
Surface geostrophic KE temporal spectra vs DUACS,om4,Global,1.4267578125,5.6053560272763665e-09,frequency (cycles yr-1)
Surface geostrophic KE temporal spectra vs DUACS,om4,Global,1.7121093749999998,1.8303053636272493e-09,frequency (cycles yr-1)
Surface geostrophic KE temporal spectra vs DUACS,om4,Global,1.9974609374999999,3.54449389860678e-09,frequency (cycles yr-1)
Surface geostrophic KE temporal spectra vs DUACS,om4,Global,2.2828125,1.1827613801281622e-09,frequency (cycles yr-1)
Surface geostrophic KE temporal spectra vs DUACS,om4,Global,2.5681640624999997,4.4278248814761243e-10,frequency (cycles yr-1)
Surface geostrophic KE temporal spectra vs DUACS,om4,Global,2.853515625,1.0588397811124075e-09,frequency (cycles yr-1)
Surface geostrophic KE temporal spectra vs DUACS,om4,Global,3.1388671875,9.03271510348034e-10,frequency (cycles yr-1)
Surface geostrophic KE temporal spectra vs DUACS,om4,Global,3.4242187499999996,4.739698813736235e-10,frequency (cycles yr-1)
Surface geostrophic KE temporal spectra vs DUACS,om4,Global,3.7095703125,2.802215242844724e-10,frequency (cycles yr-1)
Surface geostrophic KE temporal spectra vs DUACS,om4,Global,3.9949218749999997,4.063571600745819e-10,frequency (cycles yr-1)
Surface geostrophic KE temporal spectra vs DUACS,om4,Global,4.2802734375,4.4823980813618783e-10,frequency (cycles yr-1)
Surface geostrophic KE temporal spectra vs DUACS,om4,Global,4.565625,2.23604891685564e-10,frequency (cycles yr-1)
Surface geostrophic KE temporal spectra vs DUACS,om4,Global,4.8509765625,1.9728865677172653e-10,frequency (cycles yr-1)
Surface geostrophic KE temporal spectra vs DUACS,om4,Global,5.1363281249999995,2.1720348551794012e-10,frequency (cycles yr-1)
Surface geostrophic KE temporal spectra vs DUACS,om4,Global,5.4216796875,1.1799526162377535e-10,frequency (cycles yr-1)
Surface geostrophic KE temporal spectra vs DUACS,om4,Global,5.70703125,5.440005751917749e-11,frequency (cycles yr-1)
Surface geostrophic KE temporal spectra vs DUACS,om4,Global,5.9923828125,5.0706707067173597e-11,frequency (cycles yr-1)
Surface geostrophic KE temporal spectra vs DUACS,om4,Global,6.277734375,8.903647749333618e-11,frequency (cycles yr-1)
Surface geostrophic KE temporal spectra vs DUACS,om4,Global,6.5630859374999995,1.4705520320270168e-10,frequency (cycles yr-1)
Surface geostrophic KE temporal spectra vs DUACS,om4,Global,6.848437499999999,2.420327222705959e-10,frequency (cycles yr-1)
Surface geostrophic KE temporal spectra vs DUACS,om4,Global,7.1337890625,2.772257270033991e-10,frequency (cycles yr-1)
Surface geostrophic KE temporal spectra vs DUACS,om4,Global,7.419140625,1.1324724238432077e-10,frequency (cycles yr-1)
Surface geostrophic KE temporal spectra vs DUACS,om4,Global,7.7044921875,6.601606320100664e-11,frequency (cycles yr-1)
Surface geostrophic KE temporal spectra vs DUACS,om4,Global,7.9898437499999995,3.4704888138508826e-11,frequency (cycles yr-1)
Surface geostrophic KE temporal spectra vs DUACS,om4,Global,8.2751953125,2.826927662115862e-11,frequency (cycles yr-1)
Surface geostrophic KE temporal spectra vs DUACS,om4,Global,8.560546875,8.243255416136763e-11,frequency (cycles yr-1)
Surface geostrophic KE temporal spectra vs DUACS,om4,Global,8.845898437499999,1.4319094773381152e-10,frequency (cycles yr-1)
Surface geostrophic KE temporal spectra vs DUACS,om4,Global,9.13125,1.183550416181339e-10,frequency (cycles yr-1)
Surface geostrophic KE temporal spectra vs DUACS,om4,Global,9.4166015625,8.785745922407469e-11,frequency (cycles yr-1)
Surface geostrophic KE temporal spectra vs DUACS,om4,Global,9.701953125,5.246469081766452e-11,frequency (cycles yr-1)
Surface geostrophic KE temporal spectra vs DUACS,om4,Global,9.9873046875,3.592157680678019e-11,frequency (cycles yr-1)
Surface geostrophic KE temporal spectra vs DUACS,om4,Global,10.272656249999999,7.246165126267764e-11,frequency (cycles yr-1)
Surface geostrophic KE temporal spectra vs DUACS,om4,Global,10.5580078125,9.837574567477718e-11,frequency (cycles yr-1)
Surface geostrophic KE temporal spectra vs DUACS,om4,Global,10.843359375,1.0446631751748169e-10,frequency (cycles yr-1)
Surface geostrophic KE temporal spectra vs DUACS,om4,Global,11.1287109375,6.292638858376613e-11,frequency (cycles yr-1)
Surface geostrophic KE temporal spectra vs DUACS,om4,Global,11.4140625,5.3634682266597023e-11,frequency (cycles yr-1)
Surface geostrophic KE temporal spectra vs DUACS,om4,Global,11.699414062499999,6.188198424529782e-11,frequency (cycles yr-1)
Surface geostrophic KE temporal spectra vs DUACS,om4,Global,11.984765625,5.2418954046380885e-11,frequency (cycles yr-1)
Surface geostrophic KE temporal spectra vs DUACS,om4,Global,12.2701171875,4.281546166136633e-11,frequency (cycles yr-1)
Surface geostrophic KE temporal spectra vs DUACS,om4,Global,12.55546875,6.083369071440897e-11,frequency (cycles yr-1)
Surface geostrophic KE temporal spectra vs DUACS,om4,Global,12.8408203125,7.00273504899518e-11,frequency (cycles yr-1)
Surface geostrophic KE temporal spectra vs DUACS,om4,Global,13.126171874999999,3.289462160636677e-11,frequency (cycles yr-1)
Surface geostrophic KE temporal spectra vs DUACS,om4,Global,13.4115234375,9.592890654682929e-12,frequency (cycles yr-1)
Surface geostrophic KE temporal spectra vs DUACS,om4,Global,13.696874999999999,1.7242469499214173e-11,frequency (cycles yr-1)
Surface geostrophic KE temporal spectra vs DUACS,om4,Global,13.9822265625,1.3552186095595413e-11,frequency (cycles yr-1)
Surface geostrophic KE temporal spectra vs DUACS,om4,Global,14.267578125,3.26699473769061e-11,frequency (cycles yr-1)
Surface geostrophic KE temporal spectra vs DUACS,om4,Global,14.552929687499999,4.808293848242968e-11,frequency (cycles yr-1)
Surface geostrophic KE temporal spectra vs DUACS,om4,Global,14.83828125,2.808195136691737e-11,frequency (cycles yr-1)
Surface geostrophic KE temporal spectra vs DUACS,om4,Global,15.123632812499999,2.992022293343635e-11,frequency (cycles yr-1)
Surface geostrophic KE temporal spectra vs DUACS,om4,Global,15.408984375,4.666962163652982e-11,frequency (cycles yr-1)
Surface geostrophic KE temporal spectra vs DUACS,om4,Global,15.6943359375,2.204909340889023e-11,frequency (cycles yr-1)
Surface geostrophic KE temporal spectra vs DUACS,om4,Global,15.979687499999999,1.8419133751391552e-11,frequency (cycles yr-1)
Surface geostrophic KE temporal spectra vs DUACS,om4,Global,16.265039062499998,6.122620489979431e-11,frequency (cycles yr-1)
Surface geostrophic KE temporal spectra vs DUACS,om4,Global,16.550390625,6.36730773139603e-11,frequency (cycles yr-1)
Surface geostrophic KE temporal spectra vs DUACS,om4,Global,16.8357421875,2.8330053229358823e-11,frequency (cycles yr-1)
Surface geostrophic KE temporal spectra vs DUACS,om4,Global,17.12109375,1.3589815988781997e-11,frequency (cycles yr-1)
Surface geostrophic KE temporal spectra vs DUACS,om4,Global,17.4064453125,7.819782131956637e-12,frequency (cycles yr-1)
Surface geostrophic KE temporal spectra vs DUACS,om4,Global,17.691796874999998,1.140981791816308e-11,frequency (cycles yr-1)
Surface geostrophic KE temporal spectra vs DUACS,om4,Global,17.9771484375,1.2089869341656997e-11,frequency (cycles yr-1)
Surface geostrophic KE temporal spectra vs DUACS,om4,Global,18.2625,1.9326527620401048e-11,frequency (cycles yr-1)
Surface geostrophic KE temporal spectra vs DUACS,om4,Global,18.5478515625,2.6714214200968244e-11,frequency (cycles yr-1)
Surface geostrophic KE temporal spectra vs DUACS,om4,Global,18.833203125,9.452176580762734e-12,frequency (cycles yr-1)
Surface geostrophic KE temporal spectra vs DUACS,om4,Global,19.118554687499998,1.621769706724358e-11,frequency (cycles yr-1)
Surface geostrophic KE temporal spectra vs DUACS,om4,Global,19.40390625,1.2087926408805367e-11,frequency (cycles yr-1)
Surface geostrophic KE temporal spectra vs DUACS,om4,Global,19.6892578125,8.19472648038716e-12,frequency (cycles yr-1)
Surface geostrophic KE temporal spectra vs DUACS,om4,Global,19.974609375,1.634127236130482e-11,frequency (cycles yr-1)
Surface geostrophic KE temporal spectra vs DUACS,om4,Global,20.2599609375,4.13449474439809e-11,frequency (cycles yr-1)
Surface geostrophic KE temporal spectra vs DUACS,om4,Global,20.545312499999998,3.766889203652624e-11,frequency (cycles yr-1)
Surface geostrophic KE temporal spectra vs DUACS,om4,Global,20.8306640625,1.4586784347424113e-11,frequency (cycles yr-1)
Surface geostrophic KE temporal spectra vs DUACS,om4,Global,21.116015625,2.1910019434273912e-11,frequency (cycles yr-1)
Surface geostrophic KE temporal spectra vs DUACS,om4,Global,21.4013671875,1.9368535941502978e-11,frequency (cycles yr-1)
Surface geostrophic KE temporal spectra vs DUACS,om4,Global,21.68671875,1.8482093665192896e-11,frequency (cycles yr-1)
Surface geostrophic KE temporal spectra vs DUACS,om4,Global,21.972070312499998,1.0097899851568236e-11,frequency (cycles yr-1)
Surface geostrophic KE temporal spectra vs DUACS,om4,Global,22.257421875,1.4772527624576227e-12,frequency (cycles yr-1)
Surface geostrophic KE temporal spectra vs DUACS,om4,Global,22.5427734375,7.874602551851096e-12,frequency (cycles yr-1)
Surface geostrophic KE temporal spectra vs DUACS,om4,Global,22.828125,8.201132784587608e-12,frequency (cycles yr-1)
Surface geostrophic KE temporal spectra vs DUACS,om4,Global,23.1134765625,1.0075510378435234e-11,frequency (cycles yr-1)
Surface geostrophic KE temporal spectra vs DUACS,om4,Global,23.398828124999998,1.0007388896880294e-11,frequency (cycles yr-1)
Surface geostrophic KE temporal spectra vs DUACS,om4,Global,23.6841796875,8.363739591281816e-12,frequency (cycles yr-1)
Surface geostrophic KE temporal spectra vs DUACS,om4,Global,23.96953125,1.1066289840552487e-11,frequency (cycles yr-1)
Surface geostrophic KE temporal spectra vs DUACS,om4,Global,24.2548828125,1.1631033412348663e-11,frequency (cycles yr-1)
Surface geostrophic KE temporal spectra vs DUACS,om4,Global,24.540234375,1.2396628177953675e-11,frequency (cycles yr-1)
Surface geostrophic KE temporal spectra vs DUACS,om4,Global,24.825585937499998,1.2372138968893659e-11,frequency (cycles yr-1)
Surface geostrophic KE temporal spectra vs DUACS,om4,Global,25.1109375,1.582236093292755e-11,frequency (cycles yr-1)
Surface geostrophic KE temporal spectra vs DUACS,om4,Global,25.3962890625,1.1629998988693372e-11,frequency (cycles yr-1)
Surface geostrophic KE temporal spectra vs DUACS,om4,Global,25.681640625,4.365026215589748e-12,frequency (cycles yr-1)
Surface geostrophic KE temporal spectra vs DUACS,om4,Global,25.9669921875,1.758010640698682e-11,frequency (cycles yr-1)
Surface geostrophic KE temporal spectra vs DUACS,om4,Global,26.252343749999998,1.7449669875241258e-11,frequency (cycles yr-1)
Surface geostrophic KE temporal spectra vs DUACS,om4,Global,26.5376953125,2.1886342709128807e-11,frequency (cycles yr-1)
Surface geostrophic KE temporal spectra vs DUACS,om4,Global,26.823046875,9.998239425898044e-12,frequency (cycles yr-1)
Surface geostrophic KE temporal spectra vs DUACS,om4,Global,27.1083984375,4.303724985950079e-12,frequency (cycles yr-1)
Surface geostrophic KE temporal spectra vs DUACS,om4,Global,27.393749999999997,6.319723976709914e-12,frequency (cycles yr-1)
Surface geostrophic KE temporal spectra vs DUACS,om4,Global,27.679101562499998,2.636795951346023e-11,frequency (cycles yr-1)
Surface geostrophic KE temporal spectra vs DUACS,om4,Global,27.964453125,2.5987286307900347e-11,frequency (cycles yr-1)
Surface geostrophic KE temporal spectra vs DUACS,om4,Global,28.2498046875,3.1330017172696545e-12,frequency (cycles yr-1)
Surface geostrophic KE temporal spectra vs DUACS,om4,Global,28.53515625,8.023558112250599e-12,frequency (cycles yr-1)
Surface geostrophic KE temporal spectra vs DUACS,om4,Global,28.820507812499997,1.8307646879198448e-11,frequency (cycles yr-1)
Surface geostrophic KE temporal spectra vs DUACS,om4,Global,29.105859374999998,2.0072716675906034e-11,frequency (cycles yr-1)
Surface geostrophic KE temporal spectra vs DUACS,om4,Global,29.3912109375,1.1495647447165645e-11,frequency (cycles yr-1)
Surface geostrophic KE temporal spectra vs DUACS,om4,Global,29.6765625,3.6180508676719383e-12,frequency (cycles yr-1)
Surface geostrophic KE temporal spectra vs DUACS,om4,Global,29.9619140625,3.507294810925691e-12,frequency (cycles yr-1)
Surface geostrophic KE temporal spectra vs DUACS,om4,Global,30.247265624999997,6.970514627639303e-13,frequency (cycles yr-1)
Surface geostrophic KE temporal spectra vs DUACS,om4,Global,30.532617187499998,1.232041810797691e-11,frequency (cycles yr-1)
Surface geostrophic KE temporal spectra vs DUACS,om4,Global,30.81796875,1.0427821722910904e-11,frequency (cycles yr-1)
Surface geostrophic KE temporal spectra vs DUACS,om4,Global,31.1033203125,7.182937706340378e-12,frequency (cycles yr-1)
Surface geostrophic KE temporal spectra vs DUACS,om4,Global,31.388671875,8.120935217108501e-12,frequency (cycles yr-1)
Surface geostrophic KE temporal spectra vs DUACS,om4,Global,31.674023437499997,1.0082349830832075e-11,frequency (cycles yr-1)
Surface geostrophic KE temporal spectra vs DUACS,om4,Global,31.959374999999998,9.54801957426321e-12,frequency (cycles yr-1)
Surface geostrophic KE temporal spectra vs DUACS,om4,Global,32.2447265625,1.7410552818943793e-11,frequency (cycles yr-1)
Surface geostrophic KE temporal spectra vs DUACS,om4,Global,32.530078124999996,1.7454466675562482e-11,frequency (cycles yr-1)
Surface geostrophic KE temporal spectra vs DUACS,om4,Global,32.8154296875,5.671573495088901e-12,frequency (cycles yr-1)
Surface geostrophic KE temporal spectra vs DUACS,om4,Global,33.10078125,5.0618799923535556e-12,frequency (cycles yr-1)
Surface geostrophic KE temporal spectra vs DUACS,om4,Global,33.3861328125,4.112283971398128e-12,frequency (cycles yr-1)
Surface geostrophic KE temporal spectra vs DUACS,om4,Global,33.671484375,1.2662841782757949e-11,frequency (cycles yr-1)
Surface geostrophic KE temporal spectra vs DUACS,om4,Global,33.956835937499996,4.637927782222973e-12,frequency (cycles yr-1)
Surface geostrophic KE temporal spectra vs DUACS,om4,Global,34.2421875,1.1123933051119907e-11,frequency (cycles yr-1)
Surface geostrophic KE temporal spectra vs DUACS,om4,Global,34.5275390625,1.3042803362604682e-11,frequency (cycles yr-1)
Surface geostrophic KE temporal spectra vs DUACS,om4,Global,34.812890625,9.581884177244227e-12,frequency (cycles yr-1)
Surface geostrophic KE temporal spectra vs DUACS,om4,Global,35.0982421875,5.584174513665047e-12,frequency (cycles yr-1)
Surface geostrophic KE temporal spectra vs DUACS,om4,Global,35.383593749999996,4.661553296768987e-12,frequency (cycles yr-1)
Surface geostrophic KE temporal spectra vs DUACS,om4,Global,35.6689453125,6.44413645015871e-12,frequency (cycles yr-1)
Surface geostrophic KE temporal spectra vs DUACS,om4,Global,35.954296875,1.2180673545230623e-11,frequency (cycles yr-1)
Surface geostrophic KE temporal spectra vs DUACS,om4,Global,36.2396484375,1.27702071693467e-11,frequency (cycles yr-1)
Surface geostrophic KE temporal spectra vs DUACS,om4,Global,36.525,5.840830010269922e-12,frequency (cycles yr-1)
Surface geostrophic KE temporal spectra vs DUACS,om4,Gulf Stream,0.2853515625,1.5882661464110344e-08,frequency (cycles yr-1)
Surface geostrophic KE temporal spectra vs DUACS,om4,Gulf Stream,0.570703125,1.3049931544749562e-08,frequency (cycles yr-1)
Surface geostrophic KE temporal spectra vs DUACS,om4,Gulf Stream,0.8560546874999999,3.5574836177572463e-08,frequency (cycles yr-1)
Surface geostrophic KE temporal spectra vs DUACS,om4,Gulf Stream,1.14140625,4.5175421640652474e-08,frequency (cycles yr-1)
Surface geostrophic KE temporal spectra vs DUACS,om4,Gulf Stream,1.4267578125,6.133241047760852e-09,frequency (cycles yr-1)
Surface geostrophic KE temporal spectra vs DUACS,om4,Gulf Stream,1.7121093749999998,1.4290159344112526e-09,frequency (cycles yr-1)
Surface geostrophic KE temporal spectra vs DUACS,om4,Gulf Stream,1.9974609374999999,2.072586100990551e-09,frequency (cycles yr-1)
Surface geostrophic KE temporal spectra vs DUACS,om4,Gulf Stream,2.2828125,3.278041998470328e-09,frequency (cycles yr-1)
Surface geostrophic KE temporal spectra vs DUACS,om4,Gulf Stream,2.5681640624999997,7.165166912630331e-09,frequency (cycles yr-1)
Surface geostrophic KE temporal spectra vs DUACS,om4,Gulf Stream,2.853515625,4.8198585156704725e-09,frequency (cycles yr-1)
Surface geostrophic KE temporal spectra vs DUACS,om4,Gulf Stream,3.1388671875,1.726192221224356e-09,frequency (cycles yr-1)
Surface geostrophic KE temporal spectra vs DUACS,om4,Gulf Stream,3.4242187499999996,7.958832914689184e-10,frequency (cycles yr-1)
Surface geostrophic KE temporal spectra vs DUACS,om4,Gulf Stream,3.7095703125,2.8002955345221928e-09,frequency (cycles yr-1)
Surface geostrophic KE temporal spectra vs DUACS,om4,Gulf Stream,3.9949218749999997,7.534642469628426e-10,frequency (cycles yr-1)
Surface geostrophic KE temporal spectra vs DUACS,om4,Gulf Stream,4.2802734375,3.7173543844647323e-10,frequency (cycles yr-1)
Surface geostrophic KE temporal spectra vs DUACS,om4,Gulf Stream,4.565625,9.363191076593155e-10,frequency (cycles yr-1)
Surface geostrophic KE temporal spectra vs DUACS,om4,Gulf Stream,4.8509765625,9.323182592442868e-10,frequency (cycles yr-1)
Surface geostrophic KE temporal spectra vs DUACS,om4,Gulf Stream,5.1363281249999995,9.132067481850703e-10,frequency (cycles yr-1)
Surface geostrophic KE temporal spectra vs DUACS,om4,Gulf Stream,5.4216796875,4.748265716122458e-10,frequency (cycles yr-1)
Surface geostrophic KE temporal spectra vs DUACS,om4,Gulf Stream,5.70703125,4.268111378908817e-10,frequency (cycles yr-1)
Surface geostrophic KE temporal spectra vs DUACS,om4,Gulf Stream,5.9923828125,2.7133917220799697e-10,frequency (cycles yr-1)
Surface geostrophic KE temporal spectra vs DUACS,om4,Gulf Stream,6.277734375,1.0486973892864176e-10,frequency (cycles yr-1)
Surface geostrophic KE temporal spectra vs DUACS,om4,Gulf Stream,6.5630859374999995,7.912680328330631e-11,frequency (cycles yr-1)
Surface geostrophic KE temporal spectra vs DUACS,om4,Gulf Stream,6.848437499999999,3.3533696867476236e-10,frequency (cycles yr-1)
Surface geostrophic KE temporal spectra vs DUACS,om4,Gulf Stream,7.1337890625,1.7982900159223343e-10,frequency (cycles yr-1)
Surface geostrophic KE temporal spectra vs DUACS,om4,Gulf Stream,7.419140625,1.7153377785697832e-10,frequency (cycles yr-1)
Surface geostrophic KE temporal spectra vs DUACS,om4,Gulf Stream,7.7044921875,1.0239030035683371e-10,frequency (cycles yr-1)
Surface geostrophic KE temporal spectra vs DUACS,om4,Gulf Stream,7.9898437499999995,4.659514612274818e-10,frequency (cycles yr-1)
Surface geostrophic KE temporal spectra vs DUACS,om4,Gulf Stream,8.2751953125,2.1547783154757778e-10,frequency (cycles yr-1)
Surface geostrophic KE temporal spectra vs DUACS,om4,Gulf Stream,8.560546875,9.49427160126161e-11,frequency (cycles yr-1)
Surface geostrophic KE temporal spectra vs DUACS,om4,Gulf Stream,8.845898437499999,1.3869326247142974e-10,frequency (cycles yr-1)
Surface geostrophic KE temporal spectra vs DUACS,om4,Gulf Stream,9.13125,1.835217015392076e-10,frequency (cycles yr-1)
Surface geostrophic KE temporal spectra vs DUACS,om4,Gulf Stream,9.4166015625,1.7967834096784047e-10,frequency (cycles yr-1)
Surface geostrophic KE temporal spectra vs DUACS,om4,Gulf Stream,9.701953125,1.3174075430380859e-10,frequency (cycles yr-1)
Surface geostrophic KE temporal spectra vs DUACS,om4,Gulf Stream,9.9873046875,1.4333697718848962e-10,frequency (cycles yr-1)
Surface geostrophic KE temporal spectra vs DUACS,om4,Gulf Stream,10.272656249999999,1.9636568122097825e-10,frequency (cycles yr-1)
Surface geostrophic KE temporal spectra vs DUACS,om4,Gulf Stream,10.5580078125,1.2831296466364698e-10,frequency (cycles yr-1)
Surface geostrophic KE temporal spectra vs DUACS,om4,Gulf Stream,10.843359375,1.4316953428430817e-10,frequency (cycles yr-1)
Surface geostrophic KE temporal spectra vs DUACS,om4,Gulf Stream,11.1287109375,1.6067556110038467e-10,frequency (cycles yr-1)
Surface geostrophic KE temporal spectra vs DUACS,om4,Gulf Stream,11.4140625,2.081628810638698e-10,frequency (cycles yr-1)
Surface geostrophic KE temporal spectra vs DUACS,om4,Gulf Stream,11.699414062499999,2.1285659076171295e-10,frequency (cycles yr-1)
Surface geostrophic KE temporal spectra vs DUACS,om4,Gulf Stream,11.984765625,8.266041279917227e-11,frequency (cycles yr-1)
Surface geostrophic KE temporal spectra vs DUACS,om4,Gulf Stream,12.2701171875,7.183371355132291e-11,frequency (cycles yr-1)
Surface geostrophic KE temporal spectra vs DUACS,om4,Gulf Stream,12.55546875,5.059528016875568e-11,frequency (cycles yr-1)
Surface geostrophic KE temporal spectra vs DUACS,om4,Gulf Stream,12.8408203125,5.3066707519655504e-11,frequency (cycles yr-1)
Surface geostrophic KE temporal spectra vs DUACS,om4,Gulf Stream,13.126171874999999,7.018648209940346e-11,frequency (cycles yr-1)
Surface geostrophic KE temporal spectra vs DUACS,om4,Gulf Stream,13.4115234375,4.532402880997086e-11,frequency (cycles yr-1)
Surface geostrophic KE temporal spectra vs DUACS,om4,Gulf Stream,13.696874999999999,7.717273677246788e-11,frequency (cycles yr-1)
Surface geostrophic KE temporal spectra vs DUACS,om4,Gulf Stream,13.9822265625,7.051592218726096e-11,frequency (cycles yr-1)
Surface geostrophic KE temporal spectra vs DUACS,om4,Gulf Stream,14.267578125,1.1422531833065179e-10,frequency (cycles yr-1)
Surface geostrophic KE temporal spectra vs DUACS,om4,Gulf Stream,14.552929687499999,3.84209350851081e-11,frequency (cycles yr-1)
Surface geostrophic KE temporal spectra vs DUACS,om4,Gulf Stream,14.83828125,1.0508612619073776e-10,frequency (cycles yr-1)
Surface geostrophic KE temporal spectra vs DUACS,om4,Gulf Stream,15.123632812499999,1.0113938443947792e-10,frequency (cycles yr-1)
Surface geostrophic KE temporal spectra vs DUACS,om4,Gulf Stream,15.408984375,5.0175153243947087e-11,frequency (cycles yr-1)
Surface geostrophic KE temporal spectra vs DUACS,om4,Gulf Stream,15.6943359375,3.315891400280999e-11,frequency (cycles yr-1)
Surface geostrophic KE temporal spectra vs DUACS,om4,Gulf Stream,15.979687499999999,3.2785152045284206e-11,frequency (cycles yr-1)
Surface geostrophic KE temporal spectra vs DUACS,om4,Gulf Stream,16.265039062499998,2.0576488284719735e-11,frequency (cycles yr-1)
Surface geostrophic KE temporal spectra vs DUACS,om4,Gulf Stream,16.550390625,6.153127413249387e-12,frequency (cycles yr-1)
Surface geostrophic KE temporal spectra vs DUACS,om4,Gulf Stream,16.8357421875,4.9329839576894424e-12,frequency (cycles yr-1)
Surface geostrophic KE temporal spectra vs DUACS,om4,Gulf Stream,17.12109375,1.0207609555479523e-11,frequency (cycles yr-1)
Surface geostrophic KE temporal spectra vs DUACS,om4,Gulf Stream,17.4064453125,2.672462891527954e-11,frequency (cycles yr-1)
Surface geostrophic KE temporal spectra vs DUACS,om4,Gulf Stream,17.691796874999998,2.843180196527247e-11,frequency (cycles yr-1)
Surface geostrophic KE temporal spectra vs DUACS,om4,Gulf Stream,17.9771484375,1.005644454457962e-11,frequency (cycles yr-1)
Surface geostrophic KE temporal spectra vs DUACS,om4,Gulf Stream,18.2625,1.1035315588887607e-11,frequency (cycles yr-1)
Surface geostrophic KE temporal spectra vs DUACS,om4,Gulf Stream,18.5478515625,3.079302247380562e-11,frequency (cycles yr-1)
Surface geostrophic KE temporal spectra vs DUACS,om4,Gulf Stream,18.833203125,1.3660897960859026e-11,frequency (cycles yr-1)
Surface geostrophic KE temporal spectra vs DUACS,om4,Gulf Stream,19.118554687499998,2.5724836657541504e-12,frequency (cycles yr-1)
Surface geostrophic KE temporal spectra vs DUACS,om4,Gulf Stream,19.40390625,7.789382204043684e-12,frequency (cycles yr-1)
Surface geostrophic KE temporal spectra vs DUACS,om4,Gulf Stream,19.6892578125,1.2425397671187332e-11,frequency (cycles yr-1)
Surface geostrophic KE temporal spectra vs DUACS,om4,Gulf Stream,19.974609375,7.683663308389328e-12,frequency (cycles yr-1)
Surface geostrophic KE temporal spectra vs DUACS,om4,Gulf Stream,20.2599609375,9.236732337071672e-12,frequency (cycles yr-1)
Surface geostrophic KE temporal spectra vs DUACS,om4,Gulf Stream,20.545312499999998,1.3778372819895974e-11,frequency (cycles yr-1)
Surface geostrophic KE temporal spectra vs DUACS,om4,Gulf Stream,20.8306640625,2.0470408642784642e-11,frequency (cycles yr-1)
Surface geostrophic KE temporal spectra vs DUACS,om4,Gulf Stream,21.116015625,7.217314433113371e-11,frequency (cycles yr-1)
Surface geostrophic KE temporal spectra vs DUACS,om4,Gulf Stream,21.4013671875,3.480047734066707e-11,frequency (cycles yr-1)
Surface geostrophic KE temporal spectra vs DUACS,om4,Gulf Stream,21.68671875,1.0765542563561391e-11,frequency (cycles yr-1)
Surface geostrophic KE temporal spectra vs DUACS,om4,Gulf Stream,21.972070312499998,6.369723807952115e-12,frequency (cycles yr-1)
Surface geostrophic KE temporal spectra vs DUACS,om4,Gulf Stream,22.257421875,9.393848766483525e-12,frequency (cycles yr-1)
Surface geostrophic KE temporal spectra vs DUACS,om4,Gulf Stream,22.5427734375,1.1268104399807645e-11,frequency (cycles yr-1)
Surface geostrophic KE temporal spectra vs DUACS,om4,Gulf Stream,22.828125,2.274973115649406e-12,frequency (cycles yr-1)
Surface geostrophic KE temporal spectra vs DUACS,om4,Gulf Stream,23.1134765625,8.611040821741684e-12,frequency (cycles yr-1)
Surface geostrophic KE temporal spectra vs DUACS,om4,Gulf Stream,23.398828124999998,1.335365562761352e-11,frequency (cycles yr-1)
Surface geostrophic KE temporal spectra vs DUACS,om4,Gulf Stream,23.6841796875,5.506163282507635e-12,frequency (cycles yr-1)
Surface geostrophic KE temporal spectra vs DUACS,om4,Gulf Stream,23.96953125,8.918119476777911e-12,frequency (cycles yr-1)
Surface geostrophic KE temporal spectra vs DUACS,om4,Gulf Stream,24.2548828125,2.4506776910298723e-11,frequency (cycles yr-1)
Surface geostrophic KE temporal spectra vs DUACS,om4,Gulf Stream,24.540234375,1.0791316680452499e-11,frequency (cycles yr-1)
Surface geostrophic KE temporal spectra vs DUACS,om4,Gulf Stream,24.825585937499998,1.3746826014275872e-12,frequency (cycles yr-1)
Surface geostrophic KE temporal spectra vs DUACS,om4,Gulf Stream,25.1109375,5.575503787691285e-12,frequency (cycles yr-1)
Surface geostrophic KE temporal spectra vs DUACS,om4,Gulf Stream,25.3962890625,1.4217133913501115e-11,frequency (cycles yr-1)
Surface geostrophic KE temporal spectra vs DUACS,om4,Gulf Stream,25.681640625,1.3401701016311134e-11,frequency (cycles yr-1)
Surface geostrophic KE temporal spectra vs DUACS,om4,Gulf Stream,25.9669921875,9.240151727085506e-12,frequency (cycles yr-1)
Surface geostrophic KE temporal spectra vs DUACS,om4,Gulf Stream,26.252343749999998,1.8354127092370908e-11,frequency (cycles yr-1)
Surface geostrophic KE temporal spectra vs DUACS,om4,Gulf Stream,26.5376953125,1.4317120407240589e-11,frequency (cycles yr-1)
Surface geostrophic KE temporal spectra vs DUACS,om4,Gulf Stream,26.823046875,1.6606066474714842e-11,frequency (cycles yr-1)
Surface geostrophic KE temporal spectra vs DUACS,om4,Gulf Stream,27.1083984375,1.2832763575008835e-11,frequency (cycles yr-1)
Surface geostrophic KE temporal spectra vs DUACS,om4,Gulf Stream,27.393749999999997,1.7231106751446612e-11,frequency (cycles yr-1)
Surface geostrophic KE temporal spectra vs DUACS,om4,Gulf Stream,27.679101562499998,1.22433083458075e-11,frequency (cycles yr-1)
Surface geostrophic KE temporal spectra vs DUACS,om4,Gulf Stream,27.964453125,1.5861942275530997e-11,frequency (cycles yr-1)
Surface geostrophic KE temporal spectra vs DUACS,om4,Gulf Stream,28.2498046875,2.0387444696707196e-11,frequency (cycles yr-1)
Surface geostrophic KE temporal spectra vs DUACS,om4,Gulf Stream,28.53515625,2.2555223201580305e-11,frequency (cycles yr-1)
Surface geostrophic KE temporal spectra vs DUACS,om4,Gulf Stream,28.820507812499997,6.642758657874379e-12,frequency (cycles yr-1)
Surface geostrophic KE temporal spectra vs DUACS,om4,Gulf Stream,29.105859374999998,2.4884675387339164e-12,frequency (cycles yr-1)
Surface geostrophic KE temporal spectra vs DUACS,om4,Gulf Stream,29.3912109375,4.91862891668373e-13,frequency (cycles yr-1)
Surface geostrophic KE temporal spectra vs DUACS,om4,Gulf Stream,29.6765625,7.86602572622357e-12,frequency (cycles yr-1)
Surface geostrophic KE temporal spectra vs DUACS,om4,Gulf Stream,29.9619140625,1.8911758830894168e-11,frequency (cycles yr-1)
Surface geostrophic KE temporal spectra vs DUACS,om4,Gulf Stream,30.247265624999997,1.2420158915092962e-11,frequency (cycles yr-1)
Surface geostrophic KE temporal spectra vs DUACS,om4,Gulf Stream,30.532617187499998,1.4007418991568752e-11,frequency (cycles yr-1)
Surface geostrophic KE temporal spectra vs DUACS,om4,Gulf Stream,30.81796875,1.045039636241192e-11,frequency (cycles yr-1)
Surface geostrophic KE temporal spectra vs DUACS,om4,Gulf Stream,31.1033203125,1.1504092507398886e-11,frequency (cycles yr-1)
Surface geostrophic KE temporal spectra vs DUACS,om4,Gulf Stream,31.388671875,1.0326054896215526e-11,frequency (cycles yr-1)
Surface geostrophic KE temporal spectra vs DUACS,om4,Gulf Stream,31.674023437499997,8.411900719083388e-12,frequency (cycles yr-1)
Surface geostrophic KE temporal spectra vs DUACS,om4,Gulf Stream,31.959374999999998,1.0133635285324457e-11,frequency (cycles yr-1)
Surface geostrophic KE temporal spectra vs DUACS,om4,Gulf Stream,32.2447265625,1.5502047219611496e-11,frequency (cycles yr-1)
Surface geostrophic KE temporal spectra vs DUACS,om4,Gulf Stream,32.530078124999996,1.7472343958010178e-11,frequency (cycles yr-1)
Surface geostrophic KE temporal spectra vs DUACS,om4,Gulf Stream,32.8154296875,5.553194614399857e-12,frequency (cycles yr-1)
Surface geostrophic KE temporal spectra vs DUACS,om4,Gulf Stream,33.10078125,1.24211937013765e-11,frequency (cycles yr-1)
Surface geostrophic KE temporal spectra vs DUACS,om4,Gulf Stream,33.3861328125,1.3084708043224443e-11,frequency (cycles yr-1)
Surface geostrophic KE temporal spectra vs DUACS,om4,Gulf Stream,33.671484375,2.843160424131064e-12,frequency (cycles yr-1)
Surface geostrophic KE temporal spectra vs DUACS,om4,Gulf Stream,33.956835937499996,7.303851681406552e-12,frequency (cycles yr-1)
Surface geostrophic KE temporal spectra vs DUACS,om4,Gulf Stream,34.2421875,5.428603920172192e-12,frequency (cycles yr-1)
Surface geostrophic KE temporal spectra vs DUACS,om4,Gulf Stream,34.5275390625,2.05320245689974e-12,frequency (cycles yr-1)
Surface geostrophic KE temporal spectra vs DUACS,om4,Gulf Stream,34.812890625,3.779251518875656e-12,frequency (cycles yr-1)
Surface geostrophic KE temporal spectra vs DUACS,om4,Gulf Stream,35.0982421875,4.679213871881633e-12,frequency (cycles yr-1)
Surface geostrophic KE temporal spectra vs DUACS,om4,Gulf Stream,35.383593749999996,3.859022065913317e-12,frequency (cycles yr-1)
Surface geostrophic KE temporal spectra vs DUACS,om4,Gulf Stream,35.6689453125,3.91098998974877e-12,frequency (cycles yr-1)
Surface geostrophic KE temporal spectra vs DUACS,om4,Gulf Stream,35.954296875,3.5815223300643406e-12,frequency (cycles yr-1)
Surface geostrophic KE temporal spectra vs DUACS,om4,Gulf Stream,36.2396484375,3.1463212770458436e-12,frequency (cycles yr-1)
Surface geostrophic KE temporal spectra vs DUACS,om4,Gulf Stream,36.525,1.6788856942535204e-12,frequency (cycles yr-1)
Surface geostrophic KE temporal spectra vs DUACS,om4,Agulhas,0.2853515625,1.3632625916371166e-07,frequency (cycles yr-1)
Surface geostrophic KE temporal spectra vs DUACS,om4,Agulhas,0.570703125,1.4708034957639103e-07,frequency (cycles yr-1)
Surface geostrophic KE temporal spectra vs DUACS,om4,Agulhas,0.8560546874999999,1.8769138559688305e-07,frequency (cycles yr-1)
Surface geostrophic KE temporal spectra vs DUACS,om4,Agulhas,1.14140625,1.987338132663057e-07,frequency (cycles yr-1)
Surface geostrophic KE temporal spectra vs DUACS,om4,Agulhas,1.4267578125,3.742330557652403e-08,frequency (cycles yr-1)
Surface geostrophic KE temporal spectra vs DUACS,om4,Agulhas,1.7121093749999998,3.1971215354491025e-08,frequency (cycles yr-1)
Surface geostrophic KE temporal spectra vs DUACS,om4,Agulhas,1.9974609374999999,4.3340656357597386e-08,frequency (cycles yr-1)
Surface geostrophic KE temporal spectra vs DUACS,om4,Agulhas,2.2828125,2.5316715852615658e-08,frequency (cycles yr-1)
Surface geostrophic KE temporal spectra vs DUACS,om4,Agulhas,2.5681640624999997,1.7980280218575098e-08,frequency (cycles yr-1)
Surface geostrophic KE temporal spectra vs DUACS,om4,Agulhas,2.853515625,2.0288237649775612e-08,frequency (cycles yr-1)
Surface geostrophic KE temporal spectra vs DUACS,om4,Agulhas,3.1388671875,1.9651231503044797e-08,frequency (cycles yr-1)
Surface geostrophic KE temporal spectra vs DUACS,om4,Agulhas,3.4242187499999996,2.7945103514360234e-08,frequency (cycles yr-1)
Surface geostrophic KE temporal spectra vs DUACS,om4,Agulhas,3.7095703125,2.012209562468892e-08,frequency (cycles yr-1)
Surface geostrophic KE temporal spectra vs DUACS,om4,Agulhas,3.9949218749999997,6.0939685935582364e-09,frequency (cycles yr-1)
Surface geostrophic KE temporal spectra vs DUACS,om4,Agulhas,4.2802734375,5.770641297115035e-09,frequency (cycles yr-1)
Surface geostrophic KE temporal spectra vs DUACS,om4,Agulhas,4.565625,1.783184402555877e-08,frequency (cycles yr-1)
Surface geostrophic KE temporal spectra vs DUACS,om4,Agulhas,4.8509765625,2.4019268131604046e-08,frequency (cycles yr-1)
Surface geostrophic KE temporal spectra vs DUACS,om4,Agulhas,5.1363281249999995,9.605760292085016e-09,frequency (cycles yr-1)
Surface geostrophic KE temporal spectra vs DUACS,om4,Agulhas,5.4216796875,3.179528879463289e-09,frequency (cycles yr-1)
Surface geostrophic KE temporal spectra vs DUACS,om4,Agulhas,5.70703125,6.114869883193333e-09,frequency (cycles yr-1)
Surface geostrophic KE temporal spectra vs DUACS,om4,Agulhas,5.9923828125,6.873925200315234e-09,frequency (cycles yr-1)
Surface geostrophic KE temporal spectra vs DUACS,om4,Agulhas,6.277734375,1.0677824450350208e-08,frequency (cycles yr-1)
Surface geostrophic KE temporal spectra vs DUACS,om4,Agulhas,6.5630859374999995,5.5836708093961405e-09,frequency (cycles yr-1)
Surface geostrophic KE temporal spectra vs DUACS,om4,Agulhas,6.848437499999999,1.3785428750172492e-09,frequency (cycles yr-1)
Surface geostrophic KE temporal spectra vs DUACS,om4,Agulhas,7.1337890625,3.6621683216991087e-09,frequency (cycles yr-1)
Surface geostrophic KE temporal spectra vs DUACS,om4,Agulhas,7.419140625,4.0134480955355985e-09,frequency (cycles yr-1)
Surface geostrophic KE temporal spectra vs DUACS,om4,Agulhas,7.7044921875,6.66033647373929e-10,frequency (cycles yr-1)
Surface geostrophic KE temporal spectra vs DUACS,om4,Agulhas,7.9898437499999995,3.888024804001341e-10,frequency (cycles yr-1)
Surface geostrophic KE temporal spectra vs DUACS,om4,Agulhas,8.2751953125,1.7569255115577832e-09,frequency (cycles yr-1)
Surface geostrophic KE temporal spectra vs DUACS,om4,Agulhas,8.560546875,9.015409519804939e-10,frequency (cycles yr-1)
Surface geostrophic KE temporal spectra vs DUACS,om4,Agulhas,8.845898437499999,5.300185231464477e-10,frequency (cycles yr-1)
Surface geostrophic KE temporal spectra vs DUACS,om4,Agulhas,9.13125,2.910340037831213e-10,frequency (cycles yr-1)
Surface geostrophic KE temporal spectra vs DUACS,om4,Agulhas,9.4166015625,5.674314129299209e-10,frequency (cycles yr-1)
Surface geostrophic KE temporal spectra vs DUACS,om4,Agulhas,9.701953125,1.2425319608160198e-10,frequency (cycles yr-1)
Surface geostrophic KE temporal spectra vs DUACS,om4,Agulhas,9.9873046875,5.992026842326193e-10,frequency (cycles yr-1)
Surface geostrophic KE temporal spectra vs DUACS,om4,Agulhas,10.272656249999999,1.8115546776455253e-09,frequency (cycles yr-1)
Surface geostrophic KE temporal spectra vs DUACS,om4,Agulhas,10.5580078125,9.333217918003267e-10,frequency (cycles yr-1)
Surface geostrophic KE temporal spectra vs DUACS,om4,Agulhas,10.843359375,3.837087301118007e-10,frequency (cycles yr-1)
Surface geostrophic KE temporal spectra vs DUACS,om4,Agulhas,11.1287109375,8.236350925985519e-10,frequency (cycles yr-1)
Surface geostrophic KE temporal spectra vs DUACS,om4,Agulhas,11.4140625,8.854181139300405e-10,frequency (cycles yr-1)
Surface geostrophic KE temporal spectra vs DUACS,om4,Agulhas,11.699414062499999,4.2934910284134084e-10,frequency (cycles yr-1)
Surface geostrophic KE temporal spectra vs DUACS,om4,Agulhas,11.984765625,2.7776381441841186e-10,frequency (cycles yr-1)
Surface geostrophic KE temporal spectra vs DUACS,om4,Agulhas,12.2701171875,2.643454956452007e-10,frequency (cycles yr-1)
Surface geostrophic KE temporal spectra vs DUACS,om4,Agulhas,12.55546875,4.5355245376973756e-10,frequency (cycles yr-1)
Surface geostrophic KE temporal spectra vs DUACS,om4,Agulhas,12.8408203125,4.825150064048095e-10,frequency (cycles yr-1)
Surface geostrophic KE temporal spectra vs DUACS,om4,Agulhas,13.126171874999999,1.1390965735654412e-09,frequency (cycles yr-1)
Surface geostrophic KE temporal spectra vs DUACS,om4,Agulhas,13.4115234375,1.0272653529717577e-09,frequency (cycles yr-1)
Surface geostrophic KE temporal spectra vs DUACS,om4,Agulhas,13.696874999999999,4.0258990647597584e-10,frequency (cycles yr-1)
Surface geostrophic KE temporal spectra vs DUACS,om4,Agulhas,13.9822265625,4.884616485765502e-10,frequency (cycles yr-1)
Surface geostrophic KE temporal spectra vs DUACS,om4,Agulhas,14.267578125,5.625811301397012e-10,frequency (cycles yr-1)
Surface geostrophic KE temporal spectra vs DUACS,om4,Agulhas,14.552929687499999,7.595080719731404e-10,frequency (cycles yr-1)
Surface geostrophic KE temporal spectra vs DUACS,om4,Agulhas,14.83828125,2.981451877803284e-10,frequency (cycles yr-1)
Surface geostrophic KE temporal spectra vs DUACS,om4,Agulhas,15.123632812499999,1.6240382855773114e-10,frequency (cycles yr-1)
Surface geostrophic KE temporal spectra vs DUACS,om4,Agulhas,15.408984375,1.6829726668445713e-10,frequency (cycles yr-1)
Surface geostrophic KE temporal spectra vs DUACS,om4,Agulhas,15.6943359375,1.846110489841985e-10,frequency (cycles yr-1)
Surface geostrophic KE temporal spectra vs DUACS,om4,Agulhas,15.979687499999999,1.3644213956078914e-10,frequency (cycles yr-1)
Surface geostrophic KE temporal spectra vs DUACS,om4,Agulhas,16.265039062499998,4.630508808423387e-10,frequency (cycles yr-1)
Surface geostrophic KE temporal spectra vs DUACS,om4,Agulhas,16.550390625,2.684393339496187e-10,frequency (cycles yr-1)
Surface geostrophic KE temporal spectra vs DUACS,om4,Agulhas,16.8357421875,1.6435206535841576e-10,frequency (cycles yr-1)
Surface geostrophic KE temporal spectra vs DUACS,om4,Agulhas,17.12109375,1.4685424202844622e-10,frequency (cycles yr-1)
Surface geostrophic KE temporal spectra vs DUACS,om4,Agulhas,17.4064453125,1.2992167104155067e-10,frequency (cycles yr-1)
Surface geostrophic KE temporal spectra vs DUACS,om4,Agulhas,17.691796874999998,2.6426822361962773e-10,frequency (cycles yr-1)
Surface geostrophic KE temporal spectra vs DUACS,om4,Agulhas,17.9771484375,1.9197755620775096e-10,frequency (cycles yr-1)
Surface geostrophic KE temporal spectra vs DUACS,om4,Agulhas,18.2625,3.179362674590744e-10,frequency (cycles yr-1)
Surface geostrophic KE temporal spectra vs DUACS,om4,Agulhas,18.5478515625,7.220103095638869e-10,frequency (cycles yr-1)
Surface geostrophic KE temporal spectra vs DUACS,om4,Agulhas,18.833203125,4.860841687616947e-10,frequency (cycles yr-1)
Surface geostrophic KE temporal spectra vs DUACS,om4,Agulhas,19.118554687499998,1.2212903313677375e-10,frequency (cycles yr-1)
Surface geostrophic KE temporal spectra vs DUACS,om4,Agulhas,19.40390625,9.810267408945321e-11,frequency (cycles yr-1)
Surface geostrophic KE temporal spectra vs DUACS,om4,Agulhas,19.6892578125,1.4327648190732749e-10,frequency (cycles yr-1)
Surface geostrophic KE temporal spectra vs DUACS,om4,Agulhas,19.974609375,1.4447268830780584e-10,frequency (cycles yr-1)
Surface geostrophic KE temporal spectra vs DUACS,om4,Agulhas,20.2599609375,1.2513214923768617e-10,frequency (cycles yr-1)
Surface geostrophic KE temporal spectra vs DUACS,om4,Agulhas,20.545312499999998,2.1613674103973387e-10,frequency (cycles yr-1)
Surface geostrophic KE temporal spectra vs DUACS,om4,Agulhas,20.8306640625,2.8773498541777907e-10,frequency (cycles yr-1)
Surface geostrophic KE temporal spectra vs DUACS,om4,Agulhas,21.116015625,3.5298282670912764e-10,frequency (cycles yr-1)
Surface geostrophic KE temporal spectra vs DUACS,om4,Agulhas,21.4013671875,3.19674301667491e-10,frequency (cycles yr-1)
Surface geostrophic KE temporal spectra vs DUACS,om4,Agulhas,21.68671875,2.2476489998989223e-10,frequency (cycles yr-1)
Surface geostrophic KE temporal spectra vs DUACS,om4,Agulhas,21.972070312499998,1.208745163575213e-10,frequency (cycles yr-1)
Surface geostrophic KE temporal spectra vs DUACS,om4,Agulhas,22.257421875,2.5318104044546796e-10,frequency (cycles yr-1)
Surface geostrophic KE temporal spectra vs DUACS,om4,Agulhas,22.5427734375,2.4036803945549727e-10,frequency (cycles yr-1)
Surface geostrophic KE temporal spectra vs DUACS,om4,Agulhas,22.828125,1.5477692632039272e-10,frequency (cycles yr-1)
Surface geostrophic KE temporal spectra vs DUACS,om4,Agulhas,23.1134765625,3.2162870537041063e-10,frequency (cycles yr-1)
Surface geostrophic KE temporal spectra vs DUACS,om4,Agulhas,23.398828124999998,1.999388062332626e-10,frequency (cycles yr-1)
Surface geostrophic KE temporal spectra vs DUACS,om4,Agulhas,23.6841796875,2.4669315040537777e-10,frequency (cycles yr-1)
Surface geostrophic KE temporal spectra vs DUACS,om4,Agulhas,23.96953125,5.536526418782576e-10,frequency (cycles yr-1)
Surface geostrophic KE temporal spectra vs DUACS,om4,Agulhas,24.2548828125,2.803610096848076e-10,frequency (cycles yr-1)
Surface geostrophic KE temporal spectra vs DUACS,om4,Agulhas,24.540234375,4.644948710043475e-11,frequency (cycles yr-1)
Surface geostrophic KE temporal spectra vs DUACS,om4,Agulhas,24.825585937499998,5.740072739814309e-11,frequency (cycles yr-1)
Surface geostrophic KE temporal spectra vs DUACS,om4,Agulhas,25.1109375,1.4440548965689064e-10,frequency (cycles yr-1)
Surface geostrophic KE temporal spectra vs DUACS,om4,Agulhas,25.3962890625,1.827688157928738e-10,frequency (cycles yr-1)
Surface geostrophic KE temporal spectra vs DUACS,om4,Agulhas,25.681640625,1.9804057623212365e-10,frequency (cycles yr-1)
Surface geostrophic KE temporal spectra vs DUACS,om4,Agulhas,25.9669921875,1.24527490747418e-10,frequency (cycles yr-1)
Surface geostrophic KE temporal spectra vs DUACS,om4,Agulhas,26.252343749999998,7.318086215168516e-11,frequency (cycles yr-1)
Surface geostrophic KE temporal spectra vs DUACS,om4,Agulhas,26.5376953125,1.0649731887408048e-10,frequency (cycles yr-1)
Surface geostrophic KE temporal spectra vs DUACS,om4,Agulhas,26.823046875,1.6752167316943048e-10,frequency (cycles yr-1)
Surface geostrophic KE temporal spectra vs DUACS,om4,Agulhas,27.1083984375,1.9610911041719428e-10,frequency (cycles yr-1)
Surface geostrophic KE temporal spectra vs DUACS,om4,Agulhas,27.393749999999997,8.046311986366477e-11,frequency (cycles yr-1)
Surface geostrophic KE temporal spectra vs DUACS,om4,Agulhas,27.679101562499998,2.785272103080604e-10,frequency (cycles yr-1)
Surface geostrophic KE temporal spectra vs DUACS,om4,Agulhas,27.964453125,1.8777028908860908e-10,frequency (cycles yr-1)
Surface geostrophic KE temporal spectra vs DUACS,om4,Agulhas,28.2498046875,6.077208708089162e-11,frequency (cycles yr-1)
Surface geostrophic KE temporal spectra vs DUACS,om4,Agulhas,28.53515625,6.600072474389232e-11,frequency (cycles yr-1)
Surface geostrophic KE temporal spectra vs DUACS,om4,Agulhas,28.820507812499997,1.6455506692278445e-10,frequency (cycles yr-1)
Surface geostrophic KE temporal spectra vs DUACS,om4,Agulhas,29.105859374999998,1.8037722517459355e-10,frequency (cycles yr-1)
Surface geostrophic KE temporal spectra vs DUACS,om4,Agulhas,29.3912109375,1.9249822958250665e-10,frequency (cycles yr-1)
Surface geostrophic KE temporal spectra vs DUACS,om4,Agulhas,29.6765625,9.054603989725718e-11,frequency (cycles yr-1)
Surface geostrophic KE temporal spectra vs DUACS,om4,Agulhas,29.9619140625,1.0457494426014926e-10,frequency (cycles yr-1)
Surface geostrophic KE temporal spectra vs DUACS,om4,Agulhas,30.247265624999997,7.474189454510135e-11,frequency (cycles yr-1)
Surface geostrophic KE temporal spectra vs DUACS,om4,Agulhas,30.532617187499998,1.0104568477856575e-10,frequency (cycles yr-1)
Surface geostrophic KE temporal spectra vs DUACS,om4,Agulhas,30.81796875,1.1148049068240962e-10,frequency (cycles yr-1)
Surface geostrophic KE temporal spectra vs DUACS,om4,Agulhas,31.1033203125,1.1622098035265001e-10,frequency (cycles yr-1)
Surface geostrophic KE temporal spectra vs DUACS,om4,Agulhas,31.388671875,7.693520790036551e-11,frequency (cycles yr-1)
Surface geostrophic KE temporal spectra vs DUACS,om4,Agulhas,31.674023437499997,3.315242583338525e-11,frequency (cycles yr-1)
Surface geostrophic KE temporal spectra vs DUACS,om4,Agulhas,31.959374999999998,1.798584680700674e-11,frequency (cycles yr-1)
Surface geostrophic KE temporal spectra vs DUACS,om4,Agulhas,32.2447265625,8.666505718809828e-11,frequency (cycles yr-1)
Surface geostrophic KE temporal spectra vs DUACS,om4,Agulhas,32.530078124999996,1.5813758405606755e-10,frequency (cycles yr-1)
Surface geostrophic KE temporal spectra vs DUACS,om4,Agulhas,32.8154296875,1.2181479893697163e-10,frequency (cycles yr-1)
Surface geostrophic KE temporal spectra vs DUACS,om4,Agulhas,33.10078125,5.620196341430706e-11,frequency (cycles yr-1)
Surface geostrophic KE temporal spectra vs DUACS,om4,Agulhas,33.3861328125,3.552811200406197e-11,frequency (cycles yr-1)
Surface geostrophic KE temporal spectra vs DUACS,om4,Agulhas,33.671484375,4.766634493961562e-11,frequency (cycles yr-1)
Surface geostrophic KE temporal spectra vs DUACS,om4,Agulhas,33.956835937499996,8.489658436401611e-11,frequency (cycles yr-1)
Surface geostrophic KE temporal spectra vs DUACS,om4,Agulhas,34.2421875,7.475260078490666e-11,frequency (cycles yr-1)
Surface geostrophic KE temporal spectra vs DUACS,om4,Agulhas,34.5275390625,2.7505994647989984e-11,frequency (cycles yr-1)
Surface geostrophic KE temporal spectra vs DUACS,om4,Agulhas,34.812890625,1.6541596492013835e-10,frequency (cycles yr-1)
Surface geostrophic KE temporal spectra vs DUACS,om4,Agulhas,35.0982421875,1.361911410616046e-10,frequency (cycles yr-1)
Surface geostrophic KE temporal spectra vs DUACS,om4,Agulhas,35.383593749999996,7.40927447961838e-11,frequency (cycles yr-1)
Surface geostrophic KE temporal spectra vs DUACS,om4,Agulhas,35.6689453125,1.8121893890692598e-11,frequency (cycles yr-1)
Surface geostrophic KE temporal spectra vs DUACS,om4,Agulhas,35.954296875,7.935885261591599e-11,frequency (cycles yr-1)
Surface geostrophic KE temporal spectra vs DUACS,om4,Agulhas,36.2396484375,8.462337767932533e-11,frequency (cycles yr-1)
Surface geostrophic KE temporal spectra vs DUACS,om4,Agulhas,36.525,4.268639366888488e-11,frequency (cycles yr-1)
