run,date,rank,weight,calibrated_reference
diffusion,2014-11-04 12:00:00,0,0.2540668577232168,0.058823529411764705
diffusion,2014-11-04 12:00:00,1,0.06417331766243706,0.058823529411764705
diffusion,2014-11-04 12:00:00,2,0.044635511632009184,0.058823529411764705
diffusion,2014-11-04 12:00:00,3,0.035781299634891184,0.058823529411764705
diffusion,2014-11-04 12:00:00,4,0.030583271795933342,0.058823529411764705
diffusion,2014-11-04 12:00:00,5,0.02833988376352181,0.058823529411764705
diffusion,2014-11-04 12:00:00,6,0.026802423744811676,0.058823529411764705
diffusion,2014-11-04 12:00:00,7,0.023945061483232166,0.058823529411764705
diffusion,2014-11-04 12:00:00,8,0.023286006779244417,0.058823529411764705
diffusion,2014-11-04 12:00:00,9,0.022937885495366572,0.058823529411764705
diffusion,2014-11-04 12:00:00,10,0.023652665908343806,0.058823529411764705
diffusion,2014-11-04 12:00:00,11,0.02547126471131378,0.058823529411764705
diffusion,2014-11-04 12:00:00,12,0.02889633136589964,0.058823529411764705
diffusion,2014-11-04 12:00:00,13,0.031815399530842114,0.058823529411764705
diffusion,2014-11-04 12:00:00,14,0.036401069233875205,0.058823529411764705
diffusion,2014-11-04 12:00:00,15,0.05273802508281733,0.058823529411764705
diffusion,2014-11-04 12:00:00,16,0.2464737345408139,0.058823529411764705
diffusion,2014-12-04 12:00:00,0,0.2483953960550025,0.058823529411764705
diffusion,2014-12-04 12:00:00,1,0.059119321612229214,0.058823529411764705
diffusion,2014-12-04 12:00:00,2,0.04332141126019451,0.058823529411764705
diffusion,2014-12-04 12:00:00,3,0.035656952152692156,0.058823529411764705
diffusion,2014-12-04 12:00:00,4,0.03158232143374562,0.058823529411764705
diffusion,2014-12-04 12:00:00,5,0.02951943292754322,0.058823529411764705
diffusion,2014-12-04 12:00:00,6,0.028477022572076294,0.058823529411764705
diffusion,2014-12-04 12:00:00,7,0.02753860505447392,0.058823529411764705
diffusion,2014-12-04 12:00:00,8,0.026718586688446067,0.058823529411764705
diffusion,2014-12-04 12:00:00,9,0.02683126399875846,0.058823529411764705
diffusion,2014-12-04 12:00:00,10,0.02818387556186508,0.058823529411764705
diffusion,2014-12-04 12:00:00,11,0.029280535617999703,0.058823529411764705
diffusion,2014-12-04 12:00:00,12,0.028896184493191868,0.058823529411764705
diffusion,2014-12-04 12:00:00,13,0.032840309117034394,0.058823529411764705
diffusion,2014-12-04 12:00:00,14,0.03949121315895354,0.058823529411764705
diffusion,2014-12-04 12:00:00,15,0.05607295024083214,0.058823529411764705
diffusion,2014-12-04 12:00:00,16,0.2280746281435313,0.058823529411764705
diffusion,2015-01-03 12:00:00,0,0.26146078349273694,0.058823529411764705
diffusion,2015-01-03 12:00:00,1,0.06273699242848352,0.058823529411764705
diffusion,2015-01-03 12:00:00,2,0.04298165682138233,0.058823529411764705
diffusion,2015-01-03 12:00:00,3,0.035175235133351634,0.058823529411764705
diffusion,2015-01-03 12:00:00,4,0.03262270594967731,0.058823529411764705
diffusion,2015-01-03 12:00:00,5,0.02895781791863783,0.058823529411764705
diffusion,2015-01-03 12:00:00,6,0.028027697366155735,0.058823529411764705
diffusion,2015-01-03 12:00:00,7,0.025023740347819512,0.058823529411764705
diffusion,2015-01-03 12:00:00,8,0.023713408996172802,0.058823529411764705
diffusion,2015-01-03 12:00:00,9,0.024167262310129445,0.058823529411764705
diffusion,2015-01-03 12:00:00,10,0.02255034653722987,0.058823529411764705
diffusion,2015-01-03 12:00:00,11,0.026968361956960507,0.058823529411764705
diffusion,2015-01-03 12:00:00,12,0.0292373361025966,0.058823529411764705
diffusion,2015-01-03 12:00:00,13,0.03198830568805988,0.058823529411764705
diffusion,2015-01-03 12:00:00,14,0.039219109226223736,0.058823529411764705
diffusion,2015-01-03 12:00:00,15,0.05292289990234167,0.058823529411764705
diffusion,2015-01-03 12:00:00,16,0.23224634991061066,0.058823529411764705
diffusion,2015-02-02 12:00:00,0,0.24885286696007825,0.058823529411764705
diffusion,2015-02-02 12:00:00,1,0.061358426664810395,0.058823529411764705
diffusion,2015-02-02 12:00:00,2,0.043754736945174955,0.058823529411764705
diffusion,2015-02-02 12:00:00,3,0.03554397988682467,0.058823529411764705
diffusion,2015-02-02 12:00:00,4,0.0317798496628825,0.058823529411764705
diffusion,2015-02-02 12:00:00,5,0.027699406788485703,0.058823529411764705
diffusion,2015-02-02 12:00:00,6,0.028144357909013706,0.058823529411764705
diffusion,2015-02-02 12:00:00,7,0.028034483328951865,0.058823529411764705
diffusion,2015-02-02 12:00:00,8,0.026067817949297023,0.058823529411764705
diffusion,2015-02-02 12:00:00,9,0.025789672665155194,0.058823529411764705
diffusion,2015-02-02 12:00:00,10,0.02689687393251461,0.058823529411764705
diffusion,2015-02-02 12:00:00,11,0.026443922971452594,0.058823529411764705
diffusion,2015-02-02 12:00:00,12,0.028610800471710718,0.058823529411764705
diffusion,2015-02-02 12:00:00,13,0.031165935599688055,0.058823529411764705
diffusion,2015-02-02 12:00:00,14,0.03724749312914355,0.058823529411764705
diffusion,2015-02-02 12:00:00,15,0.05385294325878931,0.058823529411764705
diffusion,2015-02-02 12:00:00,16,0.2387564419645969,0.058823529411764705
diffusion,2015-03-04 12:00:00,0,0.25429162629149005,0.058823529411764705
diffusion,2015-03-04 12:00:00,1,0.0645046290401865,0.058823529411764705
diffusion,2015-03-04 12:00:00,2,0.04502916006032365,0.058823529411764705
diffusion,2015-03-04 12:00:00,3,0.03550844952451371,0.058823529411764705
diffusion,2015-03-04 12:00:00,4,0.03170728223858532,0.058823529411764705
diffusion,2015-03-04 12:00:00,5,0.02837955844535145,0.058823529411764705
diffusion,2015-03-04 12:00:00,6,0.026367520613121087,0.058823529411764705
diffusion,2015-03-04 12:00:00,7,0.02528332578492609,0.058823529411764705
diffusion,2015-03-04 12:00:00,8,0.024735144540954934,0.058823529411764705
diffusion,2015-03-04 12:00:00,9,0.023984107262776888,0.058823529411764705
diffusion,2015-03-04 12:00:00,10,0.02335347760890727,0.058823529411764705
diffusion,2015-03-04 12:00:00,11,0.025308650523697906,0.058823529411764705
diffusion,2015-03-04 12:00:00,12,0.02771292112424817,0.058823529411764705
diffusion,2015-03-04 12:00:00,13,0.029823325246070453,0.058823529411764705
diffusion,2015-03-04 12:00:00,14,0.03497068274873527,0.058823529411764705
diffusion,2015-03-04 12:00:00,15,0.05285053326269917,0.058823529411764705
diffusion,2015-03-04 12:00:00,16,0.24618961577198206,0.058823529411764705
diffusion,2015-04-03 12:00:00,0,0.28067851653338494,0.058823529411764705
diffusion,2015-04-03 12:00:00,1,0.06819325432422829,0.058823529411764705
diffusion,2015-04-03 12:00:00,2,0.04583548452882269,0.058823529411764705
diffusion,2015-04-03 12:00:00,3,0.035339555620680585,0.058823529411764705
diffusion,2015-04-03 12:00:00,4,0.02903936008431174,0.058823529411764705
diffusion,2015-04-03 12:00:00,5,0.026238223883751743,0.058823529411764705
diffusion,2015-04-03 12:00:00,6,0.024229231959225217,0.058823529411764705
diffusion,2015-04-03 12:00:00,7,0.02266491053279651,0.058823529411764705
diffusion,2015-04-03 12:00:00,8,0.022135972180024055,0.058823529411764705
diffusion,2015-04-03 12:00:00,9,0.020534375294971596,0.058823529411764705
diffusion,2015-04-03 12:00:00,10,0.02178380245311473,0.058823529411764705
diffusion,2015-04-03 12:00:00,11,0.02323542030489989,0.058823529411764705
diffusion,2015-04-03 12:00:00,12,0.025628799396031354,0.058823529411764705
diffusion,2015-04-03 12:00:00,13,0.024798251761581014,0.058823529411764705
diffusion,2015-04-03 12:00:00,14,0.033007275018235305,0.058823529411764705
diffusion,2015-04-03 12:00:00,15,0.045408887269786646,0.058823529411764705
diffusion,2015-04-03 12:00:00,16,0.2512486889427237,0.058823529411764705
diffusion,2015-05-03 12:00:00,0,0.3056143252534298,0.058823529411764705
diffusion,2015-05-03 12:00:00,1,0.0664507429298169,0.058823529411764705
diffusion,2015-05-03 12:00:00,2,0.0409303285323972,0.058823529411764705
diffusion,2015-05-03 12:00:00,3,0.03286917298373737,0.058823529411764705
diffusion,2015-05-03 12:00:00,4,0.030688169822326472,0.058823529411764705
diffusion,2015-05-03 12:00:00,5,0.02718269939066431,0.058823529411764705
diffusion,2015-05-03 12:00:00,6,0.023994728916250097,0.058823529411764705
diffusion,2015-05-03 12:00:00,7,0.02183085362150905,0.058823529411764705
diffusion,2015-05-03 12:00:00,8,0.023312538778100134,0.058823529411764705
diffusion,2015-05-03 12:00:00,9,0.02156127920659401,0.058823529411764705
diffusion,2015-05-03 12:00:00,10,0.02149076202863398,0.058823529411764705
diffusion,2015-05-03 12:00:00,11,0.0233573612267719,0.058823529411764705
diffusion,2015-05-03 12:00:00,12,0.02619001656648834,0.058823529411764705
diffusion,2015-05-03 12:00:00,13,0.028402242903212027,0.058823529411764705
diffusion,2015-05-03 12:00:00,14,0.03480049283007247,0.058823529411764705
diffusion,2015-05-03 12:00:00,15,0.04768876467323935,0.058823529411764705
diffusion,2015-05-03 12:00:00,16,0.22363553042532658,0.058823529411764705
diffusion,2015-06-02 12:00:00,0,0.29351095115822545,0.058823529411764705
diffusion,2015-06-02 12:00:00,1,0.0683476220805801,0.058823529411764705
diffusion,2015-06-02 12:00:00,2,0.04499201718783752,0.058823529411764705
diffusion,2015-06-02 12:00:00,3,0.0349191114555083,0.058823529411764705
diffusion,2015-06-02 12:00:00,4,0.030922488298415374,0.058823529411764705
diffusion,2015-06-02 12:00:00,5,0.028280552689409433,0.058823529411764705
diffusion,2015-06-02 12:00:00,6,0.02508085303122698,0.058823529411764705
diffusion,2015-06-02 12:00:00,7,0.02393644590722488,0.058823529411764705
diffusion,2015-06-02 12:00:00,8,0.023295468391211216,0.058823529411764705
diffusion,2015-06-02 12:00:00,9,0.02299005733254944,0.058823529411764705
diffusion,2015-06-02 12:00:00,10,0.023715123261354165,0.058823529411764705
diffusion,2015-06-02 12:00:00,11,0.023916806058537077,0.058823529411764705
diffusion,2015-06-02 12:00:00,12,0.02433250525245967,0.058823529411764705
diffusion,2015-06-02 12:00:00,13,0.028417759910553286,0.058823529411764705
diffusion,2015-06-02 12:00:00,14,0.033085020890212036,0.058823529411764705
diffusion,2015-06-02 12:00:00,15,0.04817892936125645,0.058823529411764705
diffusion,2015-06-02 12:00:00,16,0.2220782978220086,0.058823529411764705
diffusion,2015-07-02 12:00:00,0,0.25417126842535254,0.058823529411764705
diffusion,2015-07-02 12:00:00,1,0.06797135958117906,0.058823529411764705
diffusion,2015-07-02 12:00:00,2,0.046746276725855296,0.058823529411764705
diffusion,2015-07-02 12:00:00,3,0.03653045493268792,0.058823529411764705
diffusion,2015-07-02 12:00:00,4,0.031606363918513125,0.058823529411764705
diffusion,2015-07-02 12:00:00,5,0.028243490131217186,0.058823529411764705
diffusion,2015-07-02 12:00:00,6,0.027015441665241724,0.058823529411764705
diffusion,2015-07-02 12:00:00,7,0.02592045677403121,0.058823529411764705
diffusion,2015-07-02 12:00:00,8,0.023782519031669835,0.058823529411764705
diffusion,2015-07-02 12:00:00,9,0.02561686352964898,0.058823529411764705
diffusion,2015-07-02 12:00:00,10,0.02632597401577641,0.058823529411764705
diffusion,2015-07-02 12:00:00,11,0.027289985854054066,0.058823529411764705
diffusion,2015-07-02 12:00:00,12,0.027340027165564607,0.058823529411764705
diffusion,2015-07-02 12:00:00,13,0.031404658350993486,0.058823529411764705
diffusion,2015-07-02 12:00:00,14,0.03788728294898647,0.058823529411764705
diffusion,2015-07-02 12:00:00,15,0.05017077095453715,0.058823529411764705
diffusion,2015-07-02 12:00:00,16,0.23197681608326093,0.058823529411764705
diffusion,2015-08-01 12:00:00,0,0.23666664790920322,0.058823529411764705
diffusion,2015-08-01 12:00:00,1,0.06681406868693784,0.058823529411764705
diffusion,2015-08-01 12:00:00,2,0.050416673989275296,0.058823529411764705
diffusion,2015-08-01 12:00:00,3,0.041627998998933435,0.058823529411764705
diffusion,2015-08-01 12:00:00,4,0.03477456500468179,0.058823529411764705
diffusion,2015-08-01 12:00:00,5,0.03088968373560874,0.058823529411764705
diffusion,2015-08-01 12:00:00,6,0.0280542696719408,0.058823529411764705
diffusion,2015-08-01 12:00:00,7,0.027571399123246465,0.058823529411764705
diffusion,2015-08-01 12:00:00,8,0.02679325807667965,0.058823529411764705
diffusion,2015-08-01 12:00:00,9,0.026316065290529878,0.058823529411764705
diffusion,2015-08-01 12:00:00,10,0.02601629520120241,0.058823529411764705
diffusion,2015-08-01 12:00:00,11,0.027731226247453833,0.058823529411764705
diffusion,2015-08-01 12:00:00,12,0.02794517281165554,0.058823529411764705
diffusion,2015-08-01 12:00:00,13,0.030548753229140857,0.058823529411764705
diffusion,2015-08-01 12:00:00,14,0.03726687402559037,0.058823529411764705
diffusion,2015-08-01 12:00:00,15,0.05261188101940206,0.058823529411764705
diffusion,2015-08-01 12:00:00,16,0.2279551770670878,0.058823529411764705
diffusion,2015-08-31 12:00:00,0,0.289101333863357,0.058823529411764705
diffusion,2015-08-31 12:00:00,1,0.061187180440356315,0.058823529411764705
diffusion,2015-08-31 12:00:00,2,0.040879979119154086,0.058823529411764705
diffusion,2015-08-31 12:00:00,3,0.03255562824091385,0.058823529411764705
diffusion,2015-08-31 12:00:00,4,0.029187905170147133,0.058823529411764705
diffusion,2015-08-31 12:00:00,5,0.027540984230427057,0.058823529411764705
diffusion,2015-08-31 12:00:00,6,0.02494427644694497,0.058823529411764705
diffusion,2015-08-31 12:00:00,7,0.025336182897262916,0.058823529411764705
diffusion,2015-08-31 12:00:00,8,0.023576721633276065,0.058823529411764705
diffusion,2015-08-31 12:00:00,9,0.0234983826600228,0.058823529411764705
diffusion,2015-08-31 12:00:00,10,0.023986616346292067,0.058823529411764705
diffusion,2015-08-31 12:00:00,11,0.02569342572962796,0.058823529411764705
diffusion,2015-08-31 12:00:00,12,0.02842593357536316,0.058823529411764705
diffusion,2015-08-31 12:00:00,13,0.0309010816256432,0.058823529411764705
diffusion,2015-08-31 12:00:00,14,0.035066481760168244,0.058823529411764705
diffusion,2015-08-31 12:00:00,15,0.049917464978534554,0.058823529411764705
diffusion,2015-08-31 12:00:00,16,0.2282004313710786,0.058823529411764705
diffusion,2015-09-30 12:00:00,0,0.3159943777990861,0.058823529411764705
diffusion,2015-09-30 12:00:00,1,0.05517899423318795,0.058823529411764705
diffusion,2015-09-30 12:00:00,2,0.035090254793260556,0.058823529411764705
diffusion,2015-09-30 12:00:00,3,0.030101169480929002,0.058823529411764705
diffusion,2015-09-30 12:00:00,4,0.02526043563955227,0.058823529411764705
diffusion,2015-09-30 12:00:00,5,0.023157359857179927,0.058823529411764705
diffusion,2015-09-30 12:00:00,6,0.022345997359479952,0.058823529411764705
diffusion,2015-09-30 12:00:00,7,0.021203599892771763,0.058823529411764705
diffusion,2015-09-30 12:00:00,8,0.021957215067345714,0.058823529411764705
diffusion,2015-09-30 12:00:00,9,0.020791184998302015,0.058823529411764705
diffusion,2015-09-30 12:00:00,10,0.023183144062784322,0.058823529411764705
diffusion,2015-09-30 12:00:00,11,0.023159447098464625,0.058823529411764705
diffusion,2015-09-30 12:00:00,12,0.025456125679852448,0.058823529411764705
diffusion,2015-09-30 12:00:00,13,0.027209015504013223,0.058823529411764705
diffusion,2015-09-30 12:00:00,14,0.033328260714824864,0.058823529411764705
diffusion,2015-09-30 12:00:00,15,0.050267635278032685,0.058823529411764705
diffusion,2015-09-30 12:00:00,16,0.24631579262950254,0.058823529411764705
diffusion,2015-10-30 12:00:00,0,0.30740672476497366,0.058823529411764705
diffusion,2015-10-30 12:00:00,1,0.06285871746518978,0.058823529411764705
diffusion,2015-10-30 12:00:00,2,0.040806642786265,0.058823529411764705
diffusion,2015-10-30 12:00:00,3,0.034296509460034486,0.058823529411764705
diffusion,2015-10-30 12:00:00,4,0.027522796894174917,0.058823529411764705
diffusion,2015-10-30 12:00:00,5,0.025584683626391325,0.058823529411764705
diffusion,2015-10-30 12:00:00,6,0.022955639425731533,0.058823529411764705
diffusion,2015-10-30 12:00:00,7,0.021272975596730248,0.058823529411764705
diffusion,2015-10-30 12:00:00,8,0.020651291907597624,0.058823529411764705
diffusion,2015-10-30 12:00:00,9,0.021415841706129868,0.058823529411764705
diffusion,2015-10-30 12:00:00,10,0.022363473588939087,0.058823529411764705
diffusion,2015-10-30 12:00:00,11,0.021745656717484962,0.058823529411764705
diffusion,2015-10-30 12:00:00,12,0.023519554029917344,0.058823529411764705
diffusion,2015-10-30 12:00:00,13,0.02817735727649051,0.058823529411764705
diffusion,2015-10-30 12:00:00,14,0.031978191111193155,0.058823529411764705
diffusion,2015-10-30 12:00:00,15,0.05079306864809041,0.058823529411764705
diffusion,2015-10-30 12:00:00,16,0.23665088508323606,0.058823529411764705
diffusion,2015-11-29 12:00:00,0,0.31812673095589616,0.058823529411764705
diffusion,2015-11-29 12:00:00,1,0.06451410586174688,0.058823529411764705
diffusion,2015-11-29 12:00:00,2,0.04006618551545671,0.058823529411764705
diffusion,2015-11-29 12:00:00,3,0.030774637971433094,0.058823529411764705
diffusion,2015-11-29 12:00:00,4,0.027221817489476052,0.058823529411764705
diffusion,2015-11-29 12:00:00,5,0.023636075376657573,0.058823529411764705
diffusion,2015-11-29 12:00:00,6,0.023844578755301882,0.058823529411764705
diffusion,2015-11-29 12:00:00,7,0.023120602924905143,0.058823529411764705
diffusion,2015-11-29 12:00:00,8,0.021177569361725546,0.058823529411764705
diffusion,2015-11-29 12:00:00,9,0.021770514721993095,0.058823529411764705
diffusion,2015-11-29 12:00:00,10,0.021215614835114138,0.058823529411764705
diffusion,2015-11-29 12:00:00,11,0.023094503225934204,0.058823529411764705
diffusion,2015-11-29 12:00:00,12,0.023623254312951758,0.058823529411764705
diffusion,2015-11-29 12:00:00,13,0.027031028146666358,0.058823529411764705
diffusion,2015-11-29 12:00:00,14,0.03130874640055481,0.058823529411764705
diffusion,2015-11-29 12:00:00,15,0.04744733167672166,0.058823529411764705
diffusion,2015-11-29 12:00:00,16,0.2320267125560349,0.058823529411764705
diffusion,2015-12-29 12:00:00,0,0.329633903555532,0.058823529411764705
diffusion,2015-12-29 12:00:00,1,0.06203933925257843,0.058823529411764705
diffusion,2015-12-29 12:00:00,2,0.04149490701263403,0.058823529411764705
diffusion,2015-12-29 12:00:00,3,0.030914303441250013,0.058823529411764705
diffusion,2015-12-29 12:00:00,4,0.028240894714940623,0.058823529411764705
diffusion,2015-12-29 12:00:00,5,0.026692034642223916,0.058823529411764705
diffusion,2015-12-29 12:00:00,6,0.023075812861350187,0.058823529411764705
diffusion,2015-12-29 12:00:00,7,0.021469561854758012,0.058823529411764705
diffusion,2015-12-29 12:00:00,8,0.021162835257769075,0.058823529411764705
diffusion,2015-12-29 12:00:00,9,0.02094907435832738,0.058823529411764705
diffusion,2015-12-29 12:00:00,10,0.02168670127673522,0.058823529411764705
diffusion,2015-12-29 12:00:00,11,0.021806953241821248,0.058823529411764705
diffusion,2015-12-29 12:00:00,12,0.025048585632475806,0.058823529411764705
diffusion,2015-12-29 12:00:00,13,0.02650719258690515,0.058823529411764705
diffusion,2015-12-29 12:00:00,14,0.03183857423891823,0.058823529411764705
diffusion,2015-12-29 12:00:00,15,0.0447758585110023,0.058823529411764705
diffusion,2015-12-29 12:00:00,16,0.22266347764934835,0.058823529411764705
diffusion,2016-01-28 12:00:00,0,0.36143297632389704,0.058823529411764705
diffusion,2016-01-28 12:00:00,1,0.06368723905069373,0.058823529411764705
diffusion,2016-01-28 12:00:00,2,0.03919664522794619,0.058823529411764705
diffusion,2016-01-28 12:00:00,3,0.029893093359817158,0.058823529411764705
diffusion,2016-01-28 12:00:00,4,0.025210751237750628,0.058823529411764705
diffusion,2016-01-28 12:00:00,5,0.02319921841518635,0.058823529411764705
diffusion,2016-01-28 12:00:00,6,0.021096587863212335,0.058823529411764705
diffusion,2016-01-28 12:00:00,7,0.020464728212516548,0.058823529411764705
diffusion,2016-01-28 12:00:00,8,0.020558915654646626,0.058823529411764705
diffusion,2016-01-28 12:00:00,9,0.01977454284747182,0.058823529411764705
diffusion,2016-01-28 12:00:00,10,0.01994894480003495,0.058823529411764705
diffusion,2016-01-28 12:00:00,11,0.020940456620564873,0.058823529411764705
diffusion,2016-01-28 12:00:00,12,0.022311329874241892,0.058823529411764705
diffusion,2016-01-28 12:00:00,13,0.024412319619386835,0.058823529411764705
diffusion,2016-01-28 12:00:00,14,0.029383412420429522,0.058823529411764705
diffusion,2016-01-28 12:00:00,15,0.04238065761046528,0.058823529411764705
diffusion,2016-01-28 12:00:00,16,0.2161081909503082,0.058823529411764705
diffusion,2016-02-27 12:00:00,0,0.31089933525942115,0.058823529411764705
diffusion,2016-02-27 12:00:00,1,0.058089723155205775,0.058823529411764705
diffusion,2016-02-27 12:00:00,2,0.03932434715028421,0.058823529411764705
diffusion,2016-02-27 12:00:00,3,0.0313488884888784,0.058823529411764705
diffusion,2016-02-27 12:00:00,4,0.026907988789560022,0.058823529411764705
diffusion,2016-02-27 12:00:00,5,0.02339446868631967,0.058823529411764705
diffusion,2016-02-27 12:00:00,6,0.022098171967172675,0.058823529411764705
diffusion,2016-02-27 12:00:00,7,0.022160714697577077,0.058823529411764705
diffusion,2016-02-27 12:00:00,8,0.021436227696767673,0.058823529411764705
diffusion,2016-02-27 12:00:00,9,0.02147078429084104,0.058823529411764705
diffusion,2016-02-27 12:00:00,10,0.022583032128238756,0.058823529411764705
diffusion,2016-02-27 12:00:00,11,0.022105194492723967,0.058823529411764705
diffusion,2016-02-27 12:00:00,12,0.023939341272466663,0.058823529411764705
diffusion,2016-02-27 12:00:00,13,0.027468091908531278,0.058823529411764705
diffusion,2016-02-27 12:00:00,14,0.03179320706010458,0.058823529411764705
diffusion,2016-02-27 12:00:00,15,0.047919724952407705,0.058823529411764705
diffusion,2016-02-27 12:00:00,16,0.24706076809206934,0.058823529411764705
diffusion,2016-03-28 12:00:00,0,0.33294927855547485,0.058823529411764705
diffusion,2016-03-28 12:00:00,1,0.0638611026948297,0.058823529411764705
diffusion,2016-03-28 12:00:00,2,0.04268811623859392,0.058823529411764705
diffusion,2016-03-28 12:00:00,3,0.03236885623107355,0.058823529411764705
diffusion,2016-03-28 12:00:00,4,0.030913131404588512,0.058823529411764705
diffusion,2016-03-28 12:00:00,5,0.026400177152140714,0.058823529411764705
diffusion,2016-03-28 12:00:00,6,0.02236109577938805,0.058823529411764705
diffusion,2016-03-28 12:00:00,7,0.02146057337313323,0.058823529411764705
diffusion,2016-03-28 12:00:00,8,0.022218511817357012,0.058823529411764705
diffusion,2016-03-28 12:00:00,9,0.020932578739405017,0.058823529411764705
diffusion,2016-03-28 12:00:00,10,0.02219368407276079,0.058823529411764705
diffusion,2016-03-28 12:00:00,11,0.0207374867238741,0.058823529411764705
diffusion,2016-03-28 12:00:00,12,0.02253900482901372,0.058823529411764705
diffusion,2016-03-28 12:00:00,13,0.02563862307533782,0.058823529411764705
diffusion,2016-03-28 12:00:00,14,0.030253643909873063,0.058823529411764705
diffusion,2016-03-28 12:00:00,15,0.045695190475271374,0.058823529411764705
diffusion,2016-03-28 12:00:00,16,0.21678895501645457,0.058823529411764705
diffusion,2016-04-27 12:00:00,0,0.32500714598899094,0.058823529411764705
diffusion,2016-04-27 12:00:00,1,0.0651372283120395,0.058823529411764705
diffusion,2016-04-27 12:00:00,2,0.03974723317514872,0.058823529411764705
diffusion,2016-04-27 12:00:00,3,0.03323674076551697,0.058823529411764705
diffusion,2016-04-27 12:00:00,4,0.02657880395304346,0.058823529411764705
diffusion,2016-04-27 12:00:00,5,0.02430300625798054,0.058823529411764705
diffusion,2016-04-27 12:00:00,6,0.022925332239481122,0.058823529411764705
diffusion,2016-04-27 12:00:00,7,0.021978165890971013,0.058823529411764705
diffusion,2016-04-27 12:00:00,8,0.021569465913898966,0.058823529411764705
diffusion,2016-04-27 12:00:00,9,0.021363369929360942,0.058823529411764705
diffusion,2016-04-27 12:00:00,10,0.022151813959055744,0.058823529411764705
diffusion,2016-04-27 12:00:00,11,0.022491596252336876,0.058823529411764705
diffusion,2016-04-27 12:00:00,12,0.02404574859457398,0.058823529411764705
diffusion,2016-04-27 12:00:00,13,0.02609982169394698,0.058823529411764705
diffusion,2016-04-27 12:00:00,14,0.030876951213826942,0.058823529411764705
diffusion,2016-04-27 12:00:00,15,0.04667685155300205,0.058823529411764705
diffusion,2016-04-27 12:00:00,16,0.22581073439539523,0.058823529411764705
diffusion,2016-05-27 12:00:00,0,0.35133551728671364,0.058823529411764705
diffusion,2016-05-27 12:00:00,1,0.06382509176000895,0.058823529411764705
diffusion,2016-05-27 12:00:00,2,0.040748978021383664,0.058823529411764705
diffusion,2016-05-27 12:00:00,3,0.03156543855726568,0.058823529411764705
diffusion,2016-05-27 12:00:00,4,0.027516157643901806,0.058823529411764705
diffusion,2016-05-27 12:00:00,5,0.023800066977287315,0.058823529411764705
diffusion,2016-05-27 12:00:00,6,0.02216811320602119,0.058823529411764705
diffusion,2016-05-27 12:00:00,7,0.02055343353936223,0.058823529411764705
diffusion,2016-05-27 12:00:00,8,0.020434112265149906,0.058823529411764705
diffusion,2016-05-27 12:00:00,9,0.019917767736842507,0.058823529411764705
diffusion,2016-05-27 12:00:00,10,0.02123915351512551,0.058823529411764705
diffusion,2016-05-27 12:00:00,11,0.02015685529113398,0.058823529411764705
diffusion,2016-05-27 12:00:00,12,0.02158931697567823,0.058823529411764705
diffusion,2016-05-27 12:00:00,13,0.02546341097649929,0.058823529411764705
diffusion,2016-05-27 12:00:00,14,0.02774335159256225,0.058823529411764705
diffusion,2016-05-27 12:00:00,15,0.04340786688953813,0.058823529411764705
diffusion,2016-05-27 12:00:00,16,0.2185353778540957,0.058823529411764705
diffusion,2016-06-26 12:00:00,0,0.33230011730466913,0.058823529411764705
diffusion,2016-06-26 12:00:00,1,0.06662511959808626,0.058823529411764705
diffusion,2016-06-26 12:00:00,2,0.043141765859331827,0.058823529411764705
diffusion,2016-06-26 12:00:00,3,0.031996425420913965,0.058823529411764705
diffusion,2016-06-26 12:00:00,4,0.027826059385347435,0.058823529411764705
diffusion,2016-06-26 12:00:00,5,0.02383048801584664,0.058823529411764705
diffusion,2016-06-26 12:00:00,6,0.023106101102939647,0.058823529411764705
diffusion,2016-06-26 12:00:00,7,0.020206967912940854,0.058823529411764705
diffusion,2016-06-26 12:00:00,8,0.020032707046368614,0.058823529411764705
diffusion,2016-06-26 12:00:00,9,0.02062437721463084,0.058823529411764705
diffusion,2016-06-26 12:00:00,10,0.02142449023892823,0.058823529411764705
diffusion,2016-06-26 12:00:00,11,0.022321844765201604,0.058823529411764705
diffusion,2016-06-26 12:00:00,12,0.023847572411909823,0.058823529411764705
diffusion,2016-06-26 12:00:00,13,0.026385918955270427,0.058823529411764705
diffusion,2016-06-26 12:00:00,14,0.03144202820362807,0.058823529411764705
diffusion,2016-06-26 12:00:00,15,0.04398095245971945,0.058823529411764705
diffusion,2016-06-26 12:00:00,16,0.22090707419283717,0.058823529411764705
diffusion,2016-07-26 12:00:00,0,0.3116794031863037,0.058823529411764705
diffusion,2016-07-26 12:00:00,1,0.06833635924078862,0.058823529411764705
diffusion,2016-07-26 12:00:00,2,0.045003187367001374,0.058823529411764705
diffusion,2016-07-26 12:00:00,3,0.03439354549863083,0.058823529411764705
diffusion,2016-07-26 12:00:00,4,0.029640235828708228,0.058823529411764705
diffusion,2016-07-26 12:00:00,5,0.028210877199285278,0.058823529411764705
diffusion,2016-07-26 12:00:00,6,0.024626969937457943,0.058823529411764705
diffusion,2016-07-26 12:00:00,7,0.023602529847551068,0.058823529411764705
diffusion,2016-07-26 12:00:00,8,0.0234972133501401,0.058823529411764705
diffusion,2016-07-26 12:00:00,9,0.020658224220369448,0.058823529411764705
diffusion,2016-07-26 12:00:00,10,0.021517966163173696,0.058823529411764705
diffusion,2016-07-26 12:00:00,11,0.02158895122266813,0.058823529411764705
diffusion,2016-07-26 12:00:00,12,0.02200470883502703,0.058823529411764705
diffusion,2016-07-26 12:00:00,13,0.02659867540455707,0.058823529411764705
diffusion,2016-07-26 12:00:00,14,0.03130766252218109,0.058823529411764705
diffusion,2016-07-26 12:00:00,15,0.04594754666334211,0.058823529411764705
diffusion,2016-07-26 12:00:00,16,0.22138595360138424,0.058823529411764705
diffusion,2016-08-25 12:00:00,0,0.29204210599169755,0.058823529411764705
diffusion,2016-08-25 12:00:00,1,0.07018826666353561,0.058823529411764705
diffusion,2016-08-25 12:00:00,2,0.042908172222723806,0.058823529411764705
diffusion,2016-08-25 12:00:00,3,0.0347539639774368,0.058823529411764705
diffusion,2016-08-25 12:00:00,4,0.03053649120852242,0.058823529411764705
diffusion,2016-08-25 12:00:00,5,0.026942679221804156,0.058823529411764705
diffusion,2016-08-25 12:00:00,6,0.024017459964170484,0.058823529411764705
diffusion,2016-08-25 12:00:00,7,0.024712609651544426,0.058823529411764705
diffusion,2016-08-25 12:00:00,8,0.023394567423906665,0.058823529411764705
diffusion,2016-08-25 12:00:00,9,0.023005858544024704,0.058823529411764705
diffusion,2016-08-25 12:00:00,10,0.023482794119559003,0.058823529411764705
diffusion,2016-08-25 12:00:00,11,0.02469622658099979,0.058823529411764705
diffusion,2016-08-25 12:00:00,12,0.025076522223344,0.058823529411764705
diffusion,2016-08-25 12:00:00,13,0.03047939772625341,0.058823529411764705
diffusion,2016-08-25 12:00:00,14,0.033220036488330607,0.058823529411764705
diffusion,2016-08-25 12:00:00,15,0.046392661675213276,0.058823529411764705
diffusion,2016-08-25 12:00:00,16,0.22415019640550327,0.058823529411764705
diffusion,2016-09-24 12:00:00,0,0.3463096571676374,0.058823529411764705
diffusion,2016-09-24 12:00:00,1,0.06511624549176531,0.058823529411764705
diffusion,2016-09-24 12:00:00,2,0.04287296657588513,0.058823529411764705
diffusion,2016-09-24 12:00:00,3,0.03128348496676381,0.058823529411764705
diffusion,2016-09-24 12:00:00,4,0.02751899241366118,0.058823529411764705
diffusion,2016-09-24 12:00:00,5,0.02501397496445179,0.058823529411764705
diffusion,2016-09-24 12:00:00,6,0.023413032713733628,0.058823529411764705
diffusion,2016-09-24 12:00:00,7,0.020007439317737408,0.058823529411764705
diffusion,2016-09-24 12:00:00,8,0.020265686022469254,0.058823529411764705
diffusion,2016-09-24 12:00:00,9,0.02010271571703015,0.058823529411764705
diffusion,2016-09-24 12:00:00,10,0.021505438555152523,0.058823529411764705
diffusion,2016-09-24 12:00:00,11,0.020814504911072618,0.058823529411764705
diffusion,2016-09-24 12:00:00,12,0.02189972366636539,0.058823529411764705
diffusion,2016-09-24 12:00:00,13,0.02406596659562865,0.058823529411764705
diffusion,2016-09-24 12:00:00,14,0.03111273023296235,0.058823529411764705
diffusion,2016-09-24 12:00:00,15,0.04550293363934088,0.058823529411764705
diffusion,2016-09-24 12:00:00,16,0.2131945171369125,0.058823529411764705
diffusion,2016-10-24 12:00:00,0,0.30901320345782324,0.058823529411764705
diffusion,2016-10-24 12:00:00,1,0.06496354518714043,0.058823529411764705
diffusion,2016-10-24 12:00:00,2,0.041915059061409465,0.058823529411764705
diffusion,2016-10-24 12:00:00,3,0.0309056441433313,0.058823529411764705
diffusion,2016-10-24 12:00:00,4,0.027577403463908468,0.058823529411764705
diffusion,2016-10-24 12:00:00,5,0.026687212207491484,0.058823529411764705
diffusion,2016-10-24 12:00:00,6,0.025045640920609458,0.058823529411764705
diffusion,2016-10-24 12:00:00,7,0.02334250610493882,0.058823529411764705
diffusion,2016-10-24 12:00:00,8,0.023324876669335026,0.058823529411764705
diffusion,2016-10-24 12:00:00,9,0.023961845431529127,0.058823529411764705
diffusion,2016-10-24 12:00:00,10,0.02189462977440826,0.058823529411764705
diffusion,2016-10-24 12:00:00,11,0.024937519821776277,0.058823529411764705
diffusion,2016-10-24 12:00:00,12,0.027435432510799274,0.058823529411764705
diffusion,2016-10-24 12:00:00,13,0.029691155430384697,0.058823529411764705
diffusion,2016-10-24 12:00:00,14,0.03351511552341435,0.058823529411764705
diffusion,2016-10-24 12:00:00,15,0.050865885532516586,0.058823529411764705
diffusion,2016-10-24 12:00:00,16,0.21492333484775372,0.058823529411764705
diffusion,2016-11-23 12:00:00,0,0.31551861746277154,0.058823529411764705
diffusion,2016-11-23 12:00:00,1,0.06010001735523929,0.058823529411764705
diffusion,2016-11-23 12:00:00,2,0.04220990478239628,0.058823529411764705
diffusion,2016-11-23 12:00:00,3,0.03262176359999103,0.058823529411764705
diffusion,2016-11-23 12:00:00,4,0.028258939218630985,0.058823529411764705
diffusion,2016-11-23 12:00:00,5,0.0252416591060296,0.058823529411764705
diffusion,2016-11-23 12:00:00,6,0.025127268852656925,0.058823529411764705
diffusion,2016-11-23 12:00:00,7,0.021993528802681794,0.058823529411764705
diffusion,2016-11-23 12:00:00,8,0.02226353190036434,0.058823529411764705
diffusion,2016-11-23 12:00:00,9,0.02225736428812297,0.058823529411764705
diffusion,2016-11-23 12:00:00,10,0.022317275102977874,0.058823529411764705
diffusion,2016-11-23 12:00:00,11,0.022999809279212968,0.058823529411764705
diffusion,2016-11-23 12:00:00,12,0.023354803981419536,0.058823529411764705
diffusion,2016-11-23 12:00:00,13,0.026058970269787096,0.058823529411764705
diffusion,2016-11-23 12:00:00,14,0.03309830498164956,0.058823529411764705
diffusion,2016-11-23 12:00:00,15,0.04823702590965695,0.058823529411764705
diffusion,2016-11-23 12:00:00,16,0.22834122519498123,0.058823529411764705
diffusion,2016-12-23 12:00:00,0,0.30763987987188557,0.058823529411764705
diffusion,2016-12-23 12:00:00,1,0.061657173668663745,0.058823529411764705
diffusion,2016-12-23 12:00:00,2,0.040927945947089484,0.058823529411764705
diffusion,2016-12-23 12:00:00,3,0.03255640959793027,0.058823529411764705
diffusion,2016-12-23 12:00:00,4,0.02700283930630576,0.058823529411764705
diffusion,2016-12-23 12:00:00,5,0.023521815428694026,0.058823529411764705
diffusion,2016-12-23 12:00:00,6,0.023957180162994973,0.058823529411764705
diffusion,2016-12-23 12:00:00,7,0.023897252751567066,0.058823529411764705
diffusion,2016-12-23 12:00:00,8,0.021731802504803,0.058823529411764705
diffusion,2016-12-23 12:00:00,9,0.020993194339666843,0.058823529411764705
diffusion,2016-12-23 12:00:00,10,0.02200894258567132,0.058823529411764705
diffusion,2016-12-23 12:00:00,11,0.023758785149311734,0.058823529411764705
diffusion,2016-12-23 12:00:00,12,0.024513311835107743,0.058823529411764705
diffusion,2016-12-23 12:00:00,13,0.027640814187179785,0.058823529411764705
diffusion,2016-12-23 12:00:00,14,0.031998580330764526,0.058823529411764705
diffusion,2016-12-23 12:00:00,15,0.04821447032918513,0.058823529411764705
diffusion,2016-12-23 12:00:00,16,0.237979612091749,0.058823529411764705
diffusion,2017-01-23 12:00:00,0,0.3005133674499234,0.058823529411764705
diffusion,2017-01-23 12:00:00,1,0.06551969927130585,0.058823529411764705
diffusion,2017-01-23 12:00:00,2,0.04283157670579385,0.058823529411764705
diffusion,2017-01-23 12:00:00,3,0.03457720287644861,0.058823529411764705
diffusion,2017-01-23 12:00:00,4,0.030576269501807474,0.058823529411764705
diffusion,2017-01-23 12:00:00,5,0.02731689131803705,0.058823529411764705
diffusion,2017-01-23 12:00:00,6,0.024302291283731847,0.058823529411764705
diffusion,2017-01-23 12:00:00,7,0.024525587672656002,0.058823529411764705
diffusion,2017-01-23 12:00:00,8,0.02199256045889797,0.058823529411764705
diffusion,2017-01-23 12:00:00,9,0.02373613732265767,0.058823529411764705
diffusion,2017-01-23 12:00:00,10,0.023072756745420975,0.058823529411764705
diffusion,2017-01-23 12:00:00,11,0.024365325228018264,0.058823529411764705
diffusion,2017-01-23 12:00:00,12,0.026600082620689136,0.058823529411764705
diffusion,2017-01-23 12:00:00,13,0.03001184790014122,0.058823529411764705
diffusion,2017-01-23 12:00:00,14,0.03342023979848818,0.058823529411764705
diffusion,2017-01-23 12:00:00,15,0.04854028499812557,0.058823529411764705
diffusion,2017-01-23 12:00:00,16,0.2180978889364269,0.058823529411764705
diffusion,2017-02-22 12:00:00,0,0.28807793240264346,0.058823529411764705
diffusion,2017-02-22 12:00:00,1,0.06319846939271656,0.058823529411764705
diffusion,2017-02-22 12:00:00,2,0.04346270070459468,0.058823529411764705
diffusion,2017-02-22 12:00:00,3,0.03350449786790932,0.058823529411764705
diffusion,2017-02-22 12:00:00,4,0.03037648083648037,0.058823529411764705
diffusion,2017-02-22 12:00:00,5,0.025542503124597715,0.058823529411764705
diffusion,2017-02-22 12:00:00,6,0.024820341859083328,0.058823529411764705
diffusion,2017-02-22 12:00:00,7,0.022628246208682867,0.058823529411764705
diffusion,2017-02-22 12:00:00,8,0.0221805296181401,0.058823529411764705
diffusion,2017-02-22 12:00:00,9,0.024261512901432525,0.058823529411764705
diffusion,2017-02-22 12:00:00,10,0.025334267098912733,0.058823529411764705
diffusion,2017-02-22 12:00:00,11,0.024476805389440415,0.058823529411764705
diffusion,2017-02-22 12:00:00,12,0.028024147562234702,0.058823529411764705
diffusion,2017-02-22 12:00:00,13,0.02917720751872821,0.058823529411764705
diffusion,2017-02-22 12:00:00,14,0.03449861097237772,0.058823529411764705
diffusion,2017-02-22 12:00:00,15,0.04908223831989744,0.058823529411764705
diffusion,2017-02-22 12:00:00,16,0.23135351831069784,0.058823529411764705
diffusion,2017-03-24 12:00:00,0,0.27390685764777345,0.058823529411764705
diffusion,2017-03-24 12:00:00,1,0.06524138230042809,0.058823529411764705
diffusion,2017-03-24 12:00:00,2,0.04217934678644042,0.058823529411764705
diffusion,2017-03-24 12:00:00,3,0.0359022378646614,0.058823529411764705
diffusion,2017-03-24 12:00:00,4,0.028422900395810302,0.058823529411764705
diffusion,2017-03-24 12:00:00,5,0.025703065001152936,0.058823529411764705
diffusion,2017-03-24 12:00:00,6,0.023913930695243835,0.058823529411764705
diffusion,2017-03-24 12:00:00,7,0.02374114532221938,0.058823529411764705
diffusion,2017-03-24 12:00:00,8,0.02292704512723276,0.058823529411764705
diffusion,2017-03-24 12:00:00,9,0.02344584720981402,0.058823529411764705
diffusion,2017-03-24 12:00:00,10,0.02450409344032778,0.058823529411764705
diffusion,2017-03-24 12:00:00,11,0.024733606061033697,0.058823529411764705
diffusion,2017-03-24 12:00:00,12,0.026240111536196764,0.058823529411764705
diffusion,2017-03-24 12:00:00,13,0.029854436784034988,0.058823529411764705
diffusion,2017-03-24 12:00:00,14,0.03709512616478605,0.058823529411764705
diffusion,2017-03-24 12:00:00,15,0.05228080443248473,0.058823529411764705
diffusion,2017-03-24 12:00:00,16,0.23990807331892938,0.058823529411764705
diffusion,2017-04-23 12:00:00,0,0.2817597334438915,0.058823529411764705
diffusion,2017-04-23 12:00:00,1,0.06370719376434408,0.058823529411764705
diffusion,2017-04-23 12:00:00,2,0.043338732364190946,0.058823529411764705
diffusion,2017-04-23 12:00:00,3,0.034968448474046454,0.058823529411764705
diffusion,2017-04-23 12:00:00,4,0.029574120459358255,0.058823529411764705
diffusion,2017-04-23 12:00:00,5,0.02640762193016144,0.058823529411764705
diffusion,2017-04-23 12:00:00,6,0.02438607846107743,0.058823529411764705
diffusion,2017-04-23 12:00:00,7,0.022124124809977275,0.058823529411764705
diffusion,2017-04-23 12:00:00,8,0.02292295498062913,0.058823529411764705
diffusion,2017-04-23 12:00:00,9,0.022967674049198195,0.058823529411764705
diffusion,2017-04-23 12:00:00,10,0.024027115235696783,0.058823529411764705
diffusion,2017-04-23 12:00:00,11,0.02333590986836498,0.058823529411764705
diffusion,2017-04-23 12:00:00,12,0.026664041936442118,0.058823529411764705
diffusion,2017-04-23 12:00:00,13,0.029952078578276087,0.058823529411764705
diffusion,2017-04-23 12:00:00,14,0.03560103718018581,0.058823529411764705
diffusion,2017-04-23 12:00:00,15,0.04817728763055129,0.058823529411764705
diffusion,2017-04-23 12:00:00,16,0.2400858569221782,0.058823529411764705
diffusion,2017-05-23 12:00:00,0,0.27306685242609774,0.058823529411764705
diffusion,2017-05-23 12:00:00,1,0.06036722902854308,0.058823529411764705
diffusion,2017-05-23 12:00:00,2,0.04238210799388753,0.058823529411764705
diffusion,2017-05-23 12:00:00,3,0.034327883418370675,0.058823529411764705
diffusion,2017-05-23 12:00:00,4,0.031573771969419795,0.058823529411764705
diffusion,2017-05-23 12:00:00,5,0.025557704768289113,0.058823529411764705
diffusion,2017-05-23 12:00:00,6,0.02589344053643572,0.058823529411764705
diffusion,2017-05-23 12:00:00,7,0.024151875178233695,0.058823529411764705
diffusion,2017-05-23 12:00:00,8,0.02370337265352873,0.058823529411764705
diffusion,2017-05-23 12:00:00,9,0.023092722259889342,0.058823529411764705
diffusion,2017-05-23 12:00:00,10,0.02230168865366977,0.058823529411764705
diffusion,2017-05-23 12:00:00,11,0.025516185420087822,0.058823529411764705
diffusion,2017-05-23 12:00:00,12,0.02569400535855948,0.058823529411764705
diffusion,2017-05-23 12:00:00,13,0.029118936521626892,0.058823529411764705
diffusion,2017-05-23 12:00:00,14,0.03549763007322326,0.058823529411764705
diffusion,2017-05-23 12:00:00,15,0.05008266887625723,0.058823529411764705
diffusion,2017-05-23 12:00:00,16,0.2476719349524501,0.058823529411764705
diffusion,2017-06-22 12:00:00,0,0.2992942653286832,0.058823529411764705
diffusion,2017-06-22 12:00:00,1,0.06695460423776467,0.058823529411764705
diffusion,2017-06-22 12:00:00,2,0.04526745449408054,0.058823529411764705
diffusion,2017-06-22 12:00:00,3,0.032852325336193644,0.058823529411764705
diffusion,2017-06-22 12:00:00,4,0.030176815552522385,0.058823529411764705
diffusion,2017-06-22 12:00:00,5,0.026628169256980527,0.058823529411764705
diffusion,2017-06-22 12:00:00,6,0.025006271043594097,0.058823529411764705
diffusion,2017-06-22 12:00:00,7,0.023586083451789364,0.058823529411764705
diffusion,2017-06-22 12:00:00,8,0.022899256797018097,0.058823529411764705
diffusion,2017-06-22 12:00:00,9,0.022769384341415844,0.058823529411764705
diffusion,2017-06-22 12:00:00,10,0.022306282370891495,0.058823529411764705
diffusion,2017-06-22 12:00:00,11,0.024788621219727247,0.058823529411764705
diffusion,2017-06-22 12:00:00,12,0.025556949447832267,0.058823529411764705
diffusion,2017-06-22 12:00:00,13,0.028945642822350237,0.058823529411764705
diffusion,2017-06-22 12:00:00,14,0.03455135455942582,0.058823529411764705
diffusion,2017-06-22 12:00:00,15,0.048501342118925095,0.058823529411764705
diffusion,2017-06-22 12:00:00,16,0.21991518770937546,0.058823529411764705
diffusion,2017-07-22 12:00:00,0,0.27950227552651086,0.058823529411764705
diffusion,2017-07-22 12:00:00,1,0.06130951065745194,0.058823529411764705
diffusion,2017-07-22 12:00:00,2,0.041941022905234604,0.058823529411764705
diffusion,2017-07-22 12:00:00,3,0.03158822622788193,0.058823529411764705
diffusion,2017-07-22 12:00:00,4,0.02804517407764706,0.058823529411764705
diffusion,2017-07-22 12:00:00,5,0.024791648873019767,0.058823529411764705
diffusion,2017-07-22 12:00:00,6,0.02384857758789849,0.058823529411764705
diffusion,2017-07-22 12:00:00,7,0.022767339775214168,0.058823529411764705
diffusion,2017-07-22 12:00:00,8,0.024249248781359256,0.058823529411764705
diffusion,2017-07-22 12:00:00,9,0.023854546603160998,0.058823529411764705
diffusion,2017-07-22 12:00:00,10,0.02450953031438985,0.058823529411764705
diffusion,2017-07-22 12:00:00,11,0.024759462408383115,0.058823529411764705
diffusion,2017-07-22 12:00:00,12,0.027210478547658568,0.058823529411764705
diffusion,2017-07-22 12:00:00,13,0.030001582229033374,0.058823529411764705
diffusion,2017-07-22 12:00:00,14,0.03710342869271699,0.058823529411764705
diffusion,2017-07-22 12:00:00,15,0.05530643450720163,0.058823529411764705
diffusion,2017-07-22 12:00:00,16,0.23921152237380738,0.058823529411764705
diffusion,2017-08-21 12:00:00,0,0.2565976023254848,0.058823529411764705
diffusion,2017-08-21 12:00:00,1,0.057893391837467334,0.058823529411764705
diffusion,2017-08-21 12:00:00,2,0.041341240518136146,0.058823529411764705
diffusion,2017-08-21 12:00:00,3,0.03303895743306384,0.058823529411764705
diffusion,2017-08-21 12:00:00,4,0.02921685202716162,0.058823529411764705
diffusion,2017-08-21 12:00:00,5,0.024034827405046144,0.058823529411764705
diffusion,2017-08-21 12:00:00,6,0.024944876233860214,0.058823529411764705
diffusion,2017-08-21 12:00:00,7,0.025443232404825267,0.058823529411764705
diffusion,2017-08-21 12:00:00,8,0.022869837681810168,0.058823529411764705
diffusion,2017-08-21 12:00:00,9,0.026026706043751346,0.058823529411764705
diffusion,2017-08-21 12:00:00,10,0.02534764895506214,0.058823529411764705
diffusion,2017-08-21 12:00:00,11,0.026658435729700614,0.058823529411764705
diffusion,2017-08-21 12:00:00,12,0.029702766000468728,0.058823529411764705
diffusion,2017-08-21 12:00:00,13,0.03366668793046301,0.058823529411764705
diffusion,2017-08-21 12:00:00,14,0.04016753739097112,0.058823529411764705
diffusion,2017-08-21 12:00:00,15,0.055339106318569975,0.058823529411764705
diffusion,2017-08-21 12:00:00,16,0.24771030385272752,0.058823529411764705
diffusion,2017-09-20 12:00:00,0,0.2757870646912579,0.058823529411764705
diffusion,2017-09-20 12:00:00,1,0.055377685524774733,0.058823529411764705
diffusion,2017-09-20 12:00:00,2,0.03994690001837853,0.058823529411764705
diffusion,2017-09-20 12:00:00,3,0.032940635955412745,0.058823529411764705
diffusion,2017-09-20 12:00:00,4,0.02872774225397734,0.058823529411764705
diffusion,2017-09-20 12:00:00,5,0.025827449146106574,0.058823529411764705
diffusion,2017-09-20 12:00:00,6,0.024545843266025713,0.058823529411764705
diffusion,2017-09-20 12:00:00,7,0.024323102075356928,0.058823529411764705
diffusion,2017-09-20 12:00:00,8,0.02409595331386072,0.058823529411764705
diffusion,2017-09-20 12:00:00,9,0.0248603022429279,0.058823529411764705
diffusion,2017-09-20 12:00:00,10,0.02506008562761508,0.058823529411764705
diffusion,2017-09-20 12:00:00,11,0.025473191778075943,0.058823529411764705
diffusion,2017-09-20 12:00:00,12,0.026629455637021238,0.058823529411764705
diffusion,2017-09-20 12:00:00,13,0.030066029893419,0.058823529411764705
diffusion,2017-09-20 12:00:00,14,0.03741715447995375,0.058823529411764705
diffusion,2017-09-20 12:00:00,15,0.05466682247515564,0.058823529411764705
diffusion,2017-09-20 12:00:00,16,0.24425459170925023,0.058823529411764705
diffusion,2017-10-20 12:00:00,0,0.28273957983856235,0.058823529411764705
diffusion,2017-10-20 12:00:00,1,0.06388143129595392,0.058823529411764705
diffusion,2017-10-20 12:00:00,2,0.04457630734304985,0.058823529411764705
diffusion,2017-10-20 12:00:00,3,0.03631533149422239,0.058823529411764705
diffusion,2017-10-20 12:00:00,4,0.03175022567631913,0.058823529411764705
diffusion,2017-10-20 12:00:00,5,0.027347085421581596,0.058823529411764705
diffusion,2017-10-20 12:00:00,6,0.02531720648812552,0.058823529411764705
diffusion,2017-10-20 12:00:00,7,0.024962859001163906,0.058823529411764705
diffusion,2017-10-20 12:00:00,8,0.022806183176214745,0.058823529411764705
diffusion,2017-10-20 12:00:00,9,0.021851448178097144,0.058823529411764705
diffusion,2017-10-20 12:00:00,10,0.02397269087754239,0.058823529411764705
diffusion,2017-10-20 12:00:00,11,0.024377049663144135,0.058823529411764705
diffusion,2017-10-20 12:00:00,12,0.026085755963777046,0.058823529411764705
diffusion,2017-10-20 12:00:00,13,0.029099479136220907,0.058823529411764705
diffusion,2017-10-20 12:00:00,14,0.03610489340780987,0.058823529411764705
diffusion,2017-10-20 12:00:00,15,0.050366233717795694,0.058823529411764705
diffusion,2017-10-20 12:00:00,16,0.2284462494089894,0.058823529411764705
diffusion,2017-11-19 12:00:00,0,0.29126925431557993,0.058823529411764705
diffusion,2017-11-19 12:00:00,1,0.06001823595846645,0.058823529411764705
diffusion,2017-11-19 12:00:00,2,0.04291380981266002,0.058823529411764705
diffusion,2017-11-19 12:00:00,3,0.03635877939694865,0.058823529411764705
diffusion,2017-11-19 12:00:00,4,0.030357017283051846,0.058823529411764705
diffusion,2017-11-19 12:00:00,5,0.027100820696773553,0.058823529411764705
diffusion,2017-11-19 12:00:00,6,0.024515264308661244,0.058823529411764705
diffusion,2017-11-19 12:00:00,7,0.02330854685021677,0.058823529411764705
diffusion,2017-11-19 12:00:00,8,0.02389086527591644,0.058823529411764705
diffusion,2017-11-19 12:00:00,9,0.02305196235022322,0.058823529411764705
diffusion,2017-11-19 12:00:00,10,0.02315250262245172,0.058823529411764705
diffusion,2017-11-19 12:00:00,11,0.024687744883976848,0.058823529411764705
diffusion,2017-11-19 12:00:00,12,0.027025462459732807,0.058823529411764705
diffusion,2017-11-19 12:00:00,13,0.028414651842922467,0.058823529411764705
diffusion,2017-11-19 12:00:00,14,0.03705476347931835,0.058823529411764705
diffusion,2017-11-19 12:00:00,15,0.04984190437335201,0.058823529411764705
diffusion,2017-11-19 12:00:00,16,0.22703842417831765,0.058823529411764705
diffusion,2017-12-19 12:00:00,0,0.308435335676279,0.058823529411764705
diffusion,2017-12-19 12:00:00,1,0.06296881048962177,0.058823529411764705
diffusion,2017-12-19 12:00:00,2,0.04300857229634403,0.058823529411764705
diffusion,2017-12-19 12:00:00,3,0.03341552599084707,0.058823529411764705
diffusion,2017-12-19 12:00:00,4,0.027937717423355934,0.058823529411764705
diffusion,2017-12-19 12:00:00,5,0.02583617945487049,0.058823529411764705
diffusion,2017-12-19 12:00:00,6,0.022523000236162716,0.058823529411764705
diffusion,2017-12-19 12:00:00,7,0.022605854420987725,0.058823529411764705
diffusion,2017-12-19 12:00:00,8,0.021840926506797587,0.058823529411764705
diffusion,2017-12-19 12:00:00,9,0.022468832543381723,0.058823529411764705
diffusion,2017-12-19 12:00:00,10,0.021549975233938312,0.058823529411764705
diffusion,2017-12-19 12:00:00,11,0.023342927339399466,0.058823529411764705
diffusion,2017-12-19 12:00:00,12,0.02364152992322488,0.058823529411764705
diffusion,2017-12-19 12:00:00,13,0.026401901131066552,0.058823529411764705
diffusion,2017-12-19 12:00:00,14,0.03270560724195093,0.058823529411764705
diffusion,2017-12-19 12:00:00,15,0.047004827536511584,0.058823529411764705
diffusion,2017-12-19 12:00:00,16,0.2343124866438302,0.058823529411764705
diffusion,2018-01-18 12:00:00,0,0.304322974850777,0.058823529411764705
diffusion,2018-01-18 12:00:00,1,0.06373036257730291,0.058823529411764705
diffusion,2018-01-18 12:00:00,2,0.043311569013496864,0.058823529411764705
diffusion,2018-01-18 12:00:00,3,0.033414164406735836,0.058823529411764705
diffusion,2018-01-18 12:00:00,4,0.027825085785366355,0.058823529411764705
diffusion,2018-01-18 12:00:00,5,0.025116062841789244,0.058823529411764705
diffusion,2018-01-18 12:00:00,6,0.024505766445599875,0.058823529411764705
diffusion,2018-01-18 12:00:00,7,0.022662809588382515,0.058823529411764705
diffusion,2018-01-18 12:00:00,8,0.022385854815183848,0.058823529411764705
diffusion,2018-01-18 12:00:00,9,0.022597993982344633,0.058823529411764705
diffusion,2018-01-18 12:00:00,10,0.022978348415563232,0.058823529411764705
diffusion,2018-01-18 12:00:00,11,0.02396699595010432,0.058823529411764705
diffusion,2018-01-18 12:00:00,12,0.025282943136062386,0.058823529411764705
diffusion,2018-01-18 12:00:00,13,0.026819820563105168,0.058823529411764705
diffusion,2018-01-18 12:00:00,14,0.03264756161615878,0.058823529411764705
diffusion,2018-01-18 12:00:00,15,0.0474271985899577,0.058823529411764705
diffusion,2018-01-18 12:00:00,16,0.23100449751063934,0.058823529411764705
diffusion,2018-02-17 12:00:00,0,0.28987103415522597,0.058823529411764705
diffusion,2018-02-17 12:00:00,1,0.06284166379720091,0.058823529411764705
diffusion,2018-02-17 12:00:00,2,0.04249808472059158,0.058823529411764705
diffusion,2018-02-17 12:00:00,3,0.03310677344910573,0.058823529411764705
diffusion,2018-02-17 12:00:00,4,0.029178818624529868,0.058823529411764705
diffusion,2018-02-17 12:00:00,5,0.024860141378269418,0.058823529411764705
diffusion,2018-02-17 12:00:00,6,0.022368204140377657,0.058823529411764705
diffusion,2018-02-17 12:00:00,7,0.023291839864668873,0.058823529411764705
diffusion,2018-02-17 12:00:00,8,0.024374527730060436,0.058823529411764705
diffusion,2018-02-17 12:00:00,9,0.022767089932813178,0.058823529411764705
diffusion,2018-02-17 12:00:00,10,0.02367737860458874,0.058823529411764705
diffusion,2018-02-17 12:00:00,11,0.02357987853730492,0.058823529411764705
diffusion,2018-02-17 12:00:00,12,0.027889323348290418,0.058823529411764705
diffusion,2018-02-17 12:00:00,13,0.030927061446391235,0.058823529411764705
diffusion,2018-02-17 12:00:00,14,0.035758862458465046,0.058823529411764705
diffusion,2018-02-17 12:00:00,15,0.0512579425947024,0.058823529411764705
diffusion,2018-02-17 12:00:00,16,0.2317513853059836,0.058823529411764705
diffusion,2018-03-19 12:00:00,0,0.2785142278597732,0.058823529411764705
diffusion,2018-03-19 12:00:00,1,0.0650696711639398,0.058823529411764705
diffusion,2018-03-19 12:00:00,2,0.04077210975077605,0.058823529411764705
diffusion,2018-03-19 12:00:00,3,0.03391239531475776,0.058823529411764705
diffusion,2018-03-19 12:00:00,4,0.030785589666720625,0.058823529411764705
diffusion,2018-03-19 12:00:00,5,0.027045714768121343,0.058823529411764705
diffusion,2018-03-19 12:00:00,6,0.0233626550639201,0.058823529411764705
diffusion,2018-03-19 12:00:00,7,0.024549883869610767,0.058823529411764705
diffusion,2018-03-19 12:00:00,8,0.022762079908261512,0.058823529411764705
diffusion,2018-03-19 12:00:00,9,0.02214135341449719,0.058823529411764705
diffusion,2018-03-19 12:00:00,10,0.02226323999127544,0.058823529411764705
diffusion,2018-03-19 12:00:00,11,0.023359819178040198,0.058823529411764705
diffusion,2018-03-19 12:00:00,12,0.025606580262774514,0.058823529411764705
diffusion,2018-03-19 12:00:00,13,0.027929118155498145,0.058823529411764705
diffusion,2018-03-19 12:00:00,14,0.03296513460600181,0.058823529411764705
diffusion,2018-03-19 12:00:00,15,0.048485733742381854,0.058823529411764705
diffusion,2018-03-19 12:00:00,16,0.25047470337221966,0.058823529411764705
diffusion,2018-04-18 12:00:00,0,0.2943182853535973,0.058823529411764705
diffusion,2018-04-18 12:00:00,1,0.061288750126493596,0.058823529411764705
diffusion,2018-04-18 12:00:00,2,0.04026318751743929,0.058823529411764705
diffusion,2018-04-18 12:00:00,3,0.0324692618271456,0.058823529411764705
diffusion,2018-04-18 12:00:00,4,0.02881868385884445,0.058823529411764705
diffusion,2018-04-18 12:00:00,5,0.026805686909710857,0.058823529411764705
diffusion,2018-04-18 12:00:00,6,0.023233583302328498,0.058823529411764705
diffusion,2018-04-18 12:00:00,7,0.02317431276804882,0.058823529411764705
diffusion,2018-04-18 12:00:00,8,0.02309133094468052,0.058823529411764705
diffusion,2018-04-18 12:00:00,9,0.02044108457425864,0.058823529411764705
diffusion,2018-04-18 12:00:00,10,0.023037852259562897,0.058823529411764705
diffusion,2018-04-18 12:00:00,11,0.022538722284025425,0.058823529411764705
diffusion,2018-04-18 12:00:00,12,0.02387819996528151,0.058823529411764705
diffusion,2018-04-18 12:00:00,13,0.028073406524526945,0.058823529411764705
diffusion,2018-04-18 12:00:00,14,0.03433016311396386,0.058823529411764705
diffusion,2018-04-18 12:00:00,15,0.048173064267643895,0.058823529411764705
diffusion,2018-04-18 12:00:00,16,0.2460644344910179,0.058823529411764705
diffusion,2018-05-18 12:00:00,0,0.2799481023014323,0.058823529411764705
diffusion,2018-05-18 12:00:00,1,0.06124677995512684,0.058823529411764705
diffusion,2018-05-18 12:00:00,2,0.042150690293340176,0.058823529411764705
diffusion,2018-05-18 12:00:00,3,0.03371485182151446,0.058823529411764705
diffusion,2018-05-18 12:00:00,4,0.027703450328885992,0.058823529411764705
diffusion,2018-05-18 12:00:00,5,0.026025425853674733,0.058823529411764705
diffusion,2018-05-18 12:00:00,6,0.02413097593949942,0.058823529411764705
diffusion,2018-05-18 12:00:00,7,0.02169182220040966,0.058823529411764705
diffusion,2018-05-18 12:00:00,8,0.022704425347853885,0.058823529411764705
diffusion,2018-05-18 12:00:00,9,0.022438228857936338,0.058823529411764705
diffusion,2018-05-18 12:00:00,10,0.023940862796166584,0.058823529411764705
diffusion,2018-05-18 12:00:00,11,0.02476580775100956,0.058823529411764705
diffusion,2018-05-18 12:00:00,12,0.0247670779440341,0.058823529411764705
diffusion,2018-05-18 12:00:00,13,0.029022221873674425,0.058823529411764705
diffusion,2018-05-18 12:00:00,14,0.035326051416177506,0.058823529411764705
diffusion,2018-05-18 12:00:00,15,0.04860038300694214,0.058823529411764705
diffusion,2018-05-18 12:00:00,16,0.25182285240089186,0.058823529411764705
diffusion,2018-06-17 12:00:00,0,0.29670721535478606,0.058823529411764705
diffusion,2018-06-17 12:00:00,1,0.05886605722622562,0.058823529411764705
diffusion,2018-06-17 12:00:00,2,0.039416213697279545,0.058823529411764705
diffusion,2018-06-17 12:00:00,3,0.03264929289235852,0.058823529411764705
diffusion,2018-06-17 12:00:00,4,0.025575229093135476,0.058823529411764705
diffusion,2018-06-17 12:00:00,5,0.024597186223843437,0.058823529411764705
diffusion,2018-06-17 12:00:00,6,0.024758462311240237,0.058823529411764705
diffusion,2018-06-17 12:00:00,7,0.02193598253654727,0.058823529411764705
diffusion,2018-06-17 12:00:00,8,0.021777903792212783,0.058823529411764705
diffusion,2018-06-17 12:00:00,9,0.021583144887244998,0.058823529411764705
diffusion,2018-06-17 12:00:00,10,0.020822946056341607,0.058823529411764705
diffusion,2018-06-17 12:00:00,11,0.021145141743545537,0.058823529411764705
diffusion,2018-06-17 12:00:00,12,0.024523167598545115,0.058823529411764705
diffusion,2018-06-17 12:00:00,13,0.025335546966744005,0.058823529411764705
diffusion,2018-06-17 12:00:00,14,0.030875575541358558,0.058823529411764705
diffusion,2018-06-17 12:00:00,15,0.04742782689709202,0.058823529411764705
diffusion,2018-06-17 12:00:00,16,0.2620031172700692,0.058823529411764705
diffusion,2018-07-17 12:00:00,0,0.2615117696543052,0.058823529411764705
diffusion,2018-07-17 12:00:00,1,0.06156624080989559,0.058823529411764705
diffusion,2018-07-17 12:00:00,2,0.04249477507113397,0.058823529411764705
diffusion,2018-07-17 12:00:00,3,0.03364832202703383,0.058823529411764705
diffusion,2018-07-17 12:00:00,4,0.03019506271488126,0.058823529411764705
diffusion,2018-07-17 12:00:00,5,0.026371156577567945,0.058823529411764705
diffusion,2018-07-17 12:00:00,6,0.02450191347799091,0.058823529411764705
diffusion,2018-07-17 12:00:00,7,0.023761608179711402,0.058823529411764705
diffusion,2018-07-17 12:00:00,8,0.022958476698249797,0.058823529411764705
diffusion,2018-07-17 12:00:00,9,0.021025792594514314,0.058823529411764705
diffusion,2018-07-17 12:00:00,10,0.022696118143812782,0.058823529411764705
diffusion,2018-07-17 12:00:00,11,0.02299746784819945,0.058823529411764705
diffusion,2018-07-17 12:00:00,12,0.024671484360169416,0.058823529411764705
diffusion,2018-07-17 12:00:00,13,0.028886128241538245,0.058823529411764705
diffusion,2018-07-17 12:00:00,14,0.03351723389005201,0.058823529411764705
diffusion,2018-07-17 12:00:00,15,0.050305979256336286,0.058823529411764705
diffusion,2018-07-17 12:00:00,16,0.26889048054317755,0.058823529411764705
diffusion,2018-08-16 12:00:00,0,0.2554546491872429,0.058823529411764705
diffusion,2018-08-16 12:00:00,1,0.06042879481572072,0.058823529411764705
diffusion,2018-08-16 12:00:00,2,0.0421409921839313,0.058823529411764705
diffusion,2018-08-16 12:00:00,3,0.03369964338844511,0.058823529411764705
diffusion,2018-08-16 12:00:00,4,0.028963153069980763,0.058823529411764705
diffusion,2018-08-16 12:00:00,5,0.025466993758811896,0.058823529411764705
diffusion,2018-08-16 12:00:00,6,0.025719197162118235,0.058823529411764705
diffusion,2018-08-16 12:00:00,7,0.02371284127985973,0.058823529411764705
diffusion,2018-08-16 12:00:00,8,0.022580225300771417,0.058823529411764705
diffusion,2018-08-16 12:00:00,9,0.02263406008989932,0.058823529411764705
diffusion,2018-08-16 12:00:00,10,0.023629711179637525,0.058823529411764705
diffusion,2018-08-16 12:00:00,11,0.023790510335174986,0.058823529411764705
diffusion,2018-08-16 12:00:00,12,0.02566517368586574,0.058823529411764705
diffusion,2018-08-16 12:00:00,13,0.029696137951873425,0.058823529411764705
diffusion,2018-08-16 12:00:00,14,0.034810553179340786,0.058823529411764705
diffusion,2018-08-16 12:00:00,15,0.049464599741099846,0.058823529411764705
diffusion,2018-08-16 12:00:00,16,0.27214277377879625,0.058823529411764705
diffusion,2018-09-15 12:00:00,0,0.31055533039182137,0.058823529411764705
diffusion,2018-09-15 12:00:00,1,0.06052921775045661,0.058823529411764705
diffusion,2018-09-15 12:00:00,2,0.03968409103833892,0.058823529411764705
diffusion,2018-09-15 12:00:00,3,0.031398407974222664,0.058823529411764705
diffusion,2018-09-15 12:00:00,4,0.027660721036227187,0.058823529411764705
diffusion,2018-09-15 12:00:00,5,0.024810157347928907,0.058823529411764705
diffusion,2018-09-15 12:00:00,6,0.022335975512930872,0.058823529411764705
diffusion,2018-09-15 12:00:00,7,0.022816801523219965,0.058823529411764705
diffusion,2018-09-15 12:00:00,8,0.020986356888556656,0.058823529411764705
diffusion,2018-09-15 12:00:00,9,0.019768559663020824,0.058823529411764705
diffusion,2018-09-15 12:00:00,10,0.02150107837712767,0.058823529411764705
diffusion,2018-09-15 12:00:00,11,0.020717029598586123,0.058823529411764705
diffusion,2018-09-15 12:00:00,12,0.019893402809998406,0.058823529411764705
diffusion,2018-09-15 12:00:00,13,0.024766790883973044,0.058823529411764705
diffusion,2018-09-15 12:00:00,14,0.03150301411596956,0.058823529411764705
diffusion,2018-09-15 12:00:00,15,0.04761501710800076,0.058823529411764705
diffusion,2018-09-15 12:00:00,16,0.25345805806819044,0.058823529411764705
diffusion,2018-10-15 12:00:00,0,0.3278045081557366,0.058823529411764705
diffusion,2018-10-15 12:00:00,1,0.06316761839229912,0.058823529411764705
diffusion,2018-10-15 12:00:00,2,0.04274772735965371,0.058823529411764705
diffusion,2018-10-15 12:00:00,3,0.03253843748171903,0.058823529411764705
diffusion,2018-10-15 12:00:00,4,0.02712408585148296,0.058823529411764705
diffusion,2018-10-15 12:00:00,5,0.024205587301992182,0.058823529411764705
diffusion,2018-10-15 12:00:00,6,0.02265555737727709,0.058823529411764705
diffusion,2018-10-15 12:00:00,7,0.021138035434660196,0.058823529411764705
diffusion,2018-10-15 12:00:00,8,0.0217033100353774,0.058823529411764705
diffusion,2018-10-15 12:00:00,9,0.020893471200224667,0.058823529411764705
diffusion,2018-10-15 12:00:00,10,0.020726677652419312,0.058823529411764705
diffusion,2018-10-15 12:00:00,11,0.022225204002552346,0.058823529411764705
diffusion,2018-10-15 12:00:00,12,0.022345494034652802,0.058823529411764705
diffusion,2018-10-15 12:00:00,13,0.0259652636714236,0.058823529411764705
diffusion,2018-10-15 12:00:00,14,0.030862925816563802,0.058823529411764705
diffusion,2018-10-15 12:00:00,15,0.04344918167907963,0.058823529411764705
diffusion,2018-10-15 12:00:00,16,0.23044692464145555,0.058823529411764705
diffusion,2018-11-14 12:00:00,0,0.34946015986326984,0.058823529411764705
diffusion,2018-11-14 12:00:00,1,0.060670902844890406,0.058823529411764705
diffusion,2018-11-14 12:00:00,2,0.03980155477199787,0.058823529411764705
diffusion,2018-11-14 12:00:00,3,0.02985225421116411,0.058823529411764705
diffusion,2018-11-14 12:00:00,4,0.027280541385891866,0.058823529411764705
diffusion,2018-11-14 12:00:00,5,0.02363148426201178,0.058823529411764705
diffusion,2018-11-14 12:00:00,6,0.021462058639826864,0.058823529411764705
diffusion,2018-11-14 12:00:00,7,0.022170693332668634,0.058823529411764705
diffusion,2018-11-14 12:00:00,8,0.020491371341336162,0.058823529411764705
diffusion,2018-11-14 12:00:00,9,0.01987996212392318,0.058823529411764705
diffusion,2018-11-14 12:00:00,10,0.021349240739027664,0.058823529411764705
diffusion,2018-11-14 12:00:00,11,0.020374726734189608,0.058823529411764705
diffusion,2018-11-14 12:00:00,12,0.022237920834186298,0.058823529411764705
diffusion,2018-11-14 12:00:00,13,0.02550394691593283,0.058823529411764705
diffusion,2018-11-14 12:00:00,14,0.027477631585156814,0.058823529411764705
diffusion,2018-11-14 12:00:00,15,0.04259775567061297,0.058823529411764705
diffusion,2018-11-14 12:00:00,16,0.2257578048324831,0.058823529411764705
diffusion,2018-12-14 12:00:00,0,0.3503127791639713,0.058823529411764705
diffusion,2018-12-14 12:00:00,1,0.06290921302644392,0.058823529411764705
diffusion,2018-12-14 12:00:00,2,0.039875575528355967,0.058823529411764705
diffusion,2018-12-14 12:00:00,3,0.029168799687681712,0.058823529411764705
diffusion,2018-12-14 12:00:00,4,0.026238535701452292,0.058823529411764705
diffusion,2018-12-14 12:00:00,5,0.02446371285020632,0.058823529411764705
diffusion,2018-12-14 12:00:00,6,0.021584680027046943,0.058823529411764705
diffusion,2018-12-14 12:00:00,7,0.020791748216765882,0.058823529411764705
diffusion,2018-12-14 12:00:00,8,0.01985084660469738,0.058823529411764705
diffusion,2018-12-14 12:00:00,9,0.019609412191925912,0.058823529411764705
diffusion,2018-12-14 12:00:00,10,0.019518199931781055,0.058823529411764705
diffusion,2018-12-14 12:00:00,11,0.019496460424193174,0.058823529411764705
diffusion,2018-12-14 12:00:00,12,0.022045706544986388,0.058823529411764705
diffusion,2018-12-14 12:00:00,13,0.024733766341682895,0.058823529411764705
diffusion,2018-12-14 12:00:00,14,0.028631679586396785,0.058823529411764705
diffusion,2018-12-14 12:00:00,15,0.04301853192282579,0.058823529411764705
diffusion,2018-12-14 12:00:00,16,0.22775036233815626,0.058823529411764705
diffusion,2019-01-13 12:00:00,0,0.32640432862388025,0.058823529411764705
diffusion,2019-01-13 12:00:00,1,0.06073175502814365,0.058823529411764705
diffusion,2019-01-13 12:00:00,2,0.03873176421581093,0.058823529411764705
diffusion,2019-01-13 12:00:00,3,0.029482781532408353,0.058823529411764705
diffusion,2019-01-13 12:00:00,4,0.026331005436702526,0.058823529411764705
diffusion,2019-01-13 12:00:00,5,0.02582875996029088,0.058823529411764705
diffusion,2019-01-13 12:00:00,6,0.023261481037025078,0.058823529411764705
diffusion,2019-01-13 12:00:00,7,0.022197160310952313,0.058823529411764705
diffusion,2019-01-13 12:00:00,8,0.021405541812555384,0.058823529411764705
diffusion,2019-01-13 12:00:00,9,0.020996802719764673,0.058823529411764705
diffusion,2019-01-13 12:00:00,10,0.0211492326352527,0.058823529411764705
diffusion,2019-01-13 12:00:00,11,0.02185502495149194,0.058823529411764705
diffusion,2019-01-13 12:00:00,12,0.023648723018595774,0.058823529411764705
diffusion,2019-01-13 12:00:00,13,0.026553819764558284,0.058823529411764705
diffusion,2019-01-13 12:00:00,14,0.030459348341992154,0.058823529411764705
diffusion,2019-01-13 12:00:00,15,0.044954958758353314,0.058823529411764705
diffusion,2019-01-13 12:00:00,16,0.23600752194079178,0.058823529411764705
diffusion,2019-02-12 12:00:00,0,0.31837105238776076,0.058823529411764705
diffusion,2019-02-12 12:00:00,1,0.06175144418511991,0.058823529411764705
diffusion,2019-02-12 12:00:00,2,0.03936374876849413,0.058823529411764705
diffusion,2019-02-12 12:00:00,3,0.03306865475929044,0.058823529411764705
diffusion,2019-02-12 12:00:00,4,0.02644012692258002,0.058823529411764705
diffusion,2019-02-12 12:00:00,5,0.024197604087760283,0.058823529411764705
diffusion,2019-02-12 12:00:00,6,0.02476093538780333,0.058823529411764705
diffusion,2019-02-12 12:00:00,7,0.02092274905157865,0.058823529411764705
diffusion,2019-02-12 12:00:00,8,0.020460048085283233,0.058823529411764705
diffusion,2019-02-12 12:00:00,9,0.021002823066964993,0.058823529411764705
diffusion,2019-02-12 12:00:00,10,0.020213449515949833,0.058823529411764705
diffusion,2019-02-12 12:00:00,11,0.02208682258162753,0.058823529411764705
diffusion,2019-02-12 12:00:00,12,0.022344753101378956,0.058823529411764705
diffusion,2019-02-12 12:00:00,13,0.02567072654437652,0.058823529411764705
diffusion,2019-02-12 12:00:00,14,0.030491972530398925,0.058823529411764705
diffusion,2019-02-12 12:00:00,15,0.04453665476376045,0.058823529411764705
diffusion,2019-02-12 12:00:00,16,0.24431644434844202,0.058823529411764705
diffusion,2019-03-14 12:00:00,0,0.3447103108766214,0.058823529411764705
diffusion,2019-03-14 12:00:00,1,0.052593368709153765,0.058823529411764705
diffusion,2019-03-14 12:00:00,2,0.037198868380130534,0.058823529411764705
diffusion,2019-03-14 12:00:00,3,0.02828824913291328,0.058823529411764705
diffusion,2019-03-14 12:00:00,4,0.024051295263006978,0.058823529411764705
diffusion,2019-03-14 12:00:00,5,0.022598910154670193,0.058823529411764705
diffusion,2019-03-14 12:00:00,6,0.022855445893014803,0.058823529411764705
diffusion,2019-03-14 12:00:00,7,0.021497398920359956,0.058823529411764705
diffusion,2019-03-14 12:00:00,8,0.019895968455898583,0.058823529411764705
diffusion,2019-03-14 12:00:00,9,0.020195288618083396,0.058823529411764705
diffusion,2019-03-14 12:00:00,10,0.019478525761883247,0.058823529411764705
diffusion,2019-03-14 12:00:00,11,0.02067406599678634,0.058823529411764705
diffusion,2019-03-14 12:00:00,12,0.022045329578759265,0.058823529411764705
diffusion,2019-03-14 12:00:00,13,0.02524093921374515,0.058823529411764705
diffusion,2019-03-14 12:00:00,14,0.030850802134864352,0.058823529411764705
diffusion,2019-03-14 12:00:00,15,0.04208119927216103,0.058823529411764705
diffusion,2019-03-14 12:00:00,16,0.2457440437265177,0.058823529411764705
diffusion,2019-04-13 12:00:00,0,0.30526354732450045,0.058823529411764705
diffusion,2019-04-13 12:00:00,1,0.05503248784418702,0.058823529411764705
diffusion,2019-04-13 12:00:00,2,0.03766702886269968,0.058823529411764705
diffusion,2019-04-13 12:00:00,3,0.030650948802986022,0.058823529411764705
diffusion,2019-04-13 12:00:00,4,0.024879936243621614,0.058823529411764705
diffusion,2019-04-13 12:00:00,5,0.021965169218503888,0.058823529411764705
diffusion,2019-04-13 12:00:00,6,0.02098623191199067,0.058823529411764705
diffusion,2019-04-13 12:00:00,7,0.01918537513336105,0.058823529411764705
diffusion,2019-04-13 12:00:00,8,0.020537019731534656,0.058823529411764705
diffusion,2019-04-13 12:00:00,9,0.021858830572682564,0.058823529411764705
diffusion,2019-04-13 12:00:00,10,0.020594765167857076,0.058823529411764705
diffusion,2019-04-13 12:00:00,11,0.02163129502901029,0.058823529411764705
diffusion,2019-04-13 12:00:00,12,0.023050500313502198,0.058823529411764705
diffusion,2019-04-13 12:00:00,13,0.02643519486639434,0.058823529411764705
diffusion,2019-04-13 12:00:00,14,0.0340549032717945,0.058823529411764705
diffusion,2019-04-13 12:00:00,15,0.04669500458612674,0.058823529411764705
diffusion,2019-04-13 12:00:00,16,0.2695117712078172,0.058823529411764705
diffusion,2019-05-13 12:00:00,0,0.2992159678910866,0.058823529411764705
diffusion,2019-05-13 12:00:00,1,0.05918001443984622,0.058823529411764705
diffusion,2019-05-13 12:00:00,2,0.038528629063364406,0.058823529411764705
diffusion,2019-05-13 12:00:00,3,0.029907464037307818,0.058823529411764705
diffusion,2019-05-13 12:00:00,4,0.026249179755325258,0.058823529411764705
diffusion,2019-05-13 12:00:00,5,0.023891481620466948,0.058823529411764705
diffusion,2019-05-13 12:00:00,6,0.02155596316856645,0.058823529411764705
diffusion,2019-05-13 12:00:00,7,0.019878203952032436,0.058823529411764705
diffusion,2019-05-13 12:00:00,8,0.019245511953215555,0.058823529411764705
diffusion,2019-05-13 12:00:00,9,0.019504753024762067,0.058823529411764705
diffusion,2019-05-13 12:00:00,10,0.02058577078480539,0.058823529411764705
diffusion,2019-05-13 12:00:00,11,0.022362457083090703,0.058823529411764705
diffusion,2019-05-13 12:00:00,12,0.024457374781832186,0.058823529411764705
diffusion,2019-05-13 12:00:00,13,0.02579741492854737,0.058823529411764705
diffusion,2019-05-13 12:00:00,14,0.03167228871552652,0.058823529411764705
diffusion,2019-05-13 12:00:00,15,0.050858166449415876,0.058823529411764705
diffusion,2019-05-13 12:00:00,16,0.26710936843937816,0.058823529411764705
diffusion,2019-06-12 12:00:00,0,0.3221282462867521,0.058823529411764705
diffusion,2019-06-12 12:00:00,1,0.06099349564988188,0.058823529411764705
diffusion,2019-06-12 12:00:00,2,0.03934332559362019,0.058823529411764705
diffusion,2019-06-12 12:00:00,3,0.031128071220791753,0.058823529411764705
diffusion,2019-06-12 12:00:00,4,0.026719975705532306,0.058823529411764705
diffusion,2019-06-12 12:00:00,5,0.024277074580538738,0.058823529411764705
diffusion,2019-06-12 12:00:00,6,0.021194672841090778,0.058823529411764705
diffusion,2019-06-12 12:00:00,7,0.021875644250826554,0.058823529411764705
diffusion,2019-06-12 12:00:00,8,0.01926136311300297,0.058823529411764705
diffusion,2019-06-12 12:00:00,9,0.021029896351819843,0.058823529411764705
diffusion,2019-06-12 12:00:00,10,0.02013350531035485,0.058823529411764705
diffusion,2019-06-12 12:00:00,11,0.020412013255963757,0.058823529411764705
diffusion,2019-06-12 12:00:00,12,0.02244308612682744,0.058823529411764705
diffusion,2019-06-12 12:00:00,13,0.02563264341199556,0.058823529411764705
diffusion,2019-06-12 12:00:00,14,0.03033458550044088,0.058823529411764705
diffusion,2019-06-12 12:00:00,15,0.0450238614043883,0.058823529411764705
diffusion,2019-06-12 12:00:00,16,0.2480685494847421,0.058823529411764705
diffusion,2019-07-12 12:00:00,0,0.32272280964787114,0.058823529411764705
diffusion,2019-07-12 12:00:00,1,0.06161695074763429,0.058823529411764705
diffusion,2019-07-12 12:00:00,2,0.04101803598138076,0.058823529411764705
diffusion,2019-07-12 12:00:00,3,0.03216909853989591,0.058823529411764705
diffusion,2019-07-12 12:00:00,4,0.025394671478068176,0.058823529411764705
diffusion,2019-07-12 12:00:00,5,0.023110370478661935,0.058823529411764705
diffusion,2019-07-12 12:00:00,6,0.023248223650341515,0.058823529411764705
diffusion,2019-07-12 12:00:00,7,0.020004606029374372,0.058823529411764705
diffusion,2019-07-12 12:00:00,8,0.020845153166192176,0.058823529411764705
diffusion,2019-07-12 12:00:00,9,0.020045930293122183,0.058823529411764705
diffusion,2019-07-12 12:00:00,10,0.020098862295640174,0.058823529411764705
diffusion,2019-07-12 12:00:00,11,0.02031893143976049,0.058823529411764705
diffusion,2019-07-12 12:00:00,12,0.02173664241854567,0.058823529411764705
diffusion,2019-07-12 12:00:00,13,0.025478574272256083,0.058823529411764705
diffusion,2019-07-12 12:00:00,14,0.030593365713230014,0.058823529411764705
diffusion,2019-07-12 12:00:00,15,0.046727010605536634,0.058823529411764705
diffusion,2019-07-12 12:00:00,16,0.24487077333105844,0.058823529411764705
diffusion,2019-08-11 12:00:00,0,0.31006509715683706,0.058823529411764705
diffusion,2019-08-11 12:00:00,1,0.06214165129790672,0.058823529411764705
diffusion,2019-08-11 12:00:00,2,0.04257529870989174,0.058823529411764705
diffusion,2019-08-11 12:00:00,3,0.032296906228282296,0.058823529411764705
diffusion,2019-08-11 12:00:00,4,0.030344228310525523,0.058823529411764705
diffusion,2019-08-11 12:00:00,5,0.02653290547192455,0.058823529411764705
diffusion,2019-08-11 12:00:00,6,0.02417708566986221,0.058823529411764705
diffusion,2019-08-11 12:00:00,7,0.024738597122222927,0.058823529411764705
diffusion,2019-08-11 12:00:00,8,0.021695108314020217,0.058823529411764705
diffusion,2019-08-11 12:00:00,9,0.022274212238698965,0.058823529411764705
diffusion,2019-08-11 12:00:00,10,0.020793064267252248,0.058823529411764705
diffusion,2019-08-11 12:00:00,11,0.021229591410303783,0.058823529411764705
diffusion,2019-08-11 12:00:00,12,0.02208278351923809,0.058823529411764705
diffusion,2019-08-11 12:00:00,13,0.026220353531698493,0.058823529411764705
diffusion,2019-08-11 12:00:00,14,0.03141017001553337,0.058823529411764705
diffusion,2019-08-11 12:00:00,15,0.04101424863347347,0.058823529411764705
diffusion,2019-08-11 12:00:00,16,0.24040870819089832,0.058823529411764705
diffusion,2019-09-10 12:00:00,0,0.31858017753802415,0.058823529411764705
diffusion,2019-09-10 12:00:00,1,0.059631678954872314,0.058823529411764705
diffusion,2019-09-10 12:00:00,2,0.04270533166720725,0.058823529411764705
diffusion,2019-09-10 12:00:00,3,0.03271953461467092,0.058823529411764705
diffusion,2019-09-10 12:00:00,4,0.030144239658739025,0.058823529411764705
diffusion,2019-09-10 12:00:00,5,0.026247773545662767,0.058823529411764705
diffusion,2019-09-10 12:00:00,6,0.023691050286458903,0.058823529411764705
diffusion,2019-09-10 12:00:00,7,0.022854196492801293,0.058823529411764705
diffusion,2019-09-10 12:00:00,8,0.022450782268720104,0.058823529411764705
diffusion,2019-09-10 12:00:00,9,0.02175118771651796,0.058823529411764705
diffusion,2019-09-10 12:00:00,10,0.02293477884325057,0.058823529411764705
diffusion,2019-09-10 12:00:00,11,0.021708012178805802,0.058823529411764705
diffusion,2019-09-10 12:00:00,12,0.023686363714205072,0.058823529411764705
diffusion,2019-09-10 12:00:00,13,0.025582988498626946,0.058823529411764705
diffusion,2019-09-10 12:00:00,14,0.02917514484397543,0.058823529411764705
diffusion,2019-09-10 12:00:00,15,0.04386762861668103,0.058823529411764705
diffusion,2019-09-10 12:00:00,16,0.23226914064935045,0.058823529411764705
diffusion,2019-10-10 12:00:00,0,0.3283024891484274,0.058823529411764705
diffusion,2019-10-10 12:00:00,1,0.05793579518132219,0.058823529411764705
diffusion,2019-10-10 12:00:00,2,0.03858465198527483,0.058823529411764705
diffusion,2019-10-10 12:00:00,3,0.029925694923747415,0.058823529411764705
diffusion,2019-10-10 12:00:00,4,0.02834519011798875,0.058823529411764705
diffusion,2019-10-10 12:00:00,5,0.023210586212599083,0.058823529411764705
diffusion,2019-10-10 12:00:00,6,0.022096629623547415,0.058823529411764705
diffusion,2019-10-10 12:00:00,7,0.02085730186922774,0.058823529411764705
diffusion,2019-10-10 12:00:00,8,0.020027185886874577,0.058823529411764705
diffusion,2019-10-10 12:00:00,9,0.01951148816647219,0.058823529411764705
diffusion,2019-10-10 12:00:00,10,0.01967081615123334,0.058823529411764705
diffusion,2019-10-10 12:00:00,11,0.022458712262618974,0.058823529411764705
diffusion,2019-10-10 12:00:00,12,0.021973570741010917,0.058823529411764705
diffusion,2019-10-10 12:00:00,13,0.026715430476997426,0.058823529411764705
diffusion,2019-10-10 12:00:00,14,0.03083697150577791,0.058823529411764705
diffusion,2019-10-10 12:00:00,15,0.04265451096489414,0.058823529411764705
diffusion,2019-10-10 12:00:00,16,0.24689298487055567,0.058823529411764705
diffusion,2019-11-09 12:00:00,0,0.3315272519209316,0.058823529411764705
diffusion,2019-11-09 12:00:00,1,0.06050872356416903,0.058823529411764705
diffusion,2019-11-09 12:00:00,2,0.039064618153076935,0.058823529411764705
diffusion,2019-11-09 12:00:00,3,0.03177938538181024,0.058823529411764705
diffusion,2019-11-09 12:00:00,4,0.025862084844447963,0.058823529411764705
diffusion,2019-11-09 12:00:00,5,0.02331426065842379,0.058823529411764705
diffusion,2019-11-09 12:00:00,6,0.023629601089737662,0.058823529411764705
diffusion,2019-11-09 12:00:00,7,0.02065700770094736,0.058823529411764705
diffusion,2019-11-09 12:00:00,8,0.019602308344587982,0.058823529411764705
diffusion,2019-11-09 12:00:00,9,0.02090435671539126,0.058823529411764705
diffusion,2019-11-09 12:00:00,10,0.02145070071048849,0.058823529411764705
diffusion,2019-11-09 12:00:00,11,0.021826867630238667,0.058823529411764705
diffusion,2019-11-09 12:00:00,12,0.021685993259097813,0.058823529411764705
diffusion,2019-11-09 12:00:00,13,0.02420063129341088,0.058823529411764705
diffusion,2019-11-09 12:00:00,14,0.031247468445144477,0.058823529411764705
diffusion,2019-11-09 12:00:00,15,0.0430617736133172,0.058823529411764705
diffusion,2019-11-09 12:00:00,16,0.23967697676334865,0.058823529411764705
diffusion,2019-12-09 12:00:00,0,0.30407313758507826,0.058823529411764705
diffusion,2019-12-09 12:00:00,1,0.05543276535775021,0.058823529411764705
diffusion,2019-12-09 12:00:00,2,0.03613045587007946,0.058823529411764705
diffusion,2019-12-09 12:00:00,3,0.030481266057847733,0.058823529411764705
diffusion,2019-12-09 12:00:00,4,0.02675632223355251,0.058823529411764705
diffusion,2019-12-09 12:00:00,5,0.024385854430761356,0.058823529411764705
diffusion,2019-12-09 12:00:00,6,0.024043171982555123,0.058823529411764705
diffusion,2019-12-09 12:00:00,7,0.021551105634046053,0.058823529411764705
diffusion,2019-12-09 12:00:00,8,0.02116642229759691,0.058823529411764705
diffusion,2019-12-09 12:00:00,9,0.0205352036715567,0.058823529411764705
diffusion,2019-12-09 12:00:00,10,0.02277438930940434,0.058823529411764705
diffusion,2019-12-09 12:00:00,11,0.021467261669442905,0.058823529411764705
diffusion,2019-12-09 12:00:00,12,0.023511267382787082,0.058823529411764705
diffusion,2019-12-09 12:00:00,13,0.0276440786378771,0.058823529411764705
diffusion,2019-12-09 12:00:00,14,0.0312409593952907,0.058823529411764705
diffusion,2019-12-09 12:00:00,15,0.04516485355225086,0.058823529411764705
diffusion,2019-12-09 12:00:00,16,0.2636414950206927,0.058823529411764705
diffusion,2020-01-08 12:00:00,0,0.33082605454626446,0.058823529411764705
diffusion,2020-01-08 12:00:00,1,0.05933970353987661,0.058823529411764705
diffusion,2020-01-08 12:00:00,2,0.036593320535473595,0.058823529411764705
diffusion,2020-01-08 12:00:00,3,0.029513891560441152,0.058823529411764705
diffusion,2020-01-08 12:00:00,4,0.024352497690927066,0.058823529411764705
diffusion,2020-01-08 12:00:00,5,0.02189476184759087,0.058823529411764705
diffusion,2020-01-08 12:00:00,6,0.02162645030546173,0.058823529411764705
diffusion,2020-01-08 12:00:00,7,0.021969990544846496,0.058823529411764705
diffusion,2020-01-08 12:00:00,8,0.0206402746424601,0.058823529411764705
diffusion,2020-01-08 12:00:00,9,0.019521969007541884,0.058823529411764705
diffusion,2020-01-08 12:00:00,10,0.02144166899108768,0.058823529411764705
diffusion,2020-01-08 12:00:00,11,0.022052955114418182,0.058823529411764705
diffusion,2020-01-08 12:00:00,12,0.021929497459495906,0.058823529411764705
diffusion,2020-01-08 12:00:00,13,0.025553495773237955,0.058823529411764705
diffusion,2020-01-08 12:00:00,14,0.03010659724668585,0.058823529411764705
diffusion,2020-01-08 12:00:00,15,0.04570405812091849,0.058823529411764705
diffusion,2020-01-08 12:00:00,16,0.24693282316184195,0.058823529411764705
diffusion,2020-02-07 12:00:00,0,0.33343510898100703,0.058823529411764705
diffusion,2020-02-07 12:00:00,1,0.05503659992928078,0.058823529411764705
diffusion,2020-02-07 12:00:00,2,0.0351629826669182,0.058823529411764705
diffusion,2020-02-07 12:00:00,3,0.028520699849536868,0.058823529411764705
diffusion,2020-02-07 12:00:00,4,0.024501994931199533,0.058823529411764705
diffusion,2020-02-07 12:00:00,5,0.021489699429650955,0.058823529411764705
diffusion,2020-02-07 12:00:00,6,0.02069990284655887,0.058823529411764705
diffusion,2020-02-07 12:00:00,7,0.02015841691826381,0.058823529411764705
diffusion,2020-02-07 12:00:00,8,0.019820134582460014,0.058823529411764705
diffusion,2020-02-07 12:00:00,9,0.02113014600581664,0.058823529411764705
diffusion,2020-02-07 12:00:00,10,0.01992205881879272,0.058823529411764705
diffusion,2020-02-07 12:00:00,11,0.021675810725810152,0.058823529411764705
diffusion,2020-02-07 12:00:00,12,0.023262390473064443,0.058823529411764705
diffusion,2020-02-07 12:00:00,13,0.025057679023120727,0.058823529411764705
diffusion,2020-02-07 12:00:00,14,0.031024715053717955,0.058823529411764705
diffusion,2020-02-07 12:00:00,15,0.04466586953230944,0.058823529411764705
diffusion,2020-02-07 12:00:00,16,0.25443580032106183,0.058823529411764705
diffusion,2020-03-08 12:00:00,0,0.35743826251734845,0.058823529411764705
diffusion,2020-03-08 12:00:00,1,0.05472009707898451,0.058823529411764705
diffusion,2020-03-08 12:00:00,2,0.03365510789132031,0.058823529411764705
diffusion,2020-03-08 12:00:00,3,0.026675155417876795,0.058823529411764705
diffusion,2020-03-08 12:00:00,4,0.023168442087467156,0.058823529411764705
diffusion,2020-03-08 12:00:00,5,0.021429288600813834,0.058823529411764705
diffusion,2020-03-08 12:00:00,6,0.020630683249066806,0.058823529411764705
diffusion,2020-03-08 12:00:00,7,0.01986229268322859,0.058823529411764705
diffusion,2020-03-08 12:00:00,8,0.01911769754542547,0.058823529411764705
diffusion,2020-03-08 12:00:00,9,0.018936097518690076,0.058823529411764705
diffusion,2020-03-08 12:00:00,10,0.02094115418913134,0.058823529411764705
diffusion,2020-03-08 12:00:00,11,0.02022398935696401,0.058823529411764705
diffusion,2020-03-08 12:00:00,12,0.022131599688236747,0.058823529411764705
diffusion,2020-03-08 12:00:00,13,0.02511568914860618,0.058823529411764705
diffusion,2020-03-08 12:00:00,14,0.030816595907708688,0.058823529411764705
diffusion,2020-03-08 12:00:00,15,0.040221699860921944,0.058823529411764705
diffusion,2020-03-08 12:00:00,16,0.24491615734677907,0.058823529411764705
diffusion,2020-04-07 12:00:00,0,0.3417169038073098,0.058823529411764705
diffusion,2020-04-07 12:00:00,1,0.05115681073186806,0.058823529411764705
diffusion,2020-04-07 12:00:00,2,0.03302910060119757,0.058823529411764705
diffusion,2020-04-07 12:00:00,3,0.02653351332787679,0.058823529411764705
diffusion,2020-04-07 12:00:00,4,0.022920920581157134,0.058823529411764705
diffusion,2020-04-07 12:00:00,5,0.021379311265604883,0.058823529411764705
diffusion,2020-04-07 12:00:00,6,0.01946543871230233,0.058823529411764705
diffusion,2020-04-07 12:00:00,7,0.01956687994203321,0.058823529411764705
diffusion,2020-04-07 12:00:00,8,0.01843998010753012,0.058823529411764705
diffusion,2020-04-07 12:00:00,9,0.018625495470473652,0.058823529411764705
diffusion,2020-04-07 12:00:00,10,0.01915367650428834,0.058823529411764705
diffusion,2020-04-07 12:00:00,11,0.020562028175845626,0.058823529411764705
diffusion,2020-04-07 12:00:00,12,0.021438145538468234,0.058823529411764705
diffusion,2020-04-07 12:00:00,13,0.024551801280267682,0.058823529411764705
diffusion,2020-04-07 12:00:00,14,0.029326502314688696,0.058823529411764705
diffusion,2020-04-07 12:00:00,15,0.04130433942145828,0.058823529411764705
diffusion,2020-04-07 12:00:00,16,0.2708291623061996,0.058823529411764705
diffusion,2020-05-07 12:00:00,0,0.35100328430155514,0.058823529411764705
diffusion,2020-05-07 12:00:00,1,0.05587707644389184,0.058823529411764705
diffusion,2020-05-07 12:00:00,2,0.0362941701971522,0.058823529411764705
diffusion,2020-05-07 12:00:00,3,0.02801626023853032,0.058823529411764705
diffusion,2020-05-07 12:00:00,4,0.02403579578611925,0.058823529411764705
diffusion,2020-05-07 12:00:00,5,0.020685292293819657,0.058823529411764705
diffusion,2020-05-07 12:00:00,6,0.018489141072279835,0.058823529411764705
diffusion,2020-05-07 12:00:00,7,0.01946559890723165,0.058823529411764705
diffusion,2020-05-07 12:00:00,8,0.018500664735256578,0.058823529411764705
diffusion,2020-05-07 12:00:00,9,0.01849433738470907,0.058823529411764705
diffusion,2020-05-07 12:00:00,10,0.01869551470008446,0.058823529411764705
diffusion,2020-05-07 12:00:00,11,0.019204831122806354,0.058823529411764705
diffusion,2020-05-07 12:00:00,12,0.02001364731677313,0.058823529411764705
diffusion,2020-05-07 12:00:00,13,0.02409860517946072,0.058823529411764705
diffusion,2020-05-07 12:00:00,14,0.027654967438593303,0.058823529411764705
diffusion,2020-05-07 12:00:00,15,0.0392579775602826,0.058823529411764705
diffusion,2020-05-07 12:00:00,16,0.2602128454100239,0.058823529411764705
diffusion,2020-06-06 12:00:00,0,0.3477883930903545,0.058823529411764705
diffusion,2020-06-06 12:00:00,1,0.05934465565371738,0.058823529411764705
diffusion,2020-06-06 12:00:00,2,0.03733046164057896,0.058823529411764705
diffusion,2020-06-06 12:00:00,3,0.02834627157886871,0.058823529411764705
diffusion,2020-06-06 12:00:00,4,0.024873195988675434,0.058823529411764705
diffusion,2020-06-06 12:00:00,5,0.022037890422780038,0.058823529411764705
diffusion,2020-06-06 12:00:00,6,0.020141057657951933,0.058823529411764705
diffusion,2020-06-06 12:00:00,7,0.01837099502779438,0.058823529411764705
diffusion,2020-06-06 12:00:00,8,0.018819351345314317,0.058823529411764705
diffusion,2020-06-06 12:00:00,9,0.01955234707793352,0.058823529411764705
diffusion,2020-06-06 12:00:00,10,0.018659429435956554,0.058823529411764705
diffusion,2020-06-06 12:00:00,11,0.020665750305397523,0.058823529411764705
diffusion,2020-06-06 12:00:00,12,0.021023823069754144,0.058823529411764705
diffusion,2020-06-06 12:00:00,13,0.024281575612349116,0.058823529411764705
diffusion,2020-06-06 12:00:00,14,0.027570953076974547,0.058823529411764705
diffusion,2020-06-06 12:00:00,15,0.04156528003386484,0.058823529411764705
diffusion,2020-06-06 12:00:00,16,0.2496285790703041,0.058823529411764705
diffusion,2020-07-06 12:00:00,0,0.3265620063473307,0.058823529411764705
diffusion,2020-07-06 12:00:00,1,0.05827784812998971,0.058823529411764705
diffusion,2020-07-06 12:00:00,2,0.039322346125516106,0.058823529411764705
diffusion,2020-07-06 12:00:00,3,0.031832804744283294,0.058823529411764705
diffusion,2020-07-06 12:00:00,4,0.02700984575875509,0.058823529411764705
diffusion,2020-07-06 12:00:00,5,0.025691280246348924,0.058823529411764705
diffusion,2020-07-06 12:00:00,6,0.02281264645301917,0.058823529411764705
diffusion,2020-07-06 12:00:00,7,0.021621459230516393,0.058823529411764705
diffusion,2020-07-06 12:00:00,8,0.021221903520597607,0.058823529411764705
diffusion,2020-07-06 12:00:00,9,0.0205687359549529,0.058823529411764705
diffusion,2020-07-06 12:00:00,10,0.019065994903257888,0.058823529411764705
diffusion,2020-07-06 12:00:00,11,0.02362860732023364,0.058823529411764705
diffusion,2020-07-06 12:00:00,12,0.022613420657421557,0.058823529411764705
diffusion,2020-07-06 12:00:00,13,0.025994315980824467,0.058823529411764705
diffusion,2020-07-06 12:00:00,14,0.02920323771149924,0.058823529411764705
diffusion,2020-07-06 12:00:00,15,0.04197670285475397,0.058823529411764705
diffusion,2020-07-06 12:00:00,16,0.24259685414926935,0.058823529411764705
diffusion,2020-08-05 12:00:00,0,0.3136105628561836,0.058823529411764705
diffusion,2020-08-05 12:00:00,1,0.05418002668574218,0.058823529411764705
diffusion,2020-08-05 12:00:00,2,0.038099041016664614,0.058823529411764705
diffusion,2020-08-05 12:00:00,3,0.03062513380416476,0.058823529411764705
diffusion,2020-08-05 12:00:00,4,0.027977968439699907,0.058823529411764705
diffusion,2020-08-05 12:00:00,5,0.02594944148910372,0.058823529411764705
diffusion,2020-08-05 12:00:00,6,0.023572850067409945,0.058823529411764705
diffusion,2020-08-05 12:00:00,7,0.021138581686727775,0.058823529411764705
diffusion,2020-08-05 12:00:00,8,0.02155056235869779,0.058823529411764705
diffusion,2020-08-05 12:00:00,9,0.02148097931558368,0.058823529411764705
diffusion,2020-08-05 12:00:00,10,0.021242804038138274,0.058823529411764705
diffusion,2020-08-05 12:00:00,11,0.02258351470254638,0.058823529411764705
diffusion,2020-08-05 12:00:00,12,0.024045338933774474,0.058823529411764705
diffusion,2020-08-05 12:00:00,13,0.026037477798581676,0.058823529411764705
diffusion,2020-08-05 12:00:00,14,0.03066206055427756,0.058823529411764705
diffusion,2020-08-05 12:00:00,15,0.043264628938686656,0.058823529411764705
diffusion,2020-08-05 12:00:00,16,0.253979037402587,0.058823529411764705
diffusion,2020-09-04 12:00:00,0,0.3218883413636604,0.058823529411764705
diffusion,2020-09-04 12:00:00,1,0.06348032790720026,0.058823529411764705
diffusion,2020-09-04 12:00:00,2,0.042131017779411195,0.058823529411764705
diffusion,2020-09-04 12:00:00,3,0.02991044480961591,0.058823529411764705
diffusion,2020-09-04 12:00:00,4,0.02803523917646089,0.058823529411764705
diffusion,2020-09-04 12:00:00,5,0.02241515187006371,0.058823529411764705
diffusion,2020-09-04 12:00:00,6,0.0214108439781171,0.058823529411764705
diffusion,2020-09-04 12:00:00,7,0.021674151955267007,0.058823529411764705
diffusion,2020-09-04 12:00:00,8,0.02037660976117195,0.058823529411764705
diffusion,2020-09-04 12:00:00,9,0.019990391626834025,0.058823529411764705
diffusion,2020-09-04 12:00:00,10,0.020041215489072783,0.058823529411764705
diffusion,2020-09-04 12:00:00,11,0.021997042846123804,0.058823529411764705
diffusion,2020-09-04 12:00:00,12,0.02180488138264991,0.058823529411764705
diffusion,2020-09-04 12:00:00,13,0.026132962251722347,0.058823529411764705
diffusion,2020-09-04 12:00:00,14,0.02864658692624289,0.058823529411764705
diffusion,2020-09-04 12:00:00,15,0.04166715615656358,0.058823529411764705
diffusion,2020-09-04 12:00:00,16,0.24839764480839222,0.058823529411764705
diffusion,2020-10-04 12:00:00,0,0.35466262461415,0.058823529411764705
diffusion,2020-10-04 12:00:00,1,0.06554332264295226,0.058823529411764705
diffusion,2020-10-04 12:00:00,2,0.04044952222233178,0.058823529411764705
diffusion,2020-10-04 12:00:00,3,0.032401920245376914,0.058823529411764705
diffusion,2020-10-04 12:00:00,4,0.027797819571560467,0.058823529411764705
diffusion,2020-10-04 12:00:00,5,0.02488049204299614,0.058823529411764705
diffusion,2020-10-04 12:00:00,6,0.022778783579781248,0.058823529411764705
diffusion,2020-10-04 12:00:00,7,0.02123568198680914,0.058823529411764705
diffusion,2020-10-04 12:00:00,8,0.020504188399911527,0.058823529411764705
diffusion,2020-10-04 12:00:00,9,0.01929077699804793,0.058823529411764705
diffusion,2020-10-04 12:00:00,10,0.018730220636882677,0.058823529411764705
diffusion,2020-10-04 12:00:00,11,0.020661593489876395,0.058823529411764705
diffusion,2020-10-04 12:00:00,12,0.021770376496078825,0.058823529411764705
diffusion,2020-10-04 12:00:00,13,0.02327746162109179,0.058823529411764705
diffusion,2020-10-04 12:00:00,14,0.028024474937865307,0.058823529411764705
diffusion,2020-10-04 12:00:00,15,0.0366074631151605,0.058823529411764705
diffusion,2020-10-04 12:00:00,16,0.2213832874876971,0.058823529411764705
diffusion,2020-11-03 12:00:00,0,0.33854198546117686,0.058823529411764705
diffusion,2020-11-03 12:00:00,1,0.05936436162215841,0.058823529411764705
diffusion,2020-11-03 12:00:00,2,0.03653281677918585,0.058823529411764705
diffusion,2020-11-03 12:00:00,3,0.029380614920569315,0.058823529411764705
diffusion,2020-11-03 12:00:00,4,0.025243464583468267,0.058823529411764705
diffusion,2020-11-03 12:00:00,5,0.02185181366917277,0.058823529411764705
diffusion,2020-11-03 12:00:00,6,0.020530261753492596,0.058823529411764705
diffusion,2020-11-03 12:00:00,7,0.019616402964061308,0.058823529411764705
diffusion,2020-11-03 12:00:00,8,0.01997580705801738,0.058823529411764705
diffusion,2020-11-03 12:00:00,9,0.01909149565062762,0.058823529411764705
diffusion,2020-11-03 12:00:00,10,0.01995886218855958,0.058823529411764705
diffusion,2020-11-03 12:00:00,11,0.01855579805760499,0.058823529411764705
diffusion,2020-11-03 12:00:00,12,0.020967709663636924,0.058823529411764705
diffusion,2020-11-03 12:00:00,13,0.02353471961851028,0.058823529411764705
diffusion,2020-11-03 12:00:00,14,0.029761954790956224,0.058823529411764705
diffusion,2020-11-03 12:00:00,15,0.04434955168881061,0.058823529411764705
diffusion,2020-11-03 12:00:00,16,0.252742389618561,0.058823529411764705
diffusion,2020-12-03 12:00:00,0,0.3327743584945324,0.058823529411764705
diffusion,2020-12-03 12:00:00,1,0.06118138494383629,0.058823529411764705
diffusion,2020-12-03 12:00:00,2,0.03999984459892403,0.058823529411764705
diffusion,2020-12-03 12:00:00,3,0.030161498876907444,0.058823529411764705
diffusion,2020-12-03 12:00:00,4,0.025233719724553794,0.058823529411764705
diffusion,2020-12-03 12:00:00,5,0.02263913829096964,0.058823529411764705
diffusion,2020-12-03 12:00:00,6,0.021487067379382552,0.058823529411764705
diffusion,2020-12-03 12:00:00,7,0.0204743404191845,0.058823529411764705
diffusion,2020-12-03 12:00:00,8,0.018550635080828215,0.058823529411764705
diffusion,2020-12-03 12:00:00,9,0.020267436048015952,0.058823529411764705
diffusion,2020-12-03 12:00:00,10,0.020382000274366874,0.058823529411764705
diffusion,2020-12-03 12:00:00,11,0.019707909694716363,0.058823529411764705
diffusion,2020-12-03 12:00:00,12,0.02224354375857729,0.058823529411764705
diffusion,2020-12-03 12:00:00,13,0.023941224460031663,0.058823529411764705
diffusion,2020-12-03 12:00:00,14,0.028861068118658295,0.058823529411764705
diffusion,2020-12-03 12:00:00,15,0.042029674154946406,0.058823529411764705
diffusion,2020-12-03 12:00:00,16,0.25006516577013826,0.058823529411764705
diffusion,2021-01-03 12:00:00,0,0.3342516930531474,0.058823529411764705
diffusion,2021-01-03 12:00:00,1,0.055467527347275336,0.058823529411764705
diffusion,2021-01-03 12:00:00,2,0.035915523777816816,0.058823529411764705
diffusion,2021-01-03 12:00:00,3,0.02813317388734049,0.058823529411764705
diffusion,2021-01-03 12:00:00,4,0.023269363242263807,0.058823529411764705
diffusion,2021-01-03 12:00:00,5,0.02086884369902009,0.058823529411764705
diffusion,2021-01-03 12:00:00,6,0.019230321007228213,0.058823529411764705
diffusion,2021-01-03 12:00:00,7,0.017351398216987945,0.058823529411764705
diffusion,2021-01-03 12:00:00,8,0.017754156160663115,0.058823529411764705
diffusion,2021-01-03 12:00:00,9,0.01808761235588463,0.058823529411764705
diffusion,2021-01-03 12:00:00,10,0.018938867316592223,0.058823529411764705
diffusion,2021-01-03 12:00:00,11,0.018899689655881957,0.058823529411764705
diffusion,2021-01-03 12:00:00,12,0.021741208336607087,0.058823529411764705
diffusion,2021-01-03 12:00:00,13,0.02475093015391394,0.058823529411764705
diffusion,2021-01-03 12:00:00,14,0.030922482369078352,0.058823529411764705
diffusion,2021-01-03 12:00:00,15,0.0419755806201465,0.058823529411764705
diffusion,2021-01-03 12:00:00,16,0.2724416388887221,0.058823529411764705
diffusion,2021-02-02 12:00:00,0,0.3302224935614504,0.058823529411764705
diffusion,2021-02-02 12:00:00,1,0.05771419522989163,0.058823529411764705
diffusion,2021-02-02 12:00:00,2,0.037367726658828815,0.058823529411764705
diffusion,2021-02-02 12:00:00,3,0.029691495857775863,0.058823529411764705
diffusion,2021-02-02 12:00:00,4,0.0251563487603903,0.058823529411764705
diffusion,2021-02-02 12:00:00,5,0.022680759676291018,0.058823529411764705
diffusion,2021-02-02 12:00:00,6,0.021646872229950986,0.058823529411764705
diffusion,2021-02-02 12:00:00,7,0.017447038422460537,0.058823529411764705
diffusion,2021-02-02 12:00:00,8,0.019694950216035068,0.058823529411764705
diffusion,2021-02-02 12:00:00,9,0.018410292412227136,0.058823529411764705
diffusion,2021-02-02 12:00:00,10,0.017767169065791677,0.058823529411764705
diffusion,2021-02-02 12:00:00,11,0.02053398920907057,0.058823529411764705
diffusion,2021-02-02 12:00:00,12,0.02086456635652212,0.058823529411764705
diffusion,2021-02-02 12:00:00,13,0.024611974366962386,0.058823529411764705
diffusion,2021-02-02 12:00:00,14,0.028479673947003903,0.058823529411764705
diffusion,2021-02-02 12:00:00,15,0.0431712043277912,0.058823529411764705
diffusion,2021-02-02 12:00:00,16,0.2645392597901264,0.058823529411764705
diffusion,2021-03-04 12:00:00,0,0.3184535078406725,0.058823529411764705
diffusion,2021-03-04 12:00:00,1,0.05451049342087799,0.058823529411764705
diffusion,2021-03-04 12:00:00,2,0.03730891802268843,0.058823529411764705
diffusion,2021-03-04 12:00:00,3,0.031016482707400428,0.058823529411764705
diffusion,2021-03-04 12:00:00,4,0.023896343146361687,0.058823529411764705
diffusion,2021-03-04 12:00:00,5,0.023076853698853483,0.058823529411764705
diffusion,2021-03-04 12:00:00,6,0.02050911596018068,0.058823529411764705
diffusion,2021-03-04 12:00:00,7,0.020250531007263817,0.058823529411764705
diffusion,2021-03-04 12:00:00,8,0.020517594050488697,0.058823529411764705
diffusion,2021-03-04 12:00:00,9,0.01981377089396119,0.058823529411764705
diffusion,2021-03-04 12:00:00,10,0.01837307854611936,0.058823529411764705
diffusion,2021-03-04 12:00:00,11,0.02174792041796536,0.058823529411764705
diffusion,2021-03-04 12:00:00,12,0.022377865940143238,0.058823529411764705
diffusion,2021-03-04 12:00:00,13,0.02613409879268147,0.058823529411764705
diffusion,2021-03-04 12:00:00,14,0.028822694386235526,0.058823529411764705
diffusion,2021-03-04 12:00:00,15,0.04563598248796552,0.058823529411764705
diffusion,2021-03-04 12:00:00,16,0.2675547587687106,0.058823529411764705
diffusion,2021-04-03 12:00:00,0,0.3124488218397232,0.058823529411764705
diffusion,2021-04-03 12:00:00,1,0.05830360120893374,0.058823529411764705
diffusion,2021-04-03 12:00:00,2,0.03702799099596632,0.058823529411764705
diffusion,2021-04-03 12:00:00,3,0.029765944832433888,0.058823529411764705
diffusion,2021-04-03 12:00:00,4,0.025901365364802587,0.058823529411764705
diffusion,2021-04-03 12:00:00,5,0.02167683485447469,0.058823529411764705
diffusion,2021-04-03 12:00:00,6,0.02149406986688973,0.058823529411764705
diffusion,2021-04-03 12:00:00,7,0.019524832745787535,0.058823529411764705
diffusion,2021-04-03 12:00:00,8,0.02105746850304513,0.058823529411764705
diffusion,2021-04-03 12:00:00,9,0.018730011752268183,0.058823529411764705
diffusion,2021-04-03 12:00:00,10,0.019860767889440467,0.058823529411764705
diffusion,2021-04-03 12:00:00,11,0.019534441956693627,0.058823529411764705
diffusion,2021-04-03 12:00:00,12,0.02374656737629266,0.058823529411764705
diffusion,2021-04-03 12:00:00,13,0.025073721065382415,0.058823529411764705
diffusion,2021-04-03 12:00:00,14,0.031552234472201235,0.058823529411764705
diffusion,2021-04-03 12:00:00,15,0.04204071233971263,0.058823529411764705
diffusion,2021-04-03 12:00:00,16,0.2722606230245219,0.058823529411764705
diffusion,2021-05-03 12:00:00,0,0.3299026965216285,0.058823529411764705
diffusion,2021-05-03 12:00:00,1,0.052279946310761716,0.058823529411764705
diffusion,2021-05-03 12:00:00,2,0.03300766070026384,0.058823529411764705
diffusion,2021-05-03 12:00:00,3,0.02830587429997422,0.058823529411764705
diffusion,2021-05-03 12:00:00,4,0.024514312565315777,0.058823529411764705
diffusion,2021-05-03 12:00:00,5,0.021821866294203573,0.058823529411764705
diffusion,2021-05-03 12:00:00,6,0.020250317856834954,0.058823529411764705
diffusion,2021-05-03 12:00:00,7,0.019751758965639965,0.058823529411764705
diffusion,2021-05-03 12:00:00,8,0.018534601963608566,0.058823529411764705
diffusion,2021-05-03 12:00:00,9,0.019270112234039516,0.058823529411764705
diffusion,2021-05-03 12:00:00,10,0.019803681310804677,0.058823529411764705
diffusion,2021-05-03 12:00:00,11,0.019672567309498845,0.058823529411764705
diffusion,2021-05-03 12:00:00,12,0.022461409582319902,0.058823529411764705
diffusion,2021-05-03 12:00:00,13,0.02493847621144596,0.058823529411764705
diffusion,2021-05-03 12:00:00,14,0.03049149251091876,0.058823529411764705
diffusion,2021-05-03 12:00:00,15,0.04395181342806609,0.058823529411764705
diffusion,2021-05-03 12:00:00,16,0.2710414220232451,0.058823529411764705
diffusion,2021-06-02 12:00:00,0,0.33156070327873977,0.058823529411764705
diffusion,2021-06-02 12:00:00,1,0.05556593025391976,0.058823529411764705
diffusion,2021-06-02 12:00:00,2,0.03632232068883923,0.058823529411764705
diffusion,2021-06-02 12:00:00,3,0.027084694737766313,0.058823529411764705
diffusion,2021-06-02 12:00:00,4,0.022143757337630632,0.058823529411764705
diffusion,2021-06-02 12:00:00,5,0.021190965068001333,0.058823529411764705
diffusion,2021-06-02 12:00:00,6,0.020717820791105623,0.058823529411764705
diffusion,2021-06-02 12:00:00,7,0.020945885767559957,0.058823529411764705
diffusion,2021-06-02 12:00:00,8,0.018816167230397696,0.058823529411764705
diffusion,2021-06-02 12:00:00,9,0.01978736017281335,0.058823529411764705
diffusion,2021-06-02 12:00:00,10,0.019518525977673562,0.058823529411764705
diffusion,2021-06-02 12:00:00,11,0.020475953573622974,0.058823529411764705
diffusion,2021-06-02 12:00:00,12,0.022146362172406953,0.058823529411764705
diffusion,2021-06-02 12:00:00,13,0.025335184385767207,0.058823529411764705
diffusion,2021-06-02 12:00:00,14,0.03282245646641968,0.058823529411764705
diffusion,2021-06-02 12:00:00,15,0.04921970753775895,0.058823529411764705
diffusion,2021-06-02 12:00:00,16,0.256346214648147,0.058823529411764705
diffusion,2021-07-02 12:00:00,0,0.320438599194631,0.058823529411764705
diffusion,2021-07-02 12:00:00,1,0.05705161851477669,0.058823529411764705
diffusion,2021-07-02 12:00:00,2,0.038461898639354786,0.058823529411764705
diffusion,2021-07-02 12:00:00,3,0.031914045156554494,0.058823529411764705
diffusion,2021-07-02 12:00:00,4,0.02543502082289706,0.058823529411764705
diffusion,2021-07-02 12:00:00,5,0.022763163409308618,0.058823529411764705
diffusion,2021-07-02 12:00:00,6,0.02191511226919829,0.058823529411764705
diffusion,2021-07-02 12:00:00,7,0.020618528219074506,0.058823529411764705
diffusion,2021-07-02 12:00:00,8,0.019165173865985707,0.058823529411764705
diffusion,2021-07-02 12:00:00,9,0.019817785604573146,0.058823529411764705
diffusion,2021-07-02 12:00:00,10,0.021612324730540422,0.058823529411764705
diffusion,2021-07-02 12:00:00,11,0.021404479196007742,0.058823529411764705
diffusion,2021-07-02 12:00:00,12,0.022394418113890424,0.058823529411764705
diffusion,2021-07-02 12:00:00,13,0.025893658197219338,0.058823529411764705
diffusion,2021-07-02 12:00:00,14,0.030428357189066446,0.058823529411764705
diffusion,2021-07-02 12:00:00,15,0.04497970865895695,0.058823529411764705
diffusion,2021-07-02 12:00:00,16,0.25570611830653434,0.058823529411764705
diffusion,2021-08-01 12:00:00,0,0.28855859966444086,0.058823529411764705
diffusion,2021-08-01 12:00:00,1,0.05551616448815366,0.058823529411764705
diffusion,2021-08-01 12:00:00,2,0.03674070048668909,0.058823529411764705
diffusion,2021-08-01 12:00:00,3,0.029219766057224206,0.058823529411764705
diffusion,2021-08-01 12:00:00,4,0.02538845752138741,0.058823529411764705
diffusion,2021-08-01 12:00:00,5,0.024258946138843385,0.058823529411764705
diffusion,2021-08-01 12:00:00,6,0.02194051283817089,0.058823529411764705
diffusion,2021-08-01 12:00:00,7,0.02151300143498247,0.058823529411764705
diffusion,2021-08-01 12:00:00,8,0.020202767102546204,0.058823529411764705
diffusion,2021-08-01 12:00:00,9,0.02111195929819587,0.058823529411764705
diffusion,2021-08-01 12:00:00,10,0.020564589411151246,0.058823529411764705
diffusion,2021-08-01 12:00:00,11,0.02306865158061555,0.058823529411764705
diffusion,2021-08-01 12:00:00,12,0.023534903311428934,0.058823529411764705
diffusion,2021-08-01 12:00:00,13,0.029046038677279284,0.058823529411764705
diffusion,2021-08-01 12:00:00,14,0.03279236663001939,0.058823529411764705
diffusion,2021-08-01 12:00:00,15,0.04568458730545899,0.058823529411764705
diffusion,2021-08-01 12:00:00,16,0.28085799814198253,0.058823529411764705
diffusion,2021-08-31 12:00:00,0,0.3342921904399532,0.058823529411764705
diffusion,2021-08-31 12:00:00,1,0.0569217886211959,0.058823529411764705
diffusion,2021-08-31 12:00:00,2,0.03799646099446363,0.058823529411764705
diffusion,2021-08-31 12:00:00,3,0.029507886395663263,0.058823529411764705
diffusion,2021-08-31 12:00:00,4,0.02713508658456476,0.058823529411764705
diffusion,2021-08-31 12:00:00,5,0.02301095824600452,0.058823529411764705
diffusion,2021-08-31 12:00:00,6,0.022565314774794842,0.058823529411764705
diffusion,2021-08-31 12:00:00,7,0.019350462967167914,0.058823529411764705
diffusion,2021-08-31 12:00:00,8,0.019117259511062912,0.058823529411764705
diffusion,2021-08-31 12:00:00,9,0.01920851409158786,0.058823529411764705
diffusion,2021-08-31 12:00:00,10,0.018234199633752723,0.058823529411764705
diffusion,2021-08-31 12:00:00,11,0.019379163913981756,0.058823529411764705
diffusion,2021-08-31 12:00:00,12,0.021459218032305216,0.058823529411764705
diffusion,2021-08-31 12:00:00,13,0.0246522895427006,0.058823529411764705
diffusion,2021-08-31 12:00:00,14,0.02933432694999283,0.058823529411764705
diffusion,2021-08-31 12:00:00,15,0.04259681366966106,0.058823529411764705
diffusion,2021-08-31 12:00:00,16,0.255238075719717,0.058823529411764705
diffusion,2021-09-30 12:00:00,0,0.3660262912774215,0.058823529411764705
diffusion,2021-09-30 12:00:00,1,0.059822698895629856,0.058823529411764705
diffusion,2021-09-30 12:00:00,2,0.03817771861054098,0.058823529411764705
diffusion,2021-09-30 12:00:00,3,0.02949291206431326,0.058823529411764705
diffusion,2021-09-30 12:00:00,4,0.026345606305653746,0.058823529411764705
diffusion,2021-09-30 12:00:00,5,0.021991899931663283,0.058823529411764705
diffusion,2021-09-30 12:00:00,6,0.019601328899170767,0.058823529411764705
diffusion,2021-09-30 12:00:00,7,0.018347408911722596,0.058823529411764705
diffusion,2021-09-30 12:00:00,8,0.01871203128257548,0.058823529411764705
diffusion,2021-09-30 12:00:00,9,0.018963108454954636,0.058823529411764705
diffusion,2021-09-30 12:00:00,10,0.016686880986526376,0.058823529411764705
diffusion,2021-09-30 12:00:00,11,0.018628087900196988,0.058823529411764705
diffusion,2021-09-30 12:00:00,12,0.020468460651954956,0.058823529411764705
diffusion,2021-09-30 12:00:00,13,0.02167618734665666,0.058823529411764705
diffusion,2021-09-30 12:00:00,14,0.026408939411794563,0.058823529411764705
diffusion,2021-09-30 12:00:00,15,0.03877848538604667,0.058823529411764705
diffusion,2021-09-30 12:00:00,16,0.2398719637717477,0.058823529411764705
diffusion,2021-10-30 12:00:00,0,0.3505917588146872,0.058823529411764705
diffusion,2021-10-30 12:00:00,1,0.060689107584323665,0.058823529411764705
diffusion,2021-10-30 12:00:00,2,0.03754018277635396,0.058823529411764705
diffusion,2021-10-30 12:00:00,3,0.02715212536446643,0.058823529411764705
diffusion,2021-10-30 12:00:00,4,0.024733051861517197,0.058823529411764705
diffusion,2021-10-30 12:00:00,5,0.020906487655167894,0.058823529411764705
diffusion,2021-10-30 12:00:00,6,0.017698713821459933,0.058823529411764705
diffusion,2021-10-30 12:00:00,7,0.01936898482227889,0.058823529411764705
diffusion,2021-10-30 12:00:00,8,0.018300858687211985,0.058823529411764705
diffusion,2021-10-30 12:00:00,9,0.016587129474373796,0.058823529411764705
diffusion,2021-10-30 12:00:00,10,0.018814210391610686,0.058823529411764705
diffusion,2021-10-30 12:00:00,11,0.018447640207341465,0.058823529411764705
diffusion,2021-10-30 12:00:00,12,0.021131585892362637,0.058823529411764705
diffusion,2021-10-30 12:00:00,13,0.021286828901793342,0.058823529411764705
diffusion,2021-10-30 12:00:00,14,0.026410368637243664,0.058823529411764705
diffusion,2021-10-30 12:00:00,15,0.041140396499940834,0.058823529411764705
diffusion,2021-10-30 12:00:00,16,0.2592005786964364,0.058823529411764705
diffusion,2021-11-29 12:00:00,0,0.345706722145394,0.058823529411764705
diffusion,2021-11-29 12:00:00,1,0.05955284118675763,0.058823529411764705
diffusion,2021-11-29 12:00:00,2,0.039267621707892886,0.058823529411764705
diffusion,2021-11-29 12:00:00,3,0.02989982818274939,0.058823529411764705
diffusion,2021-11-29 12:00:00,4,0.027471053187468897,0.058823529411764705
diffusion,2021-11-29 12:00:00,5,0.021875524542906533,0.058823529411764705
diffusion,2021-11-29 12:00:00,6,0.019755612895323793,0.058823529411764705
diffusion,2021-11-29 12:00:00,7,0.019816648897858613,0.058823529411764705
diffusion,2021-11-29 12:00:00,8,0.017983498844387213,0.058823529411764705
diffusion,2021-11-29 12:00:00,9,0.017660723146036617,0.058823529411764705
diffusion,2021-11-29 12:00:00,10,0.019049344749873853,0.058823529411764705
diffusion,2021-11-29 12:00:00,11,0.018844918687591417,0.058823529411764705
diffusion,2021-11-29 12:00:00,12,0.021362990340094257,0.058823529411764705
diffusion,2021-11-29 12:00:00,13,0.0227868666042923,0.058823529411764705
diffusion,2021-11-29 12:00:00,14,0.02749148822385905,0.058823529411764705
diffusion,2021-11-29 12:00:00,15,0.03926753376435954,0.058823529411764705
diffusion,2021-11-29 12:00:00,16,0.252206792981724,0.058823529411764705
diffusion,2021-12-29 12:00:00,0,0.35311795989974826,0.058823529411764705
diffusion,2021-12-29 12:00:00,1,0.057497369044597235,0.058823529411764705
diffusion,2021-12-29 12:00:00,2,0.03607485927511789,0.058823529411764705
diffusion,2021-12-29 12:00:00,3,0.028535231759576618,0.058823529411764705
diffusion,2021-12-29 12:00:00,4,0.024543909177054957,0.058823529411764705
diffusion,2021-12-29 12:00:00,5,0.021592605150601685,0.058823529411764705
diffusion,2021-12-29 12:00:00,6,0.018831116016826854,0.058823529411764705
diffusion,2021-12-29 12:00:00,7,0.018877699260428926,0.058823529411764705
diffusion,2021-12-29 12:00:00,8,0.01775370384393682,0.058823529411764705
diffusion,2021-12-29 12:00:00,9,0.017191429243212042,0.058823529411764705
diffusion,2021-12-29 12:00:00,10,0.018628471394549706,0.058823529411764705
diffusion,2021-12-29 12:00:00,11,0.01861312950950378,0.058823529411764705
diffusion,2021-12-29 12:00:00,12,0.021240312608824752,0.058823529411764705
diffusion,2021-12-29 12:00:00,13,0.024385515626363485,0.058823529411764705
diffusion,2021-12-29 12:00:00,14,0.02951741266224417,0.058823529411764705
diffusion,2021-12-29 12:00:00,15,0.04038284001990178,0.058823529411764705
diffusion,2021-12-29 12:00:00,16,0.25321644559608103,0.058823529411764705
diffusion,2022-01-28 12:00:00,0,0.3736631310095504,0.058823529411764705
diffusion,2022-01-28 12:00:00,1,0.05781491211297407,0.058823529411764705
diffusion,2022-01-28 12:00:00,2,0.03500841208119709,0.058823529411764705
diffusion,2022-01-28 12:00:00,3,0.028937625874277728,0.058823529411764705
diffusion,2022-01-28 12:00:00,4,0.02160809399219943,0.058823529411764705
diffusion,2022-01-28 12:00:00,5,0.02030204334459995,0.058823529411764705
diffusion,2022-01-28 12:00:00,6,0.019309636958041665,0.058823529411764705
diffusion,2022-01-28 12:00:00,7,0.018380698805685824,0.058823529411764705
diffusion,2022-01-28 12:00:00,8,0.018311315817754803,0.058823529411764705
diffusion,2022-01-28 12:00:00,9,0.016928786049447808,0.058823529411764705
diffusion,2022-01-28 12:00:00,10,0.01656659383843362,0.058823529411764705
diffusion,2022-01-28 12:00:00,11,0.018396889282030315,0.058823529411764705
diffusion,2022-01-28 12:00:00,12,0.01914039923076416,0.058823529411764705
diffusion,2022-01-28 12:00:00,13,0.022221630003514292,0.058823529411764705
diffusion,2022-01-28 12:00:00,14,0.02721008967500893,0.058823529411764705
diffusion,2022-01-28 12:00:00,15,0.041058717311443615,0.058823529411764705
diffusion,2022-01-28 12:00:00,16,0.24514103470164628,0.058823529411764705
diffusion,2022-02-27 12:00:00,0,0.3572091234368031,0.058823529411764705
diffusion,2022-02-27 12:00:00,1,0.057665705005945256,0.058823529411764705
diffusion,2022-02-27 12:00:00,2,0.03398065047679211,0.058823529411764705
diffusion,2022-02-27 12:00:00,3,0.026185978299110957,0.058823529411764705
diffusion,2022-02-27 12:00:00,4,0.021647623993032994,0.058823529411764705
diffusion,2022-02-27 12:00:00,5,0.01994388506454925,0.058823529411764705
diffusion,2022-02-27 12:00:00,6,0.017559769483455057,0.058823529411764705
diffusion,2022-02-27 12:00:00,7,0.016109363976511304,0.058823529411764705
diffusion,2022-02-27 12:00:00,8,0.016966478529525375,0.058823529411764705
diffusion,2022-02-27 12:00:00,9,0.01659818802670543,0.058823529411764705
diffusion,2022-02-27 12:00:00,10,0.016804455763576698,0.058823529411764705
diffusion,2022-02-27 12:00:00,11,0.017688963097953092,0.058823529411764705
diffusion,2022-02-27 12:00:00,12,0.019582846299726953,0.058823529411764705
diffusion,2022-02-27 12:00:00,13,0.02186938150362039,0.058823529411764705
diffusion,2022-02-27 12:00:00,14,0.02730235173658002,0.058823529411764705
diffusion,2022-02-27 12:00:00,15,0.04115958711508938,0.058823529411764705
diffusion,2022-02-27 12:00:00,16,0.2717256582795926,0.058823529411764705
diffusion,2022-03-29 12:00:00,0,0.37002366046181123,0.058823529411764705
diffusion,2022-03-29 12:00:00,1,0.05590415174555119,0.058823529411764705
diffusion,2022-03-29 12:00:00,2,0.03465886001515628,0.058823529411764705
diffusion,2022-03-29 12:00:00,3,0.02492129215482919,0.058823529411764705
diffusion,2022-03-29 12:00:00,4,0.021297319297787,0.058823529411764705
diffusion,2022-03-29 12:00:00,5,0.018745835520462606,0.058823529411764705
diffusion,2022-03-29 12:00:00,6,0.018130536149101317,0.058823529411764705
diffusion,2022-03-29 12:00:00,7,0.016595012759353267,0.058823529411764705
diffusion,2022-03-29 12:00:00,8,0.01617536917774487,0.058823529411764705
diffusion,2022-03-29 12:00:00,9,0.015619567730027484,0.058823529411764705
diffusion,2022-03-29 12:00:00,10,0.016424059770088206,0.058823529411764705
diffusion,2022-03-29 12:00:00,11,0.015570235741506622,0.058823529411764705
diffusion,2022-03-29 12:00:00,12,0.018154904662424087,0.058823529411764705
diffusion,2022-03-29 12:00:00,13,0.021136899002613063,0.058823529411764705
diffusion,2022-03-29 12:00:00,14,0.0260750516022199,0.058823529411764705
diffusion,2022-03-29 12:00:00,15,0.038026587232252496,0.058823529411764705
diffusion,2022-03-29 12:00:00,16,0.2725406670656412,0.058823529411764705
diffusion,2022-04-28 12:00:00,0,0.36269723062417825,0.058823529411764705
diffusion,2022-04-28 12:00:00,1,0.05619045210460172,0.058823529411764705
diffusion,2022-04-28 12:00:00,2,0.03461040577121821,0.058823529411764705
diffusion,2022-04-28 12:00:00,3,0.026979420523332465,0.058823529411764705
diffusion,2022-04-28 12:00:00,4,0.022173306438617146,0.058823529411764705
diffusion,2022-04-28 12:00:00,5,0.01858406298697446,0.058823529411764705
diffusion,2022-04-28 12:00:00,6,0.01806118008607882,0.058823529411764705
diffusion,2022-04-28 12:00:00,7,0.01796461148023809,0.058823529411764705
diffusion,2022-04-28 12:00:00,8,0.01680410313520042,0.058823529411764705
diffusion,2022-04-28 12:00:00,9,0.01758189887550543,0.058823529411764705
diffusion,2022-04-28 12:00:00,10,0.016568482053571643,0.058823529411764705
diffusion,2022-04-28 12:00:00,11,0.020061267766777746,0.058823529411764705
diffusion,2022-04-28 12:00:00,12,0.01981153225960952,0.058823529411764705
diffusion,2022-04-28 12:00:00,13,0.02301604216972919,0.058823529411764705
diffusion,2022-04-28 12:00:00,14,0.02777394417216783,0.058823529411764705
diffusion,2022-04-28 12:00:00,15,0.042514174381722114,0.058823529411764705
diffusion,2022-04-28 12:00:00,16,0.2586078952590469,0.058823529411764705
diffusion,2022-05-28 12:00:00,0,0.34319458276905834,0.058823529411764705
diffusion,2022-05-28 12:00:00,1,0.06058569856287477,0.058823529411764705
diffusion,2022-05-28 12:00:00,2,0.036090685963642954,0.058823529411764705
diffusion,2022-05-28 12:00:00,3,0.02710681134948345,0.058823529411764705
diffusion,2022-05-28 12:00:00,4,0.023132039583970254,0.058823529411764705
diffusion,2022-05-28 12:00:00,5,0.020688086572135944,0.058823529411764705
diffusion,2022-05-28 12:00:00,6,0.01888894538888053,0.058823529411764705
diffusion,2022-05-28 12:00:00,7,0.018316276520181418,0.058823529411764705
diffusion,2022-05-28 12:00:00,8,0.016492374899371498,0.058823529411764705
diffusion,2022-05-28 12:00:00,9,0.01768358311301199,0.058823529411764705
diffusion,2022-05-28 12:00:00,10,0.016845180356540368,0.058823529411764705
diffusion,2022-05-28 12:00:00,11,0.01872556378475565,0.058823529411764705
diffusion,2022-05-28 12:00:00,12,0.019598639095420367,0.058823529411764705
diffusion,2022-05-28 12:00:00,13,0.02273170288071924,0.058823529411764705
diffusion,2022-05-28 12:00:00,14,0.028161827409803664,0.058823529411764705
diffusion,2022-05-28 12:00:00,15,0.03959055906670983,0.058823529411764705
diffusion,2022-05-28 12:00:00,16,0.2721674527720097,0.058823529411764705
diffusion,2022-06-27 12:00:00,0,0.32408503461886085,0.058823529411764705
diffusion,2022-06-27 12:00:00,1,0.06015554084819996,0.058823529411764705
diffusion,2022-06-27 12:00:00,2,0.03809921200655708,0.058823529411764705
diffusion,2022-06-27 12:00:00,3,0.029677673077117106,0.058823529411764705
diffusion,2022-06-27 12:00:00,4,0.024940477250822823,0.058823529411764705
diffusion,2022-06-27 12:00:00,5,0.022984387317706023,0.058823529411764705
diffusion,2022-06-27 12:00:00,6,0.021484410945049603,0.058823529411764705
diffusion,2022-06-27 12:00:00,7,0.02065613231388852,0.058823529411764705
diffusion,2022-06-27 12:00:00,8,0.01945637564131175,0.058823529411764705
diffusion,2022-06-27 12:00:00,9,0.019744418211303127,0.058823529411764705
diffusion,2022-06-27 12:00:00,10,0.02013205335197199,0.058823529411764705
diffusion,2022-06-27 12:00:00,11,0.021088632542614505,0.058823529411764705
diffusion,2022-06-27 12:00:00,12,0.02091046041186928,0.058823529411764705
diffusion,2022-06-27 12:00:00,13,0.024808346434383566,0.058823529411764705
diffusion,2022-06-27 12:00:00,14,0.029709825422742142,0.058823529411764705
diffusion,2022-06-27 12:00:00,15,0.044073407921587204,0.058823529411764705
diffusion,2022-06-27 12:00:00,16,0.25799362177258445,0.058823529411764705
diffusion,2022-07-27 12:00:00,0,0.3315829993674697,0.058823529411764705
diffusion,2022-07-27 12:00:00,1,0.055839597154658804,0.058823529411764705
diffusion,2022-07-27 12:00:00,2,0.036368561501944896,0.058823529411764705
diffusion,2022-07-27 12:00:00,3,0.030546468455327158,0.058823529411764705
diffusion,2022-07-27 12:00:00,4,0.026205752503017266,0.058823529411764705
diffusion,2022-07-27 12:00:00,5,0.02354716297458026,0.058823529411764705
diffusion,2022-07-27 12:00:00,6,0.021010402636420622,0.058823529411764705
diffusion,2022-07-27 12:00:00,7,0.020530541726316187,0.058823529411764705
diffusion,2022-07-27 12:00:00,8,0.020284935547579153,0.058823529411764705
diffusion,2022-07-27 12:00:00,9,0.020305489577367553,0.058823529411764705
diffusion,2022-07-27 12:00:00,10,0.01874258094267134,0.058823529411764705
diffusion,2022-07-27 12:00:00,11,0.02087460303437183,0.058823529411764705
diffusion,2022-07-27 12:00:00,12,0.02195078437034681,0.058823529411764705
diffusion,2022-07-27 12:00:00,13,0.02516160282993951,0.058823529411764705
diffusion,2022-07-27 12:00:00,14,0.029634624971095036,0.058823529411764705
diffusion,2022-07-27 12:00:00,15,0.04128026611533642,0.058823529411764705
diffusion,2022-07-27 12:00:00,16,0.2561336363801274,0.058823529411764705
diffusion,2022-08-26 12:00:00,0,0.34504141352738316,0.058823529411764705
diffusion,2022-08-26 12:00:00,1,0.059564146572768095,0.058823529411764705
diffusion,2022-08-26 12:00:00,2,0.041027784639254605,0.058823529411764705
diffusion,2022-08-26 12:00:00,3,0.030365534546206163,0.058823529411764705
diffusion,2022-08-26 12:00:00,4,0.027344661605013698,0.058823529411764705
diffusion,2022-08-26 12:00:00,5,0.02225847147951754,0.058823529411764705
diffusion,2022-08-26 12:00:00,6,0.020666916313132333,0.058823529411764705
diffusion,2022-08-26 12:00:00,7,0.018985625224559044,0.058823529411764705
diffusion,2022-08-26 12:00:00,8,0.01872116187314532,0.058823529411764705
diffusion,2022-08-26 12:00:00,9,0.019235206718349218,0.058823529411764705
diffusion,2022-08-26 12:00:00,10,0.019417572855672915,0.058823529411764705
diffusion,2022-08-26 12:00:00,11,0.02021354863745728,0.058823529411764705
diffusion,2022-08-26 12:00:00,12,0.020275168529224175,0.058823529411764705
diffusion,2022-08-26 12:00:00,13,0.023553560453365208,0.058823529411764705
diffusion,2022-08-26 12:00:00,14,0.028797792683235457,0.058823529411764705
diffusion,2022-08-26 12:00:00,15,0.04098079347431849,0.058823529411764705
diffusion,2022-08-26 12:00:00,16,0.24355065095596728,0.058823529411764705
diffusion,2022-09-25 12:00:00,0,0.3353687378315726,0.058823529411764705
diffusion,2022-09-25 12:00:00,1,0.06047889940276718,0.058823529411764705
diffusion,2022-09-25 12:00:00,2,0.038303239054130245,0.058823529411764705
diffusion,2022-09-25 12:00:00,3,0.029465401296363325,0.058823529411764705
diffusion,2022-09-25 12:00:00,4,0.025227932925588448,0.058823529411764705
diffusion,2022-09-25 12:00:00,5,0.0245956121620452,0.058823529411764705
diffusion,2022-09-25 12:00:00,6,0.02078402611493857,0.058823529411764705
diffusion,2022-09-25 12:00:00,7,0.019294452563713094,0.058823529411764705
diffusion,2022-09-25 12:00:00,8,0.020601945697876545,0.058823529411764705
diffusion,2022-09-25 12:00:00,9,0.020451018261610443,0.058823529411764705
diffusion,2022-09-25 12:00:00,10,0.020157463060058944,0.058823529411764705
diffusion,2022-09-25 12:00:00,11,0.021704335866161273,0.058823529411764705
diffusion,2022-09-25 12:00:00,12,0.022805208170666447,0.058823529411764705
diffusion,2022-09-25 12:00:00,13,0.026329490987336612,0.058823529411764705
diffusion,2022-09-25 12:00:00,14,0.03008213242765123,0.058823529411764705
diffusion,2022-09-25 12:00:00,15,0.045451405367202824,0.058823529411764705
diffusion,2022-09-25 12:00:00,16,0.23889870889888698,0.058823529411764705
diffusion,2022-10-25 12:00:00,0,0.34558721269695525,0.058823529411764705
diffusion,2022-10-25 12:00:00,1,0.06090648073814009,0.058823529411764705
diffusion,2022-10-25 12:00:00,2,0.039792502675311425,0.058823529411764705
diffusion,2022-10-25 12:00:00,3,0.029832419748686334,0.058823529411764705
diffusion,2022-10-25 12:00:00,4,0.02447416694195681,0.058823529411764705
diffusion,2022-10-25 12:00:00,5,0.022434572602833214,0.058823529411764705
diffusion,2022-10-25 12:00:00,6,0.022261288208596852,0.058823529411764705
diffusion,2022-10-25 12:00:00,7,0.02013247422905806,0.058823529411764705
diffusion,2022-10-25 12:00:00,8,0.01917522226233359,0.058823529411764705
diffusion,2022-10-25 12:00:00,9,0.01817701966911045,0.058823529411764705
diffusion,2022-10-25 12:00:00,10,0.019104888322999614,0.058823529411764705
diffusion,2022-10-25 12:00:00,11,0.020615181246739667,0.058823529411764705
diffusion,2022-10-25 12:00:00,12,0.020617925501483114,0.058823529411764705
diffusion,2022-10-25 12:00:00,13,0.022796880050918844,0.058823529411764705
diffusion,2022-10-25 12:00:00,14,0.02884647625251091,0.058823529411764705
diffusion,2022-10-25 12:00:00,15,0.043238892126282735,0.058823529411764705
diffusion,2022-10-25 12:00:00,16,0.24200640681465302,0.058823529411764705
diffusion,2022-11-24 12:00:00,0,0.34827743889337626,0.058823529411764705
diffusion,2022-11-24 12:00:00,1,0.05911741354259448,0.058823529411764705
diffusion,2022-11-24 12:00:00,2,0.036974050745129716,0.058823529411764705
diffusion,2022-11-24 12:00:00,3,0.02855963782604931,0.058823529411764705
diffusion,2022-11-24 12:00:00,4,0.02558077097955902,0.058823529411764705
diffusion,2022-11-24 12:00:00,5,0.022255304200939463,0.058823529411764705
diffusion,2022-11-24 12:00:00,6,0.020552116370595286,0.058823529411764705
diffusion,2022-11-24 12:00:00,7,0.018449176049216476,0.058823529411764705
diffusion,2022-11-24 12:00:00,8,0.017696007372705935,0.058823529411764705
diffusion,2022-11-24 12:00:00,9,0.01895867202028967,0.058823529411764705
diffusion,2022-11-24 12:00:00,10,0.01813736954727574,0.058823529411764705
diffusion,2022-11-24 12:00:00,11,0.01905422983372773,0.058823529411764705
diffusion,2022-11-24 12:00:00,12,0.02120598842475374,0.058823529411764705
diffusion,2022-11-24 12:00:00,13,0.023872717856647796,0.058823529411764705
diffusion,2022-11-24 12:00:00,14,0.026420173412134318,0.058823529411764705
diffusion,2022-11-24 12:00:00,15,0.041223536827146745,0.058823529411764705
diffusion,2022-11-24 12:00:00,16,0.2536654061864283,0.058823529411764705
