run,mode,region,lead_days,variable,normalized_mse,physical_mse,prediction_second_moment,target_second_moment,normalized_rmse,physical_rmse,prediction_rms,target_rms,rms_ratio
A,inferred,extratropics,0,so,0.005657661090092956,0.014914940978473594,1203.8414718084423,1203.8131713542705,0.07521742544180142,0.1221267414552341,34.69641871733223,34.69601088532038,1.0000117544352056
A,inferred,extratropics,0,sst,0.0,0.0,264.66212894940617,264.66212894940617,0.0,0.0,16.268439659334454,16.268439659334454,1.0
A,inferred,extratropics,0,thetao,0.005397329321416546,0.13384203301925848,90.73792630159762,91.88061453580991,0.07346651837004764,0.365844274274258,9.525645715729597,9.585437628810169,0.9937622135372453
A,inferred,extratropics,0,ts,0.005527495205754752,,,,0.07434712641222088,,,,
A,inferred,extratropics,0,uo,0.20804279456623112,0.00042814981836205196,0.0033788830142959182,0.0036498695552275684,0.45611708427357894,0.020691781420700633,0.05812816025211806,0.06041415028970919,0.9621613475215836
A,inferred,extratropics,0,vo,0.2047728456869713,0.00023271680903410493,0.002974994921101192,0.0030889873151848375,0.45251833740410047,0.015255058473637685,0.054543514014969666,0.05557865881059777,0.981375138987148
A,inferred,extratropics,0,zos,0.0,0.0,0.48620438304814423,0.48620438304814423,0.0,0.0,0.697283574342709,0.697283574342709,1.0
A,inferred,extratropics,5,so,0.0055268784960932375,0.014135094918200893,1203.8972066081249,1203.8158635205882,0.07434297879486157,0.11889110529472292,34.69722188602605,34.69604968178061,1.000033784948321
A,inferred,extratropics,5,sst,0.0006651715969318272,0.0900792926173619,263.6533150721078,264.80069678720804,0.025790920823650854,0.3001321252671261,16.237404813334788,16.272697895161947,0.9978311474806122
A,inferred,extratropics,5,thetao,0.005213778410424342,0.1251699544580059,90.85441752542417,91.89021460419285,0.07220649839470365,0.3537936608505103,9.531758364825672,9.585938378906514,0.9943479697094587
A,inferred,extratropics,5,ts,0.0053703284532587905,,,,0.07328252488321339,,,,
A,inferred,extratropics,5,uo,0.1942299300154145,0.000434635043204796,0.003333452635464054,0.0036474312009881155,0.44071524822204017,0.020847902609250554,0.057736060096477436,0.06039396659425605,0.9559905293912024
A,inferred,extratropics,5,vo,0.2036102270209396,0.00027286869126184773,0.002881859404246588,0.003091959232748583,0.45123189938316594,0.016518737580755005,0.053682952640913745,0.05560538852259359,0.9654271657341497
A,inferred,extratropics,5,zos,0.001367734693992609,0.0006340223454488797,0.4834158251983951,0.4863526396679156,0.03698289731744403,0.02517980034569138,0.6952811123555673,0.6973898763732634,0.9969762050050646
A,inferred,extratropics,10,so,0.005506004518391055,0.013964356195453765,1203.891007824441,1203.8172161582934,0.07420245628273403,0.11817087710368306,34.69713255910985,34.69606917445106,1.0000306485629091
A,inferred,extratropics,10,sst,0.0009943211281840982,0.1346535900927553,263.5444408378216,264.84413516882694,0.03153285791335917,0.3669517544483952,16.23405189217472,16.274032541715865,0.9975432856338058
A,inferred,extratropics,10,thetao,0.00524458458334073,0.12722198430596537,90.84997293326322,91.89780742649144,0.07241950416386962,0.356681909137491,9.53152521547644,9.58633441032032,0.9942825701151344
A,inferred,extratropics,10,ts,0.005375294550865892,,,,0.07331640028578798,,,,
A,inferred,extratropics,10,uo,0.19763288617625252,0.0004563956799403513,0.0033288980110078876,0.003650042322148721,0.44455920435443974,0.021363419200595004,0.05769660311498319,0.060415580127552534,0.9549954331841406
A,inferred,extratropics,10,vo,0.23227457840397658,0.00035821857438858004,0.002847737440929132,0.0030950805369513337,0.4819487300574373,0.018926663054764304,0.053364196245508394,0.05563344800523633,0.9592106575973083
A,inferred,extratropics,10,zos,0.0016786484235915978,0.0007781484352443101,0.483215094214738,0.4864606968682222,0.040971312202461835,0.027895312065727283,0.6951367449752157,0.697467344660825,0.9966584820014152
A,inferred,extratropics,15,so,0.005532352194008761,0.013992866189531487,1203.9006311963176,1203.8167773930713,0.07437978350337382,0.11829144596940003,34.69727123559312,34.696062851468774,1.0000348277016191
A,inferred,extratropics,15,sst,0.0013504907890984506,0.18288702547851232,263.57676773841933,264.9074671581538,0.036749024328524026,0.4276529264234168,16.235047512662824,16.275978224308172,0.997485207274103
A,inferred,extratropics,15,thetao,0.005310003349551459,0.13150690121802353,90.86811153675971,91.90559417755247,0.07286976979208497,0.3626388026921878,9.532476673811466,9.586740539805616,0.9943396959822958
A,inferred,extratropics,15,ts,0.00542117777178011,,,,0.07362864776552745,,,,
A,inferred,extratropics,15,uo,0.20701478295729298,0.0004904612778898643,0.0033380156559459453,0.003641342693249186,0.4549887723420139,0.02214636037568847,0.05777556279211779,0.06034353895198048,0.9574440577324076
A,inferred,extratropics,15,vo,0.26155877605690586,0.0004357426523241787,0.002823391526623251,0.003082921659519059,0.5114281729206027,0.02087444974901563,0.053135595664519,0.055524063787866416,0.9569831896225621
A,inferred,extratropics,15,zos,0.002065446371250183,0.0009574511475305485,0.48152526791649636,0.48554731107721427,0.04544718221463442,0.030942707501615766,0.693920217255915,0.6968122495171954,0.9958496248260786
A,inferred,extratropics,20,so,0.005578974043562462,0.014107676537568557,1203.9023035790678,1203.815321375245,0.07469253003856853,0.11877574052628995,34.697295335214065,34.69604186899775,1.0000361270666276
A,inferred,extratropics,20,sst,0.001637710131366095,0.22178302599926183,263.586399579289,264.7955252907493,0.040468631449137184,0.47093845245346216,16.23534414723904,16.272538993370066,0.9977142567520545
A,inferred,extratropics,20,thetao,0.005410374771767245,0.13651299998627353,90.88250220929065,91.90216510698583,0.07355524979066583,0.3694766568895436,9.533231467309008,9.5865616936932,0.9944369808396187
A,inferred,extratropics,20,ts,0.005494674407664854,,,,0.07412607103890542,,,,
A,inferred,extratropics,20,uo,0.2189763043846208,0.0005332175306865156,0.0033469963327032327,0.0036474580241133764,0.46794904037151397,0.023091503430623904,0.05785323096166049,0.06039418866176924,0.9579271158962149
A,inferred,extratropics,20,vo,0.2881184319813539,0.0005112101386252642,0.0028106818624797562,0.0030871982566572026,0.53676664574222,0.02260995662590409,0.053015864252879595,0.05556256164592488,0.9541652271312788
A,inferred,extratropics,20,zos,0.00234884090575789,0.0010888205377873746,0.48131408474662085,0.4854934140287264,0.048464841955358634,0.032997280763532234,0.6937680338172268,0.6967735744334212,0.9956864888014182
A,inferred,extratropics,25,so,0.005662149327976905,0.014289825875992214,1203.910967780706,1203.8151419364283,0.07524725462086244,0.11954005971218273,34.6974201891251,34.69603928312897,1.0000398001046995
A,inferred,extratropics,25,sst,0.0019182161888991445,0.2597698956125914,263.48528944843946,264.69304988360165,0.04379744500423677,0.5096762654985921,16.232229959202755,16.26938996654766,0.9977159557044664
A,inferred,extratropics,25,thetao,0.005537330290024547,0.14240907726872878,90.89454515795114,91.897203308665,0.074413240018323,0.37737127244761065,9.533863076316502,9.58630290094492,0.99452971336601
A,inferred,extratropics,25,ts,0.005599739809000725,,,,0.0748314092410448,,,,
A,inferred,extratropics,25,uo,0.2308914601755294,0.0005693725682929284,0.0033590985425020043,0.003646291957531004,0.48051166497342124,0.023861529043481863,0.05795773065348577,0.060384534092191224,0.9598108443628899
A,inferred,extratropics,25,vo,0.31230786270850647,0.0005706216054282377,0.002795517610770055,0.0030822245559924397,0.5588451151334388,0.023887687318537926,0.052872654659758246,0.055517785942816915,0.9523552454742495
A,inferred,extratropics,25,zos,0.0025813201468230422,0.0011965878092626949,0.4812779769752965,0.48579827914334306,0.05080669391746566,0.03459173035947602,0.6937420103866397,0.6969923092426078,0.9953366790237613
A,inferred,extratropics,30,so,0.005757857440051845,0.014577013380881675,1203.9176813883073,1203.8158307478568,0.07588054717812626,0.12073530296016023,34.697516934044536,34.69604920949728,1.0000423023537461
A,inferred,extratropics,30,sst,0.0021978565691640546,0.2976395340278895,263.4718060734296,264.72332362936,0.04688130298065589,0.5455635013707291,16.23181462663462,16.27032032964809,0.9976333776942728
A,inferred,extratropics,30,thetao,0.005678987370931422,0.14863165076823345,90.90475006848071,91.8930253497211,0.07535905632988925,0.38552775615801443,9.534398254136477,9.58608498552569,0.994608150098058
A,inferred,extratropics,30,ts,0.005718422405491634,,,,0.0756202512921746,,,,
A,inferred,extratropics,30,uo,0.24325870422290904,0.0006158643641484081,0.003364677341911505,0.003653029506141431,0.4932126359116411,0.024816614679452315,0.05800583886051046,0.06044029703882527,0.959721273759608
A,inferred,extratropics,30,vo,0.3357902180635187,0.0006310962953246665,0.0027873787093926736,0.003089732657977778,0.5794740874823643,0.0251216300292132,0.05279563153701899,0.055585363702846974,0.9498117493529128
A,inferred,extratropics,30,zos,0.0028867682352699212,0.0013381802662736243,0.4805692220577086,0.486308480151976,0.05372865376379648,0.036581146322574754,0.6932310019450288,0.6973582150888996,0.9940816454806592
A,inferred,global,0,so,0.005535041957053592,0.015685674858322448,1210.1535886595186,1210.2027203703358,0.07439786258390486,0.12524246427758617,34.787261873558236,34.787968040262655,0.9999797008349668
A,inferred,global,0,sst,0.0,0.0,447.4121497568458,447.4121497568458,0.0,0.0,21.15211927341669,21.15211927341669,1.0
A,inferred,global,0,thetao,0.004795006522088885,0.14002900392604428,141.29079598890812,142.8450749442232,0.06924598560269675,0.3742044947966877,11.886580500249352,11.951781245664732,0.9945446838362249
A,inferred,global,0,ts,0.005165024239571238,,,,0.07186810307480808,,,,
A,inferred,global,0,uo,0.23542155617732177,0.0006714066024470874,0.005633680358977621,0.006036315295715531,0.485202592921062,0.02591151486206639,0.07505784675153972,0.07769372751847817,0.9660734418192054
A,inferred,global,0,vo,0.23673645066714294,0.0004078340729366465,0.00284784875916221,0.003028792257069194,0.4865557015051236,0.020194902152192926,0.053365239240185276,0.05503446426621408,0.9696694598869104
A,inferred,global,0,zos,0.0,0.0,0.3823900824845439,0.3823900824845439,0.0,0.0,0.6183769744132974,0.6183769744132974,1.0
A,inferred,global,5,so,0.005347210595595605,0.014706458676839184,1210.1659316489317,1210.2049461904198,0.07312462372960017,0.12127018873919172,34.787439279845415,34.788000031482404,0.9999838808889133
A,inferred,global,5,sst,0.0005723713271582727,0.0775120350899118,446.55718131017204,447.5149160057607,0.02392428321096105,0.2784098329619696,21.13189961433122,21.154548352677274,0.9989293679085715
A,inferred,global,5,thetao,0.004571968102649926,0.12837463296712326,141.49049369938982,142.85127031421823,0.06761633014775296,0.35829405935226344,11.894977667040397,11.95204042472323,0.9952256890325776
A,inferred,global,5,ts,0.004959589349122766,,,,0.07042435196097133,,,,
A,inferred,global,5,uo,0.22128120511532587,0.0006786075610103614,0.005534977414671667,0.006021049417328951,0.4704053625494993,0.02605009714013292,0.07439742881761215,0.07759542136833172,0.9587863240597757
A,inferred,global,5,vo,0.22642038572046866,0.0004213758793049132,0.0027372502787495574,0.0030267310920001978,0.4758365115462123,0.02052744210331412,0.05231873735813544,0.05501573494919611,0.9509777049502076
A,inferred,global,5,zos,0.0009706220342636081,0.00044993818161364544,0.38050819527019153,0.3824243370932762,0.031154807562615565,0.02121174631221214,0.6168534633688876,0.6184046709827443,0.9974915978377207
A,inferred,global,10,so,0.005306759099670326,0.014478016464545856,1210.1316226876081,1210.2051304315771,0.07284750578894467,0.12032462950097066,34.78694615351581,34.78800267953849,0.9999696295866016
A,inferred,global,10,sst,0.0008573786589561162,0.11610848020122505,446.2124297787445,447.5531859735046,0.029281028994147664,0.3407469445222144,21.123740903986313,21.15545286618806,0.9985010029138903
A,inferred,global,10,thetao,0.0045697530407202485,0.1292292824832672,141.51996387255312,142.85481616379704,0.06759994852601775,0.3594847458283414,11.896216367927792,11.9521887603818,0.9953169755284036
A,inferred,global,10,ts,0.0049382560701952865,,,,0.07027272636090966,,,,
A,inferred,global,10,uo,0.22442111467218726,0.000741158058691564,0.005521703166616969,0.006058213364304922,0.47373105732280973,0.02722421823839142,0.07430816352606871,0.07783452552887389,0.9546941157687533
A,inferred,global,10,vo,0.24554772048016163,0.00050021513435265,0.0027068756422504846,0.0030354276251364294,0.49552771918446864,0.02236548980802008,0.05202764305876718,0.05509471503816341,0.944330922171542
A,inferred,global,10,zos,0.0012105519999749445,0.0005611592810835697,0.3803209972502005,0.3825429512394799,0.034792987798907764,0.023688800752329563,0.6167017084865264,0.6185005668869511,0.9970915816464344
A,inferred,global,15,so,0.005311976389652181,0.014435531090110323,1210.1150731072028,1210.2040153150544,0.07288330665970214,0.12014795499762085,34.78670828214712,34.787986652220255,0.9999632525421515
A,inferred,global,15,sst,0.0011579834796120899,0.15681717725414215,446.12879774305554,447.6225280761719,0.034029156316489687,0.3960014864292079,21.12176123676848,21.157091673388663,0.9983300901104182
A,inferred,global,15,thetao,0.004603283016826891,0.13238744345708803,141.57011830488975,142.8625363302485,0.06784749823557897,0.36385085331367306,11.898324180526002,11.95251171638198,0.9954664310613718
A,inferred,global,15,ts,0.004957629703239536,,,,0.07041043745950977,,,,
A,inferred,global,15,uo,0.2315444604259485,0.0007975931534027113,0.0055355178399125165,0.00607172364122181,0.4811906695125629,0.028241691758864436,0.07440106074453856,0.07792126565464533,0.954823566063356
A,inferred,global,15,vo,0.2659621804413929,0.0005735638858098553,0.002688000909272331,0.003021085084922215,0.5157152125363309,0.02394919384467576,0.051845934356247556,0.05496439834040044,0.943263929410454
A,inferred,global,15,zos,0.0015008124385282565,0.0006957114003880424,0.3791820358748388,0.38176642012114476,0.03874032057854267,0.026376341679392203,0.6157775863693309,0.6178724950352983,0.996609480624562
A,inferred,global,20,so,0.005343707164431091,0.014496021735995165,1210.0934351221922,1210.202575716042,0.07310066459637074,0.12039942581256426,34.786397271378824,34.78796596117746,0.999954907113558
A,inferred,global,20,sst,0.0014040197570327918,0.19013605966712485,445.9995610400884,447.5783386230469,0.03747025162756172,0.4360459375652121,21.1187016892632,21.156047329854573,0.9982347534012807
A,inferred,global,20,thetao,0.004675672351774333,0.13676778163271455,141.60981203530372,142.8654907852846,0.06837888820223924,0.36982128336902753,11.899992102321065,11.95263530713142,0.9955956821690237
A,inferred,global,20,ts,0.005009689758102711,,,,0.07077916189177935,,,,
A,inferred,global,20,uo,0.24068223332500022,0.0008588745697858592,0.005545837753615707,0.006062034398403562,0.4905937558968726,0.02930656188954718,0.07447038172062573,0.07785906754131829,0.9564766708913609
A,inferred,global,20,vo,0.286496119580644,0.0006520291758240959,0.0026763024204369944,0.0030253581323639433,0.5352533228113993,0.02553486196994407,0.05173299160532855,0.055003255652406095,0.9405441730986975
A,inferred,global,20,zos,0.00172319648213529,0.0007987989775948869,0.3791038252488531,0.3817692986040404,0.041511401832933684,0.028263031995787127,0.6157140775139489,0.6178748243811528,0.9965029375175335
A,inferred,global,25,so,0.0054108711791789705,0.014633313364695005,1210.077972233644,1210.2032899020012,0.07355862409791913,0.12096823287415173,34.78617501585427,34.78797622601811,0.9999482231978044
A,inferred,global,25,sst,0.001637152556066511,0.22170751699895566,445.7900754369871,447.44390838314786,0.04046174188126991,0.4708582769782811,21.11374138889143,21.152869979819474,0.9981501994308397
A,inferred,global,25,thetao,0.004775131683167874,0.1420990652984515,141.6322490028393,142.86061202031462,0.06910232762481937,0.3769602967136612,11.900934795336008,11.952431217970451,0.9956915524803842
A,inferred,global,25,ts,0.005093001431173421,,,,0.07136526768094842,,,,
A,inferred,global,25,uo,0.2501325833669119,0.0009152529810331706,0.005560759991444607,0.006050301252170681,0.5001325657932224,0.03025314828299975,0.0745705034946433,0.07778368242871175,0.9586908354845077
A,inferred,global,25,vo,0.3052660743173673,0.000716682604590166,0.0026632277112649187,0.0030246617876605224,0.552508890713414,0.026770928347559522,0.051606469664809654,0.054996925256422496,0.9383519064783188
A,inferred,global,25,zos,0.0018994035857794961,0.0008804809309146495,0.3790953273725028,0.3820452109129742,0.04358214755814009,0.029672898930078427,0.6157071766452806,0.6180980593020611,0.9961318716006322
A,inferred,global,30,so,0.005500693267473929,0.014910416172904608,1210.061478074848,1210.2057858213093,0.07416665873203356,0.12210821500990263,34.78593793582183,34.78801209930383,0.999940377062188
A,inferred,global,30,sst,0.001870381737579404,0.2532920289521265,445.66094693270594,447.40683569089333,0.04324791021054548,0.5032812622700417,21.110683241731092,21.151993657593916,0.9980469729458342
A,inferred,global,30,thetao,0.004891592351441126,0.14796806739685806,141.64999323130056,142.8516729706198,0.06993991958417686,0.38466617656983837,11.901680269243522,11.952057269383367,0.9957850770788313
A,inferred,global,30,ts,0.005196142809457529,,,,0.07208427574344857,,,,
A,inferred,global,30,uo,0.26005098282704636,0.0009778852110606253,0.005572989012674702,0.00603941450658323,0.5099519416837692,0.03127115621560267,0.07465245483354652,0.07771367001102979,0.9606090514442466
A,inferred,global,30,vo,0.3240563268755928,0.0007824288333489072,0.0026605032562685123,0.0030287501390764563,0.5692594547968376,0.027971929381951956,0.05158006646242822,0.05503408161381869,0.9372386155977356
A,inferred,global,30,zos,0.0021287594225746264,0.0009868003279816888,0.37874732204157896,0.38252979486879674,0.04613848093050557,0.0314133781688899,0.6154245055582195,0.6184899310973435,0.9950436937046246
A,inferred,tropics,0,so,0.0053677700478461775,0.01702413419851795,1220.9981613524224,1221.1740320297963,0.0732650670363863,0.13047656570632885,34.94278410991921,34.94530057146163,0.9999279885563647
A,inferred,tropics,0,sst,0.0,0.0,764.1281806098091,764.1281806098091,0.0,0.0,27.642868530776777,27.642868530776777,1.0
A,inferred,tropics,0,thetao,0.0038346092309240443,0.1510026304655372,228.36825710976564,230.62646323308667,0.06192422168202071,0.38859056919273943,15.111858162044985,15.186390724365243,0.9950921477214019
A,inferred,tropics,0,ts,0.004601189639385111,,,,0.06783206940220173,,,,
A,inferred,tropics,0,uo,0.28256023497355864,0.0010888661284755505,0.009540327805116152,0.01017016792576906,0.5315639519131811,0.0329979715812283,0.09767460163786772,0.10084725046211751,0.9685400562760849
A,inferred,tropics,0,vo,0.2921423036040681,0.0007080819158932561,0.0026467979216040424,0.002943038601592826,0.540501899722904,0.026609808640673388,0.05144703996931255,0.05424977973773558,0.9483363843692535
A,inferred,tropics,0,zos,0.0,0.0,0.20247419479519427,0.20247419479519427,0.0,0.0,0.4499713266367028,0.4499713266367028,1.0
A,inferred,tropics,5,so,0.005083996195085881,0.01570084096629488,1220.9357822545978,1221.1754554695806,0.07130214719828486,0.1253029966373306,34.94189150939883,34.94532093813964,0.9999018630062984
A,inferred,tropics,5,sst,0.0004115433966025485,0.05573229235832133,763.5398214320944,764.1688966076783,0.020286532394732926,0.23607687806797456,27.63222433015653,27.643604985740886,0.9995883078350227
A,inferred,tropics,5,thetao,0.0035448058345962153,0.13422003169975857,228.71149459638445,230.626773843594,0.05953827201553817,0.36636052148090215,15.123210459303424,15.18640095096906,0.9958390080790271
A,inferred,tropics,5,ts,0.004314401014841048,,,,0.06568410016770458,,,,
A,inferred,tropics,5,uo,0.2678329185213832,0.001097542403801431,0.009349165558944779,0.010132723456349605,0.517525766045888,0.033129177529806424,0.09669108314081903,0.10066142983461741,0.960557418066468
A,inferred,tropics,5,vo,0.26659527841652403,0.0006762490926814241,0.002505485237228084,0.0029323185698539238,0.5163286534916729,0.0260047898026772,0.050054822317415974,0.05415088706433094,0.9243583075186033
A,inferred,tropics,5,zos,0.00028240386231425453,0.0001309101540075103,0.20216361982653835,0.20231088153039561,0.016804876146947784,0.011441597528645653,0.44962608890781497,0.4497898192827352,0.9996359847024076
A,inferred,tropics,10,so,0.005010604396202948,0.015372951641992412,1220.853166287152,1221.173619028484,0.07078562280719827,0.12398770762455612,34.94070929856966,34.945294662207154,0.9998687845192945
A,inferred,tropics,10,sst,0.0006200499177646464,0.08396879576071341,762.7863017380839,764.1982039634628,0.024900801548637875,0.2897736974963625,27.61858616472038,27.644135073528034,0.9990757927951192
A,inferred,tropics,10,thetao,0.003487911124088606,0.1330269012780751,228.7993818734899,230.62331886524305,0.05905853980660719,0.3647285309350985,15.12611588853827,15.186287198168058,0.9960377866660491
A,inferred,tropics,10,ts,0.004249257760145777,,,,0.06518633108363882,,,,
A,inferred,tropics,10,uo,0.2709643872319099,0.0012310044319684976,0.00932063293599435,0.010229659401123631,0.5205423971511925,0.03508567274498948,0.09654342513084126,0.10114177871247683,0.9545355673968554
A,inferred,tropics,10,vo,0.27030966407532764,0.0007447237231590932,0.002481112017864354,0.002950692858166014,0.5199131312780315,0.027289626658477634,0.0498107620686971,0.05432028035794747,0.9169827869161468
A,inferred,tropics,10,zos,0.00039931508372039094,0.00018510511400751412,0.20199987352496443,0.2024477909911762,0.01998286975687904,0.013605334027781682,0.44944396038323225,0.4499419862506457,0.998893133153535
A,inferred,tropics,15,so,0.0049801483567271845,0.015207983825473564,1220.7917039172564,1221.1713305832793,0.0705701661945555,0.1233206544966153,34.93982976371316,34.945261918939444,0.9998445524535234
A,inferred,tropics,15,sst,0.0008243578168647789,0.11163671051311971,762.501686173256,764.2779658153804,0.028711632082916827,0.3341208022753443,27.61343307474201,27.64557769002812,0.9988372601344588
A,inferred,tropics,15,thetao,0.003468599415656734,0.13425823271285472,228.90467676001902,230.6309176207124,0.05889481654319618,0.3664126535927147,15.129596054092753,15.186537380874958,0.9962505391878261
A,inferred,tropics,15,ts,0.004224373886191959,,,,0.06499518356149138,,,,
A,inferred,tropics,15,uo,0.2747150337851345,0.001326513670963155,0.009342508622293372,0.010281492802433246,0.5241326490356564,0.03642133538138264,0.0966566532748438,0.10139769623829353,0.9532430899385734
A,inferred,tropics,15,vo,0.27645293699655676,0.0008116771251899614,0.0024713734062057372,0.0029324916814102296,0.5257879201698692,0.02848994779198378,0.049712909854541174,0.05415248545921258,0.9180171405426022
A,inferred,tropics,15,zos,0.0005222707137234535,0.0002421019982482596,0.20181558604794317,0.20190843036680506,0.02285324295857053,0.01555962718860126,0.4492388964102988,0.44934221965758464,0.9997700566678008
A,inferred,tropics,20,so,0.00498674141912375,0.015174664163260394,1220.7300441971108,1221.1699123352148,0.07061686356051046,0.1231854868207306,34.9389473825001,34.94524162651068,0.9998198826587652
A,inferred,tropics,20,sst,0.0009990216043513878,0.13529014135852002,762.131792781329,764.3511999881629,0.031607303022424864,0.3678180818808668,27.60673455483877,27.6469021770643,0.9985471203258767
A,inferred,tropics,20,thetao,0.003494977383247415,0.13757640621872477,228.98801261139772,230.64490313107183,0.05911833373199396,0.37091293617063936,15.132349870770161,15.186997831404067,0.9964016613921611
A,inferred,tropics,20,ts,0.004240859401185583,,,,0.06512188112443913,,,,
A,inferred,tropics,20,uo,0.2795302612723853,0.0014202621918043788,0.009355178404712216,0.010244555810134651,0.5287062145202999,0.0376863661262847,0.09672217121587075,0.1012153931481504,0.9556073261929353
A,inferred,tropics,20,vo,0.2874115199357635,0.000895993600420708,0.0024612614423206126,0.0029367464090602246,0.5361077503037646,0.029933152196531324,0.04961110200671431,0.05419175591416304,0.9154732333326816
A,inferred,tropics,20,zos,0.0006389202017364827,0.0002961756304056434,0.20196782187982035,0.20200970227068119,0.025276870884990546,0.017209753932164267,0.4494083019702911,0.4494548945897477,0.9998963352718649
A,inferred,tropics,25,so,0.005027155940620657,0.015234635731119673,1220.6731660509288,1221.1721649575525,0.07090243959569133,0.1234286665694792,34.93813340822501,34.94527385724073,0.9997956676761245
A,inferred,tropics,25,sst,0.0011500540028344555,0.15574334757496608,761.7344816573942,764.1613788026752,0.033912446134634046,0.3946433169014345,27.599537707313036,27.6434690081161,0.9984107891527592
A,inferred,tropics,25,thetao,0.0035492568314059295,0.14194986053366695,229.02834040809563,230.64014333887937,0.05957563958033459,0.3767623395904465,15.133682314892685,15.18684112443662,0.9964996796168231
A,inferred,tropics,25,ts,0.0042882063860132935,,,,0.0654843980350533,,,,
A,inferred,tropics,25,uo,0.28524767247398497,0.0015120425498474054,0.009374992979227703,0.010214627334406852,0.5340858287522567,0.03888499131859753,0.0968245474000664,0.10106743953621686,0.9580191983133198
A,inferred,tropics,25,vo,0.297635453874478,0.0009703178285394192,0.002451684929456891,0.002943455925030582,0.5455597619642398,0.031149925016593846,0.049514492115509894,0.054253625915975254,0.91264853324633
A,inferred,tropics,25,zos,0.0007176046022166495,0.00033265029711084546,0.2020071765991172,0.20223544221935846,0.026788142940798444,0.018238703273830776,0.4494520848757042,0.44970595083827664,0.9994354845380649
A,inferred,tropics,30,so,0.005107299008218255,0.015494377896411539,1220.6168271297474,1221.1777864219914,0.07146536929323359,0.12447641502072407,34.93732713201952,34.94535428954744,0.9997702940007015
A,inferred,tropics,30,sst,0.001302850011717292,0.17643538568959088,761.4049300376815,764.0076028843118,0.03609501366833502,0.42004212370855243,27.593566823404355,27.640687453178725,0.9982952439278441
A,inferred,tropics,30,thetao,0.0036244691033963682,0.14722486685995909,229.05905653096477,230.622964074716,0.0602035638762056,0.3836989273635764,15.134697107341289,15.186275516884185,0.996603616898327
A,inferred,tropics,30,ts,0.004365884055807312,,,,0.06607483678229793,,,,
A,inferred,tropics,30,uo,0.2914085381053851,0.0016029899261831917,0.009398711614039794,0.010173216723607506,0.5398226913583617,0.04003735663331424,0.09694695257737498,0.10086236524892477,0.9611806379724818
A,inferred,tropics,30,vo,0.30905086227486195,0.0010457046078530658,0.0024582096120634024,0.0029416438090203428,0.5559234320253662,0.03233735622856429,0.04958033493294899,0.05423692293097335,0.9141435806756454
A,inferred,tropics,30,zos,0.0008150884120799859,0.00037783955434342016,0.20228436860171228,0.20267562959531338,0.028549753275290943,0.019438095440228197,0.44976034574172086,0.45019510170071086,0.9990342943373937
A,inferred_persistence,extratropics,0,so,0.005657661090092956,0.014914940978473594,1203.8414718084423,1203.8131713542705,0.07521742544180142,0.1221267414552341,34.69641871733223,34.69601088532038,1.0000117544352056
A,inferred_persistence,extratropics,0,sst,0.0,0.0,264.66212894940617,264.66212894940617,0.0,0.0,16.268439659334454,16.268439659334454,1.0
A,inferred_persistence,extratropics,0,thetao,0.005397329321416546,0.13384203301925848,90.73792630159762,91.88061453580991,0.07346651837004764,0.365844274274258,9.525645715729597,9.585437628810169,0.9937622135372453
A,inferred_persistence,extratropics,0,ts,0.005527495205754752,,,,0.07434712641222088,,,,
A,inferred_persistence,extratropics,0,uo,0.20804279456623112,0.00042814981836205196,0.0033788830142959182,0.0036498695552275684,0.45611708427357894,0.020691781420700633,0.05812816025211806,0.06041415028970919,0.9621613475215836
A,inferred_persistence,extratropics,0,vo,0.2047728456869713,0.00023271680903410493,0.002974994921101192,0.0030889873151848375,0.45251833740410047,0.015255058473637685,0.054543514014969666,0.05557865881059777,0.981375138987148
A,inferred_persistence,extratropics,0,zos,0.0,0.0,0.48620438304814423,0.48620438304814423,0.0,0.0,0.697283574342709,0.697283574342709,1.0
A,inferred_persistence,extratropics,5,so,0.0056996877355154464,0.015063254733524782,1203.8414718084423,1203.8158635205882,0.07549627630231472,0.12273245183538371,34.69641871733223,34.69604968178061,1.0000106362411574
A,inferred_persistence,extratropics,5,sst,0.0008073392423513657,0.10933200981129296,264.66212894940617,264.80069678720804,0.028413715743481453,0.3306539124391135,16.268439659334454,16.272697895161947,0.9997383202309214
A,inferred_persistence,extratropics,5,thetao,0.005601400488440848,0.14962129667910873,90.73792630159762,91.89021460419285,0.07484250455750961,0.38680912176305865,9.525645715729597,9.585938378906514,0.993710301402564
A,inferred_persistence,extratropics,5,ts,0.005650544111978147,,,,0.07517010118376952,,,,
A,inferred_persistence,extratropics,5,uo,0.2638223043374087,0.0006042939218643014,0.0033788830142959182,0.0036474312009881155,0.5136363541820309,0.024582390483114155,0.05812816025211806,0.06039396659425605,0.9624829023508206
A,inferred_persistence,extratropics,5,vo,0.31770438137664747,0.0005142775306607681,0.002974994921101192,0.003091959232748583,0.5636527134474272,0.022677687947865587,0.054543514014969666,0.05560538852259359,0.9809033883974668
A,inferred_persistence,extratropics,5,zos,0.0019571017568008587,0.0009072272970124272,0.48620438304814423,0.4863526396679156,0.044239142812681834,0.030120214093070904,0.697283574342709,0.6973898763732634,0.9998475715892132
A,inferred_persistence,extratropics,10,so,0.005816759730705022,0.015576910282749634,1203.8414718084423,1203.8172161582934,0.07626768470790904,0.12480749289505672,34.69641871733223,34.69606917445106,1.0000100744231115
A,inferred_persistence,extratropics,10,sst,0.0023422749110995596,0.31719704800181914,264.66212894940617,264.84413516882694,0.04839705477712006,0.5632024928938251,16.268439659334454,16.274032541715865,0.9996563308837515
A,inferred_persistence,extratropics,10,thetao,0.005991871500276419,0.17857475998291666,90.73792630159762,91.89780742649144,0.0774071799013271,0.4225810691251049,9.525645715729597,9.58633441032032,0.9936692491631225
A,inferred_persistence,extratropics,10,ts,0.005904315615490721,,,,0.07683954460751782,,,,
A,inferred_persistence,extratropics,10,uo,0.33406206855727655,0.0008094332334582206,0.0033788830142959182,0.003650042322148721,0.5779810278523652,0.02845054012594876,0.05812816025211806,0.060415580127552534,0.9621385763307221
A,inferred_persistence,extratropics,10,vo,0.4806801967960542,0.0009213476418629977,0.002974994921101192,0.0030950805369513337,0.6933110389976884,0.03035370886502995,0.054543514014969666,0.05563344800523633,0.9804086564944874
A,inferred_persistence,extratropics,10,zos,0.0032660167668992625,0.0015139833922883132,0.48620438304814423,0.4864606968682222,0.05714907494351298,0.038909939505071364,0.697283574342709,0.697467344660825,0.9997365176742355
A,inferred_persistence,extratropics,15,so,0.0059862068686178296,0.01640667811903094,1203.8414718084423,1203.8167773930713,0.07737058141579285,0.12808855576916675,34.69641871733223,34.696062851468774,1.0000102566641345
A,inferred_persistence,extratropics,15,sst,0.0043820915120474585,0.5934343891914444,264.66212894940617,264.9074671581538,0.06619736786343894,0.7703469278133356,16.268439659334454,16.275978224308172,0.9995368287626203
A,inferred_persistence,extratropics,15,thetao,0.006486532389547932,0.21746200584376246,90.73792630159762,91.90559417755247,0.08053901160026694,0.46632821686421944,9.525645715729597,9.586740539805616,0.9936271536897923
A,inferred_persistence,extratropics,15,ts,0.006236369629082881,,,,0.07897068841717717,,,,
A,inferred_persistence,extratropics,15,uo,0.39455154519141955,0.0010136031268089987,0.0033788830142959182,0.003641342693249186,0.628133381688491,0.03183713440008379,0.05812816025211806,0.06034353895198048,0.9632872261332676
A,inferred_persistence,extratropics,15,vo,0.6303552077654383,0.0013253230106025382,0.002974994921101192,0.003082921659519059,0.7939491216478788,0.036404986067880014,0.054543514014969666,0.055524063787866416,0.9823400935377675
A,inferred_persistence,extratropics,15,zos,0.004260685682917593,0.001975068659051221,0.48620438304814423,0.48554731107721427,0.06527392804878218,0.044441744554542646,0.697283574342709,0.6968122495171954,1.000676401463723
A,inferred_persistence,extratropics,20,so,0.00618383638659915,0.017431278540154988,1203.8414718084423,1203.815321375245,0.07863737270915878,0.1320275673492282,34.69641871733223,34.69604186899775,1.0000108614214813
A,inferred_persistence,extratropics,20,sst,0.006858784112740592,0.9288346364040567,264.66212894940617,264.7955252907493,0.08281777655033122,0.9637606738210772,16.268439659334454,16.272538993370066,0.9997480827031797
A,inferred_persistence,extratropics,20,thetao,0.007047352282600544,0.2646887996370209,90.73792630159762,91.90216510698583,0.08394850971042038,0.514479153743882,9.525645715729597,9.5865616936932,0.9936456907168627
A,inferred_persistence,extratropics,20,ts,0.006615594334599846,,,,0.08133630391528647,,,,
A,inferred_persistence,extratropics,20,uo,0.44578711637818136,0.001208632158317899,0.0033788830142959182,0.0036474580241133764,0.6676729112208921,0.034765387360389054,0.05812816025211806,0.06039418866176924,0.9624793633317634
A,inferred_persistence,extratropics,20,vo,0.7606917345130906,0.0017011982399640175,0.002974994921101192,0.0030871982566572026,0.8721764354263939,0.041245584490512646,0.054543514014969666,0.05556256164592488,0.9816594555620177
A,inferred_persistence,extratropics,20,zos,0.00518992470549132,0.002405823483555107,0.48620438304814423,0.4854934140287264,0.07204113203921299,0.04904919452503891,0.697283574342709,0.6967735744334212,1.0007319449646215
A,inferred_persistence,extratropics,25,so,0.006404395337353407,0.018631953679076083,1203.8414718084423,1203.8151419364283,0.08002746614352729,0.13649891457105467,34.69641871733223,34.69603928312897,1.0000109359515121
A,inferred_persistence,extratropics,25,sst,0.009848433455000723,1.3337008396182397,264.66212894940617,264.69304988360165,0.0992392737528884,1.1548596623045762,16.268439659334454,16.26938996654766,0.9999415892534902
A,inferred_persistence,extratropics,25,thetao,0.007665784660555314,0.3206117644241784,90.73792630159762,91.897203308665,0.08755446682240327,0.5662258952257291,9.525645715729597,9.58630290094492,0.9936725152707887
A,inferred_persistence,extratropics,25,ts,0.007035089998954361,,,,0.08387544336070218,,,,
A,inferred_persistence,extratropics,25,uo,0.4916069681564587,0.0013757609891222168,0.0033788830142959182,0.003646291957531004,0.7011468948490457,0.037091252191348525,0.05812816025211806,0.060384534092191224,0.9626332491589936
A,inferred_persistence,extratropics,25,vo,0.8721633282891618,0.0020151548468259318,0.002974994921101192,0.0030822245559924397,0.9338968509900661,0.04489047612607747,0.054543514014969666,0.055517785942816915,0.9824511746766929
A,inferred_persistence,extratropics,25,zos,0.0059416582055314094,0.0027542944451925213,0.48620438304814423,0.48579827914334306,0.07708215231512032,0.05248137236384469,0.697283574342709,0.6969923092426078,1.0004178885422965
A,inferred_persistence,extratropics,30,so,0.006649023604413108,0.020031546715331132,1203.8414718084423,1203.8158307478568,0.08154154526628195,0.14153284677180464,34.69641871733223,34.69604920949728,1.0000106498533223
A,inferred_persistence,extratropics,30,sst,0.013398058270339361,1.814400391747253,264.66212894940617,264.72332362936,0.11574998172932625,1.3469968046536906,16.268439659334454,16.27032032964809,0.9998844109842012
A,inferred_persistence,extratropics,30,thetao,0.008336317732926998,0.38537470924008976,90.73792630159762,91.8930253497211,0.09130343768405984,0.6207855581761627,9.525645715729597,9.58608498552569,0.9936951039045291
A,inferred_persistence,extratropics,30,ts,0.007492670668670053,,,,0.08656021412098086,,,,
A,inferred_persistence,extratropics,30,uo,0.5313651750279131,0.0015288758000873925,0.0033788830142959182,0.003653029506141431,0.7289479919911387,0.03910084142428897,0.05812816025211806,0.06044029703882527,0.9617451121191222
A,inferred_persistence,extratropics,30,vo,0.9678975392820226,0.0022834062884220015,0.002974994921101192,0.003089732657977778,0.9838178384650396,0.0477850006636183,0.054543514014969666,0.055585363702846974,0.9812567622396623
A,inferred_persistence,extratropics,30,zos,0.006787142434129156,0.0031462241895496303,0.48620438304814423,0.486308480151976,0.08238411518083541,0.056091213122463575,0.697283574342709,0.6973582150888996,0.9998929664201618
A,inferred_persistence,global,0,so,0.005535041957053592,0.015685674858322448,1210.1535886595186,1210.2027203703358,0.07439786258390486,0.12524246427758617,34.787261873558236,34.787968040262655,0.9999797008349668
A,inferred_persistence,global,0,sst,0.0,0.0,447.4121497568458,447.4121497568458,0.0,0.0,21.15211927341669,21.15211927341669,1.0
A,inferred_persistence,global,0,thetao,0.004795006522088885,0.14002900392604428,141.29079598890812,142.8450749442232,0.06924598560269675,0.3742044947966877,11.886580500249352,11.951781245664732,0.9945446838362249
A,inferred_persistence,global,0,ts,0.005165024239571238,,,,0.07186810307480808,,,,
A,inferred_persistence,global,0,uo,0.23542155617732177,0.0006714066024470874,0.005633680358977621,0.006036315295715531,0.485202592921062,0.02591151486206639,0.07505784675153972,0.07769372751847817,0.9660734418192054
A,inferred_persistence,global,0,vo,0.23673645066714294,0.0004078340729366465,0.00284784875916221,0.003028792257069194,0.4865557015051236,0.020194902152192926,0.053365239240185276,0.05503446426621408,0.9696694598869104
A,inferred_persistence,global,0,zos,0.0,0.0,0.3823900824845439,0.3823900824845439,0.0,0.0,0.6183769744132974,0.6183769744132974,1.0
A,inferred_persistence,global,5,so,0.005576227077735705,0.01586294640593853,1210.1535886595186,1210.2049461904198,0.07467413928352777,0.12594818937141783,34.787261873558236,34.788000031482404,0.9999787812486058
A,inferred_persistence,global,5,sst,0.0006431060163491869,0.08709111316788072,447.4121497568458,447.5149160057607,0.025359535018394698,0.2951120349424617,21.15211927341669,21.154548352677274,0.9998851746102027
A,inferred_persistence,global,5,thetao,0.004977185377907522,0.15509678323357415,141.29079598890812,142.85127031421823,0.07054916993067688,0.39382328934888317,11.886580500249352,11.95204042472323,0.9945231172128174
A,inferred_persistence,global,5,ts,0.005276706227821614,,,,0.07264094043871963,,,,
A,inferred_persistence,global,5,uo,0.2959199194726571,0.001019581226018443,0.005633680358977621,0.006021049417328951,0.5439852199027627,0.031930882011282476,0.07505784675153972,0.07759542136833172,0.9672973666223605
A,inferred_persistence,global,5,vo,0.3707736199013671,0.0008865664117546536,0.00284784875916221,0.0030267310920001978,0.6089118326173069,0.029775265099653666,0.053365239240185276,0.05501573494919611,0.9699995699314938
A,inferred_persistence,global,5,zos,0.0014111399015580607,0.0006541431122435454,0.3823900824845439,0.3824243370932762,0.03756514210751852,0.02557622161781418,0.6183769744132974,0.6184046709827443,0.9999552128715281
A,inferred_persistence,global,10,so,0.005690362145515195,0.016428802195828974,1210.1535886595186,1210.2051304315771,0.07543448909825794,0.12817488910012356,34.787261873558236,34.78800267953849,0.9999787051304131
A,inferred_persistence,global,10,sst,0.0018451112302518302,0.24986982985277364,447.4121497568458,447.5531859735046,0.04295475794660971,0.4998698129040937,21.15211927341669,21.15545286618806,0.999842423946561
A,inferred_persistence,global,10,thetao,0.005306082222386979,0.18114888972784918,141.29079598890812,142.85481616379704,0.07284285979000947,0.4256158945902387,11.886580500249352,11.9521887603818,0.994510774432385
A,inferred_persistence,global,10,ts,0.0054982221839510875,,,,0.07414999786885423,,,,
A,inferred_persistence,global,10,uo,0.3772208584727029,0.0014831847500903512,0.005633680358977621,0.006058213364304922,0.614183082209778,0.038512137698267945,0.07505784675153972,0.07783452552887389,0.9643258726321378
A,inferred_persistence,global,10,vo,0.5514051857018711,0.0015068605239400483,0.00284784875916221,0.0030354276251364294,0.742566620379526,0.038818301404621613,0.053365239240185276,0.05509471503816341,0.9686090435937431
A,inferred_persistence,global,10,zos,0.0024554079193903596,0.0011382203741995788,0.3823900824845439,0.3825429512394799,0.049552072806194086,0.03373752175545173,0.6183769744132974,0.6185005668869511,0.9998001740333469
A,inferred_persistence,global,15,so,0.005847094713409166,0.017244850381722864,1210.1535886595186,1210.2040153150544,0.07646629789266096,0.13131964964057308,34.787261873558236,34.787986652220255,0.9999791658347675
A,inferred_persistence,global,15,sst,0.00338926241436799,0.4589828567372428,447.4121497568458,447.6225280761719,0.05821737210118635,0.6774827353794655,21.15211927341669,21.157091673388663,0.9997649771505114
A,inferred_persistence,global,15,thetao,0.005713285069730226,0.21476025568396734,141.29079598890812,142.8625363302485,0.07558627567045638,0.4634223297209224,11.886580500249352,11.95251171638198,0.9944839028233484
A,inferred_persistence,global,15,ts,0.0057801898915696955,,,,0.0760275600790246,,,,
A,inferred_persistence,global,15,uo,0.4473557989056094,0.0018827639234730578,0.005633680358977621,0.00607172364122181,0.6688466183704672,0.04339082764217638,0.07505784675153972,0.07792126565464533,0.9632524076829481
A,inferred_persistence,global,15,vo,0.6865685668826926,0.00193605204202022,0.00284784875916221,0.003021085084922215,0.82859433191562,0.044000591382619164,0.053365239240185276,0.05496439834040044,0.9709055470722812
A,inferred_persistence,global,15,zos,0.003300508627705608,0.0015299723241383627,0.3823900824845439,0.38176642012114476,0.057450053330746424,0.039114860656000845,0.6183769744132974,0.6178724950352983,1.0008164781278543
A,inferred_persistence,global,20,so,0.0060302496503776655,0.018243569131734964,1210.1535886595186,1210.202575716042,0.07765468208921897,0.13506875705260252,34.787261873558236,34.78796596117746,0.9999797605982479
A,inferred_persistence,global,20,sst,0.005234123540411869,0.708818817228982,447.4121497568458,447.5783386230469,0.07234724279757916,0.8419137825389141,21.15211927341669,21.156047329854573,0.9998143293793667
A,inferred_persistence,global,20,thetao,0.00616626847220745,0.2544077761039385,141.29079598890812,142.8654907852846,0.07852559119298275,0.5043885170222836,11.886580500249352,11.95263530713142,0.994473619818162
A,inferred_persistence,global,20,ts,0.006098259061292558,,,,0.07809135074572957,,,,
A,inferred_persistence,global,20,uo,0.5004364071153441,0.0021790101438347335,0.005633680358977621,0.006062034398403562,0.7074153003118777,0.04667986872126713,0.07505784675153972,0.07785906754131829,0.96402190678315
A,inferred_persistence,global,20,vo,0.7734518814505192,0.002193880696181183,0.00284784875916221,0.0030253581323639433,0.8794611312903596,0.04683888017642163,0.053365239240185276,0.055003255652406095,0.970219646222902
A,inferred_persistence,global,20,zos,0.0040787027048115885,0.0018907092768002264,0.3823900824845439,0.3817692986040404,0.06386472191133058,0.0434822869315797,0.6183769744132974,0.6178748243811528,1.0008127051181404
A,inferred_persistence,global,25,so,0.006238800451540177,0.01943047837976633,1210.1535886595186,1210.2032899020012,0.07898607758042031,0.1393932508400831,34.787261873558236,34.78797622601811,0.9999794655355853
A,inferred_persistence,global,25,sst,0.00743844932547267,1.0073344295073037,447.4121497568458,447.44390838314786,0.08624644529180707,1.003660515068369,21.15211927341669,21.152869979819474,0.9999645104232429
A,inferred_persistence,global,25,thetao,0.006656687706186231,0.30005023445439255,141.29079598890812,142.86061202031462,0.08158852680485308,0.547768413158693,11.886580500249352,11.952431217970451,0.9944906005715312
A,inferred_persistence,global,25,ts,0.006447744078863203,,,,0.08029784604124325,,,,
A,inferred_persistence,global,25,uo,0.5462015491575082,0.0024396713364373194,0.005633680358977621,0.006050301252170681,0.7390544967439872,0.04939302922920723,0.07505784675153972,0.07778368242871175,0.9649562017114548
A,inferred_persistence,global,25,vo,0.8329914264194767,0.0023613277399667015,0.00284784875916221,0.0030246617876605224,0.9126836398333634,0.04859349483178486,0.053365239240185276,0.054996925256422496,0.9703313229125173
A,inferred_persistence,global,25,zos,0.00471159857415561,0.0021840922823739757,0.3823900824845439,0.3820452109129742,0.06864108517612182,0.04673427310201771,0.6183769744132974,0.6180980593020611,1.0004512473498968
A,inferred_persistence,global,30,so,0.006481904704764867,0.020862430296393775,1210.1535886595186,1210.2057858213093,0.08051027701334076,0.14443832696481143,34.787261873558236,34.78801209930383,0.9999784343599901
A,inferred_persistence,global,30,sst,0.010055743804615361,1.361775347379723,447.4121497568458,447.40683569089333,0.10027833168045508,1.1669513046308844,21.15211927341669,21.151993657593916,1.0000059387226004
A,inferred_persistence,global,30,thetao,0.007192475265377976,0.35271071346653576,141.29079598890812,142.8516729706198,0.08480846222740969,0.5938945305915316,11.886580500249352,11.952057269383367,0.9945217155793136
A,inferred_persistence,global,30,ts,0.006837189985071421,,,,0.08268730244161689,,,,
A,inferred_persistence,global,30,uo,0.5909169831217634,0.002719291309196109,0.005633680358977621,0.00603941450658323,0.7687112482081705,0.052146824536074186,0.07505784675153972,0.07771367001102979,0.9658255328938509
A,inferred_persistence,global,30,vo,0.8956227707203749,0.002554477433295251,0.00284784875916221,0.0030287501390764563,0.9463734837369309,0.05054183844395899,0.053365239240185276,0.05503408161381869,0.9696762020061697
A,inferred_persistence,global,30,zos,0.005412730204900958,0.0025091064221347496,0.3823900824845439,0.38252979486879674,0.07357125936737088,0.050090981445113945,0.6183769744132974,0.6184899310973435,0.9998173669798541
A,inferred_persistence,tropics,0,so,0.0053677700478461775,0.01702413419851795,1220.9981613524224,1221.1740320297963,0.0732650670363863,0.13047656570632885,34.94278410991921,34.94530057146163,0.9999279885563647
A,inferred_persistence,tropics,0,sst,0.0,0.0,764.1281806098091,764.1281806098091,0.0,0.0,27.642868530776777,27.642868530776777,1.0
A,inferred_persistence,tropics,0,thetao,0.0038346092309240443,0.1510026304655372,228.36825710976564,230.62646323308667,0.06192422168202071,0.38859056919273943,15.111858162044985,15.186390724365243,0.9950921477214019
A,inferred_persistence,tropics,0,ts,0.004601189639385111,,,,0.06783206940220173,,,,
A,inferred_persistence,tropics,0,uo,0.28256023497355864,0.0010888661284755505,0.009540327805116152,0.01017016792576906,0.5315639519131811,0.0329979715812283,0.09767460163786772,0.10084725046211751,0.9685400562760849
A,inferred_persistence,tropics,0,vo,0.2921423036040681,0.0007080819158932561,0.0026467979216040424,0.002943038601592826,0.540501899722904,0.026609808640673388,0.05144703996931255,0.05424977973773558,0.9483363843692535
A,inferred_persistence,tropics,0,zos,0.0,0.0,0.20247419479519427,0.20247419479519427,0.0,0.0,0.4499713266367028,0.4499713266367028,1.0
A,inferred_persistence,tropics,5,so,0.0054080035843960695,0.017251710977856934,1220.9981613524224,1221.1754554695806,0.07353912961407735,0.13134576878551107,34.94278410991921,34.94532093813964,0.9999274057827393
A,inferred_persistence,tropics,5,sst,0.00035848081769826164,0.0485464182465967,764.1281806098091,764.1688966076783,0.01893358966752638,0.22033251745168417,27.642868530776777,27.643604985740886,0.9999733589390932
A,inferred_persistence,tropics,5,thetao,0.0039810228130024985,0.16483920457824253,228.36825710976564,230.626773843594,0.06309534699962033,0.4060039465057483,15.111858162044985,15.18640095096906,0.9950914776210147
A,inferred_persistence,tropics,5,ts,0.004694513198699284,,,,0.06851651770704115,,,,
A,inferred_persistence,tropics,5,uo,0.35255799479366673,0.0017349444798200045,0.009540327805116152,0.010132723456349605,0.5937659427701009,0.04165266473852549,0.09767460163786772,0.10066142983461741,0.9703279776409204
A,inferred_persistence,tropics,5,vo,0.4641781049022517,0.0015281678552214774,0.0026467979216040424,0.0029323185698539238,0.6813061755938014,0.03909178756748631,0.05144703996931255,0.05415088706433094,0.9500682769645816
A,inferred_persistence,tropics,5,zos,0.0004649578865306535,0.00021553426396539192,0.20247419479519427,0.20231088153039561,0.021562882148049075,0.014681085244810477,0.4499713266367028,0.4497898192827352,1.0004035381553478
A,inferred_persistence,tropics,10,so,0.0055180391863224165,0.017908327812995867,1220.9981613524224,1221.173619028484,0.0742835054794967,0.13382200048196807,34.94278410991921,34.945294662207154,0.9999281576443348
A,inferred_persistence,tropics,10,sst,0.0009834992474725343,0.13318806254502494,764.1281806098091,764.1982039634628,0.031360791563232814,0.36494939723888425,27.642868530776777,27.644135073528034,0.9999541840340496
A,inferred_persistence,tropics,10,thetao,0.004207981517669036,0.18589207550214693,228.36825710976564,230.62331886524305,0.06486895650208223,0.43115203293287035,15.111858162044985,15.186287198168058,0.9950989313482724
A,inferred_persistence,tropics,10,ts,0.004863010351995726,,,,0.06973528770999461,,,,
A,inferred_persistence,tropics,10,uo,0.4543912146697965,0.002646061199323902,0.009540327805116152,0.010229659401123631,0.6740854654046448,0.05143987946451568,0.09767460163786772,0.10114177871247683,0.9657196351621864
A,inferred_persistence,tropics,10,vo,0.677557409150305,0.0025184543658340734,0.0026467979216040424,0.002950692858166014,0.8231387544942256,0.050184204345930135,0.05144703996931255,0.05432028035794747,0.9471055677603006
A,inferred_persistence,tropics,10,zos,0.001050578159835105,0.0004870023641904121,0.20247419479519427,0.2024477909911762,0.03241262346424777,0.02206813005649577,0.4499713266367028,0.4499419862506457,1.0000652092646467
A,inferred_persistence,tropics,15,so,0.005653862187186784,0.018700950477607024,1220.9981613524224,1221.1713305832793,0.07519216838997785,0.13675141855793316,34.94278410991921,34.945261918939444,0.9999290945643509
A,inferred_persistence,tropics,15,sst,0.0016686349814390325,0.22597095069259102,764.1281806098091,764.2779658153804,0.040848928767337735,0.47536401913963894,27.642868530776777,27.64557769002812,0.9999020038835246
A,inferred_persistence,tropics,15,thetao,0.00446930162128585,0.21040445745660785,228.36825710976564,230.6309176207124,0.0668528355515744,0.45869865648005537,15.111858162044985,15.186537380874958,0.9950825381087844
A,inferred_persistence,tropics,15,ts,0.005061581904236318,,,,0.07114479534186825,,,,
A,inferred_persistence,tropics,15,uo,0.5420383755305801,0.00338403181434652,0.009540327805116152,0.010281492802433246,0.7362325553319278,0.05817243173829439,0.09767460163786772,0.10139769623829353,0.9632822565152149
A,inferred_persistence,tropics,15,vo,0.7899596381383903,0.0029933873584346983,0.0026467979216040424,0.0029324916814102296,0.8887967361204644,0.05471185756702744,0.05144703996931255,0.05415248545921258,0.9500402342208695
A,inferred_persistence,tropics,15,zos,0.001636468895917914,0.0007585958410712464,0.20247419479519427,0.20190843036680506,0.04045329276978469,0.027542618631336536,0.4499713266367028,0.44934221965758464,1.0014000620275512
A,inferred_persistence,tropics,20,so,0.00581307793533076,0.01965516442488605,1220.9981613524224,1221.1699123352148,0.07624354356488659,0.1401968773720943,34.94278410991921,34.94524162651068,0.999929675215363
A,inferred_persistence,tropics,20,sst,0.002418497383284018,0.32751929609462466,764.1281806098091,764.3511999881629,0.04917822061933533,0.572293015940807,27.642868530776777,27.6469021770643,0.9998541013289051
A,inferred_persistence,tropics,20,thetao,0.00474133464923504,0.236974536649403,228.36825710976564,230.64490313107183,0.06885735000154333,0.4868003046932109,15.111858162044985,15.186997831404067,0.9950523684672091
A,inferred_persistence,tropics,20,ts,0.0052772062922829,,,,0.07264438238627197,,,,
A,inferred_persistence,tropics,20,uo,0.5991074858923531,0.0038559428201537815,0.009540327805116152,0.010244555810134651,0.7740203394564984,0.06209623837362278,0.09767460163786772,0.1012153931481504,0.9650172626894807
A,inferred_persistence,tropics,20,vo,0.8047923108544013,0.003049973345453575,0.0026467979216040424,0.0029367464090602246,0.8971021741442841,0.055226563766484466,0.05144703996931255,0.05419175591416304,0.9493517805697608
A,inferred_persistence,tropics,20,zos,0.002152893962714817,0.0009979880514855172,0.20247419479519427,0.20200970227068119,0.04639928838586662,0.03159094888548803,0.4499713266367028,0.4494548945897477,1.001149018629392
A,inferred_persistence,tropics,25,so,0.006001897575822597,0.020818519416754187,1220.9981613524224,1221.1721649575525,0.0774719147551072,0.14428624125935982,34.94278410991921,34.94527385724073,0.9999287529600801
A,inferred_persistence,tropics,25,sst,0.003261814392501002,0.441723510773495,764.1281806098091,764.1613788026752,0.05711229633363556,0.6646228334728614,27.642868530776777,27.6434690081161,0.999978277786368
A,inferred_persistence,tropics,25,thetao,0.005015838642888908,0.2648704670152146,228.36825710976564,230.64014333887937,0.07082258568344499,0.5146556781142267,15.111858162044985,15.18684112443662,0.9950626360164536
A,inferred_persistence,tropics,25,ts,0.005508868109355753,,,,0.07422174957083505,,,,
A,inferred_persistence,tropics,25,uo,0.6457574732328336,0.004279054060606865,0.009540327805116152,0.010214627334406852,0.8035903640741554,0.06541447898291987,0.09767460163786772,0.10106743953621686,0.9664299608863314
A,inferred_persistence,tropics,25,vo,0.778144200104212,0.0029672616930382658,0.0026467979216040424,0.002943455925030582,0.882124821158668,0.054472577440747794,0.05144703996931255,0.054253625915975254,0.9482691543785594
A,inferred_persistence,tropics,25,zos,0.0025798376318010336,0.0011959005778683163,0.20247419479519427,0.20223544221935846,0.050792102061255874,0.03458179546912387,0.4499713266367028,0.44970595083827664,1.0005901095992427
A,inferred_persistence,tropics,30,so,0.006243241673880263,0.022306561715442843,1220.9981613524224,1221.1777864219914,0.07901418653558526,0.14935381386306426,34.94278410991921,34.94535428954744,0.9999264514645657
A,inferred_persistence,tropics,30,sst,0.004263328786967553,0.5773512310150898,764.1281806098091,764.0076028843118,0.0652941711561419,0.7598363185680781,27.642868530776777,27.640687453178725,1.0000789082254826
A,inferred_persistence,tropics,30,thetao,0.00532345220461738,0.29662618214596637,228.36825710976564,230.622964074716,0.07296199150665626,0.5446339891578255,15.111858162044985,15.186275516884185,0.9950996967784193
A,inferred_persistence,tropics,30,ts,0.005783346939248822,,,,0.07604831976611201,,,,
A,inferred_persistence,tropics,30,uo,0.6997142869985085,0.00477793427708553,0.009540327805116152,0.010173216723607506,0.8364892629307973,0.06912260322850645,0.09767460163786772,0.10086236524892477,0.9683949151580001
A,inferred_persistence,tropics,30,vo,0.7861434954363636,0.00303301644277309,0.0026467979216040424,0.0029416438090203428,0.886647334308497,0.055072828534342505,0.05144703996931255,0.05423692293097335,0.9485611865331769
A,inferred_persistence,tropics,30,zos,0.0030307984461706403,0.001404946403591984,0.20247419479519427,0.20267562959531338,0.05505268791049753,0.03748261468457055,0.4499713266367028,0.45019510170071086,0.9995029375860317
A,true,extratropics,0,so,0.0,0.0,1203.8131713542705,1203.8131713542705,0.0,0.0,34.69601088532038,34.69601088532038,1.0
A,true,extratropics,0,sst,0.0,0.0,264.66212894940617,264.66212894940617,0.0,0.0,16.268439659334454,16.268439659334454,1.0
A,true,extratropics,0,thetao,0.0,0.0,91.88061453580991,91.88061453580991,0.0,0.0,9.585437628810169,9.585437628810169,1.0
A,true,extratropics,0,ts,0.0,,,,0.0,,,,
A,true,extratropics,0,uo,0.0,0.0,0.0036498695552275684,0.0036498695552275684,0.0,0.0,0.06041415028970919,0.06041415028970919,1.0
A,true,extratropics,0,vo,0.0,0.0,0.0030889873151848375,0.0030889873151848375,0.0,0.0,0.05557865881059777,0.05557865881059777,1.0
A,true,extratropics,0,zos,0.0,0.0,0.48620438304814423,0.48620438304814423,0.0,0.0,0.697283574342709,0.697283574342709,1.0
A,true,extratropics,5,so,0.0004418080652723631,0.0014970575583143737,1203.8463808391273,1203.8158635205882,0.021019230843976264,0.038691828055991015,34.69648945987371,34.69604968178061,1.0000126751632286
A,true,extratropics,5,sst,0.0006037902997128888,0.08176687540430008,264.6075396296954,264.80069678720804,0.024572144792689318,0.2859490783414069,16.26676180527936,16.272697895161947,0.9996352116950225
A,true,extratropics,5,thetao,0.0003143656262371474,0.01969639096030087,91.8080804450009,91.89021460419285,0.01773035888630423,0.14034383121569993,9.58165332523573,9.585938378906514,0.999552985477122
A,true,extratropics,5,ts,0.0003780868457547552,,,,0.019444455398769985,,,,
A,true,extratropics,5,uo,0.044880436338258466,0.0001430464665687503,0.003547603521751429,0.0036474312009881155,0.21185003266050836,0.011960203450140398,0.059561762245180665,0.06039396659425605,0.9862204058450678
A,true,extratropics,5,vo,0.06358915884869643,0.0001472535550284158,0.002967372444137325,0.003091959232748583,0.25216890936175385,0.012134807581021456,0.05447359400789822,0.05560538852259359,0.9796459561785904
A,true,extratropics,5,zos,0.0012624640860876483,0.0005852234702100515,0.4831733489879454,0.4863526396679156,0.035531170626474554,0.02419139248183228,0.6951067176973227,0.6973898763732634,0.9967261373396841
A,true,extratropics,10,so,0.0007774332824844344,0.0028301229893724984,1203.8586234985546,1203.8172161582934,0.027882490607627475,0.05319890026469061,34.69666588447015,34.69606917445106,1.0000171982023696
A,true,extratropics,10,sst,0.0009157545141395455,0.1240138918763459,264.7216833866004,264.84413516882694,0.03026143608851942,0.35215606181967946,16.27026992359378,16.274032541715865,0.999768796202635
A,true,extratropics,10,thetao,0.0005688750437856355,0.03189174976208074,91.76899849067365,91.89780742649144,0.023851101521431575,0.17858261326926747,9.579613692141956,9.58633441032032,0.9992989272133956
A,true,extratropics,10,ts,0.0006731541631350349,,,,0.025945214648081732,,,,
A,true,extratropics,10,uo,0.08535180653750907,0.0002105543883383535,0.0035100201181398802,0.003650042322148721,0.2921503149707511,0.014510492353409428,0.059245422761086616,0.060415580127552534,0.980631529747866
A,true,extratropics,10,vo,0.12380261688925429,0.0002369311910127176,0.002921172751272532,0.0030950805369513337,0.35185596042877304,0.015392569344093195,0.0540478746230833,0.05563344800523633,0.9714996384548413
A,true,extratropics,10,zos,0.0015125826525623667,0.0007011675625107626,0.48240322085342024,0.4864606968682222,0.038891935572331275,0.02647956877501525,0.6945525328248543,0.697467344660825,0.9958208626421238
A,true,extratropics,15,so,0.0011448938258126155,0.004132022581093022,1203.8803636955492,1203.8167773930713,0.03383627972772148,0.06428081036431496,34.69697917248055,34.696062851468774,1.0000264099421223
A,true,extratropics,15,sst,0.0012868130532553807,0.17426361828440365,264.7746535792495,264.9074671581538,0.03587217658932032,0.41744894093098817,16.271897663740685,16.275978224308172,0.999749289381489
A,true,extratropics,15,thetao,0.0008984310783944258,0.04730238720195297,91.72538744737672,91.90559417755247,0.029973839900727196,0.21749111982320787,9.577337179371765,9.586740539805616,0.9990191285145554
A,true,extratropics,15,ts,0.0010216624521035206,,,,0.03196345494629015,,,,
A,true,extratropics,15,uo,0.11758169674813142,0.00027634905658666554,0.0034947602270154273,0.003641342693249186,0.34290187626802426,0.016623749775145965,0.059116497080048874,0.06034353895198048,0.97966572903674
A,true,extratropics,15,vo,0.17154248199410282,0.0003146149382241793,0.002894370618363606,0.003082921659519059,0.4141768728382873,0.017737388145501562,0.05379935518538866,0.055524063787866416,0.9689376373986759
A,true,extratropics,15,zos,0.0018558695470217586,0.0008603004427659141,0.48076272221526717,0.48554731107721427,0.04307980439860142,0.029330878656561147,0.6933705518806428,0.6968122495171954,0.9950607963064121
A,true,extratropics,20,so,0.001465090994748868,0.005331867946307271,1203.8917647771923,1203.815321375245,0.038276507086578156,0.07301964082565232,34.69714346710968,34.69604186899775,1.000031749964912
A,true,extratropics,20,sst,0.001582004122831108,0.21423917150858673,264.8807488643762,264.7955252907493,0.03977441543041341,0.46285977521122607,16.27515741442694,16.272538993370066,1.0001609104183398
A,true,extratropics,20,thetao,0.0011962449444957745,0.06031236531276438,91.69803670637401,91.90216510698583,0.03458677412676375,0.24558575958871146,9.57590918432156,9.5865616936932,0.9988888081345527
A,true,extratropics,20,ts,0.0013306679696223212,,,,0.03647832191346418,,,,
A,true,extratropics,20,uo,0.14385603498004013,0.0003407523137908752,0.0034867424317051475,0.0036474580241133764,0.37928358121600797,0.018459477614246704,0.05904864462208381,0.06039418866176924,0.9777206372086396
A,true,extratropics,20,vo,0.21034082918883887,0.00038878598099642396,0.0028812648687843033,0.0030871982566572026,0.4586292938625256,0.019717656579736446,0.053677414885446036,0.05556256164592488,0.9660716370045709
A,true,extratropics,20,zos,0.0021089604971083224,0.000977622409177084,0.4802841038414926,0.4854934140287264,0.04592341991956089,0.031266953947851776,0.6930253269841533,0.6967735744334212,0.9946205660105353
A,true,extratropics,25,so,0.0018163142330238622,0.006493403577873329,1203.9105904075707,1203.8151419364283,0.04261823826748194,0.0805816578252975,34.69741475106713,34.69603928312897,1.0000396433704417
A,true,extratropics,25,sst,0.0018596628015258355,0.2518404422685353,264.79136719366517,264.69304988360165,0.04312380782729924,0.5018370674517132,16.27241122863066,16.26938996654766,1.0001857022352536
A,true,extratropics,25,thetao,0.0015121716546708506,0.07320938562758354,91.66970786479052,91.897203308665,0.038886651368700426,0.27057232975229295,9.57442989763832,9.58630290094492,0.9987614616991259
A,true,extratropics,25,ts,0.0016642429438473564,,,,0.0407951338255846,,,,
A,true,extratropics,25,uo,0.16556819032626158,0.0003926572462775975,0.003487961861274685,0.003646291957531004,0.4069007131061109,0.019815580896799304,0.05905896935499878,0.060384534092191224,0.9780479429522689
A,true,extratropics,25,vo,0.24279123530829602,0.0004495462087688044,0.002869022491445129,0.0030822245559924397,0.49273850601337826,0.02120250477582317,0.05356325691595993,0.055517785942816915,0.9647945429799715
A,true,extratropics,25,zos,0.002331316595746512,0.0010806970260660534,0.4802710094837227,0.48579827914334306,0.04828370942405432,0.032873956653649915,0.6930158796764492,0.6969923092426078,0.9942948731091744
A,true,extratropics,30,so,0.002143160934862408,0.007626807964315627,1203.925934405735,1203.8158307478568,0.04629428620102494,0.08733159774283089,34.69763586191046,34.69604920949728,1.0000457300600307
A,true,extratropics,30,sst,0.0021357779882640797,0.28923268917233047,264.8377975309738,264.72332362936,0.046214478123896195,0.5378035786161435,16.273837824280225,16.27032032964809,1.0002161908653835
A,true,extratropics,30,thetao,0.0018146903761922049,0.08508441099611676,91.64753191352025,91.8930253497211,0.04259918281131934,0.29169232248401183,9.57327174551732,9.58608498552569,0.9986633500508584
A,true,extratropics,30,ts,0.0019789256555273064,,,,0.04448511723629945,,,,
A,true,extratropics,30,uo,0.1848607971840466,0.00044980432263602395,0.00348244492069137,0.003653029506141431,0.42995441291379555,0.021208590774401393,0.059012243820171506,0.06044029703882527,0.9763724983393708
A,true,extratropics,30,vo,0.27178742916405924,0.0005113867269501458,0.0028619766276856136,0.003089732657977778,0.5213323595980391,0.022613861389646522,0.0534974450575503,0.055585363702846974,0.9624376183547445
A,true,extratropics,30,zos,0.002613344015741692,0.0012114326771809141,0.479383844919879,0.486308480151976,0.051120876515780636,0.03480564145624836,0.6923755086077779,0.6973582150888996,0.9928548823641713
A,true,global,0,so,0.0,0.0,1210.2027203703358,1210.2027203703358,0.0,0.0,34.787968040262655,34.787968040262655,1.0
A,true,global,0,sst,0.0,0.0,447.4121497568458,447.4121497568458,0.0,0.0,21.15211927341669,21.15211927341669,1.0
A,true,global,0,thetao,0.0,0.0,142.8450749442232,142.8450749442232,0.0,0.0,11.951781245664732,11.951781245664732,1.0
A,true,global,0,ts,0.0,,,,0.0,,,,
A,true,global,0,uo,0.0,0.0,0.006036315295715531,0.006036315295715531,0.0,0.0,0.07769372751847817,0.07769372751847817,1.0
A,true,global,0,vo,0.0,0.0,0.003028792257069194,0.003028792257069194,0.0,0.0,0.05503446426621408,0.05503446426621408,1.0
A,true,global,0,zos,0.0,0.0,0.3823900824845439,0.3823900824845439,0.0,0.0,0.6183769744132974,0.6183769744132974,1.0
A,true,global,5,so,0.00046778829834835455,0.0016937022759300959,1210.1987176841399,1210.2049461904198,0.021628414143167192,0.04115461427264379,34.78791051046527,34.788000031482404,0.9999974266696259
A,true,global,5,sst,0.0005344031166962121,0.0723702799942758,447.3262036256116,447.5149160057607,0.023117160653856522,0.26901724850699776,21.1500875559798,21.154548352677274,0.9997891329740013
A,true,global,5,thetao,0.00032271672036038643,0.021876203240317246,142.75437994981988,142.85127031421823,0.01796431797648846,0.1479060622162501,11.947986439137763,11.95204042472323,0.9996608122595468
A,true,global,5,ts,0.00039525250935437055,,,,0.019880958461663024,,,,
A,true,global,5,uo,0.04359620346765464,0.00023792970611571302,0.005791507970402505,0.006021049417328951,0.20879703893411572,0.015424970214418991,0.07610195773041917,0.07759542136833172,0.9807531989442605
A,true,global,5,vo,0.060173990526758904,0.00019920930735735902,0.0028672275773420756,0.0030267310920001978,0.24530387385192046,0.014114152732536198,0.053546499207157094,0.05501573494919611,0.9732942631158927
A,true,global,5,zos,0.0008899671145516788,0.00041255006605443636,0.3805114139210094,0.3824243370932762,0.029832316613895054,0.020311328515250703,0.6168560722899705,0.6184046709827443,0.9974958166303743
A,true,global,10,so,0.0008231860406226194,0.0031890415304123387,1210.1823047757591,1210.2051304315771,0.028691218876559066,0.05647159932578799,34.787674610064975,34.78800267953849,0.999990569465096
A,true,global,10,sst,0.0008092209287551687,0.10958683295081356,447.40499353890465,447.5531859735046,0.028446808762234977,0.3310390202843368,21.15195011196142,21.15545286618806,0.9998344278305552
A,true,global,10,thetao,0.0005595403363462502,0.0347276470418749,142.72470640152792,142.85481616379704,0.023654604971257716,0.18635355387508687,11.946744594303835,11.9521887603818,0.9995445046771676
A,true,global,10,ts,0.0006913631884844348,,,,0.026293786119241838,,,,
A,true,global,10,uo,0.078614437720921,0.0003632589729696386,0.0057186375918508265,0.006058213364304922,0.2803826630177426,0.019059353949429623,0.07562167408786205,0.07783452552887389,0.9715697959745261
A,true,global,10,vo,0.10769591799153408,0.0003004596378455452,0.0028124549727001273,0.0030354276251364294,0.32817056234759096,0.017333771598978257,0.05303258406583755,0.05509471503816341,0.9625711654757185
A,true,global,10,zos,0.0010891645797527789,0.0005048893482042879,0.3800375220751522,0.3825429512394799,0.033002493538409776,0.022469742949225917,0.6164718339674183,0.6185005668869511,0.9967199174452761
A,true,global,15,so,0.0012158687952839513,0.004597221846776923,1210.1783591984815,1210.2040153150544,0.03486931022093714,0.06780281592070438,34.78761790060483,34.787986652220255,0.9999894000299842
A,true,global,15,sst,0.001125762539544102,0.1524537329119865,447.29184545651833,447.6225280761719,0.033552385005303303,0.39045324036558654,21.149275293884617,21.157091673388663,0.9996305551053656
A,true,global,15,thetao,0.0008686852903117194,0.050623576783233704,142.67624220703587,142.8625363302485,0.029473467565112176,0.22499683727384637,11.944716078962943,11.95251171638198,0.9993477824909092
A,true,global,15,ts,0.0010422770427978355,,,,0.0322843157399663,,,,
A,true,global,15,uo,0.10648710135883434,0.0004627464107219043,0.005695284934598684,0.00607172364122181,0.3263236144670415,0.021511541337661148,0.07546711160895642,0.07792126565464533,0.9685046947701548
A,true,global,15,vo,0.14545689110091106,0.00038079604591387554,0.002787777396793703,0.003021085084922215,0.3813881108541679,0.0195139961543984,0.05279940716327886,0.05496439834040044,0.9606110274561079
A,true,global,15,zos,0.001344464828655301,0.0006232354463656161,0.37903599004552824,0.38176642012114476,0.036666944632124734,0.024964683982891034,0.6156589884388339,0.6178724950352983,0.996417534986182
A,true,global,20,so,0.001549540966373964,0.005832985777257682,1210.1666394750341,1210.202575716042,0.039364209205494834,0.0763739862600983,34.78744945343125,34.78796596117746,0.9999851526890998
A,true,global,20,sst,0.0013803350362888546,0.18692861151213594,447.3315580734099,447.5783386230469,0.03715286040520776,0.43235241587405976,21.150214137767257,21.156047329854573,0.9997242777917648
A,true,global,20,thetao,0.0011433474769091858,0.06381183248197847,142.6550921444205,142.8654907852846,0.0338134215498696,0.2526100403427751,11.943830714825982,11.95263530713142,0.9992633764789774
A,true,global,20,ts,0.001346444221641575,,,,0.03669392622276301,,,,
A,true,global,20,uo,0.12932789210053844,0.0005512670218608237,0.005680622643507201,0.006062034398403562,0.3596218737793051,0.02347907625654859,0.07536990542323375,0.07785906754131829,0.9680299007336097
A,true,global,20,vo,0.17783402207127785,0.00046180207752531156,0.0027732279389861753,0.0030253581323639433,0.42170371360859255,0.02148958067355693,0.052661446419426945,0.055003255652406095,0.9574241705295001
A,true,global,20,zos,0.0015413871886339888,0.0007145200962449546,0.3788402595303275,0.3817692986040404,0.03926050418211652,0.02673050871653876,0.6155000077419395,0.6178748243811528,0.9961564761250923
A,true,global,25,so,0.0019027922993301565,0.006996465998501626,1210.1618540721772,1210.2032899020012,0.04362100754602255,0.08364488028864424,34.7873806727695,34.78797622601811,0.999982880485926
A,true,global,25,sst,0.0016117981432776677,0.2182739556136757,447.15429101809104,447.44390838314786,0.040147205921180464,0.4671979833150778,21.146023054420684,21.152869979819474,0.999676312225938
A,true,global,25,thetao,0.0014314132979856237,0.07659717827102451,142.61547961637092,142.86061202031462,0.03783402302142377,0.27676195235440965,11.942172315637173,11.952431217970451,0.9991416890717719
A,true,global,25,ts,0.00166710279865789,,,,0.04083017020118689,,,,
A,true,global,25,uo,0.14877993612095178,0.0006281544866270358,0.0056800318980336035,0.006050301252170681,0.3857200229712632,0.025063010326515762,0.07536598634685016,0.07778368242871175,0.9689176957637947
A,true,global,25,vo,0.20543075312505304,0.0005307398588721647,0.0027588123096695953,0.0030246617876605224,0.4532446945360233,0.023037791970416017,0.052524397280402896,0.054996925256422496,0.9550424325634302
A,true,global,25,zos,0.0017079221498634645,0.0007917184595516737,0.37889845202667544,0.3820452109129742,0.041327014770770276,0.028137492062223202,0.6155472784658181,0.6180980593020611,0.9958731777298845
A,true,global,30,so,0.0022344628841839023,0.008138010810945282,1210.1547857403184,1210.2057858213093,0.04727010560791992,0.09021092401114891,34.787279079288716,34.78801209930383,0.9999789289479083
A,true,global,30,sst,0.0018469107306721766,0.25011352306664586,447.1040939176925,447.40683569089333,0.04297569930405062,0.5001135101820844,21.14483610524547,21.151993657593916,0.9996616133465095
A,true,global,30,thetao,0.0017077934774765004,0.08843558063721872,142.5871376948793,142.8516729706198,0.04132545798265883,0.29738120424333936,11.940985624933953,11.952057269383367,0.9990736620315754
A,true,global,30,ts,0.0019711281808302014,,,,0.0443973893470123,,,,
A,true,global,30,uo,0.16642346201441754,0.0007060895247596339,0.005680497678877157,0.00603941450658323,0.4079503180712298,0.026572345112158127,0.07536907640987223,0.07771367001102979,0.9698303580203483
A,true,global,30,vo,0.230733309972958,0.0005993424506213161,0.0027546402536683862,0.0030287501390764563,0.4803470724101043,0.02448147157793657,0.05248466684345425,0.05503408161381869,0.9536757097492057
A,true,global,30,zos,0.0019220163271940706,0.0008909632104937636,0.3784566819667816,0.38252979486879674,0.04384080664397121,0.029849006859421028,0.6151883304865118,0.6184899310973435,0.9946618361191848
A,true,tropics,0,so,0.0,0.0,1221.1740320297963,1221.1740320297963,0.0,0.0,34.94530057146163,34.94530057146163,1.0
A,true,tropics,0,sst,0.0,0.0,764.1281806098091,764.1281806098091,0.0,0.0,27.642868530776777,27.642868530776777,1.0
A,true,tropics,0,thetao,0.0,0.0,230.62646323308667,230.62646323308667,0.0,0.0,15.186390724365243,15.186390724365243,1.0
A,true,tropics,0,ts,0.0,,,,0.0,,,,
A,true,tropics,0,uo,0.0,0.0,0.01017016792576906,0.01017016792576906,0.0,0.0,0.10084725046211751,0.10084725046211751,1.0
A,true,tropics,0,vo,0.0,0.0,0.002943038601592826,0.002943038601592826,0.0,0.0,0.05424977973773558,0.05424977973773558,1.0
A,true,tropics,0,zos,0.0,0.0,0.20247419479519427,0.20247419479519427,0.0,0.0,0.4499713266367028,0.4499713266367028,1.0
A,true,tropics,5,so,0.0005145402338817785,0.002033925400708092,1221.1063607523631,1221.1754554695806,0.02268347931605243,0.04509906208235479,34.9443323122987,34.94532093813964,0.9999717093500818
A,true,tropics,5,sst,0.00041415136380378687,0.05608547012312239,763.9878872958096,764.1688966076783,0.02035070917201135,0.23682371106610586,27.640330810173197,27.643604985740886,0.9998815575765397
A,true,tropics,5,thetao,0.0003385284061857788,0.025633989788664227,230.50446067487889,230.626773843594,0.018399141452409642,0.16010618285582923,15.182373354481799,15.18640095096906,0.9997347892696719
A,true,tropics,5,ts,0.0004265343200337786,,,,0.020652707329398213,,,,
A,true,tropics,5,uo,0.042689347064844396,0.0004023769557794683,0.009678539149457177,0.010132723456349605,0.2066140050065445,0.020059335875832685,0.09837956672733,0.10066142983461741,0.977331306429519
A,true,tropics,5,vo,0.055936680434807366,0.0002896037668643472,0.002711691238404472,0.0029323185698539238,0.23650936648430515,0.0170177485838858,0.052073901701375054,0.05415088706433094,0.9616444812715914
A,true,tropics,5,zos,0.0002444093067120889,0.00011329752915756763,0.20259264337294025,0.20231088153039561,0.01563359545057019,0.010644131207269461,0.4501029253103564,0.4497898192827352,1.000696116306324
A,true,tropics,10,so,0.0009060682891049902,0.003810154031080403,1221.0407198916591,1221.173619028484,0.03010096824198501,0.061726445151818056,34.943393079259764,34.945294662207154,0.999945584005922
A,true,tropics,10,sst,0.0006245924248077353,0.08458395418946185,764.0054105508207,764.1982039634628,0.024991847166780917,0.2908332068204418,27.640647795426588,27.644135073528034,0.9998738510685117
A,true,tropics,10,thetao,0.000547442138817982,0.039630595043691805,230.49120452207345,230.62331886524305,0.023397481463140045,0.19907434551868256,15.181936784286563,15.186287198168058,0.999713530119329
A,true,tropics,10,ts,0.000726755213961486,,,,0.026958397837436223,,,,
A,true,tropics,10,uo,0.0697440306291158,0.0006281961154999653,0.009544258681675947,0.010229659401123631,0.2640909514336222,0.025063840797051942,0.09769472187214592,0.10114177871247683,0.9659185661532599
A,true,tropics,10,vo,0.08359752498876055,0.00041167986886794653,0.002641582025890614,0.002950692858166014,0.2891323658616595,0.02028989573329411,0.0513963230775375,0.05432028035794747,0.9461719037320437
A,true,tropics,10,zos,0.00035535770343761815,0.0001647283832131687,0.20263213611612413,0.2024477909911762,0.018850933755058877,0.012834655554909476,0.4501467939640625,0.4499419862506457,1.0004551869344833
A,true,tropics,15,so,0.0013432170540088758,0.00540166970045172,1220.9927364594755,1221.1713305832793,0.036649925702637864,0.07349605227800823,34.94270648446504,34.945261918939444,0.9999268732201713
A,true,tropics,15,sst,0.0008466532359821072,0.11465601465015696,763.6043651850537,764.2779658153804,0.02909730633550307,0.3386089405939497,27.633392212774993,27.64557769002812,0.999559225081503
A,true,tropics,15,thetao,0.0008241605896049004,0.0563758543359274,230.4344422955037,230.6309176207124,0.0287081972545282,0.23743600050524646,15.180067269136316,15.186537380874958,0.9995739574086987
A,true,tropics,15,ts,0.0010836888218068881,,,,0.032919429244853075,,,,
A,true,tropics,15,uo,0.09109875007350823,0.0007863506688609885,0.009506751548034792,0.010281492802433246,0.3018256948530198,0.028041944812387542,0.09750257200727985,0.10139769623829353,0.9615856732892649
A,true,tropics,15,vo,0.10558928624944185,0.0004972645782287843,0.0026202743887172573,0.0029324916814102296,0.3249450511231735,0.022299429997844882,0.051188615811694475,0.05415248545921258,0.9452680773119735
A,true,tropics,15,zos,0.0004581722399722647,0.00021238873240584646,0.20273797153824505,0.20190843036680506,0.021404958303446065,0.014573562790403947,0.45026433518350645,0.44934221965758464,1.0020521453039166
A,true,tropics,20,so,0.0017008760077724537,0.006699040955563387,1220.941342002467,1221.1699123352148,0.041241678042636114,0.08184766921277226,34.94197106636183,34.94524162651068,0.9999064089988616
A,true,tropics,20,sst,0.001030831563643913,0.13959792941206628,763.5290428701073,764.3511999881629,0.03210656574042003,0.37362806293433887,27.632029293378135,27.6469021770643,0.9994620415845901
A,true,tropics,20,thetao,0.0010615518568401951,0.0698871329592093,230.42411966683756,230.64490313107183,0.032581464927780565,0.2643617463991515,15.179727259303363,15.186997831404067,0.9995212633740113
A,true,tropics,20,ts,0.0013812139323063242,,,,0.037164686630003003,,,,
A,true,tropics,20,uo,0.10875272177702434,0.0009169541235093191,0.009480540877211664,0.010244555810134651,0.32977677567867686,0.030281250362382977,0.09736806908433412,0.1012153931481504,0.9619887455440213
A,true,tropics,20,vo,0.12792112164551875,0.0005906150704424392,0.00260308161854921,0.0029367464090602246,0.3576606235602666,0.024302573329638144,0.051020403943414734,0.05419175591416304,0.9414790696988752
A,true,tropics,20,zos,0.0005577513427741171,0.0002585492754469758,0.20303249825732872,0.20200970227068119,0.02361675978567164,0.016079467511300734,0.45059127627743606,0.4494548945897477,1.0025283553508204
A,true,tropics,25,so,0.0020588154863912986,0.0078655543693197,1220.8960301644113,1221.1721649575525,0.045374172018796094,0.08868796067854813,34.941322673367864,34.94527385724073,0.9998869322389916
A,true,tropics,25,sst,0.0011822352246992334,0.16010141259793076,763.1994548759075,764.1613788026752,0.034383647635165666,0.40012674566683337,27.62606477361384,27.6434690081161,0.999370403385438
A,true,tropics,25,thetao,0.0013044024226830757,0.08249760687823637,230.36513832535942,230.64014333887937,0.03611651177346832,0.2872239664064202,15.17778436812697,15.18684112443662,0.999403644494899
A,true,tropics,25,ts,0.0016816089545371872,,,,0.04100742560240995,,,,
A,true,tropics,25,uo,0.12488901814379502,0.0010373657945962874,0.009476785652830609,0.010214627334406852,0.3533964036939185,0.03220816347754537,0.09734878352003484,0.10106743953621686,0.9632061914970206
A,true,tropics,25,vo,0.14798618713468073,0.0006741552838622736,0.0025848044206367993,0.002943455925030582,0.3846897283976799,0.025964500454703027,0.05084097186951484,0.054253625915975254,0.937098138809271
A,true,tropics,25,zos,0.0006275451994933283,0.0002909026749847889,0.2032142453121416,0.20223544221935846,0.02505085227079766,0.017055869223958915,0.4507929073445384,0.44970595083827664,1.0024170382985496
A,true,tropics,30,so,0.0023995978557957254,0.009020814010597154,1220.8505648461382,1221.1777864219914,0.04898569031661926,0.09497796592156074,34.94067207204432,34.94535428954744,0.9998660131625989
A,true,tropics,30,sst,0.0013462880101863506,0.1823178740462871,762.9817850132181,764.0076028843118,0.03669179758728578,0.42698697175240263,27.62212491849999,27.640687453178725,0.9993284344063375
A,true,tropics,30,thetao,0.001538386257283897,0.09429058566454615,230.32623432682018,230.622964074716,0.03922226736541243,0.3070677216259406,15.176502704075803,15.186275516884185,0.9993564707292768
A,true,tropics,30,ts,0.001968992056539811,,,,0.04437332595760443,,,,
A,true,tropics,30,uo,0.1401300824889472,0.001151533699441678,0.00948755105830959,0.010173216723607506,0.3743395283548709,0.03393425554571189,0.09740406078962822,0.10086236524892477,0.9657126377042461
A,true,tropics,30,vo,0.16756019478288495,0.0007548345668697444,0.0025854865730510924,0.0029416438090203428,0.4093411716195733,0.0274742527991162,0.05084768011474164,0.05423692293097335,0.9375104148045944
A,true,tropics,30,zos,0.0007239073577261232,0.00033557198140906464,0.203544357509324,0.20267562959531338,0.02690552652757651,0.018318623895070957,0.45115890494295247,0.45019510170071086,1.0021408567943113
A,true_persistence,extratropics,0,so,0.0,0.0,1203.8131713542705,1203.8131713542705,0.0,0.0,34.69601088532038,34.69601088532038,1.0
A,true_persistence,extratropics,0,sst,0.0,0.0,264.66212894940617,264.66212894940617,0.0,0.0,16.268439659334454,16.268439659334454,1.0
A,true_persistence,extratropics,0,thetao,0.0,0.0,91.88061453580991,91.88061453580991,0.0,0.0,9.585437628810169,9.585437628810169,1.0
A,true_persistence,extratropics,0,ts,0.0,,,,0.0,,,,
A,true_persistence,extratropics,0,uo,0.0,0.0,0.0036498695552275684,0.0036498695552275684,0.0,0.0,0.06041415028970919,0.06041415028970919,1.0
A,true_persistence,extratropics,0,vo,0.0,0.0,0.0030889873151848375,0.0030889873151848375,0.0,0.0,0.05557865881059777,0.05557865881059777,1.0
A,true_persistence,extratropics,0,zos,0.0,0.0,0.48620438304814423,0.48620438304814423,0.0,0.0,0.697283574342709,0.697283574342709,1.0
A,true_persistence,extratropics,5,so,0.00021507349863930357,0.001063463601209703,1203.8131713542705,1203.8158635205882,0.01466538436725419,0.03261078964406877,34.69601088532038,34.69604968178061,0.9999988818190952
A,true_persistence,extratropics,5,sst,0.0008073392423513657,0.10933200981129296,264.66212894940617,264.80069678720804,0.028413715743481453,0.3306539124391135,16.268439659334454,16.272697895161947,0.9997383202309214
A,true_persistence,extratropics,5,thetao,0.00026479084149497764,0.016691998540437993,91.88061453580991,91.89021460419285,0.016272395075555952,0.1291975175475055,9.585437628810169,9.585938378906514,0.9999477620159288
A,true_persistence,extratropics,5,ts,0.0002399321700671406,,,,0.015489744028457687,,,,
A,true_persistence,extratropics,5,uo,0.10305036636191212,0.00030088291140941586,0.0036498695552275684,0.0036474312009881155,0.32101458901724716,0.017345976807589012,0.06041415028970919,0.06039396659425605,1.0003342005268299
A,true_persistence,extratropics,5,vo,0.1726736904877985,0.0003879782773062463,0.0030889873151848375,0.003091959232748583,0.41554023931239015,0.01969716419452928,0.05557865881059777,0.05560538852259359,0.99951929637206
A,true_persistence,extratropics,5,zos,0.0019571017568008587,0.0009072272970124272,0.48620438304814423,0.4863526396679156,0.044239142812681834,0.030120214093070904,0.697283574342709,0.6973898763732634,0.9998475715892132
A,true_persistence,extratropics,10,so,0.0005731591550500728,0.002715767923489661,1203.8131713542705,1203.8172161582934,0.023940742575159876,0.052113030265852525,34.69601088532038,34.69606917445106,0.9999983200076532
A,true_persistence,extratropics,10,sst,0.0023422749110995596,0.31719704800181914,264.66212894940617,264.84413516882694,0.04839705477712006,0.5632024928938251,16.268439659334454,16.274032541715865,0.9996563308837515
A,true_persistence,extratropics,10,thetao,0.0008113384913699199,0.051257212277613234,91.88061453580991,91.89780742649144,0.028484004131616045,0.22640055714952037,9.585437628810169,9.58633441032032,0.9999064520940156
A,true_persistence,extratropics,10,ts,0.0006922488232099964,,,,0.026310621870453698,,,,
A,true_persistence,extratropics,10,uo,0.22988193368876886,0.0005985889084256353,0.0036498695552275684,0.003650042322148721,0.4794600438918439,0.024466076686416958,0.06041415028970919,0.060415580127552534,0.9999763332928306
A,true_persistence,extratropics,10,vo,0.4013627334945954,0.000864865956650017,0.0030889873151848375,0.0030950805369513337,0.6335319514393851,0.029408603446100887,0.05557865881059777,0.05563344800523633,0.9990151752838796
A,true_persistence,extratropics,10,zos,0.0032660167668992625,0.0015139833922883132,0.48620438304814423,0.4864606968682222,0.05714907494351298,0.038909939505071364,0.697283574342709,0.697467344660825,0.9997365176742355
A,true_persistence,extratropics,15,so,0.0009711166603563443,0.004564984819615933,1203.8131713542705,1203.8167773930713,0.03116274475004319,0.0675646713868715,34.69601088532038,34.696062851468774,0.9999985022465341
A,true_persistence,extratropics,15,sst,0.0043820915120474585,0.5934343891914444,264.66212894940617,264.9074671581538,0.06619736786343894,0.7703469278133356,16.268439659334454,16.275978224308172,0.9995368287626203
A,true_persistence,extratropics,15,thetao,0.0014712980778361093,0.09619160240657047,91.88061453580991,91.90559417755247,0.03835750354019549,0.3101477106260346,9.585437628810169,9.586740539805616,0.9998640923898965
A,true_persistence,extratropics,15,ts,0.0012212073690962269,,,,0.034945777557470754,,,,
A,true_persistence,extratropics,15,uo,0.3280400138492916,0.000872582922568604,0.0036498695552275684,0.003641342693249186,0.5727477750714459,0.029539514596022123,0.06041415028970919,0.06034353895198048,1.0011701557276065
A,true_persistence,extratropics,15,vo,0.590082766637721,0.0013130715215131767,0.0030889873151848375,0.003082921659519059,0.7681684493896641,0.036236328753243986,0.05557865881059777,0.055524063787866416,1.0009832677762913
A,true_persistence,extratropics,15,zos,0.004260685682917593,0.001975068659051221,0.48620438304814423,0.48554731107721427,0.06527392804878218,0.044441744554542646,0.697283574342709,0.6968122495171954,1.000676401463723
A,true_persistence,extratropics,20,so,0.001385554945595646,0.006547702539251642,1203.8131713542705,1203.815321375245,0.03722304320707331,0.08091787527642852,34.69601088532038,34.69604186899775,0.9999991069967725
A,true_persistence,extratropics,20,sst,0.006858784112740592,0.9288346364040567,264.66212894940617,264.7955252907493,0.08281777655033122,0.9637606738210772,16.268439659334454,16.272538993370066,0.9997480827031797
A,true_persistence,extratropics,20,thetao,0.002193970090327154,0.149558835399546,91.88061453580991,91.90216510698583,0.04683983443957882,0.386728374184706,9.585437628810169,9.5865616936932,0.9998827457727862
A,true_persistence,extratropics,20,ts,0.0017897625179614,,,,0.04230558494999685,,,,
A,true_persistence,extratropics,20,uo,0.4049771989060487,0.0011233581713336104,0.0036498695552275684,0.0036474580241133764,0.636378188584468,0.03351653578957125,0.06041415028970919,0.06039418866176924,1.0003305223297516
A,true_persistence,extratropics,20,vo,0.7449529418154387,0.0017199722687259772,0.0030889873151848375,0.0030871982566572026,0.8631065645767263,0.04147254837511166,0.05557865881059777,0.05556256164592488,1.0002897124285859
A,true_persistence,extratropics,20,zos,0.00518992470549132,0.002405823483555107,0.48620438304814423,0.4854934140287264,0.07204113203921299,0.04904919452503891,0.697283574342709,0.6967735744334212,1.0007319449646215
A,true_persistence,extratropics,25,so,0.0018162883295611812,0.008681839657118042,1203.8131713542705,1203.8151419364283,0.042617934365254975,0.09317639001977938,34.69601088532038,34.69603928312897,0.9999991815259271
A,true_persistence,extratropics,25,sst,0.009848433455000723,1.3337008396182397,264.66212894940617,264.69304988360165,0.0992392737528884,1.1548596623045762,16.268439659334454,16.26938996654766,0.9999415892534902
A,true_persistence,extratropics,25,thetao,0.002968578738945127,0.21183950854555933,91.88061453580991,91.897203308665,0.0544846651723687,0.4602602617493274,9.585437628810169,9.58630290094492,0.9999097387028459
A,true_persistence,extratropics,25,ts,0.002392433534253154,,,,0.048912508975242255,,,,
A,true_persistence,extratropics,25,uo,0.47011690479463114,0.0013324495173048197,0.0036498695552275684,0.003646291957531004,0.685650716323283,0.03650273301144477,0.06041415028970919,0.060384534092191224,1.0004904599822324
A,true_persistence,extratropics,25,vo,0.8747568378291316,0.002053506131984825,0.0030889873151848375,0.0030822245559924397,0.9352843620146397,0.04531562790014969,0.05557865881059777,0.055517785942816915,1.001096457049702
A,true_persistence,extratropics,25,zos,0.0059416582055314094,0.0027542944451925213,0.48620438304814423,0.48579827914334306,0.07708215231512032,0.05248137236384469,0.697283574342709,0.6969923092426078,1.0004178885422965
A,true_persistence,extratropics,30,so,0.002262526433633239,0.010976231063342197,1203.8131713542705,1203.8158307478568,0.04756602183947318,0.10476750957879163,34.69601088532038,34.69604920949728,0.9999988954311003
A,true_persistence,extratropics,30,sst,0.013398058270339361,1.814400391747253,264.66212894940617,264.72332362936,0.11574998172932625,1.3469968046536906,16.268439659334454,16.27032032964809,0.9998844109842012
A,true_persistence,extratropics,30,thetao,0.003786226625019266,0.28273173756461745,91.88061453580991,91.8930253497211,0.06153232179122828,0.5317252463111164,9.585437628810169,9.58608498552569,0.9999324691241003
A,true_persistence,extratropics,30,ts,0.0030243765293262526,,,,0.05499433179270617,,,,
A,true_persistence,extratropics,30,uo,0.5259542041782495,0.0015251508594913352,0.0036498695552275684,0.003653029506141431,0.7252270018264967,0.039053179889624035,0.06041415028970919,0.06044029703882527,0.9995673954233003
A,true_persistence,extratropics,30,vo,0.9857706370219343,0.0023375054422675352,0.0030889873151848375,0.003089732657977778,0.9928598274791535,0.048347755297092496,0.05557865881059777,0.055585363702846974,0.9998793766595637
A,true_persistence,extratropics,30,zos,0.006787142434129156,0.0031462241895496303,0.48620438304814423,0.486308480151976,0.08238411518083541,0.056091213122463575,0.697283574342709,0.6973582150888996,0.9998929664201618
A,true_persistence,global,0,so,0.0,0.0,1210.2027203703358,1210.2027203703358,0.0,0.0,34.787968040262655,34.787968040262655,1.0
A,true_persistence,global,0,sst,0.0,0.0,447.4121497568458,447.4121497568458,0.0,0.0,21.15211927341669,21.15211927341669,1.0
A,true_persistence,global,0,thetao,0.0,0.0,142.8450749442232,142.8450749442232,0.0,0.0,11.951781245664732,11.951781245664732,1.0
A,true_persistence,global,0,ts,0.0,,,,0.0,,,,
A,true_persistence,global,0,uo,0.0,0.0,0.006036315295715531,0.006036315295715531,0.0,0.0,0.07769372751847817,0.07769372751847817,1.0
A,true_persistence,global,0,vo,0.0,0.0,0.003028792257069194,0.003028792257069194,0.0,0.0,0.05503446426621408,0.05503446426621408,1.0
A,true_persistence,global,0,zos,0.0,0.0,0.3823900824845439,0.3823900824845439,0.0,0.0,0.6183769744132974,0.6183769744132974,1.0
A,true_persistence,global,5,so,0.00026079973105410954,0.0013443306172242668,1210.2027203703358,1210.2049461904198,0.016149295063689607,0.036665114444445236,34.787968040262655,34.788000031482404,0.9999990803949718
A,true_persistence,global,5,sst,0.0006431060163491869,0.08709111316788072,447.4121497568458,447.5149160057607,0.025359535018394698,0.2951120349424617,21.15211927341669,21.154548352677274,0.9998851746102027
A,true_persistence,global,5,thetao,0.00026271944906731335,0.018562604494568848,142.8450749442232,142.85127031421823,0.01620862267644334,0.13624464941629394,11.951781245664732,11.95204042472323,0.9999783150784898
A,true_persistence,global,5,ts,0.00026175959006071147,,,,0.01617898606404961,,,,
A,true_persistence,global,5,uo,0.11666498003267084,0.0005992556951749948,0.006036315295715531,0.006021049417328951,0.34156255654370377,0.024479699654509544,0.07769372751847817,0.07759542136833172,1.0012669065830546
A,true_persistence,global,5,vo,0.2227798873387328,0.0007256999777334883,0.003028792257069194,0.0030267310920001978,0.4719956433471953,0.02693881915996854,0.05503446426621408,0.05501573494919611,1.0003404356414627
A,true_persistence,global,5,zos,0.0014111399015580607,0.0006541431122435454,0.3823900824845439,0.3824243370932762,0.03756514210751852,0.02557622161781418,0.6183769744132974,0.6184046709827443,0.9999552128715281
A,true_persistence,global,10,so,0.0006850335994933387,0.003388996244551559,1210.2027203703358,1210.2051304315771,0.026173146534059267,0.05821508605637854,34.787968040262655,34.78800267953849,0.9999990042752339
A,true_persistence,global,10,sst,0.0018451112302518302,0.24986982985277364,447.4121497568458,447.5531859735046,0.04295475794660971,0.4998698129040937,21.15211927341669,21.15545286618806,0.999842423946561
A,true_persistence,global,10,thetao,0.0007641235062714185,0.053360817821638616,142.8450749442232,142.85481616379704,0.02764278398192589,0.23099960567420588,11.951781245664732,11.9521887603818,0.9999659045949459
A,true_persistence,global,10,ts,0.0007245785528823785,,,,0.02691799682150175,,,,
A,true_persistence,global,10,uo,0.25632720988428,0.0012285356891456993,0.006036315295715531,0.006058213364304922,0.5062876750270344,0.03505047345109192,0.07769372751847817,0.07783452552887389,0.9981910596944091
A,true_persistence,global,10,vo,0.4864053281934131,0.0014803095352678333,0.003028792257069194,0.0030354276251364294,0.6974276508666781,0.03847479090609634,0.05503446426621408,0.05509471503816341,0.9989064146732114
A,true_persistence,global,10,zos,0.0024554079193903596,0.0011382203741995788,0.3823900824845439,0.3825429512394799,0.049552072806194086,0.03373752175545173,0.6183769744132974,0.6185005668869511,0.9998001740333469
A,true_persistence,global,15,so,0.0011351375934459122,0.005508414748301496,1210.2027203703358,1210.2040153150544,0.033691803060179375,0.07421869540959,34.787968040262655,34.787986652220255,0.9999994649889404
A,true_persistence,global,15,sst,0.00338926241436799,0.4589828567372428,447.4121497568458,447.6225280761719,0.05821737210118635,0.6774827353794655,21.15211927341669,21.157091673388663,0.9997649771505114
A,true_persistence,global,15,thetao,0.0013529863115311221,0.09586084930641868,142.8450749442232,142.8625363302485,0.03678296224519067,0.30961403279957883,11.951781245664732,11.95251171638198,0.9999388855886878
A,true_persistence,global,15,ts,0.0012440619524885172,,,,0.0352712624169949,,,,
A,true_persistence,global,15,uo,0.37157445433037134,0.001754605747566401,0.006036315295715531,0.00607172364122181,0.6095690726491718,0.0418880143664796,0.07769372751847817,0.07792126565464533,0.9970798968130775
A,true_persistence,global,15,vo,0.6761499506910071,0.001991036474759049,0.003028792257069194,0.003021085084922215,0.8222833761490057,0.04462103175363664,0.05503446426621408,0.05496439834040044,1.0012747510739535
A,true_persistence,global,15,zos,0.003300508627705608,0.0015299723241383627,0.3823900824845439,0.38176642012114476,0.057450053330746424,0.039114860656000845,0.6183769744132974,0.6178724950352983,1.0008164781278543
A,true_persistence,global,20,so,0.0015890675071507233,0.007681932246484785,1210.2027203703358,1210.202575716042,0.039863109602121145,0.08764663283027355,34.787968040262655,34.78796596117746,1.0000000597644942
A,true_persistence,global,20,sst,0.005234123540411869,0.708818817228982,447.4121497568458,447.5783386230469,0.07234724279757916,0.8419137825389141,21.15211927341669,21.156047329854573,0.9998143293793667
A,true_persistence,global,20,thetao,0.001976810163977099,0.14372190341920343,142.8450749442232,142.8654907852846,0.0444613333580663,0.37910671771837995,11.951781245664732,11.95263530713142,0.9999285461787512
A,true_persistence,global,20,ts,0.0017829388355639112,,,,0.04222486039721045,,,,
A,true_persistence,global,20,uo,0.4568817536606553,0.0021373851444860875,0.006036315295715531,0.006062034398403562,0.6759302875745806,0.046231862870601347,0.07769372751847817,0.07785906754131829,0.9978764191755524
A,true_persistence,global,20,vo,0.7910168369611105,0.0022878155546402056,0.003028792257069194,0.0030253581323639433,0.8893912732656591,0.04783111492156759,0.05503446426621408,0.055003255652406095,1.0005673957557204
A,true_persistence,global,20,zos,0.0040787027048115885,0.0018907092768002264,0.3823900824845439,0.3817692986040404,0.06386472191133058,0.0434822869315797,0.6183769744132974,0.6178748243811528,1.0008127051181404
A,true_persistence,global,25,so,0.00204613946713407,0.009936137912648527,1210.2027203703358,1210.2032899020012,0.045234273146963135,0.09968017813310993,34.787968040262655,34.78797622601811,0.999999764695842
A,true_persistence,global,25,sst,0.00743844932547267,1.0073344295073037,447.4121497568458,447.44390838314786,0.08624644529180707,1.003660515068369,21.15211927341669,21.152869979819474,0.9999645104232429
A,true_persistence,global,25,thetao,0.002622685182447668,0.19686893302494163,142.8450749442232,142.86061202031462,0.05121215854118696,0.4436991469734212,11.951781245664732,11.952431217970451,0.9999456200756259
A,true_persistence,global,25,ts,0.002334412324790869,,,,0.04831575648575596,,,,
A,true_persistence,global,25,uo,0.5264408969929851,0.002463418471626022,0.006036315295715531,0.006050301252170681,0.7255624693939077,0.04963283662683427,0.07769372751847817,0.07778368242871175,0.9988435246644947
A,true_persistence,global,25,vo,0.8666074942046819,0.0024772016035292687,0.003028792257069194,0.0030246617876605224,0.9309175549986592,0.04977149388484606,0.05503446426621408,0.054996925256422496,1.0006825656091964
A,true_persistence,global,25,zos,0.00471159857415561,0.0021840922823739757,0.3823900824845439,0.3820452109129742,0.06864108517612182,0.04673427310201771,0.6183769744132974,0.6180980593020611,1.0004512473498968
A,true_persistence,global,30,so,0.0025214673538412335,0.012371841970732054,1210.2027203703358,1210.2057858213093,0.05021421465921013,0.11122878211475686,34.787968040262655,34.78801209930383,0.9999987334993145
A,true_persistence,global,30,sst,0.010055743804615361,1.361775347379723,447.4121497568458,447.40683569089333,0.10027833168045508,1.1669513046308844,21.15211927341669,21.151993657593916,1.0000059387226004
A,true_persistence,global,30,thetao,0.003303478524578262,0.25680000187029495,142.8450749442232,142.8516729706198,0.057475895161173976,0.5067543802181634,11.951781245664732,11.952057269383367,0.9999769057566898
A,true_persistence,global,30,ts,0.002912472939209748,,,,0.05396733214834459,,,,
A,true_persistence,global,30,uo,0.5906110107740273,0.0028014332657423638,0.006036315295715531,0.00603941450658323,0.7685122060019784,0.052928567576899,0.07769372751847817,0.07771367001102979,0.9997433850113012
A,true_persistence,global,30,vo,0.942373560312769,0.0026864640597081295,0.003028792257069194,0.0030287501390764563,0.970759270011247,0.051831110924888825,0.05503446426621408,0.05503408161381869,1.0000069530077393
A,true_persistence,global,30,zos,0.005412730204900958,0.0025091064221347496,0.3823900824845439,0.38252979486879674,0.07357125936737088,0.050090981445113945,0.6183769744132974,0.6184899310973435,0.9998173669798541
A,true_persistence,tropics,0,so,0.0,0.0,1221.1740320297963,1221.1740320297963,0.0,0.0,34.94530057146163,34.94530057146163,1.0
A,true_persistence,tropics,0,sst,0.0,0.0,764.1281806098091,764.1281806098091,0.0,0.0,27.642868530776777,27.642868530776777,1.0
A,true_persistence,tropics,0,thetao,0.0,0.0,230.62646323308667,230.62646323308667,0.0,0.0,15.186390724365243,15.186390724365243,1.0
A,true_persistence,tropics,0,ts,0.0,,,,0.0,,,,
A,true_persistence,tropics,0,uo,0.0,0.0,0.01017016792576906,0.01017016792576906,0.0,0.0,0.10084725046211751,0.10084725046211751,1.0
A,true_persistence,tropics,0,vo,0.0,0.0,0.002943038601592826,0.002943038601592826,0.0,0.0,0.05424977973773558,0.05424977973773558,1.0
A,true_persistence,tropics,0,zos,0.0,0.0,0.20247419479519427,0.20247419479519427,0.0,0.0,0.4499713266367028,0.4499713266367028,1.0
A,true_persistence,tropics,5,so,0.0003404126266003254,0.0018302514981010166,1221.1740320297963,1221.1754554695806,0.01845027443157216,0.04278143871004126,34.94530057146163,34.94532093813964,0.9999994171844052
A,true_persistence,tropics,5,sst,0.00035848081769826164,0.0485464182465967,764.1281806098091,764.1688966076783,0.01893358966752638,0.22033251745168417,27.642868530776777,27.643604985740886,0.9999733589390932
A,true_persistence,tropics,5,thetao,0.00026161080372282604,0.021788072061703675,230.62646323308667,230.626773843594,0.016174387275035368,0.14760783197955207,15.186390724365243,15.18640095096906,0.9999993265946387
A,true_persistence,tropics,5,ts,0.00030101171516157575,,,,0.01734968919495608,,,,
A,true_persistence,tropics,5,uo,0.1419387230652561,0.001115153027369954,0.01017016792576906,0.010132723456349605,0.37674755880464056,0.0333939070396076,0.10084725046211751,0.10066142983461741,1.0018459963046957
A,true_persistence,tropics,5,vo,0.31022034072926674,0.0013089487577676775,0.002943038601592826,0.0029323185698539238,0.5569742729509746,0.03617939686848963,0.05424977973773558,0.05415088706433094,1.0018262429069196
A,true_persistence,tropics,5,zos,0.0004649578865306535,0.00021553426396539192,0.20247419479519427,0.20231088153039561,0.021562882148049075,0.014681085244810477,0.4499713266367028,0.4497898192827352,1.0004035381553478
A,true_persistence,tropics,10,so,0.0008800619941270973,0.004553557677628866,1221.1740320297963,1221.173619028484,0.02966583884077943,0.06748005392431801,34.94530057146163,34.945294662207154,1.0000001691001474
A,true_persistence,tropics,10,sst,0.0009834992474725343,0.13318806254502494,764.1281806098091,764.1982039634628,0.031360791563232814,0.36494939723888425,27.642868530776777,27.644135073528034,0.9999541840340496
A,true_persistence,tropics,10,thetao,0.0006909988761730634,0.05699796600561229,230.62646323308667,230.62331886524305,0.02628685747998538,0.2387424679557709,15.186390724365243,15.186287198168058,1.0000068170841123
A,true_persistence,tropics,10,ts,0.0007855304351500804,,,,0.028027315874876075,,,,
A,true_persistence,tropics,10,uo,0.3060070616665956,0.002317987270289262,0.01017016792576906,0.010229659401123631,0.5531790502781134,0.048145480268549215,0.10084725046211751,0.10114177871247683,0.9970879664752921
A,true_persistence,tropics,10,vo,0.6358691082513757,0.0025436453310899313,0.002943038601592826,0.002950692858166014,0.7974140130768806,0.05043456484485547,0.05424977973773558,0.05432028035794747,0.998702130774228
A,true_persistence,tropics,10,zos,0.001050578159835105,0.0004870023641904121,0.20247419479519427,0.2024477909911762,0.03241262346424777,0.02206813005649577,0.4499713266367028,0.4499419862506457,1.0000652092646467
A,true_persistence,tropics,15,so,0.0014212796397807047,0.007139879151364925,1221.1740320297963,1221.1713305832793,0.037699862596310675,0.08449780560088484,34.94530057146163,34.945261918939444,1.0000011060876373
A,true_persistence,tropics,15,sst,0.0016686349814390325,0.22597095069259102,764.1281806098091,764.2779658153804,0.040848928767337735,0.47536401913963894,27.642868530776777,27.64557769002812,0.9999020038835246
A,true_persistence,tropics,15,thetao,0.0011636219377066256,0.0953007302057227,230.62646323308667,230.6309176207124,0.03411190316746671,0.30870816349057356,15.186390724365243,15.186537380874958,0.9999903429922149
A,true_persistence,tropics,15,ts,0.001292450788743665,,,,0.0359506716035134,,,,
A,true_persistence,tropics,15,uo,0.45139376563255235,0.0032797633103180523,0.01017016792576906,0.010281492802433246,0.6718584416620456,0.05726921782526851,0.10084725046211751,0.10139769623829353,0.9945714173339557
A,true_persistence,tropics,15,vo,0.8286517179674573,0.0031632117071901415,0.002943038601592826,0.0029324916814102296,0.9103030912654627,0.05624243688879547,0.05424977973773558,0.05415248545921258,1.0017966724462959
A,true_persistence,tropics,15,zos,0.001636468895917914,0.0007585958410712464,0.20247419479519427,0.20190843036680506,0.04045329276978469,0.027542618631336536,0.4499713266367028,0.44934221965758464,1.0014000620275512
A,true_persistence,tropics,20,so,0.0019443855646521836,0.00964285906009507,1221.1740320297963,1221.1699123352148,0.04409518754526602,0.09819806036829377,34.94530057146163,34.94524162651068,1.000001686780466
A,true_persistence,tropics,20,sst,0.002418497383284018,0.32751929609462466,764.1281806098091,764.3511999881629,0.04917822061933533,0.572293015940807,27.642868530776777,27.6469021770643,0.9998541013289051
A,true_persistence,tropics,20,thetao,0.0016233623675105404,0.13366304332922818,230.62646323308667,230.64490313107183,0.04029097129023499,0.365599566916084,15.186390724365243,15.186997831404067,0.9999600245522147
A,true_persistence,tropics,20,ts,0.001783873966081362,,,,0.04223593216778058,,,,
A,true_persistence,tropics,20,uo,0.5515081540090743,0.003890831083074154,0.01017016792576906,0.010244555810134651,0.7426359498496381,0.06237652669934544,0.10084725046211751,0.1012153931481504,0.996362779666389
A,true_persistence,tropics,20,vo,0.8772317270833974,0.0032718924189960416,0.002943038601592826,0.0029367464090602246,0.9366064953241555,0.0572004582061721,0.05424977973773558,0.05419175591416304,1.0010707131111316
A,true_persistence,tropics,20,zos,0.002152893962714817,0.0009979880514855172,0.20247419479519427,0.20200970227068119,0.04639928838586662,0.03159094888548803,0.4499713266367028,0.4494548945897477,1.001149018629392
A,true_persistence,tropics,25,so,0.0024479090433138576,0.012104158121120857,1221.1740320297963,1221.1721649575525,0.04947634832234345,0.11001889892705188,34.94530057146163,34.94527385724073,1.0000007644587652
A,true_persistence,tropics,25,sst,0.003261814392501002,0.441723510773495,764.1281806098091,764.1613788026752,0.05711229633363556,0.6646228334728614,27.642868530776777,27.6434690081161,0.999978277786368
A,true_persistence,tropics,25,thetao,0.0020534401566219135,0.1710486597165408,230.62646323308667,230.64014333887937,0.0453148999405484,0.41358029415887404,15.186390724365243,15.18684112443662,0.9999703427416086
A,true_persistence,tropics,25,ts,0.0022506745999678855,,,,0.04744127527763019,,,,
A,true_persistence,tropics,25,uo,0.6293990367479871,0.004419363381509847,0.01017016792576906,0.010214627334406852,0.7933467317308285,0.06647829255862282,0.10084725046211751,0.10106743953621686,0.9978213648717157
A,true_persistence,tropics,25,vo,0.8630738406502015,0.003215210931384861,0.002943038601592826,0.002943455925030582,0.9290176751010724,0.05670283001213309,0.05424977973773558,0.054253625915975254,0.9999291074435166
A,true_persistence,tropics,25,zos,0.0025798376318010336,0.0011959005778683163,0.20247419479519427,0.20223544221935846,0.050792102061255874,0.03458179546912387,0.4499713266367028,0.44970595083827664,1.0005901095992427
A,true_persistence,tropics,30,so,0.0029744322503092086,0.014783720369610622,1221.1740320297963,1221.1777864219914,0.05453835577196299,0.12158832332757377,34.94530057146163,34.94535428954744,0.9999984627975048
A,true_persistence,tropics,30,sst,0.004263328786967553,0.5773512310150898,764.1281806098091,764.0076028843118,0.0652941711561419,0.7598363185680781,27.642868530776777,27.640687453178725,1.0000789082254826
A,true_persistence,tropics,30,thetao,0.002503850283367905,0.21205204600230387,230.62646323308667,230.622964074716,0.0500384880204019,0.46049109220733453,15.186390724365243,15.186275516884185,1.0000075862894051
A,true_persistence,tropics,30,ts,0.002739141266838557,,,,0.05233680604353457,,,,
A,true_persistence,tropics,30,uo,0.7084434899179178,0.005008848523691271,0.01017016792576906,0.010173216723607506,0.8416908517489767,0.07077321897223038,0.10084725046211751,0.10086236524892477,0.99985014443425
A,true_persistence,tropics,30,vo,0.8807997886628182,0.003297837051622767,0.002943038601592826,0.0029416438090203428,0.9385093439400687,0.057426797330364564,0.05424977973773558,0.05423692293097335,1.0002370489708385
A,true_persistence,tropics,30,zos,0.0030307984461706403,0.001404946403591984,0.20247419479519427,0.20267562959531338,0.05505268791049753,0.03748261468457055,0.4499713266367028,0.45019510170071086,0.9995029375860317
D,inferred,extratropics,0,so,0.004465539875645229,0.011251475085577873,1203.9604478559236,1203.8131713542705,0.06682469510327173,0.10607297057015927,34.69813320419304,34.69601088532038,1.0000611689591543
D,inferred,extratropics,0,sst,0.0,0.0,264.66212894940617,264.66212894940617,0.0,0.0,16.268439659334454,16.268439659334454,1.0
D,inferred,extratropics,0,thetao,0.004469937480483432,0.1024372469514658,91.13160403783607,91.88061453580991,0.0668575910460692,0.3200581930703631,9.546287447894919,9.585437628810169,0.9959156605643565
D,inferred,extratropics,0,ts,0.004467738678064331,,,,0.06684114509839229,,,,
D,inferred,extratropics,0,uo,0.1429147677499046,0.00020273076186232145,0.0035023277905478385,0.0036498695552275684,0.3780406958912024,0.014238355307489747,0.059180467981825205,0.06041415028970919,0.9795795802478724
D,inferred,extratropics,0,vo,0.15376464674592902,0.00012012117352653305,0.0030152210254247797,0.0030889873151848375,0.39212835493742226,0.010959980544076393,0.05491102826777859,0.05557865881059777,0.9879876456699981
D,inferred,extratropics,0,zos,0.0,0.0,0.48620438304814423,0.48620438304814423,0.0,0.0,0.697283574342709,0.697283574342709,1.0
D,inferred,extratropics,5,so,0.004350783959817555,0.010721964104247368,1204.0191543311403,1203.8158635205882,0.06596047270765693,0.10354691740581835,34.69897915402037,34.69604968178061,1.0000844324430773
D,inferred,extratropics,5,sst,0.0006528393941051322,0.0884092325589271,264.40572411122946,264.80069678720804,0.025550721987942577,0.29733690076902175,16.260557312442568,16.272697895161947,0.9992539293239759
D,inferred,extratropics,5,thetao,0.004405577311637959,0.09987488060017785,91.23889978114605,91.89021460419285,0.06637452306147261,0.31602987295535506,9.55190555759143,9.585938378906514,0.9964497141573566
D,inferred,extratropics,5,ts,0.004378180635727757,,,,0.06616782175444312,,,,
D,inferred,extratropics,5,uo,0.15115123777563647,0.0003054168491982558,0.0034201562739364804,0.0036474312009881155,0.38878173539357075,0.01747617947945877,0.05848210216755619,0.06039396659425605,0.968343453253463
D,inferred,extratropics,5,vo,0.17802435194341693,0.00023999302726179648,0.0029162614881414225,0.003091959232748583,0.42192932102831743,0.015491708339037256,0.054002421132217975,0.05560538852259359,0.9711724450999151
D,inferred,extratropics,5,zos,0.001292047168438581,0.0005989368990853394,0.4861618686806072,0.4863526396679156,0.035945057635766574,0.024473187350350166,0.6972530879677817,0.6973898763732634,0.9998038566229366
D,inferred,extratropics,10,so,0.004403835540112001,0.010836752838417002,1204.0255698042306,1203.8172161582934,0.06636140098063031,0.10409972544832673,34.69907159859224,34.69606917445106,1.0000865349940964
D,inferred,extratropics,10,sst,0.0009757803072164616,0.13214274277590737,264.61487879897606,264.84413516882694,0.031237482408421804,0.3635144326927163,16.26698739161545,16.274032541715865,0.9995670925394579
D,inferred,extratropics,10,thetao,0.004493482912891609,0.10476312036699857,91.27036874258826,91.89780742649144,0.06703344622568355,0.3236713153292991,9.55355267649623,9.58633441032032,0.9965803682178248
D,inferred,extratropics,10,ts,0.004448659226501805,,,,0.0666982700412972,,,,
D,inferred,extratropics,10,uo,0.16752772894130935,0.0003604117155152465,0.0034012769320820786,0.003650042322148721,0.4093015134852415,0.018984512517187437,0.05832046752283523,0.060415580127552534,0.9653216504700609
D,inferred,extratropics,10,vo,0.2149831522483891,0.0003349779044036834,0.0028822958755755986,0.0030950805369513337,0.46366275702108,0.018302401602076253,0.05368701775639618,0.05563344800523633,0.9650133091039594
D,inferred,extratropics,10,zos,0.0015887955210707261,0.0007364965347346869,0.48674098620511064,0.4864606968682222,0.03985969795508649,0.02713846964614414,0.6976682493887124,0.697467344660825,1.0002880489379542
D,inferred,extratropics,15,so,0.004461937627305981,0.011071979027799812,1204.042284027051,1203.8167773930713,0.06679773669298969,0.10522347184825168,34.69931244314577,34.696062851468774,1.000093658801891
D,inferred,extratropics,15,sst,0.0013171107310688344,0.17836660982081382,264.8422554093178,264.9074671581538,0.03629202021200851,0.4223347130189677,16.273974788272156,16.275978224308172,0.9998769084101486
D,inferred,extratropics,15,thetao,0.004602060614464134,0.1111005240601268,91.32455303405405,91.90559417755247,0.06783848918176269,0.33331745237854976,9.556388074688787,9.586740539805616,0.9968339119025074
D,inferred,extratropics,15,ts,0.004531999120885057,,,,0.0673201241894655,,,,
D,inferred,extratropics,15,uo,0.18522268982286275,0.0004180306832180631,0.003406223295720807,0.003641342693249186,0.43037505715696717,0.020445798669116916,0.05836285887206698,0.06034353895198048,0.9671766006052501
D,inferred,extratropics,15,vo,0.24940509274641542,0.00042010042821154616,0.0028639765088219115,0.003082921659519059,0.49940473841005495,0.02049635158294144,0.05351613316395264,0.055524063787866416,0.9638367495652836
D,inferred,extratropics,15,zos,0.00197560920949193,0.000915806546496802,0.48668463543207957,0.48554731107721427,0.044447825700386405,0.03026229579025362,0.6976278631420046,0.6968122495171954,1.0011704926619391
D,inferred,extratropics,20,so,0.004539913839312961,0.011356766290104372,1204.049010354366,1203.815321375245,0.06737888274016542,0.10656812980485475,34.69940936607374,34.69604186899775,1.0000970570962733
D,inferred,extratropics,20,sst,0.0015982238415891605,0.2164356887641579,265.0619038283223,264.7955252907493,0.03997779185484312,0.46522649189847076,16.280721846046085,16.272538993370066,1.0005028626866006
D,inferred,extratropics,20,thetao,0.004733378519816223,0.11784209977097462,91.37036958035796,91.90216510698583,0.068799553194888,0.34328137113885837,9.558784942677493,9.5865616936932,0.997102532492543
D,inferred,extratropics,20,ts,0.004636646179564592,,,,0.06809292312395314,,,,
D,inferred,extratropics,20,uo,0.20335426641225116,0.00047977524835258735,0.003412288777715164,0.0036474580241133764,0.45094818595072667,0.02190377246851755,0.05841479930390212,0.06039418866176924,0.967225499642814
D,inferred,extratropics,20,vo,0.2806215959659033,0.0005041935818544034,0.002855007043038823,0.0030871982566572026,0.5297372895746564,0.022454255317297955,0.05343226593584464,0.05556256164592488,0.9616595123231421
D,inferred,extratropics,20,zos,0.002227843719101787,0.0010327315028530596,0.48747975145927586,0.4854934140287264,0.04720003939724825,0.03213614013619339,0.6981975017566848,0.6967735744334212,1.0020436012149592
D,inferred,extratropics,25,so,0.004638000749458016,0.011698448067561363,1204.0643036683653,1203.8151419364283,0.06810286887832272,0.10815936421577821,34.699629733879945,34.69603928312897,1.0001034830149251
D,inferred,extratropics,25,sst,0.001870985837850784,0.2533738379827653,265.2010565863715,264.69304988360165,0.04325489380232928,0.5033625313655807,16.284994829178533,16.26938996654766,1.0009591547478398
D,inferred,extratropics,25,thetao,0.004880098089997479,0.12514194192992745,91.4155493263912,91.897203308665,0.06985769885987857,0.35375406984221036,9.561147908404681,9.58630290094492,0.9973759443238791
D,inferred,extratropics,25,ts,0.004759049419727748,,,,0.06898586391230994,,,,
D,inferred,extratropics,25,uo,0.2193258781835698,0.0005293234493793179,0.003422710030886377,0.003646291957531004,0.4683224083722343,0.02300703043374607,0.058503931755792084,0.060384534092191224,0.9688562251134047
D,inferred,extratropics,25,vo,0.30855778032386005,0.0005708094631573965,0.0028405203802074836,0.0030822245559924397,0.5554797749008149,0.023891619098700623,0.05329653253456067,0.055517785942816915,0.959990237893418
D,inferred,extratropics,25,zos,0.002470706901136698,0.0011453123109395908,0.4884579771696919,0.48579827914334306,0.04970620586140827,0.03384246313345988,0.6988976871972692,0.6969923092426078,1.0027337144605395
D,inferred,extratropics,30,so,0.0047462717981504535,0.012101795772723774,1204.0790732027303,1203.8158307478568,0.06889319123215627,0.11000816230045739,34.699842552996266,34.69604920949728,1.0001093307043716
D,inferred,extratropics,30,sst,0.0021343080707909878,0.2890336286238949,265.4253002128216,264.72332362936,0.046198572172643906,0.5376184786852987,16.29187835127741,16.27032032964809,1.001324990608208
D,inferred,extratropics,30,thetao,0.005034049104153852,0.13247043721460944,91.46165467519418,91.8930253497211,0.07095103314366784,0.36396488458999643,9.563558682582242,9.58608498552569,0.9976501039811912
D,inferred,extratropics,30,ts,0.004890160451152152,,,,0.0699296821896979,,,,
D,inferred,extratropics,30,uo,0.2348873188114115,0.0005889147291237808,0.00342520099842246,0.003653029506141431,0.48465175003440514,0.024267565372813583,0.05852521677381862,0.06044029703882527,0.9683145126871819
D,inferred,extratropics,30,vo,0.33535122210709484,0.000640794088636716,0.0028331724424188213,0.003089732657977778,0.5790951753443425,0.025313910970782765,0.05322755341379896,0.055585363702846974,0.9575821739396615
D,inferred,extratropics,30,zos,0.0027539770640996756,0.001276624044450416,0.4884061464155563,0.486308480151976,0.05247834852679413,0.035729876076617116,0.6988606058546699,0.6973582150888996,1.0021544031937428
D,inferred,global,0,so,0.004357049844131382,0.011874106767769614,1210.3643635937915,1210.2027203703358,0.06600795288547723,0.1089683750808904,34.790291226056034,34.787968040262655,1.0000667813018194
D,inferred,global,0,sst,0.0,0.0,447.4121497568458,447.4121497568458,0.0,0.0,21.15211927341669,21.15211927341669,1.0
D,inferred,global,0,thetao,0.003813552280512795,0.10450427657019462,142.10999937695019,142.8450749442232,0.06175396570676894,0.3232712120962747,11.920989865650846,11.951781245664732,0.9974236994987626
D,inferred,global,0,ts,0.004085301062322088,,,,0.06391635989574256,,,,
D,inferred,global,0,uo,0.1668886629184277,0.000377311761586538,0.005849199041470158,0.006036315295715531,0.40852008875749024,0.019424514449183486,0.07648005649494617,0.07769372751847817,0.9843787772540152
D,inferred,global,0,vo,0.17384530900364092,0.0002402739369904617,0.0029074235020107963,0.003028792257069194,0.41694760942310355,0.015500772141750285,0.05392052950417676,0.05503446426621408,0.9797593239638172
D,inferred,global,0,zos,0.0,0.0,0.3823900824845439,0.3823900824845439,0.0,0.0,0.6183769744132974,0.6183769744132974,1.0
D,inferred,global,5,so,0.0042293990622368155,0.011339297636291754,1210.4448605607888,1210.2049461904198,0.06503383013660517,0.10648613823541425,34.791448095197026,34.788000031482404,1.000099116468653
D,inferred,global,5,sst,0.0005640693963152081,0.07638776513061134,447.95928153606377,447.5149160057607,0.023750145185139567,0.2763833662335911,21.165048583361763,21.154548352677274,1.000496358064915
D,inferred,global,5,thetao,0.0037350173536637938,0.10133996610640447,142.17767128237972,142.85127031421823,0.06111478833853386,0.3183393882421785,11.923827878763586,11.95204042472323,0.9976395205373231
D,inferred,global,5,ts,0.0039822082079503055,,,,0.06310473998005463,,,,
D,inferred,global,5,uo,0.17405669629407458,0.0005156901433550881,0.005673155422853233,0.006021049417328951,0.417201026238041,0.022708812019898533,0.07532035198306786,0.07759542136833172,0.9706803656047628
D,inferred,global,5,vo,0.19054798971206055,0.0003597133538687968,0.002795978563162808,0.0030267310920001978,0.43651802908019793,0.018966110667946574,0.05287701356130854,0.05501573494919611,0.961125278252439
D,inferred,global,5,zos,0.0009156737148507254,0.0004244665274245465,0.38262290906424473,0.3824243370932762,0.030260101038342972,0.020602585454853634,0.618565201950647,0.6184046709827443,1.0002595888670238
D,inferred,global,10,so,0.004272214729770333,0.011464969084359641,1210.4733974977987,1210.2051304315771,0.06536218118889801,0.10707459588697797,34.791858207025946,34.78800267953849,1.0001108292281962
D,inferred,global,10,sst,0.0008438066355977667,0.11427052085748823,448.13044692530775,447.5531859735046,0.02904834996342764,0.3380392297611155,21.16909178319438,21.15545286618806,1.0006446998366136
D,inferred,global,10,thetao,0.003796163499935384,0.10585589146944607,142.17302704907695,142.85481616379704,0.06161301404683416,0.3253550237347597,11.923633131268211,11.9521887603818,0.9976108452028266
D,inferred,global,10,ts,0.004034189114852859,,,,0.06351526678565445,,,,
D,inferred,global,10,uo,0.1882191546922792,0.0006194103146901889,0.005628637546606343,0.006058213364304922,0.4338423154698942,0.024887955213118432,0.07502424639145897,0.07783452552887389,0.9638941829693249
D,inferred,global,10,vo,0.21765823687235128,0.00045486469426032455,0.0027600998444072375,0.0030354276251364294,0.46653856954420314,0.021327557156419125,0.0525366523905667,0.05509471503816341,0.953569727226563
D,inferred,global,10,zos,0.0011472289533955879,0.0005318054710655465,0.38292538908996965,0.3825429512394799,0.03387076842050661,0.023060907854322354,0.6188096549747504,0.6185005668869511,1.0004997377599103
D,inferred,global,15,so,0.00432555306968851,0.01170133425841254,1210.5159967271397,1210.2040153150544,0.06576893696638642,0.10817270569978613,34.79247040276301,34.787986652220255,1.0001288878999401
D,inferred,global,15,sst,0.0011344024955031121,0.15362377841063216,448.40182001903804,447.6225280761719,0.0336808921423277,0.3919486935947512,21.175500466790343,21.157091673388663,1.0008701003751301
D,inferred,global,15,thetao,0.0038817892996666978,0.11195487259678691,142.2035359963022,142.8625363302485,0.06230400709157235,0.334596581866562,11.92491241042475,11.95251171638198,0.9976909199830021
D,inferred,global,15,ts,0.004103671184677604,,,,0.06405990309606785,,,,
D,inferred,global,15,uo,0.20249831188888004,0.0007047879905109204,0.005614909456630054,0.00607172364122181,0.4499981243170687,0.026547843424860718,0.07493269951516529,0.07792126565464533,0.9616463347409466
D,inferred,global,15,vo,0.2430047700651968,0.000539063393743103,0.0027408398498602257,0.003021085084922215,0.4929551400129598,0.02321773877325488,0.05235303095199194,0.05496439834040044,0.9524898394732528
D,inferred,global,15,zos,0.0014407513427989757,0.00066786969046461,0.3830031282974012,0.38176642012114476,0.03795723044162964,0.025843174930039268,0.6188724652926492,0.6178724950352983,1.0016184087580946
D,inferred,global,20,so,0.004401411370701982,0.011991884280622851,1210.544587009071,1210.202575716042,0.06634313356107008,0.10950746221432972,34.792881269148594,34.78796596117746,1.000141293341974
D,inferred,global,20,sst,0.00137465273152392,0.18615909989434057,448.6395914097025,447.5783386230469,0.03707630957260876,0.43146158565316167,21.181114026644174,21.156047329854573,1.001184847830919
D,inferred,global,20,thetao,0.003988873524689009,0.11857273525898573,142.22651900924683,142.8654907852846,0.06315752943781928,0.3443439200261647,11.925876026910846,11.95263530713142,0.9977612234011182
D,inferred,global,20,ts,0.004195142447695495,,,,0.06476991931209652,,,,
D,inferred,global,20,uo,0.2169178832700631,0.0007875464260707447,0.005601314804126779,0.006062034398403562,0.46574443987026093,0.02806325758123502,0.07484193212449007,0.07785906754131829,0.9612487599440221
D,inferred,global,20,vo,0.2678363018137923,0.0006272026096868365,0.002730168216102934,0.0030253581323639433,0.5175290347543723,0.025044013450061003,0.052251011627555445,0.055003255652406095,0.9499621614719772
D,inferred,global,20,zos,0.001644556267149319,0.0007623447930778505,0.38363032840719125,0.3817692986040404,0.04055312894400775,0.027610592045044065,0.6193789860878324,0.6178748243811528,1.0024344117082065
D,inferred,global,25,so,0.004496273508291407,0.012340709335981194,1210.5811100442127,1210.2032899020012,0.06705425794303749,0.11108874531644146,34.793406128808556,34.78797622601811,1.0001560856186393
D,inferred,global,25,sst,0.0016012805434075102,0.21684963639938468,448.79694682419904,447.44390838314786,0.040016003591157256,0.46567116767026134,21.184828222673865,21.152869979819474,1.0015108230176273
D,inferred,global,25,thetao,0.004111230963363871,0.125678819366651,142.24570143359946,142.86061202031462,0.06411888148871493,0.3545120863477732,11.926680235237274,11.952431217970451,0.9978455443697128
D,inferred,global,25,ts,0.004303752235827639,,,,0.06560298953422503,,,,
D,inferred,global,25,uo,0.22998895841526384,0.0008585594048371389,0.005591378377505911,0.006050301252170681,0.4795716405452514,0.029301184358949364,0.07477551990796126,0.07778368242871175,0.9613265607024011
D,inferred,global,25,vo,0.2900590348170831,0.0006988837527016904,0.0027123944718364075,0.0030246617876605224,0.5385712903758267,0.02643640960307754,0.05208065352735512,0.054996925256422496,0.946973913260236
D,inferred,global,25,zos,0.0018280783980952648,0.0008474176724892454,0.3843445756820717,0.3820452109129742,0.04275603347008776,0.029110439235594598,0.6199553013581477,0.6180980593020611,1.003004769272668
D,inferred,global,30,so,0.004610065232226075,0.012779924748089571,1210.613739808654,1210.2057858213093,0.06789746116185844,0.1130483292582848,34.79387503295162,34.78801209930383,1.000168533161109
D,inferred,global,30,sst,0.001825364280698977,0.24719564676886854,449.0272475733901,447.40683569089333,0.04272428209694081,0.4971877379510365,21.19026303690896,21.151993657593916,1.001809256372451
D,inferred,global,30,thetao,0.004242501151695689,0.1329313897596904,142.26787886642313,142.8516729706198,0.06513448511883463,0.36459757234475715,11.92760993939788,11.952057269383367,0.9979545504648718
D,inferred,global,30,ts,0.0044262831919608826,,,,0.06653031784052202,,,,
D,inferred,global,30,uo,0.24254139510400743,0.0009320315596261173,0.005585941932655833,0.00603941450658323,0.4924849186564066,0.03052919192553444,0.07473915929856205,0.07771367001102979,0.9617247427377247
D,inferred,global,30,vo,0.31167948486036845,0.000771941600900512,0.0027057929274642086,0.0030287501390764563,0.5582826209549859,0.027783837044233324,0.05201723683034508,0.05503408161381869,0.9451822453467434
D,inferred,global,30,zos,0.0020448570692384455,0.0009479068456019586,0.3844528953836422,0.38252979486879674,0.04522009585613951,0.03078809584241868,0.6200426561000801,0.6184899310973435,1.0025105097507112
D,inferred,tropics,0,so,0.004208708527958484,0.012955648537878858,1221.3653931118338,1221.1740320297963,0.06487455994423764,0.11382288231229631,34.948038473022116,34.94530057146163,1.0000783482046431
D,inferred,tropics,0,sst,0.0,0.0,764.1281806098091,764.1281806098091,0.0,0.0,27.642868530776777,27.642868530776777,1.0
D,inferred,tropics,0,thetao,0.002762533719196011,0.10837571316834221,229.92083810080848,230.62646323308667,0.05255981087481205,0.32920466759804945,15.163140772966809,15.186390724365243,0.9984690271822698
D,inferred,tropics,0,ts,0.0034856211235772478,,,,0.05903914907565359,,,,
D,inferred,tropics,0,uo,0.20779806252317434,0.0006759988870829002,0.009915670726818843,0.01017016792576906,0.455848727675283,0.02599997859773927,0.09957746093779879,0.10084725046211751,0.9874087838934617
D,inferred,tropics,0,vo,0.20904956720393109,0.0004460930666366781,0.0027400391836950038,0.002943038601592826,0.4572193862949504,0.02112091538349316,0.052345383594878774,0.05424977973773558,0.9648957811061466
D,inferred,tropics,0,zos,0.0,0.0,0.20247419479519427,0.20247419479519427,0.0,0.0,0.4499713266367028,0.4499713266367028,1.0
D,inferred,tropics,5,so,0.00405975889023646,0.01241221668940915,1221.4834201129302,1221.1754554695806,0.06371623725736211,0.11141012830712094,34.94972703917629,34.94532093813964,1.000126085579367
D,inferred,tropics,5,sst,0.00041022616958316367,0.05555391025663622,766.0678772589173,764.1688966076783,0.020254040821109345,0.2356987701636057,27.67793123155915,27.643604985740886,1.0012417427407159
D,inferred,tropics,5,thetao,0.002660731107004196,0.10417728808625322,229.92046362375703,230.626773843594,0.051582275124350575,0.32276506639698976,15.163128424693799,15.18640095096906,0.9984675416940195
D,inferred,tropics,5,ts,0.0033602449986203276,,,,0.057967620260110105,,,,
D,inferred,tropics,5,uo,0.213585511055923,0.0008766117861303057,0.009576959867808195,0.010132723456349605,0.4621531251175556,0.029607630538938872,0.09786194289818793,0.10066142983461741,0.9721890803555153
D,inferred,tropics,5,vo,0.2136307574337242,0.0005655256902578115,0.0026064540823548276,0.0029323185698539238,0.4622020742421265,0.023780784054732333,0.05105344339371075,0.05415088706433094,0.9427997612127675
D,inferred,tropics,5,zos,0.00026339776105492325,0.00012209975109796353,0.20318419343293312,0.20231088153039561,0.0162295336055884,0.01104987561459239,0.4507595738671927,0.4497898192827352,1.0021560171948842
D,inferred,tropics,10,so,0.004085906000543191,0.01255728251280614,1221.5503578003515,1221.173619028484,0.06392109198490895,0.11205928124348354,34.950684654243204,34.945294662207154,1.0001542408523996
D,inferred,tropics,10,sst,0.0006150890513901273,0.08329698187534251,766.173202977036,764.1982039634628,0.024800988919600107,0.28861216515480165,27.67983386830629,27.644135073528034,1.0012913695683843
D,inferred,tropics,10,thetao,0.0026780889777784436,0.10806879615730941,229.8535582425886,230.62331886524305,0.05175025582331399,0.3287381878597456,15.160922077584484,15.186287198168058,0.998329735224115
D,inferred,tropics,10,ts,0.003381997489160817,,,,0.05815494380670329,,,,
D,inferred,tropics,10,uo,0.22471830260319506,0.0010651611890454924,0.00948790365387298,0.010229659401123631,0.47404462089891397,0.03263680727408078,0.0974058707361778,0.10114177871247683,0.9630626628890978
D,inferred,tropics,10,vo,0.22500429813814943,0.0006618737874800978,0.0025667729484982124,0.002950692858166014,0.47434617963903686,0.025726907849178023,0.05066332942571197,0.05432028035794747,0.9326779812597109
D,inferred,tropics,10,zos,0.0003819697509481626,0.00017706457201522829,0.2030072567438838,0.2024477909911762,0.01954404643230676,0.013306561239299516,0.4505632660835588,0.4499419862506457,1.0013807998628672
D,inferred,tropics,15,so,0.004131278364726226,0.012795885768462766,1221.6377355483287,1221.1713305832793,0.06427502131253031,0.11311890102216679,34.95193464671632,34.945261918939444,1.0001909479972522
D,inferred,tropics,15,sst,0.0008177591612411545,0.1107431024764523,766.5208376489504,764.2779658153804,0.028596488617331228,0.3327808625453878,27.686112721885504,27.64557769002812,1.001466239277467
D,inferred,tropics,15,thetao,0.00272631444836968,0.1137695189074117,229.84337636457147,230.6309176207124,0.052214121158645196,0.33729737459312026,15.160586280370936,15.186537380874958,0.9982911772543553
D,inferred,tropics,15,ts,0.003428796406547953,,,,0.0585559254606052,,,,
D,inferred,tropics,15,uo,0.233836870238478,0.0011990793959988312,0.009441928611057901,0.010281492802433246,0.48356682086189284,0.03462772582770678,0.09716958686264907,0.10139769623829353,0.9583017215133958
D,inferred,tropics,15,vo,0.2358391705597416,0.0007453048106973356,0.0025455959802515205,0.0029324916814102296,0.4856327527666782,0.027300271256845334,0.050453899554459815,0.05415248545921258,0.9317005327938545
D,inferred,tropics,15,zos,0.0005138131549976445,0.00023818144167890706,0.20331738196840185,0.20190843036680506,0.022667447033083467,0.015433128058786626,0.4509072875529978,0.44934221965758464,1.0034830199054203
D,inferred,tropics,20,so,0.0042036791174369535,0.013096562937516007,1221.7042150015782,1221.1699123352148,0.06483578577789394,0.11444021556042266,34.95288564627502,34.94524162651068,1.0002187427932547
D,inferred,tropics,20,sst,0.0009871917986075355,0.13368811834641173,766.7900100862137,764.3511999881629,0.03141960850500107,0.36563385831513434,27.690973440567483,27.6469021770643,1.0015940760097073
D,inferred,tropics,20,thetao,0.0027939324641801495,0.12019116212985269,229.82706790587184,230.64490313107183,0.05285766230339883,0.3466859704831632,15.160048413704748,15.186997831404067,0.998225494070751
D,inferred,tropics,20,ts,0.0034988057908085517,,,,0.059150704060125535,,,,
D,inferred,tropics,20,uo,0.24254341509860602,0.0013187091122741923,0.009394447070215901,0.010244555810134651,0.49248696947087445,0.03631403464604549,0.09692495586904283,0.1012153931481504,0.9576108223694039
D,inferred,tropics,20,vo,0.250554629232673,0.0008411247513977267,0.0025318266571236485,0.0029367464090602246,0.5005543219598378,0.029002150806409627,0.05031726003195771,0.05419175591416304,0.9285039612235054
D,inferred,tropics,20,zos,0.0006336870031769474,0.0002937497477919232,0.20365358347242526,0.20200970227068119,0.02517314051080928,0.017139129143335236,0.45127993914246317,0.4494548945897477,1.0040605733182222
D,inferred,tropics,25,so,0.004293307269456564,0.013457970294018956,1221.7775230590235,1221.1721649575525,0.06552333377855987,0.11600849233577237,34.95393430014744,34.94527385724073,1.000247828731922
D,inferred,tropics,25,sst,0.001133866593443899,0.15355120456278923,766.9789114287405,764.1613788026752,0.033672935622602006,0.391856101857288,27.69438411354801,27.6434690081161,1.0018418493502739
D,inferred,tropics,25,thetao,0.0028766085831819,0.12697811909573928,229.80146721965403,230.64014333887937,0.05363402449175243,0.3563398926527021,15.159204043077395,15.18684112443662,0.9981801955302768
D,inferred,tropics,25,ts,0.003584957926319232,,,,0.05987451817191711,,,,
D,inferred,tropics,25,uo,0.25119241447856866,0.001427336171943239,0.009349456827546362,0.010214627334406852,0.5011909960070797,0.03778010285776415,0.09669258931038284,0.10106743953621686,0.9567135543760726
D,inferred,tropics,25,vo,0.2637647460553951,0.0009221826671956591,0.0025082532858711716,0.002943455925030582,0.5135803209385997,0.03036746066426462,0.05008246485418995,0.054253625915975254,0.9231173771086683
D,inferred,tropics,25,zos,0.0007143677617987142,0.0003311498394303606,0.20391032837256032,0.20223544221935846,0.026727659115581264,0.01819752289270055,0.4515643125542145,0.44970595083827664,1.0041323929836234
D,inferred,tropics,30,so,0.004416686001763858,0.013959275450244214,1221.8411283761754,1221.1777864219914,0.0664581522596277,0.11814937769723637,34.95484413319813,34.94535428954744,1.0002715623819995
D,inferred,tropics,30,sst,0.0012899477903805941,0.174688132799635,767.2197185477825,764.0076028843118,0.035915843166778004,0.4179570944482639,27.698731352677193,27.640687453178725,1.0020999441347755
D,inferred,tropics,30,thetao,0.0029709479133882845,0.13411580578521504,229.78239949791785,230.622964074716,0.054506402499048534,0.3662182488424287,15.158575114367375,15.186275516884185,0.9981759581217914
D,inferred,tropics,30,ts,0.0036938169575760713,,,,0.060776779756549056,,,,
D,inferred,tropics,30,uo,0.25906281318200636,0.001525276546442957,0.009330424707802988,0.010173216723607506,0.5089821344428568,0.03905478903339457,0.09659412356765286,0.10086236524892477,0.9576825144766531
D,inferred,tropics,30,vo,0.2771890920441813,0.0010011061633396446,0.002502845165983691,0.0029416438090203428,0.5264875041671752,0.031640261745751165,0.05002844356947047,0.05423692293097335,0.9224056392937527
D,inferred,tropics,30,zos,0.0008159130976318576,0.00037822184373967983,0.20429621380988994,0.20267562959531338,0.02856419257797877,0.019447926463756485,0.4519913868757788,0.45019510170071086,1.003990014925267
D,inferred_persistence,extratropics,0,so,0.004465539875645229,0.011251475085577873,1203.9604478559236,1203.8131713542705,0.06682469510327173,0.10607297057015927,34.69813320419304,34.69601088532038,1.0000611689591543
D,inferred_persistence,extratropics,0,sst,0.0,0.0,264.66212894940617,264.66212894940617,0.0,0.0,16.268439659334454,16.268439659334454,1.0
D,inferred_persistence,extratropics,0,thetao,0.004469937480483432,0.1024372469514658,91.13160403783607,91.88061453580991,0.0668575910460692,0.3200581930703631,9.546287447894919,9.585437628810169,0.9959156605643565
D,inferred_persistence,extratropics,0,ts,0.004467738678064331,,,,0.06684114509839229,,,,
D,inferred_persistence,extratropics,0,uo,0.1429147677499046,0.00020273076186232145,0.0035023277905478385,0.0036498695552275684,0.3780406958912024,0.014238355307489747,0.059180467981825205,0.06041415028970919,0.9795795802478724
D,inferred_persistence,extratropics,0,vo,0.15376464674592902,0.00012012117352653305,0.0030152210254247797,0.0030889873151848375,0.39212835493742226,0.010959980544076393,0.05491102826777859,0.05557865881059777,0.9879876456699981
D,inferred_persistence,extratropics,0,zos,0.0,0.0,0.48620438304814423,0.48620438304814423,0.0,0.0,0.697283574342709,0.697283574342709,1.0
D,inferred_persistence,extratropics,5,so,0.00450650043943387,0.01139699826570703,1203.9604478559236,1203.8158635205882,0.06713047325495233,0.10675672468611534,34.69813320419304,34.69604968178061,1.0000600507098516
D,inferred_persistence,extratropics,5,sst,0.0008073392423513657,0.10933200981129296,264.66212894940617,264.80069678720804,0.028413715743481453,0.3306539124391135,16.268439659334454,16.272697895161947,0.9997383202309214
D,inferred_persistence,extratropics,5,thetao,0.004667840406080912,0.11785181181271573,91.13160403783607,91.89021460419285,0.06832159545912926,0.34329551673844466,9.546287447894919,9.585938378906514,0.9958636359379437
D,inferred_persistence,extratropics,5,ts,0.0045871704227573905,,,,0.06772865289342016,,,,
D,inferred_persistence,extratropics,5,uo,0.21090085421634883,0.00046657691299980815,0.0035023277905478385,0.0036474312009881155,0.459239430162904,0.0216003915010772,0.059180467981825205,0.06039396659425605,0.979906956259663
D,inferred_persistence,extratropics,5,vo,0.28030653921357496,0.00046686404770862703,0.0030152210254247797,0.003091959232748583,0.5294398353104675,0.021607036995123303,0.05491102826777859,0.05560538852259359,0.9875127164243648
D,inferred_persistence,extratropics,5,zos,0.0019571017568008587,0.0009072272970124272,0.48620438304814423,0.4863526396679156,0.044239142812681834,0.030120214093070904,0.697283574342709,0.6973898763732634,0.9998475715892132
D,inferred_persistence,extratropics,10,so,0.004630400763380408,0.011929370501669288,1203.9604478559236,1203.8172161582934,0.06804704816066902,0.10922165765849412,34.69813320419304,34.69606917445106,1.000059488864044
D,inferred_persistence,extratropics,10,sst,0.0023422749110995596,0.31719704800181914,264.66212894940617,264.84413516882694,0.04839705477712006,0.5632024928938251,16.268439659334454,16.274032541715865,0.9996563308837515
D,inferred_persistence,extratropics,10,thetao,0.005071536881648431,0.14729763021556486,91.13160403783607,91.89780742649144,0.07121472377007743,0.3837937339451556,9.546287447894919,9.58633441032032,0.9958224947397737
D,inferred_persistence,extratropics,10,ts,0.004850968822514419,,,,0.06964889677887524,,,,
D,inferred_persistence,extratropics,10,uo,0.2943256550618526,0.0007164479900545979,0.0035023277905478385,0.003650042322148721,0.5425178845548344,0.026766546098714303,0.059180467981825205,0.060415580127552534,0.9795563968247976
D,inferred_persistence,extratropics,10,vo,0.4557442584296353,0.0009014272242203168,0.0030152210254247797,0.0030950805369513337,0.6750883337976115,0.030023777647396683,0.05491102826777859,0.05563344800523633,0.9870146510173208
D,inferred_persistence,extratropics,10,zos,0.0032660167668992625,0.0015139833922883132,0.48620438304814423,0.4864606968682222,0.05714907494351298,0.038909939505071364,0.697283574342709,0.697467344660825,0.9997365176742355
D,inferred_persistence,extratropics,15,so,0.004812361914449081,0.012801379867549128,1203.9604478559236,1203.8167773930713,0.06937118936885169,0.11314318303613845,34.69813320419304,34.696062851468774,1.0000596711140721
D,inferred_persistence,extratropics,15,sst,0.0043820915120474585,0.5934343891914444,264.66212894940617,264.9074671581538,0.06619736786343894,0.7703469278133356,16.268439659334454,16.275978224308172,0.9995368287626203
D,inferred_persistence,extratropics,15,thetao,0.005586137023297591,0.18693862465168706,91.13160403783607,91.90559417755247,0.07474046443057195,0.4323639955543096,9.546287447894919,9.586740539805616,0.9957803080470646
D,inferred_persistence,extratropics,15,ts,0.0051992494688733355,,,,0.0721058213244488,,,,
D,inferred_persistence,extratropics,15,uo,0.36471012210129805,0.0009512116428180264,0.0035023277905478385,0.003641342693249186,0.6039123463726321,0.030841719193618673,0.059180467981825205,0.06034353895198048,0.9807258409043458
D,inferred_persistence,extratropics,15,vo,0.6134156633380371,0.001321746129759929,0.0030152210254247797,0.003082921659519059,0.7832085694998728,0.03635582662737748,0.05491102826777859,0.055524063787866416,0.9889591020853594
D,inferred_persistence,extratropics,15,zos,0.004260685682917593,0.001975068659051221,0.48620438304814423,0.48554731107721427,0.06527392804878218,0.044441744554542646,0.697283574342709,0.6968122495171954,1.000676401463723
D,inferred_persistence,extratropics,20,so,0.005025823536812407,0.01388336186953281,1203.9604478559236,1203.815321375245,0.07089304293661267,0.117827678707224,34.69813320419304,34.69604186899775,1.0000602759013026
D,inferred_persistence,extratropics,20,sst,0.006858784112740592,0.9288346364040567,264.66212894940617,264.7955252907493,0.08281777655033122,0.9637606738210772,16.268439659334454,16.272538993370066,0.9997480827031797
D,inferred_persistence,extratropics,20,thetao,0.006171018992786849,0.23519531077254946,91.13160403783607,91.90216510698583,0.07855583360124727,0.4849693915831694,9.546287447894919,9.5865616936932,0.9957988852432069
D,inferred_persistence,extratropics,20,ts,0.005598421264799627,,,,0.07482259862367537,,,,
D,inferred_persistence,extratropics,20,uo,0.4236236241017802,0.0011709505013429039,0.0035023277905478385,0.0036474580241133764,0.6508637523336049,0.03421915401267109,0.059180467981825205,0.06039418866176924,0.9799033531729131
D,inferred_persistence,extratropics,20,vo,0.7482787822707417,0.001708908794325002,0.0030152210254247797,0.0030871982566572026,0.8650310874591397,0.04133895008735711,0.05491102826777859,0.05556256164592488,0.988273877970238
D,inferred_persistence,extratropics,20,zos,0.00518992470549132,0.002405823483555107,0.48620438304814423,0.4854934140287264,0.07204113203921299,0.04904919452503891,0.697283574342709,0.6967735744334212,1.0007319449646215
D,inferred_persistence,extratropics,25,so,0.005268994230012756,0.015184809910572448,1203.9604478559236,1203.8151419364283,0.07258783803098667,0.12322666071338803,34.69813320419304,34.69603928312897,1.000060350435016
D,inferred_persistence,extratropics,25,sst,0.009848433455000723,1.3337008396182397,264.66212894940617,264.69304988360165,0.0992392737528884,1.1548596623045762,16.268439659334454,16.26938996654766,0.9999415892534902
D,inferred_persistence,extratropics,25,thetao,0.0068159715510803945,0.29226862736407316,91.13160403783607,91.897203308665,0.08255889746768906,0.5406187449248067,9.546287447894919,9.58630290094492,0.9958257679249779
D,inferred_persistence,extratropics,25,ts,0.006042482890546575,,,,0.07773340910153481,,,,
D,inferred_persistence,extratropics,25,uo,0.4744538052372955,0.00135440688258147,0.0035023277905478385,0.003646291957531004,0.6888060722999584,0.03680226735652941,0.059180467981825205,0.060384534092191224,0.980060024831396
D,inferred_persistence,extratropics,25,vo,0.8630562630946936,0.002028154688428798,0.0030152210254247797,0.0030822245559924397,0.9290082147616853,0.04503503845261818,0.05491102826777859,0.055517785942816915,0.9890709316891116
D,inferred_persistence,extratropics,25,zos,0.0059416582055314094,0.0027542944451925213,0.48620438304814423,0.48579827914334306,0.07708215231512032,0.05248137236384469,0.697283574342709,0.6969923092426078,1.0004178885422965
D,inferred_persistence,extratropics,30,so,0.0055412582770645,0.016718047032156055,1203.9604478559236,1203.8158307478568,0.07443962840493294,0.12929828704262117,34.69813320419304,34.69604920949728,1.0000600643226891
D,inferred_persistence,extratropics,30,sst,0.013398058270339361,1.814400391747253,264.66212894940617,264.72332362936,0.11574998172932625,1.3469968046536906,16.268439659334454,16.27032032964809,0.9998844109842012
D,inferred_persistence,extratropics,30,thetao,0.007512093389560404,0.358061676109454,91.13160403783607,91.8930253497211,0.08667233347245477,0.5983825499707139,9.546287447894919,9.58608498552569,0.9958484055074763
D,inferred_persistence,extratropics,30,ts,0.006526675833312452,,,,0.08078784458885169,,,,
D,inferred_persistence,extratropics,30,uo,0.5190362986702034,0.00152576994902837,0.0035023277905478385,0.003653029506141431,0.7204417385675287,0.03906110532266554,0.059180467981825205,0.06044029703882527,0.9791558096382156
D,inferred_persistence,extratropics,30,vo,0.9616856707466973,0.00230100629442897,0.0030152210254247797,0.003089732657977778,0.9806557350807149,0.04796880543049795,0.05491102826777859,0.055585363702846974,0.9878684712998677
D,inferred_persistence,extratropics,30,zos,0.006787142434129156,0.0031462241895496303,0.48620438304814423,0.486308480151976,0.08238411518083541,0.056091213122463575,0.697283574342709,0.6973582150888996,0.9998929664201618
D,inferred_persistence,global,0,so,0.004357049844131382,0.011874106767769614,1210.3643635937915,1210.2027203703358,0.06600795288547723,0.1089683750808904,34.790291226056034,34.787968040262655,1.0000667813018194
D,inferred_persistence,global,0,sst,0.0,0.0,447.4121497568458,447.4121497568458,0.0,0.0,21.15211927341669,21.15211927341669,1.0
D,inferred_persistence,global,0,thetao,0.003813552280512795,0.10450427657019462,142.10999937695019,142.8450749442232,0.06175396570676894,0.3232712120962747,11.920989865650846,11.951781245664732,0.9974236994987626
D,inferred_persistence,global,0,ts,0.004085301062322088,,,,0.06391635989574256,,,,
D,inferred_persistence,global,0,uo,0.1668886629184277,0.000377311761586538,0.005849199041470158,0.006036315295715531,0.40852008875749024,0.019424514449183486,0.07648005649494617,0.07769372751847817,0.9843787772540152
D,inferred_persistence,global,0,vo,0.17384530900364092,0.0002402739369904617,0.0029074235020107963,0.003028792257069194,0.41694760942310355,0.015500772141750285,0.05392052950417676,0.05503446426621408,0.9797593239638172
D,inferred_persistence,global,0,zos,0.0,0.0,0.3823900824845439,0.3823900824845439,0.0,0.0,0.6183769744132974,0.6183769744132974,1.0
D,inferred_persistence,global,5,so,0.004398456715361217,0.01206323971412225,1210.3643635937915,1210.2049461904198,0.06632086184121265,0.10983278069011206,34.790291226056034,34.788000031482404,1.0000658616353788
D,inferred_persistence,global,5,sst,0.0006431060163491869,0.08709111316788072,447.4121497568458,447.5149160057607,0.025359535018394698,0.2951120349424617,21.15211927341669,21.154548352677274,0.9998851746102027
D,inferred_persistence,global,5,thetao,0.0039917490756105735,0.11930694158449198,142.10999937695019,142.85127031421823,0.06318029024633057,0.34540836930290497,11.920989865650846,11.95204042472323,0.9974020704441264
D,inferred_persistence,global,5,ts,0.0041951028954858955,,,,0.0647696139828384,,,,
D,inferred_persistence,global,5,uo,0.24134638949888043,0.0008444238834510741,0.005849199041470158,0.006021049417328951,0.49127017973705717,0.02905897251196391,0.07648005649494617,0.07759542136833172,0.9856258932071377
D,inferred_persistence,global,5,vo,0.3283750713267648,0.0008174034010771788,0.0029074235020107963,0.0030267310920001978,0.5730402004456274,0.028590267593661636,0.05392052950417676,0.05501573494919611,0.9800928689577498
D,inferred_persistence,global,5,zos,0.0014111399015580607,0.0006541431122435454,0.3823900824845439,0.3824243370932762,0.03756514210751852,0.02557622161781418,0.6183769744132974,0.6184046709827443,0.9999552128715281
D,inferred_persistence,global,10,so,0.004522884937179221,0.012673863040821296,1210.3643635937915,1210.2051304315771,0.0672523972597202,0.112578252965754,34.790291226056034,34.78800267953849,1.0000657855105575
D,inferred_persistence,global,10,sst,0.0018451112302518302,0.24986982985277364,447.4121497568458,447.5531859735046,0.04295475794660971,0.4998698129040937,21.15211927341669,21.15545286618806,0.999842423946561
D,inferred_persistence,global,10,thetao,0.004336820180396113,0.14632095522770858,142.10999937695019,142.85481616379704,0.06585453803950121,0.3825192220368913,11.920989865650846,11.9521887603818,0.9973896919337176
D,inferred_persistence,global,10,ts,0.004429852558787667,,,,0.06655713754953459,,,,
D,inferred_persistence,global,10,uo,0.33672942170464315,0.0013778410314524375,0.005849199041470158,0.006058213364304922,0.5802839147388484,0.037119281127904906,0.07648005649494617,0.07783452552887389,0.9825980948078722
D,inferred_persistence,global,10,vo,0.5276111878973572,0.0014903739239811903,0.0029074235020107963,0.0030354276251364294,0.7263684931887927,0.03860536133727012,0.05392052950417676,0.05509471503816341,0.978687873543346
D,inferred_persistence,global,10,zos,0.0024554079193903596,0.0011382203741995788,0.3823900824845439,0.3825429512394799,0.049552072806194086,0.03373752175545173,0.6183769744132974,0.6185005668869511,0.9998001740333469
D,inferred_persistence,global,15,so,0.004698481403314942,0.01357800196186881,1210.3643635937915,1210.2040153150544,0.06854546960459854,0.11652468391662262,34.790291226056034,34.787986652220255,1.000066246255031
D,inferred_persistence,global,15,sst,0.00338926241436799,0.4589828567372428,447.4121497568458,447.6225280761719,0.05821737210118635,0.6774827353794655,21.15211927341669,21.157091673388663,0.9997649771505114
D,inferred_persistence,global,15,thetao,0.004766902310264641,0.18118574245125416,142.10999937695019,142.8625363302485,0.06904275711662043,0.42565918579452056,11.920989865650846,11.95251171638198,0.9973627425365389
D,inferred_persistence,global,15,ts,0.004732691856789792,,,,0.06879456269786001,,,,
D,inferred_persistence,global,15,uo,0.41750891293571835,0.0018215628849592145,0.005849199041470158,0.00607172364122181,0.6461492961659235,0.042679771378947365,0.07648005649494617,0.07792126565464533,0.9815042896494169
D,inferred_persistence,global,15,vo,0.6734637696016729,0.0019415716276133383,0.0029074235020107963,0.003021085084922215,0.820648383658722,0.044063268462670106,0.05392052950417676,0.05496439834040044,0.981008273214256
D,inferred_persistence,global,15,zos,0.003300508627705608,0.0015299723241383627,0.3823900824845439,0.38176642012114476,0.057450053330746424,0.039114860656000845,0.6183769744132974,0.6178724950352983,1.0008164781278543
D,inferred_persistence,global,20,so,0.0049036273442268664,0.014679963845109037,1210.3643635937915,1210.202575716042,0.07002590480834123,0.12116090064500609,34.790291226056034,34.78796596117746,1.0000668410703049
D,inferred_persistence,global,20,sst,0.005234123540411869,0.708818817228982,447.4121497568458,447.5783386230469,0.07234724279757916,0.8419137825389141,21.15211927341669,21.156047329854573,0.9998143293793667
D,inferred_persistence,global,20,thetao,0.0052454078393751585,0.2222841012983242,142.10999937695019,142.8654907852846,0.07242518787946055,0.4714701488942054,11.920989865650846,11.95263530713142,0.9973524297640293
D,inferred_persistence,global,20,ts,0.0050745175918010125,,,,0.07123564832161643,,,,
D,inferred_persistence,global,20,uo,0.4788534872507174,0.0021524643236337806,0.005849199041470158,0.006062034398403562,0.6919924040411985,0.04639465835237695,0.07648005649494617,0.07785906754131829,0.9822883693586454
D,inferred_persistence,global,20,vo,0.7644265210102493,0.002209729245070653,0.0029074235020107963,0.0030253581323639433,0.8743148866456806,0.04700775728611878,0.05392052950417676,0.055003255652406095,0.9803152352458617
D,inferred_persistence,global,20,zos,0.0040787027048115885,0.0018907092768002264,0.3823900824845439,0.3817692986040404,0.06386472191133058,0.0434822869315797,0.6183769744132974,0.6178748243811528,1.0008127051181404
D,inferred_persistence,global,25,so,0.005137563674087532,0.015988028221492746,1210.3643635937915,1210.2032899020012,0.07167680011054854,0.12644377494164252,34.790291226056034,34.78797622601811,1.0000665459819476
D,inferred_persistence,global,25,sst,0.00743844932547267,1.0073344295073037,447.4121497568458,447.44390838314786,0.08624644529180707,1.003660515068369,21.15211927341669,21.152869979819474,0.9999645104232429
D,inferred_persistence,global,25,thetao,0.005761206656219817,0.26928533393173726,142.10999937695019,142.86061202031462,0.07590261297359806,0.5189270988604635,11.920989865650846,11.952431217970451,0.997369459673415
D,inferred_persistence,global,25,ts,0.005449385165153675,,,,0.07381995099668974,,,,
D,inferred_persistence,global,25,uo,0.5299706330551612,0.0024395105994591574,0.005849199041470158,0.006050301252170681,0.7279908193481297,0.049391402080313104,0.07648005649494617,0.07778368242871175,0.983240367477326
D,inferred_persistence,global,25,vo,0.8252138906752157,0.0023805239732276914,0.0029074235020107963,0.0030246617876605224,0.9084128415402414,0.04879061357707742,0.05392052950417676,0.054996925256422496,0.9804280739836444
D,inferred_persistence,global,25,zos,0.00471159857415561,0.0021840922823739757,0.3823900824845439,0.3820452109129742,0.06864108517612182,0.04673427310201771,0.6183769744132974,0.6180980593020611,1.0004512473498968
D,inferred_persistence,global,30,so,0.005412357583964281,0.01757981612364275,1210.3643635937915,1210.2057858213093,0.07356872694266417,0.13258889894573658,34.790291226056034,34.78801209930383,1.0000655147165554
D,inferred_persistence,global,30,sst,0.010055743804615361,1.361775347379723,447.4121497568458,447.40683569089333,0.10027833168045508,1.1669513046308844,21.15211927341669,21.151993657593916,1.0000059387226004
D,inferred_persistence,global,30,thetao,0.006323348088231721,0.3234335763192961,142.10999937695019,142.8516729706198,0.07951948244444075,0.5687122086954843,11.920989865650846,11.952057269383367,0.9974006647531631
D,inferred_persistence,global,30,ts,0.0058678528360980005,,,,0.07660191143893212,,,,
D,inferred_persistence,global,30,uo,0.5795496173801098,0.0027432632667637046,0.005849199041470158,0.00603941450658323,0.7612815624853329,0.05237617079134083,0.07648005649494617,0.07771367001102979,0.9841261709052149
D,inferred_persistence,global,30,vo,0.8903984331121348,0.0025777415819579195,0.0029074235020107963,0.0030287501390764563,0.9436092587041178,0.050771464248708834,0.05392052950417676,0.05503408161381869,0.9797661362379794
D,inferred_persistence,global,30,zos,0.005412730204900958,0.0025091064221347496,0.3823900824845439,0.38252979486879674,0.07357125936737088,0.050090981445113945,0.6183769744132974,0.6184899310973435,0.9998173669798541
D,inferred_persistence,tropics,0,so,0.004208708527958484,0.012955648537878858,1221.3653931118338,1221.1740320297963,0.06487455994423764,0.11382288231229631,34.948038473022116,34.94530057146163,1.0000783482046431
D,inferred_persistence,tropics,0,sst,0.0,0.0,764.1281806098091,764.1281806098091,0.0,0.0,27.642868530776777,27.642868530776777,1.0
D,inferred_persistence,tropics,0,thetao,0.002762533719196011,0.10837571316834221,229.92083810080848,230.62646323308667,0.05255981087481205,0.32920466759804945,15.163140772966809,15.186390724365243,0.9984690271822698
D,inferred_persistence,tropics,0,ts,0.0034856211235772478,,,,0.05903914907565359,,,,
D,inferred_persistence,tropics,0,uo,0.20779806252317434,0.0006759988870829002,0.009915670726818843,0.01017016792576906,0.455848727675283,0.02599997859773927,0.09957746093779879,0.10084725046211751,0.9874087838934617
D,inferred_persistence,tropics,0,vo,0.20904956720393109,0.0004460930666366781,0.0027400391836950038,0.002943038601592826,0.4572193862949504,0.02112091538349316,0.052345383594878774,0.05424977973773558,0.9648957811061466
D,inferred_persistence,tropics,0,zos,0.0,0.0,0.20247419479519427,0.20247419479519427,0.0,0.0,0.4499713266367028,0.4499713266367028,1.0
D,inferred_persistence,tropics,5,so,0.004251423365341011,0.013220521852899155,1221.3653931118338,1221.1754554695806,0.06520293985198068,0.1149805281467221,34.948038473022116,34.94532093813964,1.0000777653433857
D,inferred_persistence,tropics,5,sst,0.00035848081769826164,0.0485464182465967,764.1281806098091,764.1688966076783,0.01893358966752638,0.22033251745168417,27.642868530776777,27.643604985740886,0.9999733589390932
D,inferred_persistence,tropics,5,thetao,0.0029085915498516016,0.12211999578232437,229.92083810080848,230.626773843594,0.05393135961434314,0.3494567151770364,15.163140772966809,15.18640095096906,0.9984683548078739
D,inferred_persistence,tropics,5,ts,0.0035800074575963064,,,,0.059833163526561976,,,,
D,inferred_persistence,tropics,5,uo,0.2948897277133253,0.0014950936112073173,0.009915670726818843,0.010132723456349605,0.5430375012034853,0.038666440374145086,0.09957746093779879,0.10066142983461741,0.9892315368597532
D,inferred_persistence,tropics,5,vo,0.41324015593097796,0.0014218915425150444,0.0027400391836950038,0.0029323185698539238,0.6428375812994896,0.037707977173471456,0.052345383594878774,0.05415088706433094,0.9666579151823084
D,inferred_persistence,tropics,5,zos,0.0004649578865306535,0.00021553426396539192,0.20247419479519427,0.20231088153039561,0.021562882148049075,0.014681085244810477,0.4499713266367028,0.4497898192827352,1.0004035381553478
D,inferred_persistence,tropics,10,so,0.004377787503947793,0.013967038524328432,1221.3653931118338,1221.173619028484,0.06616485097049485,0.11818222592390293,34.948038473022116,34.945294662207154,1.000078517318039
D,inferred_persistence,tropics,10,sst,0.0009834992474725343,0.13318806254502494,764.1281806098091,764.1982039634628,0.031360791563232814,0.36494939723888425,27.642868530776777,27.644135073528034,0.9999541840340496
D,inferred_persistence,tropics,10,thetao,0.0031569399765099503,0.14494763987159637,229.92083810080848,230.62331886524305,0.056186653010389845,0.38071989686854607,15.163140772966809,15.186287198168058,0.9984758338296117
D,inferred_persistence,tropics,10,ts,0.003767363740228872,,,,0.061378854178201075,,,,
D,inferred_persistence,tropics,10,uo,0.4125154819468245,0.0025194680211887447,0.009915670726818843,0.010229659401123631,0.6422736814994248,0.050194302676586165,0.09957746093779879,0.10114177871247683,0.9845334164121728
D,inferred_persistence,tropics,10,vo,0.6555692555183809,0.0025081700509932497,0.0027400391836950038,0.002950692858166014,0.8096723136666962,0.05008163386904674,0.052345383594878774,0.05432028035794747,0.9636434725657717
D,inferred_persistence,tropics,10,zos,0.001050578159835105,0.0004870023641904121,0.20247419479519427,0.2024477909911762,0.03241262346424777,0.02206813005649577,0.4499713266367028,0.4499419862506457,1.0000652092646467
D,inferred_persistence,tropics,15,so,0.004543507729158976,0.014927162824893996,1221.3653931118338,1221.1713305832793,0.06740554672398241,0.12217676876106193,34.948038473022116,34.945261918939444,1.0000794543789402
D,inferred_persistence,tropics,15,sst,0.0016686349814390325,0.22597095069259102,764.1281806098091,764.2779658153804,0.040848928767337735,0.47536401913963894,27.642868530776777,27.64557769002812,0.9999020038835246
D,inferred_persistence,tropics,15,thetao,0.003446390430538842,0.17157794296505385,229.92083810080848,230.6309176207124,0.058705965885409314,0.4142196795965323,15.163140772966809,15.186537380874958,0.9984593849591011
D,inferred_persistence,tropics,15,ts,0.003994949079848909,,,,0.06320560955998217,,,,
D,inferred_persistence,tropics,15,uo,0.5121408923945485,0.003325063939967541,0.009915670726818843,0.010281492802433246,0.7156401975815421,0.05766336740052163,0.09957746093779879,0.10139769623829353,0.9820485536849177
D,inferred_persistence,tropics,15,vo,0.7831121092461195,0.0030146641406120305,0.0027400391836950038,0.0029324916814102296,0.8849362176146479,0.05490595724156014,0.052345383594878774,0.05415248545921258,0.966629382769607
D,inferred_persistence,tropics,15,zos,0.001636468895917914,0.0007585958410712464,0.20247419479519427,0.20190843036680506,0.04045329276978469,0.027542618631336536,0.4499713266367028,0.44934221965758464,1.0014000620275512
D,inferred_persistence,tropics,20,so,0.004735424345631349,0.016064065445310593,1221.3653931118338,1221.1699123352148,0.06881441960542391,0.1267440943212369,34.948038473022116,34.94524162651068,1.0000800351172652
D,inferred_persistence,tropics,20,sst,0.002418497383284018,0.32751929609462466,764.1281806098091,764.3511999881629,0.04917822061933533,0.572293015940807,27.642868530776777,27.6469021770643,0.9998541013289051
D,inferred_persistence,tropics,20,thetao,0.003746733797178894,0.2003281152672501,229.92083810080848,230.64490313107183,0.06121056932572098,0.4475802891853596,15.163140772966809,15.186997831404067,0.9984291129358084
D,inferred_persistence,tropics,20,ts,0.004241079071405121,,,,0.06512356771096867,,,,
D,inferred_persistence,tropics,20,uo,0.5785116456342086,0.0038488576669580953,0.009915670726818843,0.010244555810134651,0.7605995303931029,0.062039162365058534,0.09957746093779879,0.1012153931481504,0.9838173605870982
D,inferred_persistence,tropics,20,vo,0.8012911064519582,0.0030799059598744876,0.0027400391836950038,0.0029367464090602246,0.8951486504776501,0.055496900452858516,0.052345383594878774,0.05419175591416304,0.9659289076698525
D,inferred_persistence,tropics,20,zos,0.002152893962714817,0.0009979880514855172,0.20247419479519427,0.20200970227068119,0.04639928838586662,0.03159094888548803,0.4499713266367028,0.4494548945897477,1.001149018629392
D,inferred_persistence,tropics,25,so,0.004954487617690252,0.017383864334072237,1221.3653931118338,1221.1721649575525,0.07038812128257332,0.1318478833128247,34.948038473022116,34.94527385724073,1.0000791127233022
D,inferred_persistence,tropics,25,sst,0.003261814392501002,0.441723510773495,764.1281806098091,764.1613788026752,0.05711229633363556,0.6646228334728614,27.642868530776777,27.6434690081161,0.999978277786368
D,inferred_persistence,tropics,25,thetao,0.0040449438378576015,0.22994673613504402,229.92083810080848,230.64014333887937,0.06359987293900517,0.47952761769792157,15.163140772966809,15.18684112443662,0.9984394153283348
D,inferred_persistence,tropics,25,ts,0.004499715727773927,,,,0.06707992045145796,,,,
D,inferred_persistence,tropics,25,uo,0.6311580249599039,0.004315802446566913,0.009915670726818843,0.010214627334406852,0.794454545559344,0.0656947672692956,0.09957746093779879,0.10106743953621686,0.985257580430895
D,inferred_persistence,tropics,25,vo,0.7725598955014993,0.002997311174760706,0.0027400391836950038,0.002943455925030582,0.8789538642622258,0.05474770474422381,0.052345383594878774,0.054253625915975254,0.9648273771774839
D,inferred_persistence,tropics,25,zos,0.0025798376318010336,0.0011959005778683163,0.20247419479519427,0.20223544221935846,0.050792102061255874,0.03458179546912387,0.4499713266367028,0.44970595083827664,1.0005901095992427
D,inferred_persistence,tropics,30,so,0.005234582954355411,0.01907706700159142,1221.3653931118338,1221.1777864219914,0.07235041778977791,0.13811975601481283,34.948038473022116,34.94535428954744,1.0000768108817109
D,inferred_persistence,tropics,30,sst,0.004263328786967553,0.5773512310150898,764.1281806098091,764.0076028843118,0.0652941711561419,0.7598363185680781,27.642868530776777,27.640687453178725,1.0000789082254826
D,inferred_persistence,tropics,30,thetao,0.0043805479597601345,0.263984300554481,229.92083810080848,230.622964074716,0.06618570812312984,0.5137940254172688,15.163140772966809,15.186275516884185,0.998476601857272
D,inferred_persistence,tropics,30,ts,0.0048075654570577725,,,,0.06933660978918549,,,,
D,inferred_persistence,tropics,30,uo,0.6900973961129587,0.004849046092806354,0.009915670726818843,0.010173216723607506,0.830721009793877,0.06963509239461346,0.09957746093779879,0.10086236524892477,0.9872608151915249
D,inferred_persistence,tropics,30,vo,0.7825505880045801,0.0030662629842012254,0.0027400391836950038,0.0029416438090203428,0.8846188942163626,0.055373847475150444,0.052345383594878774,0.05423692293097335,0.9651245086580241
D,inferred_persistence,tropics,30,zos,0.0030307984461706403,0.001404946403591984,0.20247419479519427,0.20267562959531338,0.05505268791049753,0.03748261468457055,0.4499713266367028,0.45019510170071086,0.9995029375860317
D,true,extratropics,0,so,0.0,0.0,1203.8131713542705,1203.8131713542705,0.0,0.0,34.69601088532038,34.69601088532038,1.0
D,true,extratropics,0,sst,0.0,0.0,264.66212894940617,264.66212894940617,0.0,0.0,16.268439659334454,16.268439659334454,1.0
D,true,extratropics,0,thetao,0.0,0.0,91.88061453580991,91.88061453580991,0.0,0.0,9.585437628810169,9.585437628810169,1.0
D,true,extratropics,0,ts,0.0,,,,0.0,,,,
D,true,extratropics,0,uo,0.0,0.0,0.0036498695552275684,0.0036498695552275684,0.0,0.0,0.06041415028970919,0.06041415028970919,1.0
D,true,extratropics,0,vo,0.0,0.0,0.0030889873151848375,0.0030889873151848375,0.0,0.0,0.05557865881059777,0.05557865881059777,1.0
D,true,extratropics,0,zos,0.0,0.0,0.48620438304814423,0.48620438304814423,0.0,0.0,0.697283574342709,0.697283574342709,1.0
D,true,extratropics,5,so,0.0004019450802671431,0.0013916882186642103,1203.843792636999,1203.8158635205882,0.02004856803532719,0.03730533766988593,34.696452162101515,34.69604968178061,1.000011600177098
D,true,extratropics,5,sst,0.0005946678801490929,0.08053149343138989,265.04612192481454,264.80069678720804,0.024385813091818222,0.2837807136353524,16.280237158125633,16.272697895161947,1.0004633074989937
D,true,extratropics,5,thetao,0.0002822601803382186,0.01819994683120951,91.91254481459173,91.89021460419285,0.016800600594568595,0.1349071785755284,9.587103045998397,9.585938378906514,1.0001214974523982
D,true,extratropics,5,ts,0.0003421026303026808,,,,0.018496016606358266,,,,
D,true,extratropics,5,uo,0.04291093173292736,0.0001393716442642574,0.0035411141197760035,0.0036474312009881155,0.20714953954312174,0.01180557682895069,0.05950726106767143,0.06039396659425605,0.9853179783248589
D,true,extratropics,5,vo,0.06048060106267036,0.0001419260260191188,0.0029710155445842033,0.003091959232748583,0.24592804041562719,0.011913271004183478,0.054507022892322815,0.05560538852259359,0.9802471368431409
D,true,extratropics,5,zos,0.0012475400093020456,0.0005783053142055738,0.4850080464825486,0.4863526396679156,0.035320532404000446,0.0240479794204331,0.6964251908730389,0.6973898763732634,0.9986167199540645
D,true,extratropics,10,so,0.0006887707945604356,0.002634823590603244,1203.8657487446421,1203.8172161582934,0.026244443117742766,0.05133053273250964,34.696768563436024,34.69606917445106,1.0000201575856171
D,true,extratropics,10,sst,0.0009009646177714747,0.12201100520112294,265.3563196972163,264.84413516882694,0.03001607265735267,0.3493007374757788,16.289761192148163,16.274032541715865,1.0009664875864037
D,true,extratropics,10,thetao,0.0005058568398285805,0.02929499414333833,91.93022339452396,91.89780742649144,0.022491261410347366,0.1711578047981988,9.58802499968184,9.58633441032032,1.000176354098361
D,true,extratropics,10,ts,0.0005973138171945081,,,,0.02444000444342243,,,,
D,true,extratropics,10,uo,0.08279877546669664,0.00020555561475846734,0.0035015533875531104,0.003650042322148721,0.2877477636171942,0.01433721084306384,0.059173924895625354,0.060415580127552534,0.9794480955193059
D,true,extratropics,10,vo,0.11962408784743253,0.00022935413094375088,0.002929911155885405,0.0030950805369513337,0.3458671534670971,0.015144442246043626,0.05412865374166815,0.05563344800523633,0.9729516268086323
D,true,extratropics,10,zos,0.0015020621840540517,0.0006962907353575555,0.4851305030211054,0.4864606968682222,0.03875644699987412,0.026387321488880896,0.696513103265908,0.697467344660825,0.998631847924893
D,true,extratropics,15,so,0.0010175367630571315,0.0038633412568019115,1203.8866878592669,1203.8167773930713,0.03189885206488051,0.06215578216708331,34.69707030657296,34.696062851468774,1.0000290365828681
D,true,extratropics,15,sst,0.0012698442571692464,0.17196565956780402,265.6582530628551,264.9074671581538,0.03563487417080698,0.41468742393253744,16.299026138480027,16.275978224308172,1.0014160693664134
D,true,extratropics,15,thetao,0.0007947405406488214,0.04352471154763452,91.953913793319,91.90559417755247,0.028191142946833878,0.20862576913611253,9.589260336090527,9.586740539805616,1.000262841815156
D,true,extratropics,15,ts,0.0009061386518529765,,,,0.03010213699810989,,,,
D,true,extratropics,15,uo,0.1152627958338321,0.00027096593079917387,0.003486134237893365,0.003641342693249186,0.33950374936638344,0.016461042822347977,0.05904349445869007,0.06034353895198048,0.9784559454770303
D,true,extratropics,15,vo,0.16809229632757366,0.0003082965472726493,0.002904713868805371,0.003082921659519059,0.4099906051698913,0.017558375416667948,0.05389539747330352,0.055524063787866416,0.9706673790883655
D,true,extratropics,15,zos,0.0018488833553749887,0.0008570619504851233,0.48459797856783626,0.48554731107721427,0.042998643645759206,0.029275620411617638,0.6961307194542101,0.6968122495171954,0.9990219315698633
D,true,extratropics,20,so,0.0013033555435928944,0.004986442524625808,1203.905411342558,1203.815321375245,0.03610201578295725,0.07061474721774347,34.697340119129564,34.69604186899775,1.0000374178166118
D,true,extratropics,20,sst,0.0015558435545170736,0.21069643819572947,265.956985627762,264.7955252907493,0.039444182771570684,0.4590168168986072,16.308187686795918,16.272538993370066,1.0021907271778778
D,true,extratropics,20,thetao,0.0010579849558096182,0.05572517433004325,91.97876947442556,91.90216510698583,0.03252668067617134,0.2360618019291627,9.59055626511964,9.5865616936932,1.0004166844750049
D,true,extratropics,20,ts,0.0011806702497012562,,,,0.03436088255125669,,,,
D,true,extratropics,20,uo,0.14240378116449098,0.0003380899436240439,0.00347839594309879,0.0036474580241133764,0.37736425528193707,0.01838722229223446,0.05897792759243741,0.06039418866176924,0.9765497127999611
D,true,extratropics,20,vo,0.20864653269275585,0.0003879691737884114,0.0028929932232130756,0.0030871982566572026,0.45677842844507865,0.019696933106156687,0.05378655243844018,0.05556256164592488,0.9680358652503749
D,true,extratropics,20,zos,0.0020836344085200507,0.0009658823284846869,0.4849412227519835,0.4854934140287264,0.04564684445304024,0.03107864746871535,0.6963772129758292,0.6967735744334212,0.9994311474026346
D,true,extratropics,25,so,0.001607710152990601,0.00605355765579149,1203.9257316690755,1203.8151419364283,0.04009626108492662,0.07780461204704699,34.697632940433785,34.69603928312897,1.0000459319662343
D,true,extratropics,25,sst,0.001831908941955601,0.248081940894175,266.12742537681504,264.69304988360165,0.042800805389099875,0.49807824776251275,16.313412438138595,16.26938996654766,1.002705846481119
D,true,extratropics,25,thetao,0.0013342486964400017,0.06812667127932662,92.00170790403246,91.897203308665,0.036527369142055684,0.26101086429366616,9.591752076864395,9.58630290094492,1.0005684335218468
D,true,extratropics,25,ts,0.0014709794247153012,,,,0.03835334958925102,,,,
D,true,extratropics,25,uo,0.16472468222157233,0.0003915534088699713,0.0034787445047297035,0.003646291957531004,0.40586288598684694,0.019787708530043878,0.05898088253603623,0.060384534092191224,0.9767547836998793
D,true,extratropics,25,vo,0.2425639612886387,0.00045217383117850975,0.0028779197702788377,0.0030822245559924397,0.49250782865720893,0.02126437939791589,0.05364624656281964,0.055517785942816915,0.9662893728880876
D,true,extratropics,25,zos,0.0023134326364731626,0.0010724068017243212,0.4857149735243634,0.48579827914334306,0.048098156268958615,0.03274762284081581,0.6969325458926161,0.6969923092426078,0.9999142553666673
D,true,extratropics,30,so,0.0018897654290417239,0.007083033224634102,1203.9494058466034,1203.8158307478568,0.043471432332529876,0.08416075822278517,34.69797408850556,34.69604920949728,1.0000554783340505
D,true,extratropics,30,sst,0.0021031139808885234,0.2848092431973929,266.4110773259943,264.72332362936,0.04585972068044596,0.5336752225814807,16.32210394912354,16.27032032964809,1.0031827043614556
D,true,extratropics,30,thetao,0.0015982744790693903,0.07956106605781248,92.02898766563665,91.8930253497211,0.03997842516995123,0.28206571230444244,9.593174014143424,9.58608498552569,1.0007395123899314
D,true,extratropics,30,ts,0.0017440199540555569,,,,0.041761464941445205,,,,
D,true,extratropics,30,uo,0.18480855873936922,0.00045260053910461923,0.0034737608430043324,0.003653029506141431,0.4298936598036417,0.021274410429072275,0.058938619283151965,0.06044029703882527,0.9751543617545647
D,true,extratropics,30,vo,0.2731135680614032,0.0005197572855866649,0.0028678801922405444,0.003089732657977778,0.5226026866190062,0.022798186015265884,0.053552592768609665,0.055585363702846974,0.9634297448316742
D,true,extratropics,30,zos,0.0025848133755245286,0.0011982071146396708,0.4852769708994663,0.486308480151976,0.05084105993706788,0.034615128407094936,0.6966182389942617,0.6973582150888996,0.9989388866745571
D,true,global,0,so,0.0,0.0,1210.2027203703358,1210.2027203703358,0.0,0.0,34.787968040262655,34.787968040262655,1.0
D,true,global,0,sst,0.0,0.0,447.4121497568458,447.4121497568458,0.0,0.0,21.15211927341669,21.15211927341669,1.0
D,true,global,0,thetao,0.0,0.0,142.8450749442232,142.8450749442232,0.0,0.0,11.951781245664732,11.951781245664732,1.0
D,true,global,0,ts,0.0,,,,0.0,,,,
D,true,global,0,uo,0.0,0.0,0.006036315295715531,0.006036315295715531,0.0,0.0,0.07769372751847817,0.07769372751847817,1.0
D,true,global,0,vo,0.0,0.0,0.003028792257069194,0.003028792257069194,0.0,0.0,0.05503446426621408,0.05503446426621408,1.0
D,true,global,0,zos,0.0,0.0,0.3823900824845439,0.3823900824845439,0.0,0.0,0.6183769744132974,0.6183769744132974,1.0
D,true,global,5,so,0.0004269457519412288,0.0015852088023099293,1210.247658599253,1210.2049461904198,0.020662665654296128,0.03981468073851565,34.788613921788446,34.788000031482404,1.000017646611058
D,true,global,5,sst,0.0005257281723474102,0.07119549592637048,447.98341878255206,447.5149160057607,0.022928762992089437,0.2668248412842599,21.165618790447684,21.154548352677274,1.0005233124142312
D,true,global,5,thetao,0.00028859861850348464,0.0202123817932164,142.80988516510536,142.85127031421823,0.016988190560017997,0.14217025635911473,11.950308998729085,11.95204042472323,0.9998551355306193
D,true,global,5,ts,0.0003577721852223567,,,,0.018914866777811488,,,,
D,true,global,5,uo,0.041700345640313795,0.0002324786436027905,0.005758072091442695,0.006021049417328951,0.2042066248688171,0.01524725036204202,0.07588196156823238,0.07759542136833172,0.9779180295707673
D,true,global,5,vo,0.05706633763969067,0.00019211988884378575,0.0028666585620903103,0.0030267310920001978,0.23888561622603122,0.013860731901446826,0.05354118566197717,0.05501573494919611,0.973197680834754
D,true,global,5,zos,0.0008832466979087251,0.0004094347749916202,0.3821066407242207,0.3824243370932762,0.029719466649129576,0.020234494680906174,0.6181477499143879,0.6184046709827443,0.9995845421608021
D,true,global,10,so,0.0007426268986102198,0.003007541825476692,1210.2880761381289,1210.2051304315771,0.027251181600257628,0.054841059667704195,34.78919481876706,34.78800267953849,1.0000342686885348
D,true,global,10,sst,0.000796440800045094,0.10785611380230294,448.37497164023046,447.5531859735046,0.028221282749816563,0.3284145456618859,21.174866508203316,21.15545286618806,1.0009176661042452
D,true,global,10,thetao,0.0004980637484327269,0.03213215249617466,142.8049070852841,142.85481616379704,0.02231734187650328,0.17925443508090577,11.950100714441033,11.9521887603818,0.9998253001201179
D,true,global,10,ts,0.0006203453235214733,,,,0.024906732493875493,,,,
D,true,global,10,uo,0.07630866030919332,0.00035998628964305294,0.0056733449848159,0.006058213364304922,0.2762402221060382,0.01897330465794119,0.07532161034401681,0.07783452552887389,0.9677146463245944
D,true,global,10,vo,0.10361174434019424,0.0002924288874780528,0.002816744469426461,0.0030354276251364294,0.32188778221640263,0.017100552256522385,0.05307301074394085,0.05509471503816341,0.9633049323728754
D,true,global,10,zos,0.0010867986358899233,0.0005037926006332636,0.38231028029412933,0.3825429512394799,0.03296662912537349,0.02244532469431582,0.6183124455274448,0.6185005668869511,0.9996958428664776
D,true,global,15,so,0.0011002161109343043,0.004359697646837681,1210.3301433459803,1210.2040153150544,0.03316950573846864,0.06602800653387683,34.78979941514438,34.787986652220255,1.0000521088771894
D,true,global,15,sst,0.0011079264416669313,0.15003832098510528,448.6793474910235,447.6225280761719,0.03328552901287482,0.3873478036404818,21.182052485324068,21.157091673388663,1.0011797846471875
D,true,global,15,thetao,0.000769752676726365,0.04698683971026581,142.7936209286704,142.8625363302485,0.027744417037061077,0.21676447981684133,11.94962848496431,11.95251171638198,0.9997587761061367
D,true,global,15,ts,0.0009349843938303346,,,,0.030577514513614977,,,,
D,true,global,15,uo,0.1044696069776552,0.0004633276695178513,0.005636061615048797,0.00607172364122181,0.32321758457369737,0.02152504749165147,0.07507370788131353,0.07792126565464533,0.9634559609702381
D,true,global,15,vo,0.1418050739781486,0.0003754591994137323,0.0027892330592462233,0.003021085084922215,0.37657014483114376,0.01937676958147906,0.05281319020137132,0.05496439834040044,0.9608617904683235
D,true,global,15,zos,0.001352292952372291,0.0006268642213068051,0.38222882392430546,0.38176642012114476,0.0367735360330264,0.025037256664954433,0.6182465721088193,0.6178724950352983,1.00060542761901
D,true,global,20,so,0.0014034971497688935,0.005538731875326031,1210.3675709085094,1210.202575716042,0.037463277349544494,0.07442265700259586,34.790337320993444,34.78796596117746,1.0000681660956732
D,true,global,20,sst,0.001354567818884508,0.18343914789382854,449.0410193241004,447.5783386230469,0.03680445379141644,0.42829796624993277,21.190587989107343,21.156047329854573,1.001632661277139
D,true,global,20,thetao,0.001013048986551372,0.05957212971655029,142.80248709576566,142.8654907852846,0.03182843047577703,0.2440740250754887,11.949999460073865,11.95263530713142,0.9997794756562194
D,true,global,20,ts,0.0012082730681601326,,,,0.034760222498714424,,,,
D,true,global,20,uo,0.1279266639961675,0.0005563379741471016,0.005607720563321953,0.006062034398403562,0.35766837153453684,0.02358681780459377,0.07488471515150441,0.07785906754131829,0.9617982531291497
D,true,global,20,vo,0.17540073907324633,0.0004622684328842428,0.0027739288363309317,0.0030253581323639433,0.4188087141801688,0.021500428667453185,0.052668100747330276,0.055003255652406095,0.9575451511482727
D,true,global,20,zos,0.0015445815145291566,0.0007160008447526434,0.38267464980934607,0.3817692986040404,0.03930116428974028,0.02675819210545891,0.6186070237310162,0.6178748243811528,1.0011850286190196
D,true,global,25,so,0.001714960959038594,0.006631207921625418,1210.406323397939,1210.2032899020012,0.04141208711280553,0.08143222901054237,34.79089425981947,34.78797622601811,1.0000838805276397
D,true,global,25,sst,0.0015830927366164524,0.21438659426539833,449.24355462584833,447.44390838314786,0.039788097926596745,0.4630189998967627,21.195366347998053,21.152869979819474,1.0020090119316727
D,true,global,25,thetao,0.001265007026451069,0.07199101115181587,142.79650595101845,142.86061202031462,0.03556693726554297,0.2683114070475124,11.949749200339664,11.952431217970451,0.9997756090303406
D,true,global,25,ts,0.0014899839927448313,,,,0.03860031078559901,,,,
D,true,global,25,uo,0.14778125844202666,0.0006360267778262668,0.005592064993546134,0.006050301252170681,0.3844232803070421,0.025219571325188435,0.07478011094900926,0.07778368242871175,0.9613855838921582
D,true,global,25,vo,0.20381735608670887,0.0005341653899713426,0.002754421187156054,0.0030246617876605224,0.4514613561388271,0.02311201830155347,0.052482579844707083,0.054996925256422496,0.9542820730433146
D,true,global,25,zos,0.0017166076465556395,0.0007957446799293151,0.38335077961285907,0.3820452109129742,0.04143196406828476,0.028208946806453358,0.61915327634832,0.6180980593020611,1.0017072000637737
D,true,global,30,so,0.0020068612943776377,0.007701311469606611,1210.4459659428371,1210.2057858213093,0.04479800547320871,0.08775711634737442,34.791463981023234,34.78801209930383,1.000099226184858
D,true,global,30,sst,0.0018117984961435636,0.245358530469615,449.5438374220723,447.40683569089333,0.042565226372516377,0.4953367848944948,21.20244885436756,21.151993657593916,1.00238536364895
D,true,global,30,thetao,0.0015049411303081801,0.08344733849860407,142.8028946827959,142.8516729706198,0.03879357073418455,0.28887252984422745,11.950016513913104,11.952057269383367,0.9998292548785311
D,true,global,30,ts,0.001755901212342909,,,,0.041903474943528356,,,,
D,true,global,30,uo,0.16587136955590145,0.0007177034422636645,0.005580446847985453,0.00603941450658323,0.4072730896534921,0.026789987724216383,0.07470238850254692,0.07771367001102979,0.9612515853638686
D,true,global,30,vo,0.22995106510695212,0.0006076530636623059,0.002743704980062374,0.0030287501390764563,0.4795321314645684,0.024650619944786498,0.052380387360751485,0.05503408161381869,0.9517808933073777
D,true,global,30,zos,0.001927163359012892,0.0008933491530978213,0.3832824741951143,0.38252979486879674,0.04389946877825394,0.029888947005503912,0.6190981135451104,0.6184899310973435,1.0009833344363226
D,true,tropics,0,so,0.0,0.0,1221.1740320297963,1221.1740320297963,0.0,0.0,34.94530057146163,34.94530057146163,1.0
D,true,tropics,0,sst,0.0,0.0,764.1281806098091,764.1281806098091,0.0,0.0,27.642868530776777,27.642868530776777,1.0
D,true,tropics,0,thetao,0.0,0.0,230.62646323308667,230.62646323308667,0.0,0.0,15.186390724365243,15.186390724365243,1.0
D,true,tropics,0,ts,0.0,,,,0.0,,,,
D,true,tropics,0,uo,0.0,0.0,0.01017016792576906,0.01017016792576906,0.0,0.0,0.10084725046211751,0.10084725046211751,1.0
D,true,tropics,0,vo,0.0,0.0,0.002943038601592826,0.002943038601592826,0.0,0.0,0.05424977973773558,0.05424977973773558,1.0
D,true,tropics,0,zos,0.0,0.0,0.20247419479519427,0.20247419479519427,0.0,0.0,0.4499713266367028,0.4499713266367028,1.0
D,true,tropics,5,so,0.00047199052378385677,0.0019200507231149965,1221.2439718941055,1221.1754554695806,0.021725342892204413,0.04381838339230461,34.94630126199489,34.94532093813964,1.00002805307918
D,true,tropics,5,sst,0.00040625193364433133,0.05501570846095225,765.0240151761758,764.1688966076783,0.02015569233850158,0.23455427615149602,27.659067503735113,27.643604985740886,1.0005593524434386
D,true,tropics,5,thetao,0.00030099481299461343,0.023681952165968058,230.47585462493663,230.626773843594,0.017349202085243386,0.15388941537990214,15.181431244284468,15.18640095096906,0.999672752833233
D,true,tropics,5,ts,0.00038649266838923507,,,,0.019659416786599625,,,,
D,true,tropics,5,uo,0.04088677612545755,0.0003938522803517609,0.00959852469724681,0.010132723456349605,0.20220478759282023,0.019845711888258403,0.09797206079922383,0.10066142983461741,0.9732830236982317
D,true,tropics,5,vo,0.0527893889844932,0.0002794576007293814,0.0027038094161958882,0.0029323185698539238,0.22975941544253023,0.016716985395979187,0.051998167431130574,0.05415088706433094,0.9602459027006714
D,true,tropics,5,zos,0.0002519062802846545,0.00011677280079565555,0.20377284378716437,0.20231088153039561,0.015871555698313083,0.010806146435971315,0.45141205542958684,0.4497898192827352,1.0036066537687283
D,true,tropics,10,so,0.000838692384914549,0.0036523591099719816,1221.3164541436154,1221.173619028484,0.02896018620303656,0.06043475084727314,34.947338298411445,34.945294662207154,1.0000584810122235
D,true,tropics,10,sst,0.0006152953534513526,0.0833249199721548,765.556549380524,764.1982039634628,0.024805147720812964,0.28866056185796285,27.668692585312446,27.644135073528034,1.0008883443710246
D,true,tropics,10,thetao,0.0004884972625778983,0.03703516587338916,230.4321223215088,230.62331886524305,0.02210197417829227,0.19244522824271107,15.179990853801883,15.186287198168058,0.9995853927767852
D,true,tropics,10,ts,0.0006635948237462236,,,,0.02576033430967509,,,,
D,true,tropics,10,uo,0.06784728533157094,0.0006279094630574771,0.00943539410365929,0.010229659401123631,0.26047511461091816,0.02505812169851278,0.09713595680106975,0.10114177871247683,0.9603939938332039
D,true,tropics,10,vo,0.0796514884734616,0.00040285939655525406,0.002638156933855444,0.002950692858166014,0.2822259528701455,0.020071357616146798,0.05136299187017287,0.05432028035794747,0.9455582985159994
D,true,tropics,10,zos,0.0003671240450454061,0.00017018274751291312,0.2041171813251996,0.2024477909911762,0.01916048133647498,0.013045410975240033,0.45179329490951897,0.4499419862506457,1.0041145496873947
D,true,tropics,15,so,0.0012467925584251395,0.00521788327651856,1221.395139070599,1221.1713305832793,0.03530994985022125,0.07223491729432907,34.94846404451273,34.945261918939444,1.0000916326104727
D,true,tropics,15,sst,0.0008273140557881233,0.1120370518830087,765.8651536113084,764.2779658153804,0.028763067565684353,0.3347193628743469,27.674268799939565,27.64557769002812,1.0010378191489844
D,true,tropics,15,thetao,0.0007331362791113263,0.0529774584986837,230.36073651859658,230.6309176207124,0.027076489416305916,0.23016832644541624,15.177639359221729,15.186537380874958,0.999414084894399
D,true,tropics,15,ts,0.0009899644187682328,,,,0.031463700017134555,,,,
D,true,tropics,15,uo,0.08962360429560196,0.000797269981879865,0.009360271228536748,0.010281492802433246,0.29937201655398915,0.028235969646531797,0.09674849470941008,0.10139769623829353,0.9541488445856066
D,true,tropics,15,vo,0.10163236482505589,0.0004936611420485984,0.0026063460580378855,0.0029324916814102296,0.31879831371112344,0.02221848649320197,0.05105238542945751,0.05415248545921258,0.9427523962479977
D,true,tropics,15,zos,0.0004916743726958262,0.00022791886544602625,0.20481745928826955,0.20190843036680506,0.02217373159158887,0.015096981997936748,0.45256762951880414,0.44934221965758464,1.0071780698988788
D,true,tropics,20,so,0.001580801319172847,0.0064931540956527116,1221.4650662151946,1221.1699123352148,0.0397592922368199,0.08058010980169183,34.94946446249491,34.94524162651068,1.0001208415162604
D,true,tropics,20,sst,0.0010057460455543282,0.13620078225027427,766.335907907197,764.3511999881629,0.0317134994214503,0.369053901551351,27.682772764071107,27.6469021770643,1.0012974541153679
D,true,tropics,20,thetao,0.0009445951278101787,0.06623945797495184,230.3422361098556,230.64490313107183,0.030734266345728487,0.257370274070165,15.17702988433032,15.186997831404067,0.9993436525648844
D,true,tropics,20,ts,0.0012626982234915127,,,,0.035534465290637376,,,,
D,true,tropics,20,uo,0.10751198595295647,0.0009354618040082607,0.009296372004434367,0.010244555810134651,0.32789020411252984,0.030585320073660514,0.09641769549431456,0.1012153931481504,0.9525991303831288
D,true,tropics,20,vo,0.12432898942169227,0.0005933935987167134,0.0025847243141750285,0.0029367464090602246,0.3526031613892483,0.024359671564220923,0.050840184049381926,0.05419175591416304,0.9381534735635836
D,true,tropics,20,zos,0.0006103730861054707,0.000282942428255897,0.2054410615954736,0.20200970227068119,0.024705729823372366,0.016820892611746175,0.4532560662533637,0.4494548945897477,1.0084572928437805
D,true,tropics,25,so,0.0019055164251175244,0.007629164383237966,1221.5357625779798,1221.1721649575525,0.04365222130794176,0.08734508791705442,34.95047585624522,34.94527385724073,1.0001488613031262
D,true,tropics,25,sst,0.0011518806915240577,0.15599072167668676,766.5940724382497,764.1613788026752,0.03393936787160388,0.39495660733387755,27.687435280976274,27.6434690081161,1.001590475958255
D,true,tropics,25,thetao,0.0011572508527872957,0.07870315645979026,230.28655320633408,230.64014333887937,0.034018389920560554,0.2805408285077063,15.17519532679346,15.18684112443662,0.9992331652416894
D,true,tropics,25,ts,0.0015313836389524102,,,,0.039132897144888344,,,,
D,true,tropics,25,uo,0.12373133196412783,0.0010608616347858814,0.009253149838080465,0.010214627334406852,0.351754647395209,0.03257087095528582,0.09619329414299349,0.10106743953621686,0.951773336540531
D,true,tropics,25,vo,0.14416812290375625,0.0006791133587335548,0.0025574700919877027,0.002943455925030582,0.37969477597638374,0.026059803505275224,0.050571435534179796,0.054253625915975254,0.9321300591503652
D,true,tropics,25,zos,0.0006822770384417354,0.0003162739751977566,0.2059480130973488,0.20223544221935846,0.026120433350956016,0.01778409331953014,0.4538149546867631,0.44970595083827664,1.0091370902271297
D,true,tropics,30,so,0.0022151284123932114,0.008769253702048674,1221.6032017206398,1221.1777864219914,0.04706515072102937,0.09364429348363237,34.95144062439544,34.94535428954744,1.000174167209683
D,true,tropics,30,sst,0.0013069328740285679,0.17698829794170878,766.9231844815341,764.0076028843118,0.036151526579503775,0.4206997717395492,27.693377989720467,27.640687453178725,1.0019062672240333
D,true,tropics,30,thetao,0.0013581852824554083,0.0902127795658409,230.25703959526572,230.622964074716,0.036853565396789065,0.3003544232500013,15.174222866271133,15.186275516884185,0.9992063458482857
D,true,tropics,30,ts,0.00178665684742431,,,,0.04226886380569402,,,,
D,true,tropics,30,uo,0.13886455918232976,0.001178536316685608,0.009230170091569373,0.010173216723607506,0.3726453530937019,0.03432981672956627,0.09607377421320229,0.10086236524892477,0.9525235103905763
D,true,tropics,30,vo,0.16339902708713894,0.0007632602432960077,0.002545498824043299,0.0029416438090203428,0.40422645520442985,0.02762716495219891,0.05045293672367644,0.05423692293097335,0.9302322845248294
D,true,tropics,30,zos,0.0007874196938548979,0.0003650135396229,0.20652041080022096,0.20267562959531338,0.02806099951631976,0.019105327519383174,0.45444516808985985,0.45019510170071086,1.0094404989594365
D,true_persistence,extratropics,0,so,0.0,0.0,1203.8131713542705,1203.8131713542705,0.0,0.0,34.69601088532038,34.69601088532038,1.0
D,true_persistence,extratropics,0,sst,0.0,0.0,264.66212894940617,264.66212894940617,0.0,0.0,16.268439659334454,16.268439659334454,1.0
D,true_persistence,extratropics,0,thetao,0.0,0.0,91.88061453580991,91.88061453580991,0.0,0.0,9.585437628810169,9.585437628810169,1.0
D,true_persistence,extratropics,0,ts,0.0,,,,0.0,,,,
D,true_persistence,extratropics,0,uo,0.0,0.0,0.0036498695552275684,0.0036498695552275684,0.0,0.0,0.06041415028970919,0.06041415028970919,1.0
D,true_persistence,extratropics,0,vo,0.0,0.0,0.0030889873151848375,0.0030889873151848375,0.0,0.0,0.05557865881059777,0.05557865881059777,1.0
D,true_persistence,extratropics,0,zos,0.0,0.0,0.48620438304814423,0.48620438304814423,0.0,0.0,0.697283574342709,0.697283574342709,1.0
D,true_persistence,extratropics,5,so,0.00021507349863930357,0.001063463601209703,1203.8131713542705,1203.8158635205882,0.01466538436725419,0.03261078964406877,34.69601088532038,34.69604968178061,0.9999988818190952
D,true_persistence,extratropics,5,sst,0.0008073392423513657,0.10933200981129296,264.66212894940617,264.80069678720804,0.028413715743481453,0.3306539124391135,16.268439659334454,16.272697895161947,0.9997383202309214
D,true_persistence,extratropics,5,thetao,0.00026479084149497764,0.016691998540437993,91.88061453580991,91.89021460419285,0.016272395075555952,0.1291975175475055,9.585437628810169,9.585938378906514,0.9999477620159288
D,true_persistence,extratropics,5,ts,0.0002399321700671406,,,,0.015489744028457687,,,,
D,true_persistence,extratropics,5,uo,0.10305036636191212,0.00030088291140941586,0.0036498695552275684,0.0036474312009881155,0.32101458901724716,0.017345976807589012,0.06041415028970919,0.06039396659425605,1.0003342005268299
D,true_persistence,extratropics,5,vo,0.1726736904877985,0.0003879782773062463,0.0030889873151848375,0.003091959232748583,0.41554023931239015,0.01969716419452928,0.05557865881059777,0.05560538852259359,0.99951929637206
D,true_persistence,extratropics,5,zos,0.0019571017568008587,0.0009072272970124272,0.48620438304814423,0.4863526396679156,0.044239142812681834,0.030120214093070904,0.697283574342709,0.6973898763732634,0.9998475715892132
D,true_persistence,extratropics,10,so,0.0005731591550500728,0.002715767923489661,1203.8131713542705,1203.8172161582934,0.023940742575159876,0.052113030265852525,34.69601088532038,34.69606917445106,0.9999983200076532
D,true_persistence,extratropics,10,sst,0.0023422749110995596,0.31719704800181914,264.66212894940617,264.84413516882694,0.04839705477712006,0.5632024928938251,16.268439659334454,16.274032541715865,0.9996563308837515
D,true_persistence,extratropics,10,thetao,0.0008113384913699199,0.051257212277613234,91.88061453580991,91.89780742649144,0.028484004131616045,0.22640055714952037,9.585437628810169,9.58633441032032,0.9999064520940156
D,true_persistence,extratropics,10,ts,0.0006922488232099964,,,,0.026310621870453698,,,,
D,true_persistence,extratropics,10,uo,0.22988193368876886,0.0005985889084256353,0.0036498695552275684,0.003650042322148721,0.4794600438918439,0.024466076686416958,0.06041415028970919,0.060415580127552534,0.9999763332928306
D,true_persistence,extratropics,10,vo,0.4013627334945954,0.000864865956650017,0.0030889873151848375,0.0030950805369513337,0.6335319514393851,0.029408603446100887,0.05557865881059777,0.05563344800523633,0.9990151752838796
D,true_persistence,extratropics,10,zos,0.0032660167668992625,0.0015139833922883132,0.48620438304814423,0.4864606968682222,0.05714907494351298,0.038909939505071364,0.697283574342709,0.697467344660825,0.9997365176742355
D,true_persistence,extratropics,15,so,0.0009711166603563443,0.004564984819615933,1203.8131713542705,1203.8167773930713,0.03116274475004319,0.0675646713868715,34.69601088532038,34.696062851468774,0.9999985022465341
D,true_persistence,extratropics,15,sst,0.0043820915120474585,0.5934343891914444,264.66212894940617,264.9074671581538,0.06619736786343894,0.7703469278133356,16.268439659334454,16.275978224308172,0.9995368287626203
D,true_persistence,extratropics,15,thetao,0.0014712980778361093,0.09619160240657047,91.88061453580991,91.90559417755247,0.03835750354019549,0.3101477106260346,9.585437628810169,9.586740539805616,0.9998640923898965
D,true_persistence,extratropics,15,ts,0.0012212073690962269,,,,0.034945777557470754,,,,
D,true_persistence,extratropics,15,uo,0.3280400138492916,0.000872582922568604,0.0036498695552275684,0.003641342693249186,0.5727477750714459,0.029539514596022123,0.06041415028970919,0.06034353895198048,1.0011701557276065
D,true_persistence,extratropics,15,vo,0.590082766637721,0.0013130715215131767,0.0030889873151848375,0.003082921659519059,0.7681684493896641,0.036236328753243986,0.05557865881059777,0.055524063787866416,1.0009832677762913
D,true_persistence,extratropics,15,zos,0.004260685682917593,0.001975068659051221,0.48620438304814423,0.48554731107721427,0.06527392804878218,0.044441744554542646,0.697283574342709,0.6968122495171954,1.000676401463723
D,true_persistence,extratropics,20,so,0.001385554945595646,0.006547702539251642,1203.8131713542705,1203.815321375245,0.03722304320707331,0.08091787527642852,34.69601088532038,34.69604186899775,0.9999991069967725
D,true_persistence,extratropics,20,sst,0.006858784112740592,0.9288346364040567,264.66212894940617,264.7955252907493,0.08281777655033122,0.9637606738210772,16.268439659334454,16.272538993370066,0.9997480827031797
D,true_persistence,extratropics,20,thetao,0.002193970090327154,0.149558835399546,91.88061453580991,91.90216510698583,0.04683983443957882,0.386728374184706,9.585437628810169,9.5865616936932,0.9998827457727862
D,true_persistence,extratropics,20,ts,0.0017897625179614,,,,0.04230558494999685,,,,
D,true_persistence,extratropics,20,uo,0.4049771989060487,0.0011233581713336104,0.0036498695552275684,0.0036474580241133764,0.636378188584468,0.03351653578957125,0.06041415028970919,0.06039418866176924,1.0003305223297516
D,true_persistence,extratropics,20,vo,0.7449529418154387,0.0017199722687259772,0.0030889873151848375,0.0030871982566572026,0.8631065645767263,0.04147254837511166,0.05557865881059777,0.05556256164592488,1.0002897124285859
D,true_persistence,extratropics,20,zos,0.00518992470549132,0.002405823483555107,0.48620438304814423,0.4854934140287264,0.07204113203921299,0.04904919452503891,0.697283574342709,0.6967735744334212,1.0007319449646215
D,true_persistence,extratropics,25,so,0.0018162883295611812,0.008681839657118042,1203.8131713542705,1203.8151419364283,0.042617934365254975,0.09317639001977938,34.69601088532038,34.69603928312897,0.9999991815259271
D,true_persistence,extratropics,25,sst,0.009848433455000723,1.3337008396182397,264.66212894940617,264.69304988360165,0.0992392737528884,1.1548596623045762,16.268439659334454,16.26938996654766,0.9999415892534902
D,true_persistence,extratropics,25,thetao,0.002968578738945127,0.21183950854555933,91.88061453580991,91.897203308665,0.0544846651723687,0.4602602617493274,9.585437628810169,9.58630290094492,0.9999097387028459
D,true_persistence,extratropics,25,ts,0.002392433534253154,,,,0.048912508975242255,,,,
D,true_persistence,extratropics,25,uo,0.47011690479463114,0.0013324495173048197,0.0036498695552275684,0.003646291957531004,0.685650716323283,0.03650273301144477,0.06041415028970919,0.060384534092191224,1.0004904599822324
D,true_persistence,extratropics,25,vo,0.8747568378291316,0.002053506131984825,0.0030889873151848375,0.0030822245559924397,0.9352843620146397,0.04531562790014969,0.05557865881059777,0.055517785942816915,1.001096457049702
D,true_persistence,extratropics,25,zos,0.0059416582055314094,0.0027542944451925213,0.48620438304814423,0.48579827914334306,0.07708215231512032,0.05248137236384469,0.697283574342709,0.6969923092426078,1.0004178885422965
D,true_persistence,extratropics,30,so,0.002262526433633239,0.010976231063342197,1203.8131713542705,1203.8158307478568,0.04756602183947318,0.10476750957879163,34.69601088532038,34.69604920949728,0.9999988954311003
D,true_persistence,extratropics,30,sst,0.013398058270339361,1.814400391747253,264.66212894940617,264.72332362936,0.11574998172932625,1.3469968046536906,16.268439659334454,16.27032032964809,0.9998844109842012
D,true_persistence,extratropics,30,thetao,0.003786226625019266,0.28273173756461745,91.88061453580991,91.8930253497211,0.06153232179122828,0.5317252463111164,9.585437628810169,9.58608498552569,0.9999324691241003
D,true_persistence,extratropics,30,ts,0.0030243765293262526,,,,0.05499433179270617,,,,
D,true_persistence,extratropics,30,uo,0.5259542041782495,0.0015251508594913352,0.0036498695552275684,0.003653029506141431,0.7252270018264967,0.039053179889624035,0.06041415028970919,0.06044029703882527,0.9995673954233003
D,true_persistence,extratropics,30,vo,0.9857706370219343,0.0023375054422675352,0.0030889873151848375,0.003089732657977778,0.9928598274791535,0.048347755297092496,0.05557865881059777,0.055585363702846974,0.9998793766595637
D,true_persistence,extratropics,30,zos,0.006787142434129156,0.0031462241895496303,0.48620438304814423,0.486308480151976,0.08238411518083541,0.056091213122463575,0.697283574342709,0.6973582150888996,0.9998929664201618
D,true_persistence,global,0,so,0.0,0.0,1210.2027203703358,1210.2027203703358,0.0,0.0,34.787968040262655,34.787968040262655,1.0
D,true_persistence,global,0,sst,0.0,0.0,447.4121497568458,447.4121497568458,0.0,0.0,21.15211927341669,21.15211927341669,1.0
D,true_persistence,global,0,thetao,0.0,0.0,142.8450749442232,142.8450749442232,0.0,0.0,11.951781245664732,11.951781245664732,1.0
D,true_persistence,global,0,ts,0.0,,,,0.0,,,,
D,true_persistence,global,0,uo,0.0,0.0,0.006036315295715531,0.006036315295715531,0.0,0.0,0.07769372751847817,0.07769372751847817,1.0
D,true_persistence,global,0,vo,0.0,0.0,0.003028792257069194,0.003028792257069194,0.0,0.0,0.05503446426621408,0.05503446426621408,1.0
D,true_persistence,global,0,zos,0.0,0.0,0.3823900824845439,0.3823900824845439,0.0,0.0,0.6183769744132974,0.6183769744132974,1.0
D,true_persistence,global,5,so,0.00026079973105410954,0.0013443306172242668,1210.2027203703358,1210.2049461904198,0.016149295063689607,0.036665114444445236,34.787968040262655,34.788000031482404,0.9999990803949718
D,true_persistence,global,5,sst,0.0006431060163491869,0.08709111316788072,447.4121497568458,447.5149160057607,0.025359535018394698,0.2951120349424617,21.15211927341669,21.154548352677274,0.9998851746102027
D,true_persistence,global,5,thetao,0.00026271944906731335,0.018562604494568848,142.8450749442232,142.85127031421823,0.01620862267644334,0.13624464941629394,11.951781245664732,11.95204042472323,0.9999783150784898
D,true_persistence,global,5,ts,0.00026175959006071147,,,,0.01617898606404961,,,,
D,true_persistence,global,5,uo,0.11666498003267084,0.0005992556951749948,0.006036315295715531,0.006021049417328951,0.34156255654370377,0.024479699654509544,0.07769372751847817,0.07759542136833172,1.0012669065830546
D,true_persistence,global,5,vo,0.2227798873387328,0.0007256999777334883,0.003028792257069194,0.0030267310920001978,0.4719956433471953,0.02693881915996854,0.05503446426621408,0.05501573494919611,1.0003404356414627
D,true_persistence,global,5,zos,0.0014111399015580607,0.0006541431122435454,0.3823900824845439,0.3824243370932762,0.03756514210751852,0.02557622161781418,0.6183769744132974,0.6184046709827443,0.9999552128715281
D,true_persistence,global,10,so,0.0006850335994933387,0.003388996244551559,1210.2027203703358,1210.2051304315771,0.026173146534059267,0.05821508605637854,34.787968040262655,34.78800267953849,0.9999990042752339
D,true_persistence,global,10,sst,0.0018451112302518302,0.24986982985277364,447.4121497568458,447.5531859735046,0.04295475794660971,0.4998698129040937,21.15211927341669,21.15545286618806,0.999842423946561
D,true_persistence,global,10,thetao,0.0007641235062714185,0.053360817821638616,142.8450749442232,142.85481616379704,0.02764278398192589,0.23099960567420588,11.951781245664732,11.9521887603818,0.9999659045949459
D,true_persistence,global,10,ts,0.0007245785528823785,,,,0.02691799682150175,,,,
D,true_persistence,global,10,uo,0.25632720988428,0.0012285356891456993,0.006036315295715531,0.006058213364304922,0.5062876750270344,0.03505047345109192,0.07769372751847817,0.07783452552887389,0.9981910596944091
D,true_persistence,global,10,vo,0.4864053281934131,0.0014803095352678333,0.003028792257069194,0.0030354276251364294,0.6974276508666781,0.03847479090609634,0.05503446426621408,0.05509471503816341,0.9989064146732114
D,true_persistence,global,10,zos,0.0024554079193903596,0.0011382203741995788,0.3823900824845439,0.3825429512394799,0.049552072806194086,0.03373752175545173,0.6183769744132974,0.6185005668869511,0.9998001740333469
D,true_persistence,global,15,so,0.0011351375934459122,0.005508414748301496,1210.2027203703358,1210.2040153150544,0.033691803060179375,0.07421869540959,34.787968040262655,34.787986652220255,0.9999994649889404
D,true_persistence,global,15,sst,0.00338926241436799,0.4589828567372428,447.4121497568458,447.6225280761719,0.05821737210118635,0.6774827353794655,21.15211927341669,21.157091673388663,0.9997649771505114
D,true_persistence,global,15,thetao,0.0013529863115311221,0.09586084930641868,142.8450749442232,142.8625363302485,0.03678296224519067,0.30961403279957883,11.951781245664732,11.95251171638198,0.9999388855886878
D,true_persistence,global,15,ts,0.0012440619524885172,,,,0.0352712624169949,,,,
D,true_persistence,global,15,uo,0.37157445433037134,0.001754605747566401,0.006036315295715531,0.00607172364122181,0.6095690726491718,0.0418880143664796,0.07769372751847817,0.07792126565464533,0.9970798968130775
D,true_persistence,global,15,vo,0.6761499506910071,0.001991036474759049,0.003028792257069194,0.003021085084922215,0.8222833761490057,0.04462103175363664,0.05503446426621408,0.05496439834040044,1.0012747510739535
D,true_persistence,global,15,zos,0.003300508627705608,0.0015299723241383627,0.3823900824845439,0.38176642012114476,0.057450053330746424,0.039114860656000845,0.6183769744132974,0.6178724950352983,1.0008164781278543
D,true_persistence,global,20,so,0.0015890675071507233,0.007681932246484785,1210.2027203703358,1210.202575716042,0.039863109602121145,0.08764663283027355,34.787968040262655,34.78796596117746,1.0000000597644942
D,true_persistence,global,20,sst,0.005234123540411869,0.708818817228982,447.4121497568458,447.5783386230469,0.07234724279757916,0.8419137825389141,21.15211927341669,21.156047329854573,0.9998143293793667
D,true_persistence,global,20,thetao,0.001976810163977099,0.14372190341920343,142.8450749442232,142.8654907852846,0.0444613333580663,0.37910671771837995,11.951781245664732,11.95263530713142,0.9999285461787512
D,true_persistence,global,20,ts,0.0017829388355639112,,,,0.04222486039721045,,,,
D,true_persistence,global,20,uo,0.4568817536606553,0.0021373851444860875,0.006036315295715531,0.006062034398403562,0.6759302875745806,0.046231862870601347,0.07769372751847817,0.07785906754131829,0.9978764191755524
D,true_persistence,global,20,vo,0.7910168369611105,0.0022878155546402056,0.003028792257069194,0.0030253581323639433,0.8893912732656591,0.04783111492156759,0.05503446426621408,0.055003255652406095,1.0005673957557204
D,true_persistence,global,20,zos,0.0040787027048115885,0.0018907092768002264,0.3823900824845439,0.3817692986040404,0.06386472191133058,0.0434822869315797,0.6183769744132974,0.6178748243811528,1.0008127051181404
D,true_persistence,global,25,so,0.00204613946713407,0.009936137912648527,1210.2027203703358,1210.2032899020012,0.045234273146963135,0.09968017813310993,34.787968040262655,34.78797622601811,0.999999764695842
D,true_persistence,global,25,sst,0.00743844932547267,1.0073344295073037,447.4121497568458,447.44390838314786,0.08624644529180707,1.003660515068369,21.15211927341669,21.152869979819474,0.9999645104232429
D,true_persistence,global,25,thetao,0.002622685182447668,0.19686893302494163,142.8450749442232,142.86061202031462,0.05121215854118696,0.4436991469734212,11.951781245664732,11.952431217970451,0.9999456200756259
D,true_persistence,global,25,ts,0.002334412324790869,,,,0.04831575648575596,,,,
D,true_persistence,global,25,uo,0.5264408969929851,0.002463418471626022,0.006036315295715531,0.006050301252170681,0.7255624693939077,0.04963283662683427,0.07769372751847817,0.07778368242871175,0.9988435246644947
D,true_persistence,global,25,vo,0.8666074942046819,0.0024772016035292687,0.003028792257069194,0.0030246617876605224,0.9309175549986592,0.04977149388484606,0.05503446426621408,0.054996925256422496,1.0006825656091964
D,true_persistence,global,25,zos,0.00471159857415561,0.0021840922823739757,0.3823900824845439,0.3820452109129742,0.06864108517612182,0.04673427310201771,0.6183769744132974,0.6180980593020611,1.0004512473498968
D,true_persistence,global,30,so,0.0025214673538412335,0.012371841970732054,1210.2027203703358,1210.2057858213093,0.05021421465921013,0.11122878211475686,34.787968040262655,34.78801209930383,0.9999987334993145
D,true_persistence,global,30,sst,0.010055743804615361,1.361775347379723,447.4121497568458,447.40683569089333,0.10027833168045508,1.1669513046308844,21.15211927341669,21.151993657593916,1.0000059387226004
D,true_persistence,global,30,thetao,0.003303478524578262,0.25680000187029495,142.8450749442232,142.8516729706198,0.057475895161173976,0.5067543802181634,11.951781245664732,11.952057269383367,0.9999769057566898
D,true_persistence,global,30,ts,0.002912472939209748,,,,0.05396733214834459,,,,
D,true_persistence,global,30,uo,0.5906110107740273,0.0028014332657423638,0.006036315295715531,0.00603941450658323,0.7685122060019784,0.052928567576899,0.07769372751847817,0.07771367001102979,0.9997433850113012
D,true_persistence,global,30,vo,0.942373560312769,0.0026864640597081295,0.003028792257069194,0.0030287501390764563,0.970759270011247,0.051831110924888825,0.05503446426621408,0.05503408161381869,1.0000069530077393
D,true_persistence,global,30,zos,0.005412730204900958,0.0025091064221347496,0.3823900824845439,0.38252979486879674,0.07357125936737088,0.050090981445113945,0.6183769744132974,0.6184899310973435,0.9998173669798541
D,true_persistence,tropics,0,so,0.0,0.0,1221.1740320297963,1221.1740320297963,0.0,0.0,34.94530057146163,34.94530057146163,1.0
D,true_persistence,tropics,0,sst,0.0,0.0,764.1281806098091,764.1281806098091,0.0,0.0,27.642868530776777,27.642868530776777,1.0
D,true_persistence,tropics,0,thetao,0.0,0.0,230.62646323308667,230.62646323308667,0.0,0.0,15.186390724365243,15.186390724365243,1.0
D,true_persistence,tropics,0,ts,0.0,,,,0.0,,,,
D,true_persistence,tropics,0,uo,0.0,0.0,0.01017016792576906,0.01017016792576906,0.0,0.0,0.10084725046211751,0.10084725046211751,1.0
D,true_persistence,tropics,0,vo,0.0,0.0,0.002943038601592826,0.002943038601592826,0.0,0.0,0.05424977973773558,0.05424977973773558,1.0
D,true_persistence,tropics,0,zos,0.0,0.0,0.20247419479519427,0.20247419479519427,0.0,0.0,0.4499713266367028,0.4499713266367028,1.0
D,true_persistence,tropics,5,so,0.0003404126266003254,0.0018302514981010166,1221.1740320297963,1221.1754554695806,0.01845027443157216,0.04278143871004126,34.94530057146163,34.94532093813964,0.9999994171844052
D,true_persistence,tropics,5,sst,0.00035848081769826164,0.0485464182465967,764.1281806098091,764.1688966076783,0.01893358966752638,0.22033251745168417,27.642868530776777,27.643604985740886,0.9999733589390932
D,true_persistence,tropics,5,thetao,0.00026161080372282604,0.021788072061703675,230.62646323308667,230.626773843594,0.016174387275035368,0.14760783197955207,15.186390724365243,15.18640095096906,0.9999993265946387
D,true_persistence,tropics,5,ts,0.00030101171516157575,,,,0.01734968919495608,,,,
D,true_persistence,tropics,5,uo,0.1419387230652561,0.001115153027369954,0.01017016792576906,0.010132723456349605,0.37674755880464056,0.0333939070396076,0.10084725046211751,0.10066142983461741,1.0018459963046957
D,true_persistence,tropics,5,vo,0.31022034072926674,0.0013089487577676775,0.002943038601592826,0.0029323185698539238,0.5569742729509746,0.03617939686848963,0.05424977973773558,0.05415088706433094,1.0018262429069196
D,true_persistence,tropics,5,zos,0.0004649578865306535,0.00021553426396539192,0.20247419479519427,0.20231088153039561,0.021562882148049075,0.014681085244810477,0.4499713266367028,0.4497898192827352,1.0004035381553478
D,true_persistence,tropics,10,so,0.0008800619941270973,0.004553557677628866,1221.1740320297963,1221.173619028484,0.02966583884077943,0.06748005392431801,34.94530057146163,34.945294662207154,1.0000001691001474
D,true_persistence,tropics,10,sst,0.0009834992474725343,0.13318806254502494,764.1281806098091,764.1982039634628,0.031360791563232814,0.36494939723888425,27.642868530776777,27.644135073528034,0.9999541840340496
D,true_persistence,tropics,10,thetao,0.0006909988761730634,0.05699796600561229,230.62646323308667,230.62331886524305,0.02628685747998538,0.2387424679557709,15.186390724365243,15.186287198168058,1.0000068170841123
D,true_persistence,tropics,10,ts,0.0007855304351500804,,,,0.028027315874876075,,,,
D,true_persistence,tropics,10,uo,0.3060070616665956,0.002317987270289262,0.01017016792576906,0.010229659401123631,0.5531790502781134,0.048145480268549215,0.10084725046211751,0.10114177871247683,0.9970879664752921
D,true_persistence,tropics,10,vo,0.6358691082513757,0.0025436453310899313,0.002943038601592826,0.002950692858166014,0.7974140130768806,0.05043456484485547,0.05424977973773558,0.05432028035794747,0.998702130774228
D,true_persistence,tropics,10,zos,0.001050578159835105,0.0004870023641904121,0.20247419479519427,0.2024477909911762,0.03241262346424777,0.02206813005649577,0.4499713266367028,0.4499419862506457,1.0000652092646467
D,true_persistence,tropics,15,so,0.0014212796397807047,0.007139879151364925,1221.1740320297963,1221.1713305832793,0.037699862596310675,0.08449780560088484,34.94530057146163,34.945261918939444,1.0000011060876373
D,true_persistence,tropics,15,sst,0.0016686349814390325,0.22597095069259102,764.1281806098091,764.2779658153804,0.040848928767337735,0.47536401913963894,27.642868530776777,27.64557769002812,0.9999020038835246
D,true_persistence,tropics,15,thetao,0.0011636219377066256,0.0953007302057227,230.62646323308667,230.6309176207124,0.03411190316746671,0.30870816349057356,15.186390724365243,15.186537380874958,0.9999903429922149
D,true_persistence,tropics,15,ts,0.001292450788743665,,,,0.0359506716035134,,,,
D,true_persistence,tropics,15,uo,0.45139376563255235,0.0032797633103180523,0.01017016792576906,0.010281492802433246,0.6718584416620456,0.05726921782526851,0.10084725046211751,0.10139769623829353,0.9945714173339557
D,true_persistence,tropics,15,vo,0.8286517179674573,0.0031632117071901415,0.002943038601592826,0.0029324916814102296,0.9103030912654627,0.05624243688879547,0.05424977973773558,0.05415248545921258,1.0017966724462959
D,true_persistence,tropics,15,zos,0.001636468895917914,0.0007585958410712464,0.20247419479519427,0.20190843036680506,0.04045329276978469,0.027542618631336536,0.4499713266367028,0.44934221965758464,1.0014000620275512
D,true_persistence,tropics,20,so,0.0019443855646521836,0.00964285906009507,1221.1740320297963,1221.1699123352148,0.04409518754526602,0.09819806036829377,34.94530057146163,34.94524162651068,1.000001686780466
D,true_persistence,tropics,20,sst,0.002418497383284018,0.32751929609462466,764.1281806098091,764.3511999881629,0.04917822061933533,0.572293015940807,27.642868530776777,27.6469021770643,0.9998541013289051
D,true_persistence,tropics,20,thetao,0.0016233623675105404,0.13366304332922818,230.62646323308667,230.64490313107183,0.04029097129023499,0.365599566916084,15.186390724365243,15.186997831404067,0.9999600245522147
D,true_persistence,tropics,20,ts,0.001783873966081362,,,,0.04223593216778058,,,,
D,true_persistence,tropics,20,uo,0.5515081540090743,0.003890831083074154,0.01017016792576906,0.010244555810134651,0.7426359498496381,0.06237652669934544,0.10084725046211751,0.1012153931481504,0.996362779666389
D,true_persistence,tropics,20,vo,0.8772317270833974,0.0032718924189960416,0.002943038601592826,0.0029367464090602246,0.9366064953241555,0.0572004582061721,0.05424977973773558,0.05419175591416304,1.0010707131111316
D,true_persistence,tropics,20,zos,0.002152893962714817,0.0009979880514855172,0.20247419479519427,0.20200970227068119,0.04639928838586662,0.03159094888548803,0.4499713266367028,0.4494548945897477,1.001149018629392
D,true_persistence,tropics,25,so,0.0024479090433138576,0.012104158121120857,1221.1740320297963,1221.1721649575525,0.04947634832234345,0.11001889892705188,34.94530057146163,34.94527385724073,1.0000007644587652
D,true_persistence,tropics,25,sst,0.003261814392501002,0.441723510773495,764.1281806098091,764.1613788026752,0.05711229633363556,0.6646228334728614,27.642868530776777,27.6434690081161,0.999978277786368
D,true_persistence,tropics,25,thetao,0.0020534401566219135,0.1710486597165408,230.62646323308667,230.64014333887937,0.0453148999405484,0.41358029415887404,15.186390724365243,15.18684112443662,0.9999703427416086
D,true_persistence,tropics,25,ts,0.0022506745999678855,,,,0.04744127527763019,,,,
D,true_persistence,tropics,25,uo,0.6293990367479871,0.004419363381509847,0.01017016792576906,0.010214627334406852,0.7933467317308285,0.06647829255862282,0.10084725046211751,0.10106743953621686,0.9978213648717157
D,true_persistence,tropics,25,vo,0.8630738406502015,0.003215210931384861,0.002943038601592826,0.002943455925030582,0.9290176751010724,0.05670283001213309,0.05424977973773558,0.054253625915975254,0.9999291074435166
D,true_persistence,tropics,25,zos,0.0025798376318010336,0.0011959005778683163,0.20247419479519427,0.20223544221935846,0.050792102061255874,0.03458179546912387,0.4499713266367028,0.44970595083827664,1.0005901095992427
D,true_persistence,tropics,30,so,0.0029744322503092086,0.014783720369610622,1221.1740320297963,1221.1777864219914,0.05453835577196299,0.12158832332757377,34.94530057146163,34.94535428954744,0.9999984627975048
D,true_persistence,tropics,30,sst,0.004263328786967553,0.5773512310150898,764.1281806098091,764.0076028843118,0.0652941711561419,0.7598363185680781,27.642868530776777,27.640687453178725,1.0000789082254826
D,true_persistence,tropics,30,thetao,0.002503850283367905,0.21205204600230387,230.62646323308667,230.622964074716,0.0500384880204019,0.46049109220733453,15.186390724365243,15.186275516884185,1.0000075862894051
D,true_persistence,tropics,30,ts,0.002739141266838557,,,,0.05233680604353457,,,,
D,true_persistence,tropics,30,uo,0.7084434899179178,0.005008848523691271,0.01017016792576906,0.010173216723607506,0.8416908517489767,0.07077321897223038,0.10084725046211751,0.10086236524892477,0.99985014443425
D,true_persistence,tropics,30,vo,0.8807997886628182,0.003297837051622767,0.002943038601592826,0.0029416438090203428,0.9385093439400687,0.057426797330364564,0.05424977973773558,0.05423692293097335,1.0002370489708385
D,true_persistence,tropics,30,zos,0.0030307984461706403,0.001404946403591984,0.20247419479519427,0.20267562959531338,0.05505268791049753,0.03748261468457055,0.4499713266367028,0.45019510170071086,0.9995029375860317
